﻿編號,土地位置,土地移轉面積平方公尺,使用分區或編定,權利人持分分母,權利人持分分子,移轉情形,地號
The serial number, land position,land shifting area square meter,the use zoning or compiles and checks,,,,land parcel
RPUNMLPKQHJGFEA58CB,振興段三小段,3.55,都市：住,10000,271,持分移轉,00760000
RPUNMLPKQHJGFEA58CB,振興段三小段,6.29,都市：住,10000,271,持分移轉,00860000
RPUNMLPKQHJGFEA58CB,振興段三小段,4.63,都市：住,10000,271,持分移轉,00870000
RPUNMLPKQHJGFEA58CB,振興段三小段,7.37,都市：住,10000,271,持分移轉,00880000
RPPNMLNKQHJGFBA57CB,城中段二小段,.66,都市：商,100000,502,持分移轉,04210000
RPRNMLRKQHJGFDA38CB,雅祥段四小段,6.17,都市：住,100000,2458,持分移轉,02170000
RPPNMLNKQHJGFBA57CB,城中段二小段,.10,都市：商,100000,502,持分移轉,04220000
RPRNMLRKQHJGFDA38CB,雅祥段四小段,.64,都市：住,100000,2458,持分移轉,02180001
RPPNMLTKQHJGFEA48CB,陽明段三小段,.08,都市：住,1000000,16882,持分移轉,03790006
RPPNMLNKQHJGFBA57CB,城中段二小段,.64,都市：商,100000,502,持分移轉,04230000
RPSNMLTKQHJGFAA38CB,萬慶段三小段,3.26,都市：商,100000,2550,持分移轉,02130000
RPPNMLNKQHJGFBA57CB,城中段二小段,.10,都市：商,100000,502,持分移轉,04240000
RPPNMLTKQHJGFEA48CB,陽明段三小段,.08,都市：住,1000000,16882,持分移轉,03790007
RPSNMLTKQHJGFAA38CB,萬慶段三小段,3.26,都市：商,100000,2550,持分移轉,02140000
RPPNMLTKQHJGFEA48CB,陽明段三小段,.08,都市：住,1000000,16882,持分移轉,03790008
RPPNMLTKQHJGFEA48CB,陽明段三小段,.07,都市：住,1000000,16882,持分移轉,03790009
RPPNMLNKQHJGFBA57CB,城中段二小段,.60,都市：商,100000,502,持分移轉,04250000
RPSNMLTKQHJGFAA38CB,萬慶段三小段,3.21,都市：商,100000,2550,持分移轉,02150000
RPPNMLTKQHJGFDA38CB,敦化段一小段,9.17,都市：住,500000,5153,持分移轉,03850000
RPPNMLTKQHJGFEA48CB,陽明段三小段,.07,都市：住,1000000,16882,持分移轉,03790010
RPPNMLNKQHJGFBA57CB,城中段二小段,.09,都市：商,100000,502,持分移轉,04260000
RPPNMLTKQHJGFDA38CB,敦化段一小段,9.75,都市：住,500000,5153,持分移轉,03860000
RPSNMLTKQHJGFAA38CB,萬慶段三小段,2.70,都市：商,100000,2550,持分移轉,02160000
RPPNMLTKQHJGFEA48CB,陽明段三小段,.07,都市：住,1000000,16882,持分移轉,03790011
RPPNMLTKQHJGFDA38CB,敦化段一小段,3.59,都市：住,500000,5153,持分移轉,03870002
RPPNMLTKQHJGFDA38CB,敦化段一小段,14.32,都市：住,500000,5153,持分移轉,03920000
RPSNMLTKQHJGFAA38CB,萬慶段三小段,.43,都市：商,100000,2550,持分移轉,02180000
RPPNMLTKQHJGFEA48CB,陽明段三小段,.01,都市：住,1000000,16882,持分移轉,03790012
RPPNMLTKQHJGFDA38CB,敦化段一小段,1.44,都市：住,500000,5153,持分移轉,03930000
RPPNMLTKQHJGFEA48CB,陽明段三小段,1.05,都市：住,1000000,16882,持分移轉,04180000
RPPNMLTKQHJGFDA38CB,敦化段一小段,1.23,都市：住,500000,5153,持分移轉,03940000
RPPNMLTKQHJGFEA48CB,陽明段三小段,1.11,都市：住,1000000,16882,持分移轉,04190000
RPPNMLTKQHJGFDA38CB,敦化段一小段,1.38,都市：住,500000,5153,持分移轉,03950001
RPPNMLTKQHJGFEA48CB,陽明段三小段,1.11,都市：住,1000000,16882,持分移轉,04200000
RPPNMLTKQHJGFEA48CB,陽明段三小段,1.15,都市：住,1000000,16882,持分移轉,04210000
RPPNMLTKQHJGFEA48CB,陽明段三小段,1.16,都市：住,1000000,16882,持分移轉,04220000
RPPNMLTKQHJGFEA48CB,陽明段三小段,1.20,都市：住,1000000,16882,持分移轉,04230000
RPPNMLTKQHJGFEA48CB,陽明段三小段,13.73,都市：住,1000000,16882,持分移轉,04250000
RPTNMLMKQHJGFFA38DB,懷生段三小段,.61,都市：住,100000,444,持分移轉,02490000
RPTNMLMKQHJGFFA38DB,懷生段三小段,.46,都市：住,100000,444,持分移轉,02500000
RPTNMLMKQHJGFFA38DB,懷生段三小段,.63,都市：住,100000,444,持分移轉,02510000
RPTNMLMKQHJGFFA38DB,懷生段三小段,1.33,都市：住,100000,444,持分移轉,02520000
RPTNMLMKQHJGFFA38DB,懷生段三小段,.23,都市：住,100000,444,持分移轉,02760001
RPTNMLMKQHJGFFA38DB,懷生段三小段,.01,都市：住,100000,444,持分移轉,02760003
RPTNMLMKQHJGFFA38DB,懷生段三小段,.28,都市：住,100000,444,持分移轉,02770000
RPTNMLMKQHJGFFA38DB,懷生段三小段,.27,都市：住,100000,444,持分移轉,02770001
RPTNMLMKQHJGFFA38DB,懷生段三小段,.00,都市：住,100000,444,持分移轉,02770002
RPTNMLMKQHJGFFA38DB,懷生段三小段,.21,都市：住,100000,444,持分移轉,02780000
RPTNMLMKQHJGFFA38DB,懷生段三小段,.17,都市：住,100000,444,持分移轉,02780001
RPTNMLMKQHJGFFA38DB,懷生段三小段,.32,都市：住,100000,444,持分移轉,02780002
RPTNMLMKQHJGFFA38DB,懷生段三小段,.13,都市：住,100000,444,持分移轉,02780003
RPTNMLMKQHJGFFA38DB,懷生段三小段,.03,都市：住,100000,444,持分移轉,02780004
RPTNMLMKQHJGFFA38DB,懷生段三小段,.24,都市：住,100000,444,持分移轉,02780005
RPTNMLMKQHJGFFA38DB,懷生段三小段,.19,都市：住,100000,444,持分移轉,02780006
RPTNMLMKQHJGFFA38DB,懷生段三小段,.23,都市：住,100000,444,持分移轉,02780007
RPTNMLMKQHJGFFA38DB,懷生段三小段,.40,都市：住,100000,444,持分移轉,02780008
RPTNMLMKQHJGFFA38DB,懷生段三小段,.14,都市：住,100000,444,持分移轉,02780009
RPTNMLMKQHJGFFA38DB,懷生段三小段,.05,都市：住,100000,444,持分移轉,02780010
RPTNMLMKQHJGFFA38DB,懷生段三小段,.03,都市：住,100000,444,持分移轉,02780011
RPPNMLTKQHJGFAA08CB,河堤段一小段,.34,都市：商,100000,1785,持分移轉,01910000
RPTNMLMKQHJGFFA38DB,懷生段三小段,.40,都市：住,100000,444,持分移轉,02780012
RPPNMLTKQHJGFAA08CB,河堤段一小段,.30,都市：商,100000,1785,持分移轉,01910001
RPTNMLMKQHJGFFA38DB,懷生段三小段,.04,都市：住,100000,444,持分移轉,02780013
RPPNMLTKQHJGFAA08CB,河堤段一小段,.54,都市：商,100000,1785,持分移轉,01920000
RPTNMLMKQHJGFFA38DB,懷生段三小段,.00,都市：住,100000,444,持分移轉,02780014
RPPNMLTKQHJGFAA08CB,河堤段一小段,.05,都市：商,100000,1785,持分移轉,01930000
RPTNMLMKQHJGFFA38DB,懷生段三小段,.00,都市：住,100000,444,持分移轉,02780015
RPPNMLTKQHJGFAA08CB,河堤段一小段,.11,都市：商,100000,1785,持分移轉,01930001
RPPNMLTKQHJGFAA08CB,河堤段一小段,.54,都市：商,100000,1785,持分移轉,01940000
RPPNMLTKQHJGFAA08CB,河堤段一小段,.05,都市：商,100000,1785,持分移轉,01940001
RPPNMLTKQHJGFAA08CB,河堤段一小段,.57,都市：商,100000,1785,持分移轉,01950000
RPPNMLTKQHJGFAA08CB,河堤段一小段,.12,都市：商,100000,1785,持分移轉,01950001
RPPNMLTKQHJGFAA08CB,河堤段一小段,.71,都市：商,100000,1785,持分移轉,01960000
RPPNMLTKQHJGFAA08CB,河堤段一小段,.71,都市：商,100000,1785,持分移轉,01970000
RPPNMLTKQHJGFAA08CB,河堤段一小段,.62,都市：商,100000,1785,持分移轉,01980000
RPPNMLTKQHJGFAA08CB,河堤段一小段,.01,都市：商,100000,1785,持分移轉,01990000
RPPNMLTKQHJGFAA08CB,河堤段一小段,.00,都市：商,100000,1785,持分移轉,01990001
RPPNMLTKQHJGFAA08CB,河堤段一小段,3.62,都市：商,100000,1785,持分移轉,02000000
RPTNMLMKQHJGFFA38DB,懷生段三小段,.00,都市：住,100000,444,持分移轉,02780016
RPPNMLTKQHJGFAA08CB,河堤段一小段,3.30,都市：商,100000,1785,持分移轉,02000001
RPPNMLTKQHJGFAA08CB,河堤段一小段,1.11,都市：商,100000,1785,持分移轉,02150000
RPPNMLTKQHJGFAA08CB,河堤段一小段,.29,都市：商,100000,1785,持分移轉,02160000
RPPNMLTKQHJGFAA08CB,河堤段一小段,.29,都市：商,100000,1785,持分移轉,02170000
RPPNMLTKQHJGFAA08CB,河堤段一小段,1.14,都市：商,100000,1785,持分移轉,02180000
RPPNMLTKQHJGFAA08CB,河堤段一小段,2.62,都市：商,100000,1785,持分移轉,02190000
RPPNMLTKQHJGFAA08CB,河堤段一小段,.29,都市：商,100000,1785,持分移轉,02200000
RPPNMLTKQHJGFAA08CB,河堤段一小段,1.68,都市：商,100000,1785,持分移轉,02200001
RPPNMLTKQHJGFAA08CB,河堤段一小段,.25,都市：商,100000,1785,持分移轉,02210000
RPPNMLTKQHJGFAA08CB,河堤段一小段,.57,都市：商,100000,1785,持分移轉,02220000
RPPNMLTKQHJGFAA08CB,河堤段一小段,.12,都市：商,100000,1785,持分移轉,01980001
RPPNMLTKQHJGFCA28CB,德惠段二小段,2.46,都市：住,100000,605,持分移轉,06870003
RPPNMLTKQHJGFCA28CB,德惠段二小段,.05,都市：住,100000,605,持分移轉,06870006
RPPNMLTKQHJGFCA28CB,德惠段二小段,.04,都市：住,100000,605,持分移轉,06870007
RPPNMLTKQHJGFCA28CB,德惠段二小段,.13,都市：住,100000,605,持分移轉,06870008
RPPNMLTKQHJGFCA28CB,德惠段二小段,.05,都市：住,100000,605,持分移轉,07110000
RPPNMLTKQHJGFCA28CB,德惠段二小段,.56,都市：住,100000,605,持分移轉,07120000
RPPNMLTKQHJGFCA28CB,德惠段二小段,.57,都市：住,100000,605,持分移轉,07130000
RPPNMLTKQHJGFCA28CB,德惠段二小段,.06,都市：住,100000,605,持分移轉,07140000
RPPNMLTKQHJGFCA28CB,德惠段二小段,.07,都市：住,100000,605,持分移轉,07150000
RPPNMLTKQHJGFCA28CB,德惠段二小段,.59,都市：住,100000,605,持分移轉,07160000
RPPNMLTKQHJGFCA28CB,德惠段二小段,.59,都市：住,100000,605,持分移轉,07170000
RPPNMLTKQHJGFCA28CB,德惠段二小段,.07,都市：住,100000,605,持分移轉,07180000
RPPNMLTKQHJGFCA28CB,德惠段二小段,.06,都市：住,100000,605,持分移轉,07190000
RPPNMLTKQHJGFCA28CB,德惠段二小段,.52,都市：住,100000,605,持分移轉,07200000
RPPNMLTKQHJGFCA28CB,德惠段二小段,.80,都市：住,100000,605,持分移轉,07210000
RPPNMLTKQHJGFCA28CB,德惠段二小段,.80,都市：住,100000,605,持分移轉,07220000
RPPNMLTKQHJGFCA28CB,德惠段二小段,.24,都市：住,100000,605,持分移轉,07230000
RPPNMLTKQHJGFCA28CB,德惠段二小段,.82,都市：住,100000,605,持分移轉,07260000
RPPNMLTKQHJGFCA28CB,德惠段二小段,2.54,都市：住,100000,605,持分移轉,07270000
RPPNMLTKQHJGFCA28CB,德惠段二小段,.19,都市：住,100000,605,持分移轉,07270001
RPPNMLTKQHJGFCA28CB,德惠段二小段,.06,都市：住,100000,605,持分移轉,07270002
RPPNMLTKQHJGFCA28CB,德惠段二小段,.24,都市：住,100000,605,持分移轉,07280000
RPPNMLTKQHJGFCA28CB,德惠段二小段,.19,都市：住,100000,605,持分移轉,07290000
RPPNMLTKQHJGFCA28CB,德惠段二小段,.79,都市：住,100000,605,持分移轉,07300000
RPPNMLTKQHJGFCA28CB,德惠段二小段,.42,都市：住,100000,605,持分移轉,07300001
RPPNMLTKQHJGFCA28CB,德惠段二小段,.76,都市：住,100000,605,持分移轉,07310000
RPPNMLTKQHJGFCA28CB,德惠段二小段,.77,都市：住,100000,605,持分移轉,07320000
RPPNMLTKQHJGFCA28CB,德惠段二小段,1.01,都市：住,100000,605,持分移轉,07360000
RPPNMLTKQHJGFCA28CB,德惠段二小段,.11,都市：住,100000,605,持分移轉,07370000
RPPNMLTKQHJGFCA28CB,德惠段二小段,.21,都市：住,100000,605,持分移轉,07380000
RPPNMLTKQHJGFCA28CB,德惠段二小段,.10,都市：住,100000,605,持分移轉,07390000
RPPNMLTKQHJGFCA28CB,德惠段二小段,.79,都市：住,100000,605,持分移轉,07400000
RPPNMLTKQHJGFCA28CB,德惠段二小段,.72,都市：住,100000,605,持分移轉,07410000
RPPNMLTKQHJGFCA28CB,德惠段二小段,.05,都市：住,100000,605,持分移轉,07420000
RPPNMLTKQHJGFCA28CB,德惠段二小段,.10,都市：住,100000,605,持分移轉,07430000
RPPNMLTKQHJGFCA28CB,德惠段二小段,.67,都市：住,100000,605,持分移轉,07440000
RPPNMLTKQHJGFCA28CB,德惠段二小段,.66,都市：住,100000,605,持分移轉,07450000
RPPNMLTKQHJGFCA28CB,德惠段二小段,.66,都市：住,100000,605,持分移轉,07460000
RPPNMLTKQHJGFCA28CB,德惠段二小段,.66,都市：住,100000,605,持分移轉,07470000
RPQNMLTKQHJGFCA38CB,德惠段二小段,3.31,都市：住,100000,813,持分移轉,06870003
RPQNMLTKQHJGFCA38CB,德惠段二小段,.07,都市：住,100000,813,持分移轉,06870006
RPQNMLTKQHJGFCA38CB,德惠段二小段,.05,都市：住,100000,813,持分移轉,06870007
RPQNMLTKQHJGFCA38CB,德惠段二小段,.17,都市：住,100000,813,持分移轉,06870008
RPQNMLTKQHJGFCA38CB,德惠段二小段,.07,都市：住,100000,813,持分移轉,07110000
RPQNMLTKQHJGFCA38CB,德惠段二小段,.76,都市：住,100000,813,持分移轉,07120000
RPQNMLTKQHJGFCA38CB,德惠段二小段,.77,都市：住,100000,813,持分移轉,07130000
RPQNMLTKQHJGFCA38CB,德惠段二小段,.08,都市：住,100000,813,持分移轉,07140000
RPQNMLTKQHJGFCA38CB,德惠段二小段,.09,都市：住,100000,813,持分移轉,07150000
RPQNMLTKQHJGFCA38CB,德惠段二小段,.79,都市：住,100000,813,持分移轉,07160000
RPQNMLTKQHJGFCA38CB,德惠段二小段,.79,都市：住,100000,813,持分移轉,07170000
RPQNMLTKQHJGFCA38CB,德惠段二小段,.09,都市：住,100000,813,持分移轉,07180000
RPQNMLTKQHJGFCA38CB,德惠段二小段,.08,都市：住,100000,813,持分移轉,07190000
RPQNMLTKQHJGFCA38CB,德惠段二小段,.70,都市：住,100000,813,持分移轉,07200000
RPQNMLTKQHJGFCA38CB,德惠段二小段,1.07,都市：住,100000,813,持分移轉,07210000
RPQNMLTKQHJGFCA38CB,德惠段二小段,1.07,都市：住,100000,813,持分移轉,07220000
RPQNMLTKQHJGFCA38CB,德惠段二小段,.33,都市：住,100000,813,持分移轉,07230000
RPQNMLTKQHJGFCA38CB,德惠段二小段,1.10,都市：住,100000,813,持分移轉,07260000
RPQNMLTKQHJGFCA38CB,德惠段二小段,3.41,都市：住,100000,813,持分移轉,07270000
RPQNMLTKQHJGFCA38CB,德惠段二小段,.25,都市：住,100000,813,持分移轉,07270001
RPQNMLTKQHJGFCA38CB,德惠段二小段,.08,都市：住,100000,813,持分移轉,07270002
RPQNMLTKQHJGFCA38CB,德惠段二小段,.32,都市：住,100000,813,持分移轉,07280000
RPQNMLTKQHJGFCA38CB,德惠段二小段,.26,都市：住,100000,813,持分移轉,07290000
RPQNMLTKQHJGFCA38CB,德惠段二小段,1.07,都市：住,100000,813,持分移轉,07300000
RPQNMLTKQHJGFCA38CB,德惠段二小段,.57,都市：住,100000,813,持分移轉,07300001
RPQNMLTKQHJGFCA38CB,德惠段二小段,1.02,都市：住,100000,813,持分移轉,07310000
RPQNMLTKQHJGFCA38CB,德惠段二小段,1.04,都市：住,100000,813,持分移轉,07320000
RPQNMLTKQHJGFCA38CB,德惠段二小段,1.36,都市：住,100000,813,持分移轉,07360000
RPQNMLTKQHJGFCA38CB,德惠段二小段,.15,都市：住,100000,813,持分移轉,07370000
RPQNMLTKQHJGFCA38CB,德惠段二小段,.28,都市：住,100000,813,持分移轉,07380000
RPQNMLTKQHJGFCA38CB,德惠段二小段,.13,都市：住,100000,813,持分移轉,07390000
RPQNMLTKQHJGFCA38CB,德惠段二小段,1.07,都市：住,100000,813,持分移轉,07400000
RPQNMLTKQHJGFCA38CB,德惠段二小段,.97,都市：住,100000,813,持分移轉,07410000
RPQNMLTKQHJGFCA38CB,德惠段二小段,.07,都市：住,100000,813,持分移轉,07420000
RPQNMLTKQHJGFCA38CB,德惠段二小段,.13,都市：住,100000,813,持分移轉,07430000
RPQNMLTKQHJGFCA38CB,德惠段二小段,.89,都市：住,100000,813,持分移轉,07440000
RPQNMLTKQHJGFCA38CB,德惠段二小段,.89,都市：住,100000,813,持分移轉,07450000
RPQNMLTKQHJGFCA38CB,德惠段二小段,.89,都市：住,100000,813,持分移轉,07460000
RPQNMLTKQHJGFCA38CB,德惠段二小段,.89,都市：住,100000,813,持分移轉,07470000
RPRNMLLLQHJGFBA67CB,城中段三小段,8.89,都市：商,1000000,25994,持分移轉,01180000
RPUNMLLLQHJGFDA18CB,雅祥段四小段,.13,都市：商,100000,967,持分移轉,02780002
RPUNMLLLQHJGFDA18CB,雅祥段四小段,2.41,都市：商,100000,967,持分移轉,02910004
RPUNMLLLQHJGFDA18CB,雅祥段四小段,.20,都市：商,100000,967,持分移轉,02910002
RPUNMLLLQHJGFDA18CB,雅祥段四小段,4.46,都市：商,100000,967,持分移轉,02920000
RPPNMLKLQHJGFAA27CB,華興段三小段,2.48,都市：住,100000,1810,持分移轉,00500000
RPPNMLKLQHJGFAA27CB,華興段三小段,11.60,都市：住,100000,1810,持分移轉,00540000
RPPNMLKLQHJGFAA27CB,華興段三小段,2.17,都市：住,100000,1810,持分移轉,00570000
RPPNMLKLQHJGFAA27CB,華興段三小段,1.59,都市：住,100000,1810,持分移轉,00580000
RPPNMLKLQHJGFAA27CB,華興段三小段,1.34,都市：住,100000,1810,持分移轉,00590000
RPPNMLKLQHJGFAA27CB,華興段三小段,1.09,都市：住,100000,1810,持分移轉,00600000
RPPNMLKLQHJGFAA27CB,華興段三小段,.76,都市：住,100000,1810,持分移轉,00610000
RPPNMLKLQHJGFAA27CB,華興段三小段,.78,都市：住,100000,1810,持分移轉,00620000
RPPNMLKLQHJGFAA27CB,華興段三小段,.76,都市：住,100000,1810,持分移轉,00630000
RPPNMLKLQHJGFAA27CB,華興段三小段,.62,都市：住,100000,1810,持分移轉,00640000
RPPNMLKLQHJGFAA27CB,華興段三小段,.87,都市：住,100000,1810,持分移轉,00650000
RPPNMLKLQHJGFAA27CB,華興段三小段,1.61,都市：住,100000,1810,持分移轉,00660000
RPSNMLLLQHJGFDA97CB,雅祥段四小段,.09,都市：商,100000,680,持分移轉,02780002
RPSNMLLLQHJGFDA97CB,雅祥段四小段,1.69,都市：商,100000,680,持分移轉,02910004
RPSNMLLLQHJGFDA97CB,雅祥段四小段,.14,都市：商,100000,680,持分移轉,02910002
RPSNMLLLQHJGFDA97CB,雅祥段四小段,3.13,都市：商,100000,680,持分移轉,02920000
RPRNMLLLQHJGFDA87CB,雅祥段四小段,.13,都市：商,100000,967,持分移轉,02780002
RPRNMLLLQHJGFDA87CB,雅祥段四小段,2.41,都市：商,100000,967,持分移轉,02910004
RPRNMLLLQHJGFDA87CB,雅祥段四小段,.20,都市：商,100000,967,持分移轉,02910002
RPRNMLLLQHJGFDA87CB,雅祥段四小段,4.46,都市：商,100000,967,持分移轉,02920000
RPXNMLLLQHJGFDA48CB,雅祥段四小段,.08,都市：商,100000,626,持分移轉,02780002
RPXNMLLLQHJGFDA48CB,雅祥段四小段,1.56,都市：商,100000,626,持分移轉,02910004
RPXNMLLLQHJGFDA48CB,雅祥段四小段,.13,都市：商,100000,626,持分移轉,02910002
RPXNMLLLQHJGFDA48CB,雅祥段四小段,2.89,都市：商,100000,626,持分移轉,02920000
RPQNMLTKQHJGFFA68CB,通化段五小段,.66,都市：商,100000,898,持分移轉,00400000
RPQNMLTKQHJGFFA68CB,通化段五小段,.51,都市：商,100000,898,持分移轉,00410000
RPQNMLTKQHJGFFA68CB,通化段五小段,.63,都市：商,100000,898,持分移轉,00420000
RPQNMLTKQHJGFFA68CB,通化段五小段,.83,都市：商,100000,898,持分移轉,00430000
RPQNMLTKQHJGFFA68CB,通化段五小段,.29,都市：商,100000,898,持分移轉,00430001
RPQNMLTKQHJGFFA68CB,通化段五小段,.17,都市：商,100000,898,持分移轉,00430002
RPQNMLTKQHJGFFA68CB,通化段五小段,.64,都市：商,100000,898,持分移轉,00440000
RPQNMLTKQHJGFFA68CB,通化段五小段,.64,都市：商,100000,898,持分移轉,00450000
RPQNMLTKQHJGFFA68CB,通化段五小段,1.60,都市：商,100000,898,持分移轉,00460000
RPQNMLTKQHJGFFA68CB,通化段五小段,.12,都市：商,100000,898,持分移轉,00480000
RPQNMLTKQHJGFFA68CB,通化段五小段,.53,都市：商,100000,898,持分移轉,00490000
RPTNMLQLQHJGFDA58CB,雅祥段四小段,6.17,都市：住,100000,2458,持分移轉,02170000
RPTNMLQLQHJGFDA58CB,雅祥段四小段,.64,都市：住,100000,2458,持分移轉,02180001
RPRNMLRLQHJGFEA58CB,福林段三小段,18.11,都市：住,10000,363,持分移轉,04350000
RPRNMLRLQHJGFEA58CB,福林段三小段,1.07,都市：住,10000,363,持分移轉,04390001
RPRNMLRLQHJGFEA58CB,福林段三小段,.68,都市：住,10000,363,持分移轉,04400003
RPRNMLRLQHJGFEA58CB,福林段三小段,1.63,都市：住,10000,363,持分移轉,04410000
RPRNMLRLQHJGFEA58CB,福林段三小段,.27,都市：住,10000,363,持分移轉,04410001
RPUNMLRLQHJGFEA88CB,天山段一小段,2.76,都市：住,100000,4394,持分移轉,00590001
RPUNMLRLQHJGFEA88CB,天山段一小段,29.00,都市：住,100000,4394,持分移轉,00770000
RPUNMLRLQHJGFEA88CB,天山段一小段,17.93,都市：住,100000,4394,持分移轉,00900000
RPPNMLQLQHJGFDA18CB,南港段一小段,.97,都市：住,100000,416,持分移轉,01010000
RPUNMLRLQHJGFEA88CB,天山段一小段,3.38,都市：住,100000,4394,持分移轉,00900001
RPUNMLRLQHJGFEA88CB,天山段一小段,6.20,都市：住,100000,4394,持分移轉,00910000
RPPNMLQLQHJGFDA18CB,南港段一小段,1.01,都市：住,100000,416,持分移轉,01050000
RPUNMLRLQHJGFEA88CB,天山段一小段,2.07,都市：住,100000,4394,持分移轉,00970001
RPPNMLQLQHJGFDA18CB,南港段一小段,.00,都市：住,100000,416,持分移轉,01060000
RPUNMLRLQHJGFEA88CB,天山段一小段,.97,都市：住,100000,4394,持分移轉,00990000
RPPNMLQLQHJGFDA18CB,南港段一小段,.15,都市：住,100000,416,持分移轉,01060001
RPUNMLRLQHJGFEA88CB,天山段一小段,.18,都市：住,100000,4394,持分移轉,01000000
RPPNMLQLQHJGFDA18CB,南港段一小段,.21,都市：住,100000,416,持分移轉,01060002
RPPNMLQLQHJGFDA18CB,南港段一小段,.17,都市：住,100000,416,持分移轉,01060003
RPPNMLQLQHJGFDA18CB,南港段一小段,.15,都市：住,100000,416,持分移轉,01060004
RPPNMLQLQHJGFDA18CB,南港段一小段,.14,都市：住,100000,416,持分移轉,01060005
RPPNMLQLQHJGFDA18CB,南港段一小段,.08,都市：住,100000,416,持分移轉,01060006
RPPNMLQLQHJGFDA18CB,南港段一小段,.07,都市：住,100000,416,持分移轉,01060007
RPPNMLQLQHJGFDA18CB,南港段一小段,.89,都市：住,100000,416,持分移轉,01070000
RPPNMLQLQHJGFDA18CB,南港段一小段,.30,都市：住,100000,416,持分移轉,01080000
RPPNMLQLQHJGFDA18CB,南港段一小段,.10,都市：住,100000,416,持分移轉,01090000
RPPNMLQLQHJGFDA18CB,南港段一小段,.17,都市：住,100000,416,持分移轉,01100000
RPPNMLQLQHJGFDA18CB,南港段一小段,.09,都市：住,100000,416,持分移轉,01110000
RPPNMLQLQHJGFDA18CB,南港段一小段,.09,都市：住,100000,416,持分移轉,01110001
RPPNMLQLQHJGFDA18CB,南港段一小段,.07,都市：住,100000,416,持分移轉,01110002
RPPNMLQLQHJGFDA18CB,南港段一小段,.02,都市：住,100000,416,持分移轉,01110003
RPPNMLQLQHJGFDA18CB,南港段一小段,.07,都市：住,100000,416,持分移轉,01110004
RPPNMLQLQHJGFDA18CB,南港段一小段,.06,都市：住,100000,416,持分移轉,01110005
RPPNMLQLQHJGFDA18CB,南港段一小段,.00,都市：住,100000,416,持分移轉,01110006
RPPNMLQLQHJGFDA18CB,南港段一小段,.12,都市：住,100000,416,持分移轉,01130000
RPPNMLQLQHJGFDA18CB,南港段一小段,.12,都市：住,100000,416,持分移轉,01140000
RPPNMLQLQHJGFDA18CB,南港段一小段,.10,都市：住,100000,416,持分移轉,01150000
RPPNMLQLQHJGFDA18CB,南港段一小段,.28,都市：住,100000,416,持分移轉,01160000
RPPNMLQLQHJGFDA18CB,南港段一小段,.43,都市：住,100000,416,持分移轉,01190000
RPPNMLQLQHJGFDA18CB,南港段一小段,.41,都市：住,100000,416,持分移轉,01200000
RPPNMLQLQHJGFDA18CB,南港段一小段,1.10,都市：住,100000,416,持分移轉,01200001
RPPNMLQLQHJGFDA18CB,南港段一小段,.50,都市：住,100000,416,持分移轉,01210000
RPPNMLQLQHJGFDA18CB,南港段一小段,.05,都市：住,100000,416,持分移轉,01210003
RPSNMLRLQHJGFEA68CB,福林段三小段,18.16,都市：住,10000,364,持分移轉,04350000
RPPNMLQLQHJGFDA18CB,南港段一小段,.04,都市：住,100000,416,持分移轉,01210004
RPSNMLRLQHJGFEA68CB,福林段三小段,1.07,都市：住,10000,364,持分移轉,04390001
RPPNMLQLQHJGFDA18CB,南港段一小段,.01,都市：住,100000,416,持分移轉,01210005
RPSNMLRLQHJGFEA68CB,福林段三小段,.68,都市：住,10000,364,持分移轉,04400003
RPPNMLQLQHJGFDA18CB,南港段一小段,.05,都市：住,100000,416,持分移轉,01210006
RPSNMLRLQHJGFEA68CB,福林段三小段,1.64,都市：住,10000,364,持分移轉,04410000
RPSNMLRLQHJGFEA68CB,福林段三小段,.27,都市：住,10000,364,持分移轉,04410001
RPPNMLQLQHJGFDA18CB,南港段一小段,.00,都市：住,100000,416,持分移轉,01210007
RPPNMLQLQHJGFDA18CB,南港段一小段,.02,都市：住,100000,416,持分移轉,01210008
RPPNMLQLQHJGFDA18CB,南港段一小段,.02,都市：住,100000,416,持分移轉,01210009
RPPNMLQLQHJGFDA18CB,南港段一小段,.01,都市：住,100000,416,持分移轉,01210010
RPPNMLQLQHJGFDA18CB,南港段一小段,.01,都市：住,100000,416,持分移轉,01210011
RPPNMLQLQHJGFDA18CB,南港段一小段,1.83,都市：住,100000,416,持分移轉,01210012
RPPNMLQLQHJGFDA18CB,南港段一小段,.00,都市：住,100000,416,持分移轉,01210013
RPPNMLQLQHJGFDA18CB,南港段一小段,.03,都市：住,100000,416,持分移轉,01210014
RPPNMLQLQHJGFFA38CB,學府段一小段,1.87,都市：其他:敦化南北路特定專用區（B區）(依都市計畫說明書圖規定辦理),100000,2007,持分移轉,02800000
RPRNMLSLQHJGFBA38CB,延平段三小段,.22,都市：其他:特定專用區(供河濱住宅使用),10000,224,持分移轉,07490004
RPPNMLQLQHJGFFA38CB,學府段一小段,11.54,都市：其他:敦化南北路特定專用區（B區）(依都市計畫說明書圖規定辦理),100000,2007,持分移轉,02810000
RPPNMLQLQHJGFFA38CB,學府段一小段,1.04,都市：其他:敦化南北路特定專用區（B區）(依都市計畫說明書圖規定辦理),100000,2007,持分移轉,02810001
RPRNMLSLQHJGFBA38CB,延平段三小段,1.48,都市：其他:特定專用區(供河濱住宅使用),10000,224,持分移轉,07490009
RPPNMLQLQHJGFFA38CB,學府段一小段,.14,都市：其他:敦化南北路特定專用區（B區）(依都市計畫說明書圖規定辦理),100000,2007,持分移轉,02810002
RPRNMLSLQHJGFBA38CB,延平段三小段,1.86,都市：其他:特定專用區(供河濱住宅使用),10000,224,持分移轉,07510000
RPPNMLQLQHJGFFA38CB,學府段一小段,.54,都市：其他:敦化南北路特定專用區（B區）(依都市計畫說明書圖規定辦理),100000,2007,持分移轉,02810003
RPRNMLSLQHJGFBA38CB,延平段三小段,1.61,都市：其他:特定專用區(供河濱住宅使用),10000,224,持分移轉,07520000
RPPNMLQLQHJGFFA38CB,學府段一小段,.54,都市：其他:敦化南北路特定專用區（B區）(依都市計畫說明書圖規定辦理),100000,2007,持分移轉,02810004
RPRNMLSLQHJGFBA38CB,延平段三小段,1.77,都市：其他:特定專用區(供河濱住宅使用),10000,224,持分移轉,07530000
RPPNMLQLQHJGFFA38CB,學府段一小段,.18,都市：其他:敦化南北路特定專用區（B區）(依都市計畫說明書圖規定辦理),100000,2007,持分移轉,02810005
RPRNMLSLQHJGFBA38CB,延平段三小段,1.97,都市：其他:特定專用區(供河濱住宅使用),10000,224,持分移轉,07540000
RPPNMLQLQHJGFFA38CB,學府段一小段,.30,都市：其他:敦化南北路特定專用區（B區）(依都市計畫說明書圖規定辦理),100000,2007,持分移轉,02810006
RPRNMLSLQHJGFBA38CB,延平段三小段,2.13,都市：其他:特定專用區(供河濱住宅使用),10000,224,持分移轉,07550000
RPPNMLQLQHJGFFA38CB,學府段一小段,.60,都市：其他:敦化南北路特定專用區（B區）(依都市計畫說明書圖規定辦理),100000,2007,持分移轉,02810007
RPRNMLSLQHJGFBA38CB,延平段三小段,2.26,都市：其他:特定專用區(供河濱住宅使用),10000,224,持分移轉,07560000
RPRNMLSLQHJGFBA38CB,延平段三小段,.13,都市：其他:特定專用區(供河濱住宅使用),10000,224,持分移轉,07650005
RPPNMLQLQHJGFFA38CB,學府段一小段,.06,都市：其他:敦化南北路特定專用區（B區）(依都市計畫說明書圖規定辦理),100000,2007,持分移轉,02810008
RPPNMLQLQHJGFFA38CB,學府段一小段,.12,都市：其他:敦化南北路特定專用區（B區）(依都市計畫說明書圖規定辦理),100000,2007,持分移轉,02810009
RPQNMLQLQHJGFDA28CB,南港段一小段,.97,都市：住,100000,416,持分移轉,01010000
RPPNMLQLQHJGFFA38CB,學府段一小段,.06,都市：其他:敦化南北路特定專用區（B區）(依都市計畫說明書圖規定辦理),100000,2007,持分移轉,02810010
RPQNMLQLQHJGFDA28CB,南港段一小段,1.01,都市：住,100000,416,持分移轉,01050000
RPPNMLQLQHJGFFA38CB,學府段一小段,.80,都市：其他:敦化南北路特定專用區（B區）(依都市計畫說明書圖規定辦理),100000,2007,持分移轉,02810011
RPQNMLQLQHJGFDA28CB,南港段一小段,.00,都市：住,100000,416,持分移轉,01060000
RPPNMLQLQHJGFFA38CB,學府段一小段,.38,都市：其他:敦化南北路特定專用區（B區）(依都市計畫說明書圖規定辦理),100000,2007,持分移轉,02810012
RPQNMLQLQHJGFDA28CB,南港段一小段,.15,都市：住,100000,416,持分移轉,01060001
RPPNMLQLQHJGFFA38CB,學府段一小段,1.49,都市：其他:敦化南北路特定專用區（B區）(依都市計畫說明書圖規定辦理),100000,2007,持分移轉,02810013
RPQNMLQLQHJGFDA28CB,南港段一小段,.21,都市：住,100000,416,持分移轉,01060002
RPPNMLQLQHJGFFA38CB,學府段一小段,2.25,都市：其他:敦化南北路特定專用區（B區）(依都市計畫說明書圖規定辦理),100000,2007,持分移轉,02810014
RPQNMLQLQHJGFDA28CB,南港段一小段,.17,都市：住,100000,416,持分移轉,01060003
RPQNMLQLQHJGFDA28CB,南港段一小段,.15,都市：住,100000,416,持分移轉,01060004
RPPNMLQLQHJGFFA38CB,學府段一小段,.64,都市：其他:敦化南北路特定專用區（B區）(依都市計畫說明書圖規定辦理),100000,2007,持分移轉,02810015
RPQNMLQLQHJGFDA28CB,南港段一小段,.14,都市：住,100000,416,持分移轉,01060005
RPPNMLQLQHJGFFA38CB,學府段一小段,.04,都市：其他:敦化南北路特定專用區（B區）(依都市計畫說明書圖規定辦理),100000,2007,持分移轉,02810016
RPQNMLQLQHJGFDA28CB,南港段一小段,.08,都市：住,100000,416,持分移轉,01060006
RPPNMLQLQHJGFFA38CB,學府段一小段,.24,都市：其他:敦化南北路特定專用區（B區）(依都市計畫說明書圖規定辦理),100000,2007,持分移轉,02810017
RPQNMLQLQHJGFDA28CB,南港段一小段,.07,都市：住,100000,416,持分移轉,01060007
RPPNMLQLQHJGFFA38CB,學府段一小段,.24,都市：其他:敦化南北路特定專用區（B區）(依都市計畫說明書圖規定辦理),100000,2007,持分移轉,02810018
RPQNMLQLQHJGFDA28CB,南港段一小段,.89,都市：住,100000,416,持分移轉,01070000
RPQNMLQLQHJGFDA28CB,南港段一小段,.30,都市：住,100000,416,持分移轉,01080000
RPQNMLQLQHJGFDA28CB,南港段一小段,.10,都市：住,100000,416,持分移轉,01090000
RPQNMLQLQHJGFDA28CB,南港段一小段,.17,都市：住,100000,416,持分移轉,01100000
RPQNMLQLQHJGFDA28CB,南港段一小段,.09,都市：住,100000,416,持分移轉,01110000
RPQNMLQLQHJGFDA28CB,南港段一小段,.09,都市：住,100000,416,持分移轉,01110001
RPQNMLQLQHJGFDA28CB,南港段一小段,.07,都市：住,100000,416,持分移轉,01110002
RPQNMLQLQHJGFDA28CB,南港段一小段,.02,都市：住,100000,416,持分移轉,01110003
RPQNMLQLQHJGFDA28CB,南港段一小段,.07,都市：住,100000,416,持分移轉,01110004
RPQNMLQLQHJGFDA28CB,南港段一小段,.06,都市：住,100000,416,持分移轉,01110005
RPQNMLQLQHJGFDA28CB,南港段一小段,.00,都市：住,100000,416,持分移轉,01110006
RPQNMLQLQHJGFDA28CB,南港段一小段,.12,都市：住,100000,416,持分移轉,01130000
RPQNMLQLQHJGFDA28CB,南港段一小段,.12,都市：住,100000,416,持分移轉,01140000
RPQNMLQLQHJGFDA28CB,南港段一小段,.10,都市：住,100000,416,持分移轉,01150000
RPQNMLQLQHJGFDA28CB,南港段一小段,.28,都市：住,100000,416,持分移轉,01160000
RPQNMLQLQHJGFDA28CB,南港段一小段,.43,都市：住,100000,416,持分移轉,01190000
RPQNMLQLQHJGFDA28CB,南港段一小段,.41,都市：住,100000,416,持分移轉,01200000
RPQNMLQLQHJGFDA28CB,南港段一小段,1.10,都市：住,100000,416,持分移轉,01200001
RPQNMLQLQHJGFDA28CB,南港段一小段,.50,都市：住,100000,416,持分移轉,01210000
RPQNMLQLQHJGFDA28CB,南港段一小段,.05,都市：住,100000,416,持分移轉,01210003
RPQNMLQLQHJGFDA28CB,南港段一小段,.04,都市：住,100000,416,持分移轉,01210004
RPQNMLQLQHJGFDA28CB,南港段一小段,.01,都市：住,100000,416,持分移轉,01210005
RPQNMLQLQHJGFDA28CB,南港段一小段,.05,都市：住,100000,416,持分移轉,01210006
RPQNMLQLQHJGFDA28CB,南港段一小段,.00,都市：住,100000,416,持分移轉,01210007
RPQNMLQLQHJGFDA28CB,南港段一小段,.02,都市：住,100000,416,持分移轉,01210008
RPQNMLQLQHJGFDA28CB,南港段一小段,.02,都市：住,100000,416,持分移轉,01210009
RPQNMLQLQHJGFDA28CB,南港段一小段,.01,都市：住,100000,416,持分移轉,01210010
RPQNMLQLQHJGFDA28CB,南港段一小段,.01,都市：住,100000,416,持分移轉,01210011
RPQNMLQLQHJGFDA28CB,南港段一小段,1.83,都市：住,100000,416,持分移轉,01210012
RPQNMLQLQHJGFDA28CB,南港段一小段,.00,都市：住,100000,416,持分移轉,01210013
RPQNMLQLQHJGFDA28CB,南港段一小段,.03,都市：住,100000,416,持分移轉,01210014
RPPNMLSLQHJGFCA28CB,長春段一小段,.18,都市：商,100000,672,持分移轉,04620000
RPPNMLSLQHJGFCA28CB,長春段一小段,.28,都市：商,100000,672,持分移轉,04620001
RPPNMLSLQHJGFCA28CB,長春段一小段,.18,都市：商,100000,672,持分移轉,04650000
RPPNMLSLQHJGFCA28CB,長春段一小段,.15,都市：商,100000,672,持分移轉,04650001
RPPNMLSLQHJGFCA28CB,長春段一小段,.18,都市：商,100000,672,持分移轉,04660000
RPPNMLSLQHJGFCA28CB,長春段一小段,.15,都市：商,100000,672,持分移轉,04660001
RPPNMLSLQHJGFCA28CB,長春段一小段,.33,都市：商,100000,672,持分移轉,04670000
RPPNMLSLQHJGFCA28CB,長春段一小段,.34,都市：商,100000,672,持分移轉,04680000
RPPNMLSLQHJGFCA28CB,長春段一小段,.32,都市：商,100000,672,持分移轉,04690000
RPPNMLSLQHJGFCA28CB,長春段一小段,.34,都市：商,100000,672,持分移轉,04700000
RPPNMLSLQHJGFCA28CB,長春段一小段,.19,都市：商,100000,672,持分移轉,04710003
RPPNMLSLQHJGFCA28CB,長春段一小段,.69,都市：商,100000,672,持分移轉,04740000
RPPNMLSLQHJGFCA28CB,長春段一小段,.56,都市：商,100000,672,持分移轉,04750000
RPPNMLSLQHJGFCA28CB,長春段一小段,.08,都市：商,100000,672,持分移轉,04760000
RPPNMLSLQHJGFCA28CB,長春段一小段,.07,都市：商,100000,672,持分移轉,04760001
RPPNMLSLQHJGFCA28CB,長春段一小段,.58,都市：商,100000,672,持分移轉,04770000
RPPNMLSLQHJGFCA28CB,長春段一小段,.01,都市：商,100000,672,持分移轉,04760002
RPPNMLSLQHJGFCA28CB,長春段一小段,.62,都市：商,100000,672,持分移轉,04780000
RPPNMLSLQHJGFCA28CB,長春段一小段,.61,都市：商,100000,672,持分移轉,04790000
RPPNMLSLQHJGFCA28CB,長春段一小段,1.17,都市：商,100000,672,持分移轉,04800000
RPRNMLSLQHJGFCA48CB,長春段一小段,.17,都市：商,100000,625,持分移轉,04620000
RPRNMLSLQHJGFCA48CB,長春段一小段,.26,都市：商,100000,625,持分移轉,04620001
RPRNMLSLQHJGFCA48CB,長春段一小段,.17,都市：商,100000,625,持分移轉,04650000
RPRNMLSLQHJGFCA48CB,長春段一小段,.14,都市：商,100000,625,持分移轉,04650001
RPRNMLSLQHJGFCA48CB,長春段一小段,.17,都市：商,100000,625,持分移轉,04660000
RPRNMLSLQHJGFCA48CB,長春段一小段,.14,都市：商,100000,625,持分移轉,04660001
RPRNMLSLQHJGFCA48CB,長春段一小段,.31,都市：商,100000,625,持分移轉,04670000
RPRNMLSLQHJGFCA48CB,長春段一小段,.32,都市：商,100000,625,持分移轉,04680000
RPRNMLSLQHJGFCA48CB,長春段一小段,.30,都市：商,100000,625,持分移轉,04690000
RPRNMLSLQHJGFCA48CB,長春段一小段,.32,都市：商,100000,625,持分移轉,04700000
RPRNMLSLQHJGFCA48CB,長春段一小段,.17,都市：商,100000,625,持分移轉,04710003
RPRNMLSLQHJGFCA48CB,長春段一小段,.64,都市：商,100000,625,持分移轉,04740000
RPRNMLSLQHJGFCA48CB,長春段一小段,.52,都市：商,100000,625,持分移轉,04750000
RPRNMLSLQHJGFCA48CB,長春段一小段,.07,都市：商,100000,625,持分移轉,04760000
RPRNMLSLQHJGFCA48CB,長春段一小段,.06,都市：商,100000,625,持分移轉,04760001
RPRNMLSLQHJGFCA48CB,長春段一小段,.54,都市：商,100000,625,持分移轉,04770000
RPRNMLSLQHJGFCA48CB,長春段一小段,.01,都市：商,100000,625,持分移轉,04760002
RPRNMLSLQHJGFCA48CB,長春段一小段,.58,都市：商,100000,625,持分移轉,04780000
RPRNMLSLQHJGFCA48CB,長春段一小段,.57,都市：商,100000,625,持分移轉,04790000
RPRNMLSLQHJGFCA48CB,長春段一小段,1.09,都市：商,100000,625,持分移轉,04800000
RPTNMLSLQHJGFEA88CB,新洲美段,12.19,都市：其他:住商混合區,100000,981,持分移轉,00960000
RPTNMLSLQHJGFEA88CB,新洲美段,12.19,都市：其他:住商混合區,100000,981,持分移轉,00970000
RPWNMLSLQHJGFCA98CB,吉林段二小段,14.90,都市：住,100000,3131,持分移轉,02270000
RPWNMLSLQHJGFCA98CB,吉林段二小段,.53,都市：住,100000,3131,持分移轉,02870000
RPWNMLSLQHJGFCA98CB,吉林段二小段,1.60,都市：住,100000,3131,持分移轉,02890000
RPWNMLSLQHJGFCA98CB,吉林段二小段,4.92,都市：住,100000,3131,持分移轉,02930000
RPSNMLSLQHJGFCA58CB,長春段一小段,.18,都市：商,100000,672,持分移轉,04620000
RPSNMLSLQHJGFCA58CB,長春段一小段,.28,都市：商,100000,672,持分移轉,04620001
RPSNMLSLQHJGFCA58CB,長春段一小段,.18,都市：商,100000,672,持分移轉,04650000
RPSNMLSLQHJGFCA58CB,長春段一小段,.15,都市：商,100000,672,持分移轉,04650001
RPSNMLSLQHJGFCA58CB,長春段一小段,.18,都市：商,100000,672,持分移轉,04660000
RPSNMLSLQHJGFCA58CB,長春段一小段,.15,都市：商,100000,672,持分移轉,04660001
RPSNMLSLQHJGFCA58CB,長春段一小段,.33,都市：商,100000,672,持分移轉,04670000
RPSNMLSLQHJGFCA58CB,長春段一小段,.34,都市：商,100000,672,持分移轉,04680000
RPVNMLSLQHJGFEA09CB,天母段三小段,.05,都市：住,10000,228,持分移轉,01050003
RPVNMLSLQHJGFEA09CB,天母段三小段,.05,都市：住,10000,228,持分移轉,01060003
RPVNMLSLQHJGFEA09CB,天母段三小段,19.43,都市：住,10000,228,持分移轉,01080000
RPSNMLSLQHJGFCA58CB,長春段一小段,.32,都市：商,100000,672,持分移轉,04690000
RPSNMLSLQHJGFCA58CB,長春段一小段,.34,都市：商,100000,672,持分移轉,04700000
RPSNMLSLQHJGFCA58CB,長春段一小段,.19,都市：商,100000,672,持分移轉,04710003
RPSNMLSLQHJGFCA58CB,長春段一小段,.69,都市：商,100000,672,持分移轉,04740000
RPSNMLSLQHJGFCA58CB,長春段一小段,.56,都市：商,100000,672,持分移轉,04750000
RPPNMLKMQHJGFCA57CB,吉林段三小段,2.22,都市：商,100000,1315,持分移轉,08010000
RPSNMLSLQHJGFCA58CB,長春段一小段,.08,都市：商,100000,672,持分移轉,04760000
RPPNMLKMQHJGFCA57CB,吉林段三小段,1.67,都市：商,100000,1315,持分移轉,08020000
RPSNMLSLQHJGFCA58CB,長春段一小段,.07,都市：商,100000,672,持分移轉,04760001
RPPNMLKMQHJGFCA57CB,吉林段三小段,1.33,都市：商,100000,1315,持分移轉,08100000
RPSNMLSLQHJGFCA58CB,長春段一小段,.58,都市：商,100000,672,持分移轉,04770000
RPSNMLSLQHJGFCA58CB,長春段一小段,.01,都市：商,100000,672,持分移轉,04760002
RPSNMLSLQHJGFCA58CB,長春段一小段,.62,都市：商,100000,672,持分移轉,04780000
RPSNMLSLQHJGFCA58CB,長春段一小段,.61,都市：商,100000,672,持分移轉,04790000
RPSNMLSLQHJGFCA58CB,長春段一小段,1.17,都市：商,100000,672,持分移轉,04800000
RPPNMLTLQHJGFEA68DB,陽明段二小段,1.01,都市：商,100000,988,持分移轉,00230000
RPPNMLTLQHJGFEA68DB,陽明段二小段,1.01,都市：商,100000,988,持分移轉,00240000
RPPNMLTLQHJGFEA68DB,陽明段二小段,1.02,都市：商,100000,988,持分移轉,00250000
RPPNMLTLQHJGFEA68DB,陽明段二小段,1.03,都市：商,100000,988,持分移轉,00260000
RPPNMLTLQHJGFEA68DB,陽明段二小段,1.05,都市：商,100000,988,持分移轉,00270000
RPPNMLTLQHJGFEA68DB,陽明段二小段,1.07,都市：商,100000,988,持分移轉,00280000
RPPNMLTLQHJGFEA68DB,陽明段二小段,1.07,都市：商,100000,988,持分移轉,00290000
RPPNMLTLQHJGFEA68DB,陽明段二小段,1.10,都市：商,100000,988,持分移轉,00300000
RPPNMLTLQHJGFEA68DB,陽明段二小段,1.11,都市：商,100000,988,持分移轉,00310000
RPPNMLTLQHJGFEA68DB,陽明段二小段,1.11,都市：商,100000,988,持分移轉,00320000
RPPNMLTLQHJGFEA68DB,陽明段二小段,1.15,都市：商,100000,988,持分移轉,00330000
RPPNMLTLQHJGFEA68DB,陽明段二小段,1.16,都市：商,100000,988,持分移轉,00340000
RPPNMLTLQHJGFEA68DB,陽明段二小段,1.22,都市：商,100000,988,持分移轉,00350000
RPPNMLTLQHJGFEA68DB,陽明段二小段,.73,都市：商,100000,988,持分移轉,00460000
RPPNMLTLQHJGFEA68DB,陽明段二小段,.73,都市：商,100000,988,持分移轉,00470000
RPPNMLTLQHJGFEA68DB,陽明段二小段,.74,都市：商,100000,988,持分移轉,00480000
RPPNMLTLQHJGFEA68DB,陽明段二小段,.73,都市：商,100000,988,持分移轉,00490000
RPPNMLTLQHJGFEA68DB,陽明段二小段,.73,都市：商,100000,988,持分移轉,00510000
RPPNMLTLQHJGFEA68DB,陽明段二小段,.73,都市：商,100000,988,持分移轉,00520000
RPPNMLTLQHJGFEA68DB,陽明段二小段,1.45,都市：商,100000,988,持分移轉,00530000
RPPNMLTLQHJGFEA68DB,陽明段二小段,.74,都市：商,100000,988,持分移轉,00550000
RPPNMLTLQHJGFEA68DB,陽明段二小段,.89,都市：商,100000,988,持分移轉,00560000
RPQNMLKMQHJGFCA67CB,吉林段三小段,1.15,都市：商,100000,938,持分移轉,08030000
RPQNMLKMQHJGFCA67CB,吉林段三小段,1.16,都市：商,100000,938,持分移轉,08040000
RPQNMLKMQHJGFCA67CB,吉林段三小段,1.18,都市：商,100000,938,持分移轉,08050000
RPQNMLKMQHJGFCA67CB,吉林段三小段,1.04,都市：商,100000,938,持分移轉,08060000
RPQNMLKMQHJGFCA67CB,吉林段三小段,.96,都市：商,100000,938,持分移轉,08070000
RPQNMLKMQHJGFCA67CB,吉林段三小段,1.15,都市：商,100000,938,持分移轉,08080000
RPQNMLKMQHJGFCA67CB,吉林段三小段,1.16,都市：商,100000,938,持分移轉,08090000
RPQOMLKMQHJGFCA77CB,吉林段四小段,.03,都市：商,1000000,4458,持分移轉,06030000
RPQOMLKMQHJGFCA77CB,吉林段四小段,.00,都市：商,1000000,4458,持分移轉,06030001
RPQOMLKMQHJGFCA77CB,吉林段四小段,.11,都市：商,1000000,4458,持分移轉,06030002
RPQOMLKMQHJGFCA77CB,吉林段四小段,.09,都市：商,1000000,4458,持分移轉,06030003
RPQOMLKMQHJGFCA77CB,吉林段四小段,.30,都市：商,1000000,4458,持分移轉,06040000
RPQOMLKMQHJGFCA77CB,吉林段四小段,.13,都市：商,1000000,4458,持分移轉,06050000
RPQOMLKMQHJGFCA77CB,吉林段四小段,.21,都市：商,1000000,4458,持分移轉,06060000
RPQOMLKMQHJGFCA77CB,吉林段四小段,.01,都市：商,1000000,4458,持分移轉,06060001
RPQOMLKMQHJGFCA77CB,吉林段四小段,.03,都市：商,1000000,4458,持分移轉,06070000
RPQOMLKMQHJGFCA77CB,吉林段四小段,.04,都市：商,1000000,4458,持分移轉,06080000
RPQOMLKMQHJGFCA77CB,吉林段四小段,.00,都市：商,1000000,4458,持分移轉,06080001
RPQOMLKMQHJGFCA77CB,吉林段四小段,.06,都市：商,1000000,4458,持分移轉,06090000
RPQOMLKMQHJGFCA77CB,吉林段四小段,.02,都市：商,1000000,4458,持分移轉,06110000
RPQOMLKMQHJGFCA77CB,吉林段四小段,.04,都市：商,1000000,4458,持分移轉,06120000
RPQOMLKMQHJGFCA77CB,吉林段四小段,.25,都市：商,1000000,4458,持分移轉,06130000
RPQOMLKMQHJGFCA77CB,吉林段四小段,.50,都市：商,1000000,4458,持分移轉,06140000
RPQOMLKMQHJGFCA77CB,吉林段四小段,.00,都市：商,1000000,4458,持分移轉,06150000
RPQOMLKMQHJGFCA77CB,吉林段四小段,.02,都市：商,1000000,4458,持分移轉,06150001
RPQOMLKMQHJGFCA77CB,吉林段四小段,.00,都市：商,1000000,4458,持分移轉,06150002
RPQOMLKMQHJGFCA77CB,吉林段四小段,.32,都市：商,1000000,4458,持分移轉,06160000
RPQOMLKMQHJGFCA77CB,吉林段四小段,.56,都市：商,1000000,4458,持分移轉,06170000
RPQOMLKMQHJGFCA77CB,吉林段四小段,.31,都市：商,1000000,4458,持分移轉,06180000
RPQOMLKMQHJGFCA77CB,吉林段四小段,.45,都市：商,1000000,4458,持分移轉,06190000
RPQOMLKMQHJGFCA77CB,吉林段四小段,.45,都市：商,1000000,4458,持分移轉,06200000
RPQOMLKMQHJGFCA77CB,吉林段四小段,.24,都市：商,1000000,4458,持分移轉,06210000
RPQOMLKMQHJGFCA77CB,吉林段四小段,.37,都市：商,1000000,4458,持分移轉,06220000
RPQOMLKMQHJGFCA77CB,吉林段四小段,.32,都市：商,1000000,4458,持分移轉,06230000
RPQOMLKMQHJGFCA77CB,吉林段四小段,.92,都市：商,1000000,4458,持分移轉,06380001
RPQOMLKMQHJGFCA77CB,吉林段四小段,.01,都市：商,1000000,4458,持分移轉,07070003
RPQOMLKMQHJGFCA77CB,吉林段四小段,.02,都市：商,1000000,4458,持分移轉,07070004
RPQOMLKMQHJGFCA77CB,吉林段四小段,.87,都市：商,1000000,4458,持分移轉,07080000
RPQOMLKMQHJGFCA77CB,吉林段四小段,.19,都市：商,1000000,4458,持分移轉,07080001
RPQOMLKMQHJGFCA77CB,吉林段四小段,.08,都市：商,1000000,4458,持分移轉,07080002
RPQOMLKMQHJGFCA77CB,吉林段四小段,.10,都市：商,1000000,4458,持分移轉,07090000
RPQOMLKMQHJGFCA77CB,吉林段四小段,.01,都市：商,1000000,4458,持分移轉,07090001
RPQOMLKMQHJGFCA77CB,吉林段四小段,.12,都市：商,1000000,4458,持分移轉,07100000
RPQOMLKMQHJGFCA77CB,吉林段四小段,.15,都市：商,1000000,4458,持分移轉,07130000
RPQOMLKMQHJGFCA77CB,吉林段四小段,.08,都市：商,1000000,4458,持分移轉,07130001
RPQOMLKMQHJGFCA77CB,吉林段四小段,.09,都市：商,1000000,4458,持分移轉,07140000
RPQOMLKMQHJGFCA77CB,吉林段四小段,.03,都市：商,1000000,4458,持分移轉,07150000
RPSNMLLMQHJGFFA28CB,懷生段三小段,6.22,都市：住,10000,127,持分移轉,00170000
RPSNMLMJRHJGFEA08CB,新洲美段,2.01,都市：住,100000,424,持分移轉,00720000
RPSNMLMJRHJGFEA08CB,新洲美段,11.59,都市：住,100000,424,持分移轉,00730000
RPSNMLMJRHJGFEA08CB,新洲美段,11.50,都市：住,100000,424,持分移轉,00740000
RPSNMLMJRHJGFEA08CB,新洲美段,1.93,都市：住,100000,424,持分移轉,00750000
RPPNMLMJRHJGFAA37CB,木柵段一小段,.79,都市：商,100000,1055,持分移轉,04100000
RPPNMLMJRHJGFAA37CB,木柵段一小段,.66,都市：商,100000,1055,持分移轉,04120000
RPPNMLMJRHJGFAA37CB,木柵段一小段,.13,都市：商,100000,1055,持分移轉,04130000
RPPNMLMJRHJGFAA37CB,木柵段一小段,.11,都市：商,100000,1055,持分移轉,04140000
RPPNMLMJRHJGFAA37CB,木柵段一小段,.91,都市：商,100000,1055,持分移轉,04150000
RPPNMLMJRHJGFAA37CB,木柵段一小段,1.09,都市：商,100000,1055,持分移轉,04160000
RPPNMLMJRHJGFAA37CB,木柵段一小段,.55,都市：商,100000,1055,持分移轉,04170000
RPPNMLMJRHJGFAA37CB,木柵段一小段,1.39,都市：商,100000,1055,持分移轉,04180000
RPPNMLMJRHJGFAA37CB,木柵段一小段,1.83,都市：商,100000,1055,持分移轉,04190000
RPROMLKMQHJGFCA87CB,吉林段四小段,.02,都市：商,1000000,2314,持分移轉,06030000
RPROMLKMQHJGFCA87CB,吉林段四小段,.00,都市：商,1000000,2314,持分移轉,06030001
RPROMLKMQHJGFCA87CB,吉林段四小段,.06,都市：商,1000000,2314,持分移轉,06030002
RPROMLKMQHJGFCA87CB,吉林段四小段,.05,都市：商,1000000,2314,持分移轉,06030003
RPROMLKMQHJGFCA87CB,吉林段四小段,.16,都市：商,1000000,2314,持分移轉,06040000
RPROMLKMQHJGFCA87CB,吉林段四小段,.07,都市：商,1000000,2314,持分移轉,06050000
RPROMLKMQHJGFCA87CB,吉林段四小段,.11,都市：商,1000000,2314,持分移轉,06060000
RPROMLKMQHJGFCA87CB,吉林段四小段,.00,都市：商,1000000,2314,持分移轉,06060001
RPROMLKMQHJGFCA87CB,吉林段四小段,.02,都市：商,1000000,2314,持分移轉,06070000
RPROMLKMQHJGFCA87CB,吉林段四小段,.02,都市：商,1000000,2314,持分移轉,06080000
RPROMLKMQHJGFCA87CB,吉林段四小段,.00,都市：商,1000000,2314,持分移轉,06080001
RPROMLKMQHJGFCA87CB,吉林段四小段,.03,都市：商,1000000,2314,持分移轉,06090000
RPROMLKMQHJGFCA87CB,吉林段四小段,.01,都市：商,1000000,2314,持分移轉,06110000
RPROMLKMQHJGFCA87CB,吉林段四小段,.02,都市：商,1000000,2314,持分移轉,06120000
RPPNMLOJRHJGFBA67CB,城中段二小段,4.09,都市：商,100000,652,持分移轉,05830000
RPROMLKMQHJGFCA87CB,吉林段四小段,.13,都市：商,1000000,2314,持分移轉,06130000
RPPNMLOJRHJGFBA67CB,城中段二小段,.14,都市：商,100000,652,持分移轉,05860000
RPROMLKMQHJGFCA87CB,吉林段四小段,.26,都市：商,1000000,2314,持分移轉,06140000
RPPNMLOJRHJGFBA67CB,城中段二小段,.39,都市：商,100000,652,持分移轉,05950001
RPROMLKMQHJGFCA87CB,吉林段四小段,.00,都市：商,1000000,2314,持分移轉,06150000
RPPNMLOJRHJGFBA67CB,城中段二小段,.12,都市：商,100000,652,持分移轉,05970000
RPROMLKMQHJGFCA87CB,吉林段四小段,.01,都市：商,1000000,2314,持分移轉,06150001
RPPNMLOJRHJGFBA67CB,城中段二小段,1.25,都市：商,100000,652,持分移轉,05980000
RPROMLKMQHJGFCA87CB,吉林段四小段,.00,都市：商,1000000,2314,持分移轉,06150002
RPPNMLOJRHJGFBA67CB,城中段二小段,1.17,都市：商,100000,652,持分移轉,06020001
RPROMLKMQHJGFCA87CB,吉林段四小段,.17,都市：商,1000000,2314,持分移轉,06160000
RPPNMLOJRHJGFBA67CB,城中段二小段,.12,都市：商,100000,652,持分移轉,06030000
RPROMLKMQHJGFCA87CB,吉林段四小段,.29,都市：商,1000000,2314,持分移轉,06170000
RPROMLKMQHJGFCA87CB,吉林段四小段,.16,都市：商,1000000,2314,持分移轉,06180000
RPROMLKMQHJGFCA87CB,吉林段四小段,.24,都市：商,1000000,2314,持分移轉,06190000
RPROMLKMQHJGFCA87CB,吉林段四小段,.23,都市：商,1000000,2314,持分移轉,06200000
RPROMLKMQHJGFCA87CB,吉林段四小段,.12,都市：商,1000000,2314,持分移轉,06210000
RPROMLKMQHJGFCA87CB,吉林段四小段,.19,都市：商,1000000,2314,持分移轉,06220000
RPROMLKMQHJGFCA87CB,吉林段四小段,.16,都市：商,1000000,2314,持分移轉,06230000
RPROMLKMQHJGFCA87CB,吉林段四小段,.48,都市：商,1000000,2314,持分移轉,06380001
RPROMLKMQHJGFCA87CB,吉林段四小段,.01,都市：商,1000000,2314,持分移轉,07070003
RPROMLKMQHJGFCA87CB,吉林段四小段,.01,都市：商,1000000,2314,持分移轉,07070004
RPROMLKMQHJGFCA87CB,吉林段四小段,.45,都市：商,1000000,2314,持分移轉,07080000
RPROMLKMQHJGFCA87CB,吉林段四小段,.10,都市：商,1000000,2314,持分移轉,07080001
RPROMLKMQHJGFCA87CB,吉林段四小段,.04,都市：商,1000000,2314,持分移轉,07080002
RPROMLKMQHJGFCA87CB,吉林段四小段,.05,都市：商,1000000,2314,持分移轉,07090000
RPROMLKMQHJGFCA87CB,吉林段四小段,.00,都市：商,1000000,2314,持分移轉,07090001
RPROMLKMQHJGFCA87CB,吉林段四小段,.06,都市：商,1000000,2314,持分移轉,07100000
RPROMLKMQHJGFCA87CB,吉林段四小段,.08,都市：商,1000000,2314,持分移轉,07130000
RPROMLKMQHJGFCA87CB,吉林段四小段,.04,都市：商,1000000,2314,持分移轉,07130001
RPROMLKMQHJGFCA87CB,吉林段四小段,.05,都市：商,1000000,2314,持分移轉,07140000
RPROMLKMQHJGFCA87CB,吉林段四小段,.02,都市：商,1000000,2314,持分移轉,07150000
RPSOMLKMQHJGFCA97CB,吉林段四小段,.01,都市：商,1000000,1564,持分移轉,06030000
RPSOMLKMQHJGFCA97CB,吉林段四小段,.00,都市：商,1000000,1564,持分移轉,06030001
RPSOMLKMQHJGFCA97CB,吉林段四小段,.04,都市：商,1000000,1564,持分移轉,06030002
RPSOMLKMQHJGFCA97CB,吉林段四小段,.03,都市：商,1000000,1564,持分移轉,06030003
RPRNMLOJRHJGFCA97CB,碧湖段四小段,.40,都市：住,100000,1900,持分移轉,03410002
RPSOMLKMQHJGFCA97CB,吉林段四小段,.10,都市：商,1000000,1564,持分移轉,06040000
RPRNMLOJRHJGFCA97CB,碧湖段四小段,1.33,都市：住,100000,1900,持分移轉,04450002
RPSOMLKMQHJGFCA97CB,吉林段四小段,.05,都市：商,1000000,1564,持分移轉,06050000
RPRNMLOJRHJGFCA97CB,碧湖段四小段,17.04,都市：住,100000,1900,持分移轉,04510000
RPSOMLKMQHJGFCA97CB,吉林段四小段,.08,都市：商,1000000,1564,持分移轉,06060000
RPRNMLOJRHJGFCA97CB,碧湖段四小段,.08,都市：住,100000,1900,持分移轉,04450000
RPSOMLKMQHJGFCA97CB,吉林段四小段,.00,都市：商,1000000,1564,持分移轉,06060001
RPRNMLOJRHJGFCA97CB,碧湖段四小段,3.55,都市：住,100000,1900,持分移轉,04500000
RPSOMLKMQHJGFCA97CB,吉林段四小段,.01,都市：商,1000000,1564,持分移轉,06070000
RPSOMLKMQHJGFCA97CB,吉林段四小段,.01,都市：商,1000000,1564,持分移轉,06080000
RPSOMLKMQHJGFCA97CB,吉林段四小段,.00,都市：商,1000000,1564,持分移轉,06080001
RPSOMLKMQHJGFCA97CB,吉林段四小段,.02,都市：商,1000000,1564,持分移轉,06090000
RPSOMLKMQHJGFCA97CB,吉林段四小段,.01,都市：商,1000000,1564,持分移轉,06110000
RPSOMLKMQHJGFCA97CB,吉林段四小段,.02,都市：商,1000000,1564,持分移轉,06120000
RPSOMLKMQHJGFCA97CB,吉林段四小段,.09,都市：商,1000000,1564,持分移轉,06130000
RPSOMLKMQHJGFCA97CB,吉林段四小段,.18,都市：商,1000000,1564,持分移轉,06140000
RPSOMLKMQHJGFCA97CB,吉林段四小段,.00,都市：商,1000000,1564,持分移轉,06150000
RPSOMLKMQHJGFCA97CB,吉林段四小段,.01,都市：商,1000000,1564,持分移轉,06150001
RPSOMLKMQHJGFCA97CB,吉林段四小段,.00,都市：商,1000000,1564,持分移轉,06150002
RPSOMLKMQHJGFCA97CB,吉林段四小段,.11,都市：商,1000000,1564,持分移轉,06160000
RPSOMLKMQHJGFCA97CB,吉林段四小段,.20,都市：商,1000000,1564,持分移轉,06170000
RPSOMLKMQHJGFCA97CB,吉林段四小段,.11,都市：商,1000000,1564,持分移轉,06180000
RPSOMLKMQHJGFCA97CB,吉林段四小段,.16,都市：商,1000000,1564,持分移轉,06190000
RPSOMLKMQHJGFCA97CB,吉林段四小段,.16,都市：商,1000000,1564,持分移轉,06200000
RPSOMLKMQHJGFCA97CB,吉林段四小段,.08,都市：商,1000000,1564,持分移轉,06210000
RPSOMLKMQHJGFCA97CB,吉林段四小段,.13,都市：商,1000000,1564,持分移轉,06220000
RPSOMLKMQHJGFCA97CB,吉林段四小段,.11,都市：商,1000000,1564,持分移轉,06230000
RPSOMLKMQHJGFCA97CB,吉林段四小段,.32,都市：商,1000000,1564,持分移轉,06380001
RPSOMLKMQHJGFCA97CB,吉林段四小段,.00,都市：商,1000000,1564,持分移轉,07070003
RPSOMLKMQHJGFCA97CB,吉林段四小段,.01,都市：商,1000000,1564,持分移轉,07070004
RPSOMLKMQHJGFCA97CB,吉林段四小段,.31,都市：商,1000000,1564,持分移轉,07080000
RPSOMLKMQHJGFCA97CB,吉林段四小段,.07,都市：商,1000000,1564,持分移轉,07080001
RPQNMLOJRHJGFBA77CB,城中段二小段,2.96,都市：商,100000,472,持分移轉,05830000
RPSOMLKMQHJGFCA97CB,吉林段四小段,.03,都市：商,1000000,1564,持分移轉,07080002
RPQNMLOJRHJGFBA77CB,城中段二小段,.10,都市：商,100000,472,持分移轉,05860000
RPSOMLKMQHJGFCA97CB,吉林段四小段,.03,都市：商,1000000,1564,持分移轉,07090000
RPQNMLOJRHJGFBA77CB,城中段二小段,.28,都市：商,100000,472,持分移轉,05950001
RPSOMLKMQHJGFCA97CB,吉林段四小段,.00,都市：商,1000000,1564,持分移轉,07090001
RPQNMLOJRHJGFBA77CB,城中段二小段,.09,都市：商,100000,472,持分移轉,05970000
RPSOMLKMQHJGFCA97CB,吉林段四小段,.04,都市：商,1000000,1564,持分移轉,07100000
RPSOMLKMQHJGFCA97CB,吉林段四小段,.05,都市：商,1000000,1564,持分移轉,07130000
RPQNMLOJRHJGFBA77CB,城中段二小段,.91,都市：商,100000,472,持分移轉,05980000
RPSOMLKMQHJGFCA97CB,吉林段四小段,.03,都市：商,1000000,1564,持分移轉,07130001
RPQNMLOJRHJGFBA77CB,城中段二小段,.85,都市：商,100000,472,持分移轉,06020001
RPQNMLOJRHJGFBA77CB,城中段二小段,.08,都市：商,100000,472,持分移轉,06030000
RPSOMLKMQHJGFCA97CB,吉林段四小段,.03,都市：商,1000000,1564,持分移轉,07140000
RPSOMLKMQHJGFCA97CB,吉林段四小段,.01,都市：商,1000000,1564,持分移轉,07150000
RPSNMLOJRHJGFCA08CB,碧湖段四小段,.40,都市：住,100000,1900,持分移轉,03410002
RPSNMLOJRHJGFCA08CB,碧湖段四小段,1.33,都市：住,100000,1900,持分移轉,04450002
RPSNMLOJRHJGFCA08CB,碧湖段四小段,17.04,都市：住,100000,1900,持分移轉,04510000
RPSNMLOJRHJGFCA08CB,碧湖段四小段,.08,都市：住,100000,1900,持分移轉,04450000
RPSNMLOJRHJGFCA08CB,碧湖段四小段,3.55,都市：住,100000,1900,持分移轉,04500000
RPUNMLOJRHJGFCA28CB,碧湖段四小段,.23,都市：住,100000,1118,持分移轉,03410002
RPUNMLOJRHJGFCA28CB,碧湖段四小段,.78,都市：住,100000,1118,持分移轉,04450002
RPUNMLOJRHJGFCA28CB,碧湖段四小段,10.03,都市：住,100000,1118,持分移轉,04510000
RPUNMLOJRHJGFCA28CB,碧湖段四小段,.04,都市：住,100000,1118,持分移轉,04450000
RPUNMLOJRHJGFCA28CB,碧湖段四小段,2.09,都市：住,100000,1118,持分移轉,04500000
RPVNMLOJRHJGFCA38CB,碧湖段四小段,.24,都市：住,100000,1120,持分移轉,03410002
RPVNMLOJRHJGFCA38CB,碧湖段四小段,.78,都市：住,100000,1120,持分移轉,04450002
RPVNMLOJRHJGFCA38CB,碧湖段四小段,10.05,都市：住,100000,1120,持分移轉,04510000
RPVNMLOJRHJGFCA38CB,碧湖段四小段,.04,都市：住,100000,1120,持分移轉,04450000
RPVNMLOJRHJGFCA38CB,碧湖段四小段,2.09,都市：住,100000,1120,持分移轉,04500000
RPRNMLOJRHJGFEA18CB,新洲美段,9.76,都市：其他:住商混合區,100000,785,持分移轉,00960000
RPRNMLOJRHJGFEA18CB,新洲美段,9.76,都市：其他:住商混合區,100000,785,持分移轉,00970000
RPTNMLOJRHJGFEA38CB,新洲美段,12.19,都市：其他:住商混合區,100000,981,持分移轉,00960000
RPTNMLOJRHJGFEA38CB,新洲美段,12.19,都市：其他:住商混合區,100000,981,持分移轉,00970000
RPSNMLOJRHJGFEA28CB,新洲美段,12.19,都市：其他:住商混合區,100000,981,持分移轉,00960000
RPSNMLOJRHJGFEA28CB,新洲美段,12.19,都市：其他:住商混合區,100000,981,持分移轉,00970000
RPPNMLPJRHJGFEA08CB,新洲美段,78.01,都市：其他:科技產業專用區,100000,1359,持分移轉,00350000
RPQNMLPJRHJGFEA18CB,新洲美段,92.99,都市：其他:科技產業專用區,100000,1620,持分移轉,00350000
RPRNMLPJRHJGFEA28CB,新洲美段,90.69,都市：其他:科技產業專用區,100000,1580,持分移轉,00350000
RPUNMLOJRHJGFEA48CB,新洲美段,9.76,都市：其他:住商混合區,100000,785,持分移轉,00960000
RPUNMLOJRHJGFEA48CB,新洲美段,9.76,都市：其他:住商混合區,100000,785,持分移轉,00970000
RPSNMLPJRHJGFEA38CB,新洲美段,80.76,都市：其他:科技產業專用區,100000,1407,持分移轉,00350000
RPTNMLPJRHJGFEA48CB,新洲美段,78.12,都市：其他:科技產業專用區,100000,1361,持分移轉,00350000
RPUNMLPJRHJGFEA58CB,新洲美段,92.99,都市：其他:科技產業專用區,100000,1620,持分移轉,00350000
RPRNMLOJRHJGFFA28CB,龍泉段二小段,1.51,都市：住,100000,1057,持分移轉,07710000
RPRNMLOJRHJGFFA28CB,龍泉段二小段,1.65,都市：住,100000,1057,持分移轉,07730000
RPRNMLOJRHJGFFA28CB,龍泉段二小段,.59,都市：住,100000,1057,持分移轉,07730001
RPRNMLOJRHJGFFA28CB,龍泉段二小段,.05,都市：住,100000,1057,持分移轉,07740000
RPRNMLOJRHJGFFA28CB,龍泉段二小段,2.98,都市：住,100000,1057,持分移轉,07760000
RPRNMLOJRHJGFFA28CB,龍泉段二小段,.57,都市：住,100000,1057,持分移轉,07770000
RPRNMLOJRHJGFFA28CB,龍泉段二小段,.11,都市：住,100000,1057,持分移轉,07780000
RPRNMLOJRHJGFFA28CB,龍泉段二小段,.08,都市：住,100000,1057,持分移轉,07790000
RPRNMLOJRHJGFFA28CB,龍泉段二小段,.60,都市：住,100000,1057,持分移轉,07800000
RPRNMLOJRHJGFFA28CB,龍泉段二小段,2.55,都市：住,100000,1057,持分移轉,07810000
RPRNMLOJRHJGFFA28CB,龍泉段二小段,2.27,都市：住,100000,1057,持分移轉,07820000
RPRNMLOJRHJGFFA28CB,龍泉段二小段,.12,都市：住,100000,1057,持分移轉,07820001
RPRNMLOJRHJGFFA28CB,龍泉段二小段,.44,都市：住,100000,1057,持分移轉,07820002
RPRNMLOJRHJGFFA28CB,龍泉段二小段,1.73,都市：住,100000,1057,持分移轉,07830000
RPRNMLOJRHJGFFA28CB,龍泉段二小段,.19,都市：住,100000,1057,持分移轉,07830001
RPRNMLOJRHJGFFA28CB,龍泉段二小段,1.81,都市：住,100000,1057,持分移轉,07840000
RPRNMLOJRHJGFFA28CB,龍泉段二小段,.55,都市：住,100000,1057,持分移轉,07850000
RPRNMLOJRHJGFFA28CB,龍泉段二小段,.21,都市：住,100000,1057,持分移轉,07850001
RPRNMLOJRHJGFFA28CB,龍泉段二小段,.19,都市：住,100000,1057,持分移轉,07860000
RPRNMLOJRHJGFFA28CB,龍泉段二小段,1.26,都市：住,100000,1057,持分移轉,07870000
RPRNMLOJRHJGFFA28CB,龍泉段二小段,.01,都市：住,100000,1057,持分移轉,07880000
RPRNMLOJRHJGFFA28CB,龍泉段二小段,.51,都市：住,100000,1057,持分移轉,07890000
RPRNMLOJRHJGFFA28CB,龍泉段二小段,.00,都市：住,100000,1057,持分移轉,07890001
RPVNMLPJRHJGFEA68CB,新洲美段,90.81,都市：其他:科技產業專用區,100000,1582,持分移轉,00350000
RPRNMLOJRHJGFFA28CB,龍泉段二小段,.05,都市：住,100000,1057,持分移轉,07900000
RPRNMLOJRHJGFFA28CB,龍泉段二小段,.19,都市：住,100000,1057,持分移轉,09080000
RPRNMLOJRHJGFFA28CB,龍泉段二小段,.17,都市：住,100000,1057,持分移轉,09080003
RPRNMLOJRHJGFFA28CB,龍泉段二小段,.16,都市：住,100000,1057,持分移轉,09140004
RPWNMLPJRHJGFEA78CB,新洲美段,80.76,都市：其他:科技產業專用區,100000,1407,持分移轉,00350000
RPXNMLPJRHJGFEA88CB,新洲美段,91.50,都市：其他:科技產業專用區,100000,1594,持分移轉,00350000
RPUOMLTJRHJGFBA78CB,漢中段一小段,4.00,都市：商,500000,2388,持分移轉,00930000
RPVOMLTJRHJGFBA88CB,漢中段一小段,3.96,都市：商,500000,2360,持分移轉,00930000
RPPNMLQJRHJGFEA18CB,大業段三小段,1.82,都市：商,10000,124,持分移轉,05150000
RPPNMLQJRHJGFEA18CB,大業段三小段,.57,都市：商,10000,124,持分移轉,05180000
RPPNMLQJRHJGFEA18CB,大業段三小段,.47,都市：商,10000,124,持分移轉,05190000
RPPNMLQJRHJGFEA18CB,大業段三小段,2.24,都市：商,10000,124,持分移轉,05490000
RPPNMLQJRHJGFEA18CB,大業段三小段,1.13,都市：商,10000,124,持分移轉,05500000
RPPNMLQJRHJGFEA18CB,大業段三小段,2.41,都市：商,10000,124,持分移轉,05500001
RPPNMLQJRHJGFEA18CB,大業段三小段,.45,都市：商,10000,124,持分移轉,05510000
RPPNMLQJRHJGFEA18CB,大業段三小段,1.09,都市：商,10000,124,持分移轉,05510001
RPPNMLQJRHJGFEA18CB,大業段三小段,3.31,都市：商,10000,124,持分移轉,05550000
RPPNMLQJRHJGFEA18CB,大業段三小段,.01,都市：商,10000,124,持分移轉,05560000
RPPNMLQJRHJGFEA18CB,大業段三小段,.01,都市：商,10000,124,持分移轉,05570000
RPPNMLQJRHJGFEA18CB,大業段三小段,.18,都市：商,10000,124,持分移轉,05580000
RPPNMLQJRHJGFEA18CB,大業段三小段,.26,都市：商,10000,124,持分移轉,05580001
RPPNMLQJRHJGFEA18CB,大業段三小段,.18,都市：商,10000,124,持分移轉,05580002
RPPNMLQJRHJGFEA18CB,大業段三小段,.18,都市：商,10000,124,持分移轉,05580003
RPPNMLQJRHJGFEA18CB,大業段三小段,.04,都市：商,10000,124,持分移轉,05590000
RPPNMLQJRHJGFEA18CB,大業段三小段,.04,都市：商,10000,124,持分移轉,05620005
RPPNMLTJRHJGFCA28CB,金泰段,114.95,都市：商,100000,11240,持分移轉,00070003
RPSNMLTJRHJGFEA78CB,大業段三小段,1.63,都市：商,10000,111,持分移轉,05150000
RPSNMLTJRHJGFEA78CB,大業段三小段,.51,都市：商,10000,111,持分移轉,05180000
RPSNMLTJRHJGFEA78CB,大業段三小段,.42,都市：商,10000,111,持分移轉,05190000
RPSNMLTJRHJGFEA78CB,大業段三小段,2.01,都市：商,10000,111,持分移轉,05490000
RPSNMLTJRHJGFEA78CB,大業段三小段,1.01,都市：商,10000,111,持分移轉,05500000
RPSNMLTJRHJGFEA78CB,大業段三小段,2.15,都市：商,10000,111,持分移轉,05500001
RPSNMLTJRHJGFEA78CB,大業段三小段,.40,都市：商,10000,111,持分移轉,05510000
RPSNMLTJRHJGFEA78CB,大業段三小段,.98,都市：商,10000,111,持分移轉,05510001
RPSNMLTJRHJGFEA78CB,大業段三小段,2.96,都市：商,10000,111,持分移轉,05550000
RPSNMLTJRHJGFEA78CB,大業段三小段,.01,都市：商,10000,111,持分移轉,05560000
RPSNMLTJRHJGFEA78CB,大業段三小段,.01,都市：商,10000,111,持分移轉,05570000
RPSNMLTJRHJGFEA78CB,大業段三小段,.16,都市：商,10000,111,持分移轉,05580000
RPSNMLTJRHJGFEA78CB,大業段三小段,.23,都市：商,10000,111,持分移轉,05580001
RPSNMLTJRHJGFEA78CB,大業段三小段,.16,都市：商,10000,111,持分移轉,05580002
RPPNMLKKRHJGFEA67CB,軟橋段,19.94,都市：其他:第三之二種住宅區(特),10000,122,持分移轉,00230000
RPSNMLTJRHJGFEA78CB,大業段三小段,.16,都市：商,10000,111,持分移轉,05580003
RPSNMLTJRHJGFEA78CB,大業段三小段,.03,都市：商,10000,111,持分移轉,05590000
RPSNMLTJRHJGFEA78CB,大業段三小段,.03,都市：商,10000,111,持分移轉,05620005
RPRNMLLKRHJGFCA77CB,金泰段,19.34,都市：商,100000,1891,持分移轉,00070003
RPQNMLTJRHJGFCA48DB,中山段三小段,.39,都市：商,100000,545,持分移轉,00570000
RPUNMLTJRHJGFEA98CB,大業段三小段,1.63,都市：商,10000,111,持分移轉,05150000
RPQNMLTJRHJGFCA48DB,中山段三小段,.43,都市：商,100000,545,持分移轉,00580000
RPUNMLTJRHJGFEA98CB,大業段三小段,.51,都市：商,10000,111,持分移轉,05180000
RPQNMLTJRHJGFCA48DB,中山段三小段,.83,都市：商,100000,545,持分移轉,00590000
RPUNMLTJRHJGFEA98CB,大業段三小段,.42,都市：商,10000,111,持分移轉,05190000
RPQNMLTJRHJGFCA48DB,中山段三小段,2.13,都市：商,100000,545,持分移轉,00600000
RPUNMLTJRHJGFEA98CB,大業段三小段,2.01,都市：商,10000,111,持分移轉,05490000
RPQNMLTJRHJGFCA48DB,中山段三小段,1.17,都市：商,100000,545,持分移轉,00610000
RPUNMLTJRHJGFEA98CB,大業段三小段,1.01,都市：商,10000,111,持分移轉,05500000
RPQNMLTJRHJGFCA48DB,中山段三小段,1.85,都市：商,100000,545,持分移轉,00620000
RPUNMLTJRHJGFEA98CB,大業段三小段,2.15,都市：商,10000,111,持分移轉,05500001
RPQNMLTJRHJGFCA48DB,中山段三小段,2.57,都市：商,100000,545,持分移轉,00710000
RPUNMLTJRHJGFEA98CB,大業段三小段,.40,都市：商,10000,111,持分移轉,05510000
RPUNMLTJRHJGFEA98CB,大業段三小段,.98,都市：商,10000,111,持分移轉,05510001
RPUNMLTJRHJGFEA98CB,大業段三小段,2.96,都市：商,10000,111,持分移轉,05550000
RPUNMLTJRHJGFEA98CB,大業段三小段,.01,都市：商,10000,111,持分移轉,05560000
RPUNMLTJRHJGFEA98CB,大業段三小段,.01,都市：商,10000,111,持分移轉,05570000
RPUNMLTJRHJGFEA98CB,大業段三小段,.16,都市：商,10000,111,持分移轉,05580000
RPUNMLTJRHJGFEA98CB,大業段三小段,.23,都市：商,10000,111,持分移轉,05580001
RPUNMLTJRHJGFEA98CB,大業段三小段,.16,都市：商,10000,111,持分移轉,05580002
RPUNMLTJRHJGFEA98CB,大業段三小段,.16,都市：商,10000,111,持分移轉,05580003
RPUNMLTJRHJGFEA98CB,大業段三小段,.03,都市：商,10000,111,持分移轉,05590000
RPUNMLTJRHJGFEA98CB,大業段三小段,.03,都市：商,10000,111,持分移轉,05620005
RPRNMLKKRHJGFEA87CB,軟橋段,12.26,都市：其他:第三之二種住宅區(特),10000,75,持分移轉,00230000
RPTNMLTJRHJGFEA88CB,大業段三小段,1.63,都市：商,10000,111,持分移轉,05150000
RPTNMLTJRHJGFEA88CB,大業段三小段,.51,都市：商,10000,111,持分移轉,05180000
RPTNMLTJRHJGFEA88CB,大業段三小段,.42,都市：商,10000,111,持分移轉,05190000
RPTNMLTJRHJGFEA88CB,大業段三小段,2.01,都市：商,10000,111,持分移轉,05490000
RPTNMLTJRHJGFEA88CB,大業段三小段,1.01,都市：商,10000,111,持分移轉,05500000
RPTNMLTJRHJGFEA88CB,大業段三小段,2.15,都市：商,10000,111,持分移轉,05500001
RPTNMLTJRHJGFEA88CB,大業段三小段,.40,都市：商,10000,111,持分移轉,05510000
RPTNMLTJRHJGFEA88CB,大業段三小段,.98,都市：商,10000,111,持分移轉,05510001
RPTNMLTJRHJGFEA88CB,大業段三小段,2.96,都市：商,10000,111,持分移轉,05550000
RPTNMLTJRHJGFEA88CB,大業段三小段,.01,都市：商,10000,111,持分移轉,05560000
RPTNMLTJRHJGFEA88CB,大業段三小段,.01,都市：商,10000,111,持分移轉,05570000
RPTNMLTJRHJGFEA88CB,大業段三小段,.16,都市：商,10000,111,持分移轉,05580000
RPTNMLTJRHJGFEA88CB,大業段三小段,.23,都市：商,10000,111,持分移轉,05580001
RPTNMLTJRHJGFEA88CB,大業段三小段,.16,都市：商,10000,111,持分移轉,05580002
RPTNMLTJRHJGFEA88CB,大業段三小段,.16,都市：商,10000,111,持分移轉,05580003
RPTNMLTJRHJGFEA88CB,大業段三小段,.03,都市：商,10000,111,持分移轉,05590000
RPTNMLTJRHJGFEA88CB,大業段三小段,.03,都市：商,10000,111,持分移轉,05620005
RPUNMLQKRHJGFEA78CB,百齡段五小段,.02,都市：住,100000,270,持分移轉,03950001
RPUNMLQKRHJGFEA78CB,百齡段五小段,.03,都市：住,100000,364,持分移轉,03950002
RPUNMLQKRHJGFEA78CB,百齡段五小段,.20,都市：住,100000,364,持分移轉,03950004
RPUNMLQKRHJGFEA78CB,百齡段五小段,.04,都市：住,100000,364,持分移轉,03950006
RPUNMLQKRHJGFEA78CB,百齡段五小段,.04,都市：住,100000,270,持分移轉,03950007
RPUNMLQKRHJGFEA78CB,百齡段五小段,.03,都市：住,100000,364,持分移轉,04090000
RPUNMLQKRHJGFEA78CB,百齡段五小段,.22,都市：住,100000,364,持分移轉,04100000
RPUNMLQKRHJGFEA78CB,百齡段五小段,.21,都市：住,100000,364,持分移轉,04110000
RPUNMLQKRHJGFEA78CB,百齡段五小段,.20,都市：住,100000,364,持分移轉,04120000
RPUNMLQKRHJGFEA78CB,百齡段五小段,.20,都市：住,100000,364,持分移轉,04130000
RPUNMLQKRHJGFEA78CB,百齡段五小段,.20,都市：住,100000,364,持分移轉,04140000
RPUNMLQKRHJGFEA78CB,百齡段五小段,.19,都市：住,100000,364,持分移轉,04150000
RPUNMLQKRHJGFEA78CB,百齡段五小段,.13,都市：住,100000,364,持分移轉,04160000
RPUNMLQKRHJGFEA78CB,百齡段五小段,.04,都市：住,100000,270,持分移轉,04160001
RPUNMLQKRHJGFEA78CB,百齡段五小段,.16,都市：住,100000,270,持分移轉,04170000
RPUNMLQKRHJGFEA78CB,百齡段五小段,.55,都市：住,100000,270,持分移轉,04180000
RPUNMLQKRHJGFEA78CB,百齡段五小段,1.21,都市：住,100000,364,持分移轉,04190000
RPUNMLQKRHJGFEA78CB,百齡段五小段,.14,都市：住,100000,270,持分移轉,04190001
RPUNMLQKRHJGFEA78CB,百齡段五小段,.24,都市：住,100000,364,持分移轉,04200000
RPUNMLQKRHJGFEA78CB,百齡段五小段,.29,都市：住,100000,364,持分移轉,04300000
RPUNMLQKRHJGFEA78CB,百齡段五小段,.09,都市：住,100000,270,持分移轉,04300001
RPUNMLQKRHJGFEA78CB,百齡段五小段,.20,都市：住,100000,364,持分移轉,04310000
RPUNMLQKRHJGFEA78CB,百齡段五小段,.07,都市：住,100000,270,持分移轉,04310001
RPUNMLQKRHJGFEA78CB,百齡段五小段,.20,都市：住,100000,364,持分移轉,04320000
RPUNMLQKRHJGFEA78CB,百齡段五小段,.08,都市：住,100000,270,持分移轉,04320001
RPUNMLQKRHJGFEA78CB,百齡段五小段,.19,都市：住,100000,364,持分移轉,04330000
RPUNMLQKRHJGFEA78CB,百齡段五小段,.08,都市：住,100000,270,持分移轉,04330001
RPUNMLQKRHJGFEA78CB,百齡段五小段,.19,都市：住,100000,364,持分移轉,04340000
RPUNMLQKRHJGFEA78CB,百齡段五小段,.08,都市：住,100000,270,持分移轉,04340001
RPUNMLQKRHJGFEA78CB,百齡段五小段,.46,都市：住,100000,270,持分移轉,04350000
RPUNMLQKRHJGFEA78CB,百齡段五小段,.44,都市：住,100000,270,持分移轉,04360000
RPVNMLQKRHJGFEA88CB,百齡段五小段,.02,都市：住,100000,270,持分移轉,03950001
RPVNMLQKRHJGFEA88CB,百齡段五小段,.03,都市：住,100000,364,持分移轉,03950002
RPVNMLQKRHJGFEA88CB,百齡段五小段,.20,都市：住,100000,364,持分移轉,03950004
RPVNMLQKRHJGFEA88CB,百齡段五小段,.04,都市：住,100000,364,持分移轉,03950006
RPVNMLQKRHJGFEA88CB,百齡段五小段,.04,都市：住,100000,270,持分移轉,03950007
RPVNMLQKRHJGFEA88CB,百齡段五小段,.03,都市：住,100000,364,持分移轉,04090000
RPVNMLQKRHJGFEA88CB,百齡段五小段,.22,都市：住,100000,364,持分移轉,04100000
RPVNMLQKRHJGFEA88CB,百齡段五小段,.21,都市：住,100000,364,持分移轉,04110000
RPVNMLQKRHJGFEA88CB,百齡段五小段,.20,都市：住,100000,364,持分移轉,04120000
RPVNMLQKRHJGFEA88CB,百齡段五小段,.20,都市：住,100000,364,持分移轉,04130000
RPVNMLQKRHJGFEA88CB,百齡段五小段,.20,都市：住,100000,364,持分移轉,04140000
RPVNMLQKRHJGFEA88CB,百齡段五小段,.19,都市：住,100000,364,持分移轉,04150000
RPVNMLQKRHJGFEA88CB,百齡段五小段,.13,都市：住,100000,364,持分移轉,04160000
RPVNMLQKRHJGFEA88CB,百齡段五小段,.04,都市：住,100000,270,持分移轉,04160001
RPVNMLQKRHJGFEA88CB,百齡段五小段,.16,都市：住,100000,270,持分移轉,04170000
RPVNMLQKRHJGFEA88CB,百齡段五小段,.55,都市：住,100000,270,持分移轉,04180000
RPVNMLQKRHJGFEA88CB,百齡段五小段,1.21,都市：住,100000,364,持分移轉,04190000
RPVNMLQKRHJGFEA88CB,百齡段五小段,.14,都市：住,100000,270,持分移轉,04190001
RPVNMLQKRHJGFEA88CB,百齡段五小段,.24,都市：住,100000,364,持分移轉,04200000
RPVNMLQKRHJGFEA88CB,百齡段五小段,.29,都市：住,100000,364,持分移轉,04300000
RPVNMLQKRHJGFEA88CB,百齡段五小段,.09,都市：住,100000,270,持分移轉,04300001
RPVNMLQKRHJGFEA88CB,百齡段五小段,.20,都市：住,100000,364,持分移轉,04310000
RPVNMLQKRHJGFEA88CB,百齡段五小段,.07,都市：住,100000,270,持分移轉,04310001
RPVNMLQKRHJGFEA88CB,百齡段五小段,.20,都市：住,100000,364,持分移轉,04320000
RPVNMLQKRHJGFEA88CB,百齡段五小段,.08,都市：住,100000,270,持分移轉,04320001
RPVNMLQKRHJGFEA88CB,百齡段五小段,.19,都市：住,100000,364,持分移轉,04330000
RPVNMLQKRHJGFEA88CB,百齡段五小段,.08,都市：住,100000,270,持分移轉,04330001
RPVNMLQKRHJGFEA88CB,百齡段五小段,.19,都市：住,100000,364,持分移轉,04340000
RPVNMLQKRHJGFEA88CB,百齡段五小段,.08,都市：住,100000,270,持分移轉,04340001
RPVNMLQKRHJGFEA88CB,百齡段五小段,.46,都市：住,100000,270,持分移轉,04350000
RPVNMLQKRHJGFEA88CB,百齡段五小段,.44,都市：住,100000,270,持分移轉,04360000
RPPNMLLLQHJGFFA87CB,通化段五小段,.90,都市：商,100000,1212,持分移轉,00400000
RPPNMLLLQHJGFFA87CB,通化段五小段,.69,都市：商,100000,1212,持分移轉,00410000
RPPNMLLLQHJGFFA87CB,通化段五小段,.85,都市：商,100000,1212,持分移轉,00420000
RPPNMLLLQHJGFFA87CB,通化段五小段,1.12,都市：商,100000,1212,持分移轉,00430000
RPPNMLLLQHJGFFA87CB,通化段五小段,.39,都市：商,100000,1212,持分移轉,00430001
RPPNMLLLQHJGFFA87CB,通化段五小段,.23,都市：商,100000,1212,持分移轉,00430002
RPPNMLLLQHJGFFA87CB,通化段五小段,.86,都市：商,100000,1212,持分移轉,00440000
RPPNMLLLQHJGFFA87CB,通化段五小段,.86,都市：商,100000,1212,持分移轉,00450000
RPPNMLLLQHJGFFA87CB,通化段五小段,2.16,都市：商,100000,1212,持分移轉,00460000
RPPNMLLLQHJGFFA87CB,通化段五小段,.16,都市：商,100000,1212,持分移轉,00480000
RPPNMLLLQHJGFFA87CB,通化段五小段,.72,都市：商,100000,1212,持分移轉,00490000
