﻿鄉鎮市區,交易標的,土地位置建物門牌,土地移轉總面積平方公尺,都市土地使用分區,非都市土地使用分區,非都市土地使用編定,交易年月日,交易筆棟數,移轉層次,總樓層數,建物型態,主要用途,主要建材,建築完成年月,建物移轉總面積平方公尺,建物現況格局-房,建物現況格局-廳,建物現況格局-衛,建物現況格局-隔間,有無管理組織,總價元,單價元平方公尺,車位類別,車位移轉總面積平方公尺,車位總價元,備註,編號,建案名稱,棟及號,解約情形
The villages and towns urban district,transaction sign,land sector position building sector house number plate,land shifting total area square meter,the use zoning or compiles and checks,the non-metropolis land use district,non-metropolis land use,transaction year month and day,transaction pen number,shifting level,total floor number,building state,main use,main building materials,construction to complete the years,building shifting total area,Building present situation pattern - room,building present situation pattern - hall,building present situation pattern - health,building present situation pattern - compartmented,Whether there is manages the organization,total price NTD,the unit price (NTD / square meter),the berth category,berth shifting total area square meter,the berth total price NTD,the note,serial number,build case,buildings,termination type
大安區,房地(土地+建物),臺北市大安區民輝里建國南路一段,6.42,住,,,1130812,土地26建物1車位0,四層,22,住宅大樓(11層含以上有電梯),住家用,見其他登記事項,,68.87,1,2,1,有,無,33400000,484972,,0.0,0,1.雨遮計坪不計價銷售坪數為20.83坪,RPTNMLMKQHJGFFA38DB,統創翼,A8-4F號,
中正區,房地(土地+建物)+車位,臺北市中正區博愛路110號等,2.18,商,,,1130811,土地6建物1車位1,五層,15,住宅大樓(11層含以上有電梯),住商用,鋼筋混凝土造,,41.32,1,1,1,有,無,13900000,363405,升降機械,9.95,2500000,,RPPNMLNKQHJGFBA57CB,博愛賦御,5F-A7號,
北投區,房地(土地+建物)+車位,臺北市北投區懷德街66巷21號,21.84,住,,,1130811,土地4建物1車位1,五層,13,住宅大樓(11層含以上有電梯),住家用,鋼筋混凝土造,,121.02,2,2,1,有,無,33980000,294643,其他,13.5,2300000,,RPUNMLPKQHJGFEA58CB,岳泰明德,A1-5F號,
信義區,房地(土地+建物),臺北市信義區松隆路9巷30弄,6.81,住,,,1130814,土地2建物1車位0,五層,11,住宅大樓(11層含以上有電梯),住家用,鋼筋混凝土造,,35.8,1,1,1,有,無,13200000,368715,,0.0,0,,RPRNMLRKQHJGFDA38CB,信義WOW,A1號,
中正區,房地(土地+建物)+車位,臺北市中正區羅斯福路三段68號,19.97,商,,,1130814,土地26建物1車位1,十八層,21,住宅大樓(11層含以上有電梯),住家用,鋼骨鋼筋混凝土造,,259.55,4,2,2,有,無,96250000,425037,坡道平面,42.51,4000000,雨遮不計價,RPPNMLTKQHJGFAA08CB,北城‧羅斯福,B-18F號,
文山區,房地(土地+建物)+車位,臺北市文山區羅斯福路六段304號,12.88,商,,,1130811,土地5建物1車位1,七層,13,住宅大樓(11層含以上有電梯),住家用,鋼筋混凝土造,,125.51,2,2,1,有,無,30900000,322876,升降平面,38.17,2700000,,RPSNMLTKQHJGFAA38CB,丰景,C7-7F號,
中山區,房地(土地+建物)+車位,臺北市中山區新福里吉林路329巷15號,20.18,住,,,1130813,土地39建物1車位1,七層,15,住宅大樓(11層含以上有電梯),住家用,鋼筋混凝土造,,144.39,2,2,1,有,無,53370000,440039,坡道平面,31.4,3650000,本戶雨遮2.36坪雨遮不計價,RPPNMLTKQHJGFCA28CB,鄉林中山賦,A棟A2-7F號,
中山區,房地(土地+建物)+車位,臺北市中山區新福里吉林路329巷15號,27.11,住,,,1130813,土地39建物1車位1,十三層,15,住宅大樓(11層含以上有電梯),住家用,鋼筋混凝土造,,183.37,3,2,2,有,無,68880000,430216,坡道平面,31.4,3500000,本戶雨遮0.91坪雨遮不計價,RPQNMLTKQHJGFCA38CB,鄉林中山賦,A棟A3-13F號,
松山區,房地(土地+建物)+車位,臺北市松山區松基里敦化段一小段45號,40.87,住,,,1130814,土地7建物1車位2,七層,23,住宅大樓(11層含以上有電梯),住家用,見其他登記事項,,373.35,0,0,0,無,無,191050000,606147,坡道平面,76.64,11200000,,RPPNMLTKQHJGFDA38CB,勤美璞真城仰,B1-07F號,
士林區,房地(土地+建物)+車位,臺北市士林區美崙街11號,20.97,住,,,1130813,土地14建物1車位1,四層,14,住宅大樓(11層含以上有電梯),住商用,鋼筋混凝土造,,144.79,3,2,2,有,無,37150000,305446,坡道平面,33.15,3050000,,RPPNMLTKQHJGFEA48CB,文林君閱,A1號,
大安區,房地(土地+建物)+車位,臺北市大安區義安里信義路四段,6.61,商,,,1130813,土地11建物1車位1,四層,23,住宅大樓(11層含以上有電梯),住家用,見其他登記事項,,128.99,1,2,1,有,無,54400000,561598,坡道平面,38.89,3800000,,RPQNMLTKQHJGFFA68CB,耑岫,A2-4F號,
文山區,房地(土地+建物)+車位,臺北市文山區華興里木柵路一段238巷5號,25.67,住,,,1130815,土地12建物1車位2,十二層,13,住宅大樓(11層含以上有電梯),住家用,鋼筋混凝土造,,208.9,3,2,2,有,無,40500000,272727,坡道平面,81.3,5700000,,RPPNMLKLQHJGFAA27CB,敘文山,A1-12F號,
中正區,房地(土地+建物)+車位,臺北市中正區愛國西路,8.89,商,,,1130811,土地1建物1車位1,七層,14,住宅大樓(11層含以上有電梯),住家用,鋼筋混凝土造,,127.1,3,2,2,有,無,46500000,391462,塔式車位,14.19,2300000,,RPRNMLLLQHJGFBA67CB,南風裡,B號,
信義區,房地(土地+建物)+車位,臺北市信義區基隆路一段,7.19,商,,,1130811,土地4建物1車位1,十三層,23,住宅大樓(11層含以上有電梯),見其他登記事項,見其他登記事項,,116.79,3,2,2,有,無,49900000,470612,塔式車位,16.07,2500000,,RPRNMLLLQHJGFDA87CB,青后,B-13F號,
信義區,房地(土地+建物)+車位,臺北市信義區基隆路一段,5.06,商,,,1130815,土地4建物1車位1,八層,23,住宅大樓(11層含以上有電梯),見其他登記事項,見其他登記事項,,86.92,2,2,1,有,無,34980000,458433,塔式車位,16.07,2500000,,RPSNMLLLQHJGFDA97CB,青后,G-08F號,
信義區,房地(土地+建物),臺北市信義區基隆路一段,7.19,商,,,1130816,土地4建物1車位0,五層,23,住宅大樓(11層含以上有電梯),見其他登記事項,見其他登記事項,,100.72,3,2,2,有,無,46450000,461180,,0.0,0,,RPUNMLLLQHJGFDA18CB,青后,B-05F號,
信義區,房地(土地+建物),臺北市信義區基隆路一段,4.66,商,,,1130816,土地4建物1車位0,十三層,23,住宅大樓(11層含以上有電梯),見其他登記事項,見其他登記事項,,65.19,2,2,1,有,無,30300000,464795,,0.0,0,,RPXNMLLLQHJGFDA48CB,青后,C-13F號,
大安區,房地(土地+建物),臺北市大安區義安里信義路四段,8.92,商,,,1130813,土地11建物1車位0,四層,23,住宅大樓(11層含以上有電梯),住家用,見其他登記事項,,121.58,2,2,2,有,無,67000000,551077,,0.0,0,,RPPNMLLLQHJGFFA87CB,耑岫,A3-4F號,
南港區,房地(土地+建物),臺北市南港區三重里南港路一段20之1號,9.96,住,,,1130815,土地41建物1車位0,六層,18,住宅大樓(11層含以上有電梯),住家用,鋼筋混凝土造,,76.15,2,2,1,有,無,30030000,394353,,0.0,0,,RPPNMLQLQHJGFDA18CB,國協天玥,A棟A5-06F號,
南港區,房地(土地+建物),臺北市南港區三重里南港路一段20之1號,9.96,住,,,1130815,土地41建物1車位0,十八層,18,住宅大樓(11層含以上有電梯),住家用,鋼筋混凝土造,,75.85,2,2,1,有,無,31750000,418589,,0.0,0,,RPQNMLQLQHJGFDA28CB,國協天玥,A棟A3-18F號,
信義區,房地(土地+建物),臺北市信義區松隆路9巷30弄,6.81,住,,,1130816,土地2建物1車位0,十層,11,住宅大樓(11層含以上有電梯),住家用,鋼筋混凝土造,,35.8,1,1,1,有,無,13860000,387151,,0.0,0,,RPTNMLQLQHJGFDA58CB,信義WOW,A1號,
大安區,房地(土地+建物),臺北市大安區敦南街103號 共11筆,23.08,其他,,,1130813,土地20建物1車位0,九層,13,住宅大樓(11層含以上有電梯),住商用,鋼骨混凝土造,,155.18,0,0,0,無,無,69800000,449800,,0.0,0,毛胚屋；,RPPNMLQLQHJGFFA38CB,亞昕敦南,B-9F號,
士林區,房地(土地+建物)+車位,臺北市士林區福志里中山北路五段698巷,21.77,住,,,1130816,土地5建物1車位1,八層,10,華廈(10層含以下有電梯),住家用,見其他登記事項,,145.92,3,2,2,有,無,45750000,361927,其他,29.46,3600000,,RPRNMLRLQHJGFEA58CB,中山北美,A1-8F號,
士林區,房地(土地+建物)+車位,臺北市士林區福志里中山北路五段698巷,21.83,住,,,1130816,土地5建物1車位1,二層,10,華廈(10層含以下有電梯),住家用,見其他登記事項,,144.82,3,2,2,有,無,41780000,331273,其他,28.36,3200000,,RPSNMLRLQHJGFEA68CB,中山北美,A1-2F號,
士林區,房地(土地+建物)+車位,臺北市士林區天母里中山北路7段190巷,62.48,住,,,1130820,土地8建物1車位1,四層,6,華廈(10層含以下有電梯),住家用,鋼筋混凝土造,,234.07,0,0,0,無,無,69880000,343909,坡道平面,39.6,3000000,,RPUNMLRLQHJGFEA88CB,耕心冉冉,A5號,
大同區,房地(土地+建物)+車位,臺北市大同區大有里環河北路一段,13.44,其他,,,1130814,土地9建物1車位1,四層,13,住宅大樓(11層含以上有電梯),住家用,鋼筋混凝土造,,95.27,2,1,2,有,無,27500000,264915,坡道機械,0.9,2500000,,RPRNMLSLQHJGFBA38CB,峰源-大方無隅,B棟0號,
中山區,房地(土地+建物)+車位,臺北市中山區長春路285號,7.04,商,,,1130816,土地20建物1車位1,十三層,15,住宅大樓(11層含以上有電梯),住家用,鋼筋混凝土造,,122.33,3,2,1,有,無,41880000,405104,坡道平面,29.07,4100000,,RPPNMLSLQHJGFCA28CB,恆合鈺璽,A3-13F號,
中山區,房地(土地+建物),臺北市中山區長春路285號,6.55,商,,,1130815,土地20建物1車位0,四層,15,住宅大樓(11層含以上有電梯),住家用,鋼筋混凝土造,,86.77,2,2,1,有,無,34200000,394145,,0.0,0,,RPRNMLSLQHJGFCA48CB,恆合鈺璽,A8-4F號,
中山區,房地(土地+建物)+車位,臺北市中山區長春路285號,7.04,商,,,1130813,土地20建物1車位1,十四層,15,住宅大樓(11層含以上有電梯),住家用,鋼筋混凝土造,,107.8,3,2,1,有,無,41060000,409179,坡道機械,14.54,2900000,,RPSNMLSLQHJGFCA58CB,恆合鈺璽,A3-14F號,
中山區,房地(土地+建物)+車位,臺北市中山區松江路184巷,21.95,住,,,1130812,土地4建物1車位1,十層,12,住宅大樓(11層含以上有電梯),住家用,鋼筋混凝土造,,111.97,3,2,2,有,無,43030000,403600,升降機械,10.31,2000000,,RPWNMLSLQHJGFCA98CB,松江阡語,A-10號,
北投區,房地(土地+建物)+車位,臺北市北投區洲美里新洲美段96，97地號,24.39,其他,,,1130812,土地2建物1車位1,五層,14,住宅大樓(11層含以上有電梯),住家用,鋼筋混凝土造,,169.86,3,2,2,有,無,42880000,300971,坡道平面,38.02,3200000,,RPTNMLSLQHJGFEA88CB,樺輝沐畇,A棟1號,
士林區,房地(土地+建物)+車位,臺北市士林區中山北路七段81巷,19.52,住,,,1130813,土地3建物1車位1,七層,15,住宅大樓(11層含以上有電梯),住家用,鋼骨鋼筋混凝土造,,198.76,3,2,2,有,無,68000000,379572,坡道平面,28.7,3450000,,RPVNMLSLQHJGFEA09CB,大將天母,C-7F號,
士林區,房地(土地+建物)+車位,臺北市士林區中山北路五段609號,21.55,商,,,1130816,土地22建物1車位1,四層,21,住宅大樓(11層含以上有電梯),住家用,見其他登記事項,,211.55,0,0,0,無,無,69500000,383329,坡道平面,38.07,3000000,,RPPNMLTLQHJGFEA68DB,築觀,A3-4F號,
中山區,房地(土地+建物)+車位,臺北市中山區民生東路二段及新生北路二段,5.22,商,,,1130816,土地3建物1車位1,十一層,15,住宅大樓(11層含以上有電梯),住家用,鋼筋混凝土造,,146.12,3,2,2,有,無,51550000,411729,坡道平面,30.51,3950000,,RPPNMLKMQHJGFCA57CB,佳元當代美術館,A-11F號,
中山區,房地(土地+建物),臺北市中山區民生東路二段及新生北路二段,7.81,商,,,1130820,土地7建物1車位0,三層,15,住宅大樓(11層含以上有電梯),住家用,鋼筋混凝土造,,82.47,2,2,2,有,無,33710000,408755,,0.0,0,,RPQNMLKMQHJGFCA67CB,佳元當代美術館,D-3F號,
中山區,房地(土地+建物)+車位,臺北市中山區新生北路二段68巷,7.53,商,,,1130820,土地40建物1車位1,九層,23,住宅大樓(11層含以上有電梯),住家用,鋼筋混凝土造,,156.9,3,2,2,有,無,52610000,369997,坡道平面,24.98,3800000,,RPQOMLKMQHJGFCA77CB,中山麗池,I棟I-09F號,
中山區,房地(土地+建物),臺北市中山區新生北路二段68巷,3.91,商,,,1130819,土地40建物1車位0,九層,23,住宅大樓(11層含以上有電梯),住家用,鋼筋混凝土造,,68.49,2,2,1,有,無,28930000,422397,,0.0,0,交易總價含下列非屬預售屋價格之費用:裝潢費；,RPROMLKMQHJGFCA87CB,中山麗池,H棟H-09F號,
中山區,房地(土地+建物),臺北市中山區新生北路二段68巷,2.64,商,,,1130814,土地40建物1車位0,十四層,23,住宅大樓(11層含以上有電梯),住家用,鋼筋混凝土造,,46.26,1,1,1,有,無,19300000,417207,,0.0,0,,RPSOMLKMQHJGFCA97CB,中山麗池,M棟M-14F號,
大安區,房地(土地+建物),臺北市大安區市民大道三段92號,6.22,住,,,1130811,土地1建物1車位0,四層,13,住宅大樓(11層含以上有電梯),住家用,鋼骨鋼筋混凝土造,,36.46,1,0,1,有,無,15000000,411410,,0.0,0,,RPSNMLLMQHJGFFA28CB,三創爵鼎,C-4F號,
文山區,房地(土地+建物),臺北市文山區木柵路三段103巷19號,7.45,商,,,1130811,土地9建物1車位0,十四層,15,住宅大樓(11層含以上有電梯),住家用,鋼筋混凝土造,,58.57,2,1,1,有,無,18060000,308349,,0.0,0,,RPPNMLMJRHJGFAA37CB,漢皇蒔序,G-14F號,
北投區,房地(土地+建物)+車位,臺北市北投區洲美里福善路,27.04,住,,,1130816,土地4建物1車位1,十四層,22,住宅大樓(11層含以上有電梯),住家用,鋼骨鋼筋混凝土造,,174.06,3,2,2,有,無,50500000,324099,坡道平面,27.5,3000000,,RPSNMLMJRHJGFEA08CB,士科大院.,B棟3號,
中正區,房地(土地+建物)+車位,臺北市中正區衡陽路102號,7.29,商,,,1130814,土地7建物1車位1,十八層,22,住宅大樓(11層含以上有電梯),住家用,鋼筋混凝土造,,140.81,3,2,2,有,無,49060000,400312,坡道平面,25.5,2900000,親友、員工、共有人或其他特殊關係間之交易；,RPPNMLOJRHJGFBA67CB,全坤衡峰,A2-18F號,
中正區,房地(土地+建物)+車位,臺北市中正區衡陽路102號,5.28,商,,,1130813,土地7建物1車位1,十八層,22,住宅大樓(11層含以上有電梯),住家用,鋼筋混凝土造,,96.15,2,2,1,有,無,33800000,381786,塔式車位,12.7,1940000,親友、員工、共有人或其他特殊關係間之交易；,RPQNMLOJRHJGFBA77CB,全坤衡峰,A3-18F號,
內湖區,房地(土地+建物)+車位,臺北市內湖區港都里內湖路一段629巷,22.4,住,,,1130820,土地5建物1車位1,五層,12,住宅大樓(11層含以上有電梯),住家用,鋼筋混凝土造,,178.39,3,2,2,有,無,49180000,392170,坡道平面,62.42,3700000,,RPRNMLOJRHJGFCA97CB,恆悅麗山,D-5F號,
內湖區,房地(土地+建物)+車位,臺北市內湖區港都里內湖路一段629巷,22.4,住,,,1130815,土地5建物1車位1,六層,12,住宅大樓(11層含以上有電梯),住家用,鋼筋混凝土造,,156.84,3,2,2,有,無,48160000,391998,坡道平面,40.87,2700000,,RPSNMLOJRHJGFCA08CB,恆悅麗山,D-6F號,
內湖區,房地(土地+建物),臺北市內湖區港都里內湖路一段629巷,13.18,住,,,1130817,土地5建物1車位0,四層,12,住宅大樓(11層含以上有電梯),住家用,鋼筋混凝土造,,68.27,2,2,2,有,無,26180000,383477,,0.0,0,,RPUNMLOJRHJGFCA28CB,恆悅麗山,E-4F號,
內湖區,房地(土地+建物),臺北市內湖區港都里內湖路一段629巷,13.2,住,,,1130818,土地5建物1車位0,十二層,12,住宅大樓(11層含以上有電梯),住家用,鋼筋混凝土造,,68.39,2,2,2,有,無,26720000,390700,,0.0,0,,RPVNMLOJRHJGFCA38CB,恆悅麗山,F-12F號,
北投區,房地(土地+建物)+車位,臺北市北投區洲美里新洲美段96，97地號,19.52,其他,,,1130813,土地2建物1車位1,六層,14,住宅大樓(11層含以上有電梯),住家用,鋼筋混凝土造,,143.52,2,2,2,有,無,35580000,309763,坡道平面,38.02,2900000,,RPRNMLOJRHJGFEA18CB,樺輝沐畇,B棟4號,
北投區,房地(土地+建物)+車位,臺北市北投區洲美里新洲美段96，97地號,24.39,其他,,,1130816,土地2建物1車位1,十二層,14,住宅大樓(11層含以上有電梯),住家用,鋼筋混凝土造,,169.86,3,2,2,有,無,45300000,318568,坡道平面,38.02,3300000,,RPSNMLOJRHJGFEA28CB,樺輝沐畇,B棟1號,
北投區,房地(土地+建物)+車位,臺北市北投區洲美里新洲美段96，97地號,24.39,其他,,,1130813,土地2建物1車位1,二層,14,住宅大樓(11層含以上有電梯),住家用,鋼筋混凝土造,,169.86,3,2,2,有,無,42280000,297937,坡道平面,38.02,3000000,,RPTNMLOJRHJGFEA38CB,樺輝沐畇,A棟1號,
北投區,房地(土地+建物)+車位,臺北市北投區洲美里新洲美段96，97地號,19.52,其他,,,1130813,土地2建物1車位1,四層,14,住宅大樓(11層含以上有電梯),住家用,鋼筋混凝土造,,143.52,2,2,2,有,無,34930000,305498,坡道平面,38.02,2700000,,RPUNMLOJRHJGFEA48CB,樺輝沐畇,A棟4號,
大安區,房地(土地+建物)+車位,臺北市大安區古風里泰順街62巷與辛亥路一段77巷巷口,20.56,住,,,1130815,土地27建物1車位1,三層,21,住宅大樓(11層含以上有電梯),住家用,鋼骨鋼筋混凝土造,,183.28,3,2,2,有,無,68580000,454405,坡道平面,40.5,3700000,,RPRNMLOJRHJGFFA28CB,文与堂,A棟A6-03F號,
北投區,房地(土地+建物)+車位,臺北市北投區洲美里福美路與福善路,78.01,其他,,,1130813,土地1建物1車位5,十層,18,辦公商業大樓,商業用,鋼筋混凝土造,,685.94,0,0,0,無,無,130540000,207783,坡道平面,119.05,12750000,,RPPNMLPJRHJGFEA08CB,遠雄商舟,A棟A1-10F號,
北投區,房地(土地+建物)+車位,臺北市北投區洲美里福美路與福善路,92.99,其他,,,1130813,土地1建物1車位5,十層,18,辦公商業大樓,商業用,鋼筋混凝土造,,794.71,0,0,0,無,無,152250000,207649,坡道平面,119.05,11950000,,RPQNMLPJRHJGFEA18CB,遠雄商舟,A棟A2-10F號,
北投區,房地(土地+建物)+車位,臺北市北投區洲美里福美路與福善路,90.69,其他,,,1130813,土地1建物1車位5,十層,18,辦公商業大樓,商業用,鋼筋混凝土造,,778.07,0,0,0,無,無,148810000,207596,坡道平面,119.05,12000000,,RPRNMLPJRHJGFEA28CB,遠雄商舟,A棟A3-10F號,
北投區,房地(土地+建物)+車位,臺北市北投區洲美里福美路與福善路,80.76,其他,,,1130813,土地1建物1車位5,十層,18,辦公商業大樓,商業用,鋼筋混凝土造,,705.76,0,0,0,無,無,133240000,207752,坡道平面,119.05,11350000,,RPSNMLPJRHJGFEA38CB,遠雄商舟,A棟A5-10F號,
北投區,房地(土地+建物)+車位,臺北市北投區洲美里福美路與福善路,78.12,其他,,,1130813,土地1建物1車位5,九層,18,辦公商業大樓,商業用,鋼筋混凝土造,,686.75,0,0,0,無,無,130310000,206993,坡道平面,119.05,12800000,,RPTNMLPJRHJGFEA48CB,遠雄商舟,A棟A1-9F號,
北投區,房地(土地+建物)+車位,臺北市北投區洲美里福美路與福善路,92.99,其他,,,1130813,土地1建物1車位5,九層,18,辦公商業大樓,商業用,鋼筋混凝土造,,794.71,0,0,0,無,無,152030000,206879,坡道平面,119.05,12250000,,RPUNMLPJRHJGFEA58CB,遠雄商舟,A棟A2-9F號,
北投區,房地(土地+建物)+車位,臺北市北投區洲美里福美路與福善路,90.81,其他,,,1130813,土地1建物1車位5,九層,18,辦公商業大樓,商業用,鋼筋混凝土造,,778.89,0,0,0,無,無,148280000,206914,坡道平面,119.05,11750000,,RPVNMLPJRHJGFEA68CB,遠雄商舟,A棟A3-9F號,
北投區,房地(土地+建物)+車位,臺北市北投區洲美里福美路與福善路,80.76,其他,,,1130813,土地1建物1車位5,九層,18,辦公商業大樓,商業用,鋼筋混凝土造,,705.76,0,0,0,無,無,132250000,207002,坡道平面,119.05,10800000,,RPWNMLPJRHJGFEA78CB,遠雄商舟,A棟A5-9F號,
北投區,房地(土地+建物)+車位,臺北市北投區洲美里福美路與福善路,91.5,其他,,,1130814,土地1建物1車位5,四層,18,辦公商業大樓,商業用,鋼筋混凝土造,,783.87,0,0,0,無,無,144830000,199046,坡道平面,119.05,12500000,,RPXNMLPJRHJGFEA88CB,遠雄商舟,A棟A3-4F號,
北投區,房地(土地+建物)+車位,臺北市北投區光明路,14.38,商,,,1130811,土地17建物1車位1,十四層,20,住宅大樓(11層含以上有電梯),住家用,鋼筋混凝土造,,182.07,3,2,2,有,無,46710000,288863,坡道平面,30.06,2800000,,RPPNMLQJRHJGFEA18CB,嘉磐日光,E棟14F號,
萬華區,房地(土地+建物)+車位,臺北市萬華區中華路一段,4.0,商,,,1130818,土地1建物1車位1,五層,15,住宅大樓(11層含以上有電梯),住家用,鋼筋混凝土造,,73.32,1,1,1,有,無,21200000,374631,升降機械,22.47,2150000,,RPUOMLTJRHJGFBA78CB,ASTER ONE,A1-05F號,
萬華區,房地(土地+建物),臺北市萬華區中華路一段,3.96,商,,,1130819,土地1建物1車位0,六層,15,住宅大樓(11層含以上有電梯),住家用,鋼筋混凝土造,,50.25,1,1,1,有,無,18820000,374527,,0.0,0,,RPVOMLTJRHJGFBA88CB,ASTER ONE,A2-06F號,
中山區,房地(土地+建物)+車位,臺北市中山區植福路195號,114.95,商,,,1130811,土地1建物1車位4,一層,11,辦公商業大樓,商業用,鋼筋混凝土造,,734.01,0,0,0,無,無,304100000,529363,坡道平面,186.56,14300000,,RPPNMLTJRHJGFCA28CB,大直紅點,A-1F號,
北投區,房地(土地+建物)+車位,臺北市北投區光明路,12.88,商,,,1130812,土地17建物1車位1,九層,20,住宅大樓(11層含以上有電梯),住家用,鋼筋混凝土造,,167.04,3,2,2,有,無,39070000,270623,升降平面,30.06,2000000,,RPSNMLTJRHJGFEA78CB,嘉磐日光,F棟9F號,
北投區,房地(土地+建物)+車位,臺北市北投區光明路,12.88,商,,,1130812,土地17建物1車位1,十層,20,住宅大樓(11層含以上有電梯),住家用,鋼筋混凝土造,,167.04,3,2,2,有,無,39480000,272157,升降平面,30.06,2200000,,RPTNMLTJRHJGFEA88CB,嘉磐日光,F棟10F號,
北投區,房地(土地+建物)+車位,臺北市北投區光明路,12.88,商,,,1130812,土地17建物1車位1,十三層,20,住宅大樓(11層含以上有電梯),住家用,鋼筋混凝土造,,165.81,3,2,2,有,無,40500000,276683,坡道平面,28.83,2600000,,RPUNMLTJRHJGFEA98CB,嘉磐日光,F棟13F號,
中山區,房地(土地+建物)+車位,臺北市中山區聚盛里錦州街30巷,9.37,商,,,1130816,土地7建物1車位1,十六層,24,住宅大樓(11層含以上有電梯),住家用,鋼骨鋼筋混凝土造,,149.75,3,2,2,有,無,49800000,401925,坡道平面,31.32,2200000,此戶為露台戶，露台面積約7.64坪,RPQNMLTJRHJGFCA48DB,中山．吉美,A棟A1-16F號,
北投區,房地(土地+建物)+車位,臺北市北投區建民里承德路六段,19.94,其他,,,1130813,土地1建物1車位1,四層,18,住宅大樓(11層含以上有電梯),住家用,鋼筋混凝土造,,169.53,3,2,2,有,無,51000000,336323,坡道平面,26.81,3000000,,RPPNMLKKRHJGFEA67CB,士科潤山,F-04F號,
北投區,房地(土地+建物)+車位,臺北市北投區建民里承德路六段,12.26,其他,,,1130814,土地1建物1車位1,八層,18,住宅大樓(11層含以上有電梯),住家用,鋼筋混凝土造,,112.77,2,2,2,有,無,36560000,379810,坡道平面,24.41,3000000,,RPRNMLKKRHJGFEA87CB,士科潤山,E-08F號,
中山區,房地(土地+建物)+車位,臺北市中山區植福路195之1號3樓E-3F,19.34,商,,,1130813,土地1建物1車位1,三層,11,辦公商業大樓,商業用,鋼筋混凝土造,,134.7,0,0,0,無,無,34030000,332643,坡道平面,42.92,3500000,,RPRNMLLKRHJGFCA77CB,大直紅點,E-3F號,
士林區,房地(土地+建物),臺北市士林區承德路四段,6.44,住,,,1130819,土地31建物1車位0,十六層,24,住宅大樓(11層含以上有電梯),住家用,鋼骨鋼筋混凝土造,,78.65,2,1,1,有,無,28090000,357152,,0.0,0,,RPUNMLQKRHJGFEA78CB,圓山帝寶,A8號,
士林區,房地(土地+建物),臺北市士林區承德路四段,6.44,住,,,1130818,土地31建物1車位0,十七層,24,住宅大樓(11層含以上有電梯),住家用,鋼骨鋼筋混凝土造,,78.65,2,1,1,有,無,28200000,358551,,0.0,0,,RPVNMLQKRHJGFEA88CB,圓山帝寶,A7號,
