﻿編號,土地位置,土地移轉面積平方公尺,使用分區或編定,權利人持分分母,權利人持分分子,移轉情形,地號
The serial number, land position,land shifting area square meter,the use zoning or compiles and checks,,,,land parcel
RPRNMLMKRHJGFDC18DA,溪頭段,7.59,都市：其他:住宅區(住三),1920,60,持分移轉,04660000
RPVNMLKKRHJGFDC38DA,光明段,21.70,都市：其他:住宅區,10,1,持分移轉,05300000
RPQOMLQJRHJGFDC48DA,南新段,16.00,都市：其他:住宅區(住三),1,1,全筆移轉,08600000
RPSNMLTJRHJGFDC88DA,大華段,30.33,都市：其他:住宅區(住三),3,1,持分移轉,07170000
RPQNMLSKRHJGFDC78EA,安國段,3.38,都市：其他:商業區,40000,104,持分移轉,00520000
RPRNMLQJRHJGFDC48DA,調和段,.00,都市：其他:道路用地,100000,20,持分移轉,13590000
RPROMLMKRHJGFDC28DA,忠義段六小段,50.50,都市：其他:住宅區,2,1,持分移轉,00370021
RPROMLMKRHJGFDC28DA,忠義段六小段,8.50,都市：其他:道路用地,2,1,持分移轉,00370082
RPRNMLQJRHJGFDC48DA,調和段,.00,都市：其他:道路用地,100000,20,持分移轉,13590001
RPRNMLQJRHJGFDC48DA,調和段,6.79,都市：其他:住宅區(住二),100000,20,持分移轉,14150000
RPQNMLQKRHJGFDC58EA,溪頭段,20.85,都市：其他:住宅區(住三),585,14,持分移轉,05110000
RPROMLMKRHJGFDC28DA,忠義段六小段,7.00,都市：其他:住宅區,2,1,持分移轉,00370105
RPRNMLQJRHJGFDC48DA,調和段,.00,都市：其他:住宅區(住二),100000,20,持分移轉,14150001
RPRNMLQJRHJGFDC48DA,調和段,.00,都市：其他:住宅區(住一),100000,20,持分移轉,14150002
RPROMLRLQHJGFDC78DA,中濱段,48.34,都市：其他:住宅區(住一),10000,305,持分移轉,00370000
RPQNMLRLQHJGFDC58DA,東信段三小段,42.88,都市：其他:住宅區,1000,125,持分移轉,00170050
RPVNMLTLQHJGFDC66DA,新會段,6.33,都市：其他:住宅區(住二),10000,38,持分移轉,02100000
RPQNMLPJRHJGFDC28DA,成功段,29.50,都市：其他:住宅區,2,1,持分移轉,12020000
RPPNMLTJRHJGFDC68EA,明德段,21.45,都市：其他:住宅區(住五),100000,568,持分移轉,06490000
RPPNMLTJRHJGFDC68EA,明德段,1.88,都市：其他:乙種工業區,100000,568,持分移轉,06570001
RPWNMLQLQHJGFDC09DA,麥金段,31.98,都市：其他:住宅區(住二),10000,72,持分移轉,03920000
RPWNMLQLQHJGFDC09DA,麥金段,.97,都市：其他:住宅區(住二),10000,72,持分移轉,03920001
RPSPMLLLQHJGFDC38DA,觀音段,20.83,都市：其他:住宅區,6,1,持分移轉,04890000
RPROMLOJRHJGFDC38DA,調和段,25.06,都市：其他:住宅區(住二),10000,33,持分移轉,11250000
RPSOMLQJRHJGFDC68DA,深澳段,24.53,都市：其他:住宅區(住四),100000,104,持分移轉,10170000
RPSNMLLLQHJGFDC18DA,源遠段,16.05,都市：其他:商業區(商一),10000,85,持分移轉,11400000
RPWNMLKKRHJGFDC48DA,明德段,28.75,都市：其他:住宅區(住五之一),4,1,持分移轉,05270000
RPVNMLPJRHJGFDC78DA,光明段,20.00,都市：其他:住宅區,4,1,持分移轉,08810000
RPSNMLKKRHJGFDC08DA,大華段,29.64,都市：其他:住宅區(住三),45,1,持分移轉,08780000
RPVNMLPJRHJGFDC78DA,光明段,1.25,都市：其他:道路用地,4,1,持分移轉,08810001
RPVNMLPJRHJGFDC78DA,光明段,.50,都市：其他:市場用地,4,1,持分移轉,08810002
RPPQMLNJRHJGFDC28DA,培德段,3.87,都市：其他:住宅區(住四),100000,45,持分移轉,07640000
RPXNMLQJRHJGFDC09DA,光明段,20.25,都市：其他:住宅區,4,1,持分移轉,08820000
RPXNMLQJRHJGFDC09DA,光明段,1.25,都市：其他:道路用地,4,1,持分移轉,08820001
RPXNMLQJRHJGFDC09DA,光明段,.50,都市：其他:市場用地,4,1,持分移轉,08820002
RPWOMLKKRHJGFDC58DA,德厚段,53.00,都市：其他:住宅區(住一),1,1,全筆移轉,07150000
RPROMLKKRHJGFDC08DA,五堵段五堵北小段,10.88,都市：其他:住宅區,10000,318,持分移轉,08560000
RPROMLKKRHJGFDC08DA,五堵段五堵北小段,8.40,都市：其他:住宅區,10000,318,持分移轉,08570000
RPROMLKKRHJGFDC08DA,五堵段五堵北小段,12.97,都市：其他:住宅區,10000,318,持分移轉,08580000
RPROMLKKRHJGFDC08DA,五堵段五堵北小段,14.41,都市：其他:住宅區,10000,318,持分移轉,08590000
RPSOMLTJRHJGFDC98DA,忠義段一小段,.02,都市：其他:道路用地,10000,12,持分移轉,00010000
RPROMLTJRHJGFDC88DA,忠義段一小段,.04,都市：其他:道路用地,10000,22,持分移轉,00010000
RPSOMLTJRHJGFDC98DA,日新段一小段,2.07,都市：其他:商業區(商四),10000,12,持分移轉,00030000
RPROMLTJRHJGFDC88DA,日新段一小段,3.79,都市：其他:商業區(商四),10000,22,持分移轉,00030000
RPPNMLLKRHJGFDC87DA,德安段,31.01,都市：其他:住宅區(住二),7638,28,持分移轉,03710000
RPXOMLLKRHJGFDC78DA,光明段,15.00,都市：其他:住宅區,600,25,持分移轉,03520000
RPRNMLLKRHJGFDC08DA,基瑞段,30.78,都市：其他:住宅區(住四),10000,91,持分移轉,01220000
RPPNMLLJRHJGFDC77DA,福祿段,21.77,都市：其他:住宅區,10000,11,持分移轉,05090000
RPPNMLLJRHJGFDC77DA,福祿段,.05,都市：其他:道路用地,10000,11,持分移轉,05090001
RPPNMLLJRHJGFDC77DA,福祿段,.00,都市：其他:兒童遊樂場用地,10000,11,持分移轉,05090002
RPPNMLLJRHJGFDC77DA,福祿段,.00,都市：其他:住宅區,10000,11,持分移轉,05090003
RPPNMLLJRHJGFDC77DA,福祿段,.04,都市：其他:保護區,10000,11,持分移轉,05090004
RPPNMLLJRHJGFDC77DA,福祿段,.00,都市：其他:保護區,10000,11,持分移轉,05090005
RPRPMLLLQHJGFDC28DA,調和段,12.21,都市：其他:住宅區(住二),100000,36,持分移轉,14150000
RPRPMLLLQHJGFDC28DA,調和段,.01,都市：其他:住宅區(住二),100000,36,持分移轉,14150001
RPRPMLLLQHJGFDC28DA,調和段,.00,都市：其他:住宅區(住一),100000,36,持分移轉,14150002
RPXPMLNJRHJGFDC98DA,德安段,21.77,都市：其他:住宅區(住二),20000,40,持分移轉,05220000
RPXPMLNJRHJGFDC98DA,德安段,.21,都市：其他:道路用地,20000,40,持分移轉,05220001
RPXPMLNJRHJGFDC98DA,德安段,.06,都市：其他:倉儲區,20000,40,持分移轉,05220002
RPXPMLNJRHJGFDC98DA,德安段,.04,都市：其他:住宅區(住二),20000,40,持分移轉,05220003
RPXPMLNJRHJGFDC98DA,德安段,.07,都市：其他:道路用地,20000,40,持分移轉,05220004
RPXPMLNJRHJGFDC98DA,德安段,.03,都市：其他:道路用地,20000,40,持分移轉,05220005
RPVNMLQLQHJGFDC98DA,暖暖段暖暖小段,7.67,都市：其他:住宅區(住三),132,1,持分移轉,02870002
RPVNMLQLQHJGFDC98DA,暖暖段暖暖小段,27.37,都市：其他:住宅區(住三),10000,163,持分移轉,03430000
RPRPMLTJRHJGFDC98DA,德厚段,.90,都市：其他:住宅區(住三),10000,2,持分移轉,07450000
RPXNMLNKRHJGFDC88DA,過港段,27.90,都市：其他:住宅區,10,1,持分移轉,02380000
RPRPMLTJRHJGFDC98DA,德厚段,.00,都市：其他:道路用地,10000,2,持分移轉,07450012
RPXNMLNKRHJGFDC88DA,過港段,1.30,都市：其他:公園用地,10,1,持分移轉,02380001
RPXNMLNKRHJGFDC88DA,過港段,1.30,都市：其他:道路用地,10,1,持分移轉,02380002
RPVNMLNKRHJGFDC68DA,德育段,10.43,都市：其他:住宅區(住二),100000,138,持分移轉,03680000
RPSNMLMKRHJGFDC28DA,深美段,5.58,都市：其他:住宅區(住四),10000,10,持分移轉,08400004
RPOOMLMKRHJGFDC97DA,深美段,55.28,都市：其他:住宅區(住四),10000,99,持分移轉,08400004
RPOOMLSLQHJGFDC58DA,德安段,12.40,都市：其他:商業區(商二),100000,95,持分移轉,10900000
RPVOMLKMQHJGFDC58DA,麥金段,14.12,都市：其他:住宅區(住二),10000,43,持分移轉,03960000
RPVOMLKMQHJGFDC58DA,麥金段,1.31,都市：其他:道路用地,10000,43,持分移轉,03960001
RPVOMLKMQHJGFDC58DA,麥金段,20.21,都市：其他:住宅區(住二),10000,43,持分移轉,03960002
RPVOMLKMQHJGFDC58DA,麥金段,.03,都市：其他:住宅區(住二),10000,43,持分移轉,03960003
RPVOMLKMQHJGFDC58DA,麥金段,.02,都市：其他:住宅區(住二),10000,43,持分移轉,04010000
RPVOMLKMQHJGFDC58DA,麥金段,.02,都市：其他:住宅區(住二),10000,43,持分移轉,04040000
RPVOMLKMQHJGFDC58DA,麥金段,4.34,都市：其他:學校用地(文高),10000,43,持分移轉,04200000
RPVOMLOJRHJGFDC78DA,源遠段,31.40,都市：其他:住宅區(住一),1000,55,持分移轉,12560000
RPVOMLKMQHJGFDC58DA,麥金段,1.13,都市：其他:學校用地(文高),10000,43,持分移轉,04200001
RPVOMLKMQHJGFDC58DA,麥金段,.51,都市：其他:住宅區(住二),10000,43,持分移轉,04200002
RPVOMLKMQHJGFDC58DA,麥金段,.34,都市：其他:住宅區(住二),10000,43,持分移轉,04200003
RPVOMLKMQHJGFDC58DA,麥金段,.31,都市：其他:住宅區(住二),10000,43,持分移轉,04200004
RPVOMLKMQHJGFDC58DA,麥金段,.06,都市：其他:學校用地(文高),10000,43,持分移轉,04200005
RPQOMLKKRHJGFDC97DA,德安段,12.53,都市：其他:商業區(商二),100000,96,持分移轉,10900000
RPOOMLLKRHJGFDC87DA,長潭段,22.29,都市：其他:住宅區(住三),10000,208,持分移轉,03440000
RPOOMLLKRHJGFDC87DA,長潭段,.00,都市：其他:道路用地,10000,208,持分移轉,03440006
RPPNMLNKRHJGFDC08DA,中央段四小段,10.00,都市：其他:住宅區(住一),4,1,持分移轉,00850000
RPOOMLLKRHJGFDC87DA,長潭段,.27,都市：其他:道路用地,10000,208,持分移轉,03440007
RPPNMLNKRHJGFDC08DA,中央段四小段,7.00,都市：其他:住宅區(住一),4,1,持分移轉,00860000
RPPOMLOKQHJGFDC18DA,源遠段,26.15,都市：其他:住宅區(住三),100000,747,持分移轉,00350000
RPPNMLQKRHJGFDC48EA,和平段,23.80,都市：其他:住宅區(住二),10,2,持分移轉,01900000
RPPNMLQKRHJGFDC48EA,和平段,.60,都市：其他:道路用地,10,2,持分移轉,01900001
RPQOMLLLQHJGFDC08DA,調和段,22.06,都市：其他:住宅區(住二),10000,48,持分移轉,13410000
RPTNMLLKRHJGFDC28DA,延年段,26.25,都市：其他:住宅區(住三),4,1,持分移轉,12240000
RPPOMLMKRHJGFDC08DA,長潭段,24.57,都市：其他:住宅區(住二),100000,90,持分移轉,08920000
RPSNMLNKRHJGFDC38DA,德育段,24.00,都市：其他:住宅區(住二),484,24,持分移轉,00360000
RPSNMLNKRHJGFDC38DA,德育段,8.32,都市：其他:住宅區(住二),1,1,全筆移轉,00580000
RPWOMLNKRHJGFDC88DA,調和段,24.66,都市：其他:住宅區(住二),10000,76,持分移轉,13530000
RPPOMLSKRHJGFDC68DA,忠義段五小段,16.00,都市：其他:商業區(商四),5,1,持分移轉,00010027
RPPOMLSKRHJGFDC68DA,忠義段五小段,3.20,都市：其他:商業區(商四),5,1,持分移轉,00010034
RPUNMLMJQHJGFDC28DA,情人湖段,33.62,都市：其他:住宅區,18,1,持分移轉,03360000
RPUNMLMJQHJGFDC28DA,情人湖段,.12,都市：其他:住宅區,18,1,持分移轉,03370000
RPPOMLPJRHJGFDC28DA,港濱段,3.31,都市：其他:商業區(商一),10000,827,持分移轉,00810001
RPPOMLPJRHJGFDC28DA,港濱段,17.20,都市：其他:商業區(商一),10000,827,持分移轉,00820000
RPPOMLPJRHJGFDC28DA,港濱段,.17,都市：其他:商業區(商一),10000,827,持分移轉,00830004
RPOOMLQLPHJGFDC28DA,日新段三小段,13.25,都市：其他:商業區(商四),10000,290,持分移轉,00060014
RPOOMLQLPHJGFDC28DA,日新段三小段,2.84,都市：其他:商業區(商四),10000,290,持分移轉,00060025
RPROMLQJRHJGFDC58DA,德安段,13.11,都市：其他:商業區(商二),100000,100,持分移轉,10220000
RPUNMLTJRHJGFDC09DA,德安段,13.05,都市：其他:商業區(商二),100000,100,持分移轉,10900000
RPPNMLTJRHJGFDC58DA,福祿段,41.92,都市：其他:住宅區,10000,82,持分移轉,05060005
RPPNMLTJRHJGFDC58DA,福祿段,.02,都市：其他:道路用地,10000,82,持分移轉,05060016
RPVNMLTJRHJGFDC56DA,東信段三小段,18.25,都市：其他:道路用地,120,20,持分移轉,00240000
RPVNMLTJRHJGFDC56DA,東信段三小段,2.17,都市：其他:商業區,120,20,持分移轉,00240010
RPVNMLTJRHJGFDC56DA,東信段三小段,1.67,都市：其他:道路用地,120,20,持分移轉,00240011
RPVNMLTJRHJGFDC56DA,東信段三小段,.08,都市：其他:住宅區,120,20,持分移轉,00240021
RPVNMLTJRHJGFDC56DA,東信段三小段,.83,都市：其他:道路用地,120,20,持分移轉,00240023
RPVNMLTJRHJGFDC56DA,東信段三小段,1.50,都市：其他:住宅區,120,20,持分移轉,00240024
RPQOMLTLQHJGFDC88DA,源遠段,22.82,都市：其他:住宅區(住二),10000,66,持分移轉,03590000
RPRPMLTLQHJGFDC09DA,源遠段,22.48,都市：其他:住宅區(住二),10000,65,持分移轉,03590000
RPTOMLTJRHJGFDC09DA,新城段,9.67,都市：其他:住宅區(住三),10000,20,持分移轉,04020000
RPTOMLTJRHJGFDC09DA,新城段,.03,都市：其他:住宅區(住三),10000,20,持分移轉,04020001
RPTOMLTJRHJGFDC09DA,新城段,.25,都市：其他:道路用地,10000,20,持分移轉,04020002
RPTOMLOJRHJGFDC58DA,延平段,5.73,都市：其他:商業區,100000,378,持分移轉,04070000
RPTOMLOJRHJGFDC58DA,延平段,.01,都市：其他:商業區,100000,378,持分移轉,04110003
RPUOMLKLQHJGFDC38DA,長潭段,1.37,都市：其他:住宅區(住二),100000,52,持分移轉,08450000
RPUOMLTJRHJGFDC56DA,代天府段,15.07,都市：其他:住宅區(住三),100000,37,持分移轉,08370000
RPPPMLTJRHJGFDC78DA,工建段,25.83,都市：其他:住宅區(住三),100000,1051,持分移轉,04880000
RPUOMLTJRHJGFDC56DA,代天府段,.09,都市：其他:道路用地,100000,37,持分移轉,08370001
RPUOMLKLQHJGFDC38DA,長潭段,13.66,都市：其他:住宅區(住二),100000,52,持分移轉,08450003
RPUOMLTJRHJGFDC56DA,代天府段,.12,都市：其他:住宅區(住三),100000,37,持分移轉,08370002
RPUOMLTJRHJGFDC56DA,代天府段,.03,都市：其他:保護區,100000,37,持分移轉,08370003
RPTOMLRKPHJGFDC78DA,新城段,5.10,都市：其他:住宅區(住一之一),100000,91,持分移轉,06530000
RPUOMLTJRHJGFDC56DA,代天府段,.00,都市：其他:住宅區(住三),100000,37,持分移轉,08370004
RPTOMLRKPHJGFDC78DA,新城段,13.57,都市：其他:住宅區(住一之一),100000,91,持分移轉,06560000
RPUOMLTJRHJGFDC56DA,代天府段,.06,都市：其他:住宅區(住三),100000,37,持分移轉,08370005
RPUOMLTJRHJGFDC56DA,代天府段,.04,都市：其他:道路用地,100000,37,持分移轉,08370006
RPWNMLMJRHJGFDC58DA,大華段,37.50,都市：其他:商業區(商三),4,1,持分移轉,16170000
RPTOMLRKPHJGFDC78DA,新城段,.01,都市：其他:綠地用地,100000,91,持分移轉,06560001
RPROMLNKQHJGFDC28DA,深美段,60.86,都市：其他:住宅區(住四),10000,109,持分移轉,08400004
RPTOMLRKPHJGFDC78DA,新城段,.00,都市：其他:綠地用地,100000,91,持分移轉,06560002
RPQOMLTJRHJGFDC78DA,保定段,23.25,都市：其他:住宅區,4,1,持分移轉,04580000
RPQOMLTJRHJGFDC78DA,保定段,2.75,都市：其他:道路用地,4,1,持分移轉,04580001
RPVPMLQKPHJGFDC98DA,長潭段,17.13,都市：其他:住宅區(住二),15,1,持分移轉,09920000
RPVPMLQKPHJGFDC98DA,長潭段,2.87,都市：其他:住宅區(住二),15,1,持分移轉,09920002
RPPNMLKKRHJGFDC77DA,德安段,13.37,都市：其他:商業區(商二),100000,102,持分移轉,10220000
RPXRMLNJRHJGFDC56DA,源遠段,48.56,都市：其他:住宅區(住二),16,1,持分移轉,11240002
RPXOMLLMPHJGFDC78DA,情人湖段,25.26,都市：其他:住宅區(住二),200000,214,持分移轉,01350000
RPUNMLLKQHJGFDC28DA,深澳段,26.34,都市：其他:住宅區(住四),10000,51,持分移轉,01210000
RPXOMLLMPHJGFDC78DA,情人湖段,.08,都市：其他:道路用地,200000,214,持分移轉,01350001
RPOPMLTKQHJGFDC68DA,深美段,23.96,都市：其他:住宅區(住四),10000,39,持分移轉,01610000
RPOPMLTKQHJGFDC68DA,深美段,.01,都市：其他:住宅區(住一),10000,39,持分移轉,01610001
RPROMLKLQHJGFDC08DA,安國段,24.11,都市：其他:住宅區,10000,23,持分移轉,00010087
RPPOMLLKRHJGFDC97DA,光明段,23.80,都市：其他:住宅區,15,1,持分移轉,02200000
RPUOMLKMPHJGFDC38DA,麥金段,38.94,都市：其他:住宅區(住二),10000,122,持分移轉,07540000
RPROMLKLQHJGFDC08DA,安國段,.82,都市：其他:道路用地,10000,23,持分移轉,00010089
RPROMLKLQHJGFDC08DA,安國段,.57,都市：其他:住宅區,10000,23,持分移轉,00010184
RPUOMLKMPHJGFDC38DA,麥金段,.19,都市：其他:保護區,10000,122,持分移轉,07540001
RPTOMLMLPHJGFDC38DA,調和段,.04,都市：其他:住宅區(住一),10000,1,持分移轉,13820014
RPOOMLPJRHJGFDC18DA,調和段,26.58,都市：其他:住宅區(住二),10000,35,持分移轉,11250000
RPTOMLMLPHJGFDC38DA,調和段,.66,都市：其他:住宅區(住一),10000,2,持分移轉,13820017
RPSOMLQJQHJGFDC58DA,代天府段,12.62,都市：其他:住宅區(住三),100000,31,持分移轉,08370000
RPSOMLQJQHJGFDC58DA,代天府段,.08,都市：其他:道路用地,100000,31,持分移轉,08370001
RPSOMLQJQHJGFDC58DA,代天府段,.10,都市：其他:住宅區(住三),100000,31,持分移轉,08370002
RPSOMLQJQHJGFDC58DA,代天府段,.02,都市：其他:保護區,100000,31,持分移轉,08370003
RPTOMLMLPHJGFDC38DA,調和段,25.00,都市：其他:住宅區(住一),10000,122,持分移轉,13820019
RPSOMLQJQHJGFDC58DA,代天府段,.00,都市：其他:住宅區(住三),100000,31,持分移轉,08370004
RPTOMLMLPHJGFDC38DA,調和段,5.55,都市：其他:住宅區(住一),10000,122,持分移轉,13820023
RPSOMLQJQHJGFDC58DA,代天府段,.05,都市：其他:住宅區(住三),100000,31,持分移轉,08370005
RPTOMLMLPHJGFDC38DA,調和段,.06,都市：其他:住宅區(住一),10000,1,持分移轉,13820024
RPSOMLQJQHJGFDC58DA,代天府段,.03,都市：其他:道路用地,100000,31,持分移轉,08370006
RPTOMLMLPHJGFDC38DA,調和段,.04,都市：其他:住宅區(住一),10000,1,持分移轉,13820025
RPSOMLMKRHJGFDC38DA,德育段,14.33,都市：其他:住宅區(住三),6,1,持分移轉,01670000
RPTOMLMLPHJGFDC38DA,調和段,5.83,都市：其他:住宅區(住一),10000,122,持分移轉,13820026
RPTOMLMLPHJGFDC38DA,調和段,.20,都市：其他:住宅區(住一),10000,1,持分移轉,13820029
RPTOMLMLPHJGFDC38DA,調和段,2.74,都市：其他:住宅區(住一),10000,122,持分移轉,13820032
RPXOMLMKRHJGFDC88DA,安國段,48.90,都市：其他:住宅區,20,1,持分移轉,00010025
RPRNMLNKRHJGFDC28DA,深澳段,24.79,都市：其他:住宅區(住四),10000,48,持分移轉,01210000
RPSNMLPJRHJGFDC58EA,新會段,5.43,都市：其他:住宅區(住二),100000,326,持分移轉,02100000
RPUNMLNKRHJGFDC58DA,延年段,15.08,都市：其他:住宅區(住三),10000,743,持分移轉,06110000
RPUNMLNKRHJGFDC58DA,延年段,.07,都市：其他:住宅區(住三),10000,743,持分移轉,06110001
RPQNMLLKRHJGFDC97DA,德安段,31.01,都市：其他:住宅區(住二),7638,28,持分移轉,03710000
RPPNMLPJRHJGFDC18DA,源遠段,64.50,都市：其他:住宅區(住三),2,1,持分移轉,02980000
RPXNMLTJRHJGFDC76DA,德安段,31.72,都市：其他:商業區(商二),100000,242,持分移轉,10220000
RPXNMLMKRHJGFDC78DA,調和段,105.13,都市：其他:住宅區(住二),10000,433,持分移轉,02400000
RPXNMLMKRHJGFDC78DA,調和段,14.18,都市：其他:住宅區(住二),10000,433,持分移轉,02400005
RPVOMLNKRHJGFDC78DA,深澳段,38.75,都市：其他:住宅區(住四),100000,245,持分移轉,00760000
RPWNMLRKPHJGFDC98DA,代天府段,.97,都市：其他:住宅區(住三),336000,116,持分移轉,05990000
RPWNMLRKPHJGFDC98DA,代天府段,24.81,都市：其他:特別住宅區(特住二),10000,22,持分移轉,06430000
RPTNMLMKRHJGFDC38DA,溪頭段,16.92,都市：其他:住宅區(住三),10000,96,持分移轉,03470000
RPUOMLNKRHJGFDC68DA,過港段,35.00,都市：其他:住宅區,4,1,持分移轉,03340000
RPQNMLRKRHJGFDC58DA,延平段,50.00,都市：其他:商業區,1,1,全筆移轉,10680000
RPQOMLQKRHJGFDC58DA,中正段二小段,23.57,都市：其他:商業區,30,1,持分移轉,00190024
RPPNMLQJPHJGFDC08DA,培德段,119.57,都市：其他:住宅區(住三),100000,13867,持分移轉,06690000
RPROMLMKQHJGFDC18DA,麥金段,153.33,都市：其他:住宅區(住一),20000,730,持分移轉,09860003
RPTNMLTJRHJGFDC98DA,調和段,16.96,都市：其他:住宅區(住二),100000,50,持分移轉,14150000
RPROMLMKQHJGFDC18DA,麥金段,53.76,都市：其他:住宅區(住一),20000,730,持分移轉,09860004
RPTNMLTJRHJGFDC98DA,調和段,.01,都市：其他:住宅區(住二),100000,50,持分移轉,14150001
RPROMLMKQHJGFDC18DA,麥金段,3.49,都市：其他:住宅區(住一),86,2,持分移轉,09860006
RPTNMLTJRHJGFDC98DA,調和段,.00,都市：其他:住宅區(住一),100000,50,持分移轉,14150002
RPRNMLKKRHJGFDC97DA,忠義段五小段,88.64,都市：其他:住宅區,56,1,持分移轉,00250001
RPRNMLKKRHJGFDC97DA,忠義段五小段,1.80,都市：其他:道路用地,56,1,持分移轉,00250063
RPRNMLKKRHJGFDC97DA,忠義段五小段,1.91,都市：其他:住宅區,56,1,持分移轉,00250071
RPRNMLKKRHJGFDC97DA,忠義段五小段,12.52,都市：其他:道路用地,56,1,持分移轉,00250072
RPTNMLKKRHJGFDC18DA,調和段,10.56,都市：其他:住宅區(住二),100000,73,持分移轉,14130000
RPXNMLPJRHJGFDC98DA,德育段,32.32,都市：其他:住宅區(住二),2701,32,持分移轉,08060000
RPQNMLLKQHJGFDC87DA,福祿段,38.73,都市：其他:住宅區,200000,890,持分移轉,00010000
RPSNMLLKRHJGFDC18DA,福祿段,33.25,都市：其他:住宅區,4,1,持分移轉,01660000
RPSNMLLKRHJGFDC18DA,福祿段,.25,都市：其他:道路用地,4,1,持分移轉,01660001
RPSNMLLKRHJGFDC18DA,福祿段,.50,都市：其他:道路用地,4,1,持分移轉,01660002
RPQNMLMKRHJGFDC08DA,德安段,12.53,都市：其他:商業區(商二),100000,96,持分移轉,10900000
RPTNMLTLQHJGFDC09DA,忠義段四小段,11.51,都市：其他:商業區(商四),10000,799,持分移轉,00080025
RPTNMLTLQHJGFDC09DA,忠義段四小段,1.44,都市：其他:商業區(商四),10000,799,持分移轉,00080028
RPTOMLNKRHJGFDC58DA,安國段,31.00,都市：其他:住宅區,1000,25,持分移轉,00070001
RPOQMLSLQHJGFDC78DA,德安段,9.70,都市：其他:商業區(商二),100000,74,持分移轉,10220000
RPSOMLNLQHJGFDC48DA,深澳段,29.58,都市：其他:住宅區(住四),100000,187,持分移轉,00760000
RPWOMLTJRHJGFDC76DA,延平段,52.50,都市：其他:住宅區(住三),1,1,全筆移轉,02250000
RPSOMLKKRHJGFDC18DA,德安段,13.11,都市：其他:商業區(商二),100000,100,持分移轉,10220000
RPWOMLTJRHJGFDC76DA,延平段,1.50,都市：其他:人行步道用地,1,1,全筆移轉,02250001
RPQQMLSLQHJGFDC98DA,德安段,36.18,都市：其他:商業區(商二),200000,552,持分移轉,10220000
RPRNMLTJRHJGFDC78DA,調和段,24.66,都市：其他:住宅區(住二),10000,76,持分移轉,13530000
RPUPMLSLQHJGFDC66DA,德安段,13.50,都市：其他:商業區(商二),100000,103,持分移轉,10220000
RPOOMLKMQHJGFDC87DA,德安段,13.50,都市：其他:商業區(商二),100000,103,持分移轉,10220000
RPTPMLSLQHJGFDC56DA,德安段,13.24,都市：其他:商業區(商二),100000,101,持分移轉,10220000
RPPQMLSLQHJGFDC88DA,德安段,20.71,都市：其他:商業區(商二),100000,158,持分移轉,10220000
RPSOMLSLQHJGFDC98DA,德安段,18.48,都市：其他:商業區(商二),100000,141,持分移轉,10220000
RPQOMLSLQHJGFDC78DA,德安段,12.98,都市：其他:商業區(商二),100000,99,持分移轉,10220000
RPWOMLSLQHJGFDC76DA,德安段,13.37,都市：其他:商業區(商二),100000,102,持分移轉,10220000
RPRPMLSLQHJGFDC98DA,德安段,19.40,都市：其他:商業區(商二),100000,148,持分移轉,10220000
RPSPMLSLQHJGFDC09DA,德安段,13.37,都市：其他:商業區(商二),100000,102,持分移轉,10220000
RPOPMLSLQHJGFDC68DA,德安段,12.32,都市：其他:商業區(商二),100000,94,持分移轉,10220000
RPXPMLSLQHJGFDC96DA,德安段,13.37,都市：其他:商業區(商二),100000,102,持分移轉,10220000
RPPOMLSLQHJGFDC68DA,德安段,13.11,都市：其他:商業區(商二),100000,100,持分移轉,10220000
RPOOMLTJRHJGFDC58DA,德安段,27.66,都市：其他:商業區(商二),100000,211,持分移轉,10220000
RPPPMLSLQHJGFDC78DA,德安段,13.50,都市：其他:商業區(商二),100000,103,持分移轉,10220000
RPWNMLTJRHJGFDC66DA,德安段,12.45,都市：其他:商業區(商二),100000,95,持分移轉,10220000
RPVPMLSLQHJGFDC76DA,德安段,13.11,都市：其他:商業區(商二),100000,100,持分移轉,10220000
RPROMLSLQHJGFDC88DA,德安段,12.45,都市：其他:商業區(商二),100000,95,持分移轉,10220000
RPTOMLSLQHJGFDC09DA,德安段,18.09,都市：其他:商業區(商二),100000,138,持分移轉,10220000
RPWPMLSLQHJGFDC86DA,德安段,13.24,都市：其他:商業區(商二),100000,101,持分移轉,10220000
RPVOMLSLQHJGFDC66DA,德安段,12.58,都市：其他:商業區(商二),100000,96,持分移轉,10220000
RPQPMLSLQHJGFDC88DA,德安段,20.71,都市：其他:商業區(商二),100000,158,持分移轉,10220000
RPUPMLLLQHJGFDC58DA,調和段,16.29,都市：其他:住宅區(住二),100000,48,持分移轉,14150000
RPUPMLLLQHJGFDC58DA,調和段,.01,都市：其他:住宅區(住二),100000,48,持分移轉,14150001
RPUPMLLLQHJGFDC58DA,調和段,.00,都市：其他:住宅區(住一),100000,48,持分移轉,14150002
