﻿編號,屋齡,建物移轉面積平方公尺,主要用途,主要建材,建築完成日期,總層數,建物分層,移轉情形
The serial number,room age,building shifting area square meter,the main use,main building materials,construction completes the date,total layer,building lamination,
RPVNMLKKRHJGFDC38DA,42,77.92,住家用,鋼筋混凝土造,71年7月26日,五層,四層 陽台,全筆移轉
RPVNMLKKRHJGFDC38DA,42,5.03,共用部份,鋼筋混凝土造,71年7月26日,五層,,持分移轉
RPSNMLTJRHJGFDC88DA,54,70.09,住家用,加強磚造,59年7月2日,三層,二層,全筆移轉
RPQNMLSKRHJGFDC78EA,44,11.42,住家用,鋼筋混凝土造,69年10月15日,八層,三層,持分移轉
RPROMLMKRHJGFDC28DA,56,48.89,住家用,加強磚造,57年3月19日,二層,一層,全筆移轉
RPRNMLQJRHJGFDC48DA,27,28.38,住家用,鋼筋混凝土造,86年11月21日,十八層,六層 陽台,全筆移轉
RPRNMLQJRHJGFDC48DA,27,6.83,共用部份,鋼筋混凝土造,86年11月21日,十八層,,持分移轉
RPRNMLQJRHJGFDC48DA,27,2.50,共用部份,鋼筋混凝土造,86年11月21日,二十一層,,持分移轉
RPROMLRLQHJGFDC78DA,,.07,管理室,鋼筋混凝土造,113年4月16日,十四層,一層,持分移轉
RPQNMLRLQHJGFDC58DA,40,116.14,住家用,鋼筋混凝土造,73年12月11日,四層,四層 陽台,全筆移轉
RPROMLRLQHJGFDC78DA,,101.44,集合住宅,鋼筋混凝土造,113年4月16日,十四層,三層 陽台,全筆移轉
RPROMLRLQHJGFDC78DA,,.03,共用部份,鋼筋混凝土造,113年4月16日,十四層,,持分移轉
RPROMLRLQHJGFDC78DA,,49.40,共用部份,鋼筋混凝土造,113年4月16日,十四層,,持分移轉
RPROMLRLQHJGFDC78DA,,45.31,共用部份,鋼筋混凝土造,113年4月16日,十四層,,持分移轉
RPVNMLTLQHJGFDC66DA,32,7.44,共用部份,鋼筋混凝土造,82年1月11日,十二層,,持分移轉
RPVNMLTLQHJGFDC66DA,32,2.79,停車場,鋼筋混凝土造,82年1月11日,十二層,地下一層,持分移轉
RPVNMLTLQHJGFDC66DA,32,3.02,防空避難室,鋼筋混凝土造,82年1月11日,十二層,地下二層,持分移轉
RPVNMLTLQHJGFDC66DA,32,2.16,共用部份,鋼筋混凝土造,82年1月11日,十二層,,持分移轉
RPVNMLTLQHJGFDC66DA,32,28.14,住家用,鋼筋混凝土造,82年1月11日,十二層,九層 陽台,全筆移轉
RPQNMLPJRHJGFDC28DA,55,45.35,住家用,加強磚造,58年7月2日,二層,一層,全筆移轉
RPPNMLTJRHJGFDC68EA,26,74.39,住家用,鋼筋混凝土造,87年11月11日,十層,九層 陽台 花台 雨遮,全筆移轉
RPPNMLTJRHJGFDC68EA,26,10.39,共用部份,鋼筋混凝土造,87年11月11日,十層,,持分移轉
RPPNMLTJRHJGFDC68EA,26,7.41,共用部份,鋼筋混凝土造,87年11月11日,十層,,持分移轉
RPPNMLTJRHJGFDC68EA,26,1.97,共用部份,鋼筋混凝土造,87年11月11日,十層,,持分移轉
RPWNMLQLQHJGFDC09DA,46,80.39,住家用,鋼筋混凝土造,67年11月15日,四層,四層 陽台,全筆移轉
RPSPMLLLQHJGFDC38DA,43,92.09,住家用,鋼筋混凝土造,70年12月30日,五層,三層 陽台,全筆移轉
RPROMLOJRHJGFDC38DA,6,74.51,集合住宅,鋼筋混凝土造,108年2月12日,十四層,十三層 陽台 雨遮,全筆移轉
RPROMLOJRHJGFDC38DA,6,13.53,本共有部分之項目有樓電梯間、梯廳、樓梯間、設備室、機械室及水箱等六項,鋼筋混凝土造,108年2月12日,十四層,,持分移轉
RPROMLOJRHJGFDC38DA,6,18.66,本共有部分之項目有車道、住宅門廳、排煙室兼梯廳、樓電梯間、陽台、防空避難室兼停車空間、受電箱、安全梯、台電配電場所、電信室、機房、儲藏室、機械設備室、機械室、排煙室、樓梯間、貯藏室、管委會使用空間、門廳及住宅挑高門廳等二十項,鋼筋混凝土造,108年2月12日,十四層,,持分移轉
RPSOMLQJRHJGFDC68DA,26,79.98,住家用,鋼筋混凝土造,88年1月22日,七層,五層 陽台,全筆移轉
RPSOMLQJRHJGFDC68DA,26,15.24,共用部份,鋼筋混凝土造,88年1月22日,七層,,持分移轉
RPSNMLLLQHJGFDC18DA,11,101.41,集合住宅,鋼筋混凝土造,102年9月11日,十四層,十層 陽台 雨遮,全筆移轉
RPSOMLQJRHJGFDC68DA,26,5.32,共用部份,鋼筋混凝土造,88年1月22日,七層,,持分移轉
RPSNMLLLQHJGFDC18DA,11,48.93,本共有部分之項目有樓電梯間、排煙室兼梯廳、地下室排風（機）、受電箱、台電配電室、自來水箱、電信室、資源回收區、停車空間、機車停放區、發電機室、進氣口、汙水處理設備室、消防幫浦室、防空避難室兼停車空間、門廳、機電設備空間、廣場式開放空間、管委會辦公室、公用廁所、社區活動中心等共２１項。,鋼筋混凝土造,102年9月11日,十四層,,持分移轉
RPSOMLQJRHJGFDC68DA,26,1.73,共用部份,鋼筋混凝土造,88年1月22日,七層,,持分移轉
RPSNMLLLQHJGFDC18DA,11,15.88,本共有部分之項目有樓電梯間、排煙室兼梯廳、樓梯間、機械室、水箱等共計５項。,鋼筋混凝土造,102年9月11日,十四層,,持分移轉
RPSOMLQJRHJGFDC68DA,26,2.11,共用部份,鋼筋混凝土造,88年1月22日,七層,,持分移轉
RPSOMLOJRHJGFDC48DA,45,65.05,住家用,鋼筋混凝土造,68年8月20日,四層,二層,全筆移轉
RPSNMLKKRHJGFDC08DA,44,100.07,住家用,鋼筋混凝土造,69年4月22日,五層,地下層,全筆移轉
RPVNMLPJRHJGFDC78DA,53,66.35,住家用,鋼筋混凝土加強磚造,61年1月20日,四層,四層,全筆移轉
RPWNMLKKRHJGFDC48DA,47,66.50,商業用,鋼筋混凝土加強磚造,66年11月14日,四層,一層 騎樓,全筆移轉
RPPQMLNJRHJGFDC28DA,29,40.41,共用部份,鋼筋混凝土造,84年6月10日,四層,,持分移轉
RPXNMLQJRHJGFDC09DA,53,67.47,住家用,鋼筋混凝土加強磚造,61年1月20日,四層,四層,全筆移轉
RPWOMLKKRHJGFDC58DA,66,55.46,住家用,磚造,47年12月0日,二層,一層 二層,全筆移轉
RPROMLKKRHJGFDC08DA,44,149.45,住家用,鋼筋混凝土造,69年12月18日,四層,二層 陽台,全筆移轉
RPSOMLTJRHJGFDC98DA,24,21.47,商業用,鋼骨鋼筋混凝土造,90年2月21日,三十三層,二十層,全筆移轉
RPROMLTJRHJGFDC88DA,24,37.73,商業用,鋼骨鋼筋混凝土造,90年2月21日,三十三層,二十層 陽台,全筆移轉
RPSOMLTJRHJGFDC98DA,24,5.54,共用部份,鋼骨鋼筋混凝土造,90年2月21日,三十三層,,持分移轉
RPSOMLTJRHJGFDC98DA,24,8.58,共用部份,鋼骨鋼筋混凝土造,90年2月21日,三十三層,,持分移轉
RPROMLTJRHJGFDC88DA,24,9.74,共用部份,鋼骨鋼筋混凝土造,90年2月21日,三十三層,,持分移轉
RPROMLTJRHJGFDC88DA,24,14.04,共用部份,鋼骨鋼筋混凝土造,90年2月21日,三十三層,,持分移轉
RPPNMLLKRHJGFDC87DA,29,97.76,住家用,鋼筋混凝土造,84年5月12日,五層,四層 陽台,全筆移轉
RPPNMLLKRHJGFDC87DA,29,12.96,共用部份,鋼筋混凝土造,84年5月12日,五層,,持分移轉
RPXOMLLKRHJGFDC78DA,44,62.48,商業用,鋼筋混凝土造,69年4月18日,五層,一層 騎樓,全筆移轉
RPRNMLLKRHJGFDC08DA,26,97.00,住家用,鋼筋混凝土造,87年6月10日,五層,五層 陽台,全筆移轉
RPRNMLLKRHJGFDC08DA,26,22.90,共用部份,鋼筋混凝土造,87年6月10日,五層,,持分移轉
RPPNMLLJRHJGFDC77DA,27,68.42,住家用,鋼筋混凝土造,86年6月7日,六層,三層 陽台,全筆移轉
RPPNMLLJRHJGFDC77DA,27,7.66,共用部份,鋼筋混凝土造,86年6月7日,六層,,持分移轉
RPPNMLLJRHJGFDC77DA,27,3.90,共用部份,鋼筋混凝土造,86年6月7日,六層,,持分移轉
RPPNMLLJRHJGFDC77DA,27,8.47,共用部份,鋼筋混凝土造,86年6月7日,六層,,持分移轉
RPRPMLLLQHJGFDC28DA,27,46.58,住家用,鋼筋混凝土造,86年11月21日,十七層,十三層 陽台,全筆移轉
RPRPMLLLQHJGFDC28DA,27,11.81,共用部份,鋼筋混凝土造,86年11月21日,十七層,,持分移轉
RPRPMLLLQHJGFDC28DA,27,4.17,共用部份,鋼筋混凝土造,86年11月21日,二十一層,,持分移轉
RPXPMLNJRHJGFDC98DA,29,72.33,住家用,鋼筋混凝土造,84年5月12日,五層,三層 陽台,全筆移轉
RPXPMLNJRHJGFDC98DA,29,11.58,共用部份,鋼筋混凝土造,84年5月12日,五層,,持分移轉
RPVNMLQLQHJGFDC98DA,43,63.55,住家用,鋼筋混凝土造,70年10月8日,四層,三層 陽台,全筆移轉
RPVNMLQLQHJGFDC98DA,43,3.15,共用部份,鋼筋混凝土造,70年10月8日,四層,,持分移轉
RPRPMLTJRHJGFDC98DA,20,.07,住家用,鋼筋混凝土造,93年11月1日,八層,一層,持分移轉
RPRPMLTJRHJGFDC98DA,20,34.25,共用部份,鋼筋混凝土造,93年11月1日,八層,,持分移轉
RPXNMLNKRHJGFDC88DA,45,119.36,住家用,鋼筋混凝土造,68年7月22日,三層,三層 陽台 露台,全筆移轉
RPVNMLNKRHJGFDC68DA,16,21.52,住家用,鋼筋混凝土造,97年7月1日,七層,六層 陽台,全筆移轉
RPVNMLNKRHJGFDC68DA,16,3.45,共用部份,鋼筋混凝土造,97年7月1日,七層,,持分移轉
RPVNMLNKRHJGFDC68DA,16,4.97,共用部份,鋼筋混凝土造,97年7月1日,七層,,持分移轉
RPSNMLMKRHJGFDC28DA,,.07,辦公室,鋼筋混凝土造,113年4月9日,七層,地下二層,持分移轉
RPSNMLMKRHJGFDC28DA,,34.44,本共有部分之項目有管委會使用空間、無障礙電梯、無障礙樓梯、梯廳、樓梯間、水箱、機械室、台電配電場所、汽車昇降機、電信室、發電機室、垃圾儲藏室、消防泵浦室、防空避難室兼停車空間等１４項。,鋼筋混凝土造,113年4月9日,七層,,持分移轉
RPOOMLMKRHJGFDC97DA,,121.04,集合住宅,鋼筋混凝土造,113年4月9日,七層,三層 四層 陽台,全筆移轉
RPOOMLMKRHJGFDC97DA,,.07,辦公室,鋼筋混凝土造,113年4月9日,七層,地下二層,持分移轉
RPOOMLMKRHJGFDC97DA,,44.24,本共有部分之項目有管委會使用空間、無障礙電梯、無障礙樓梯、梯廳、樓梯間、水箱、機械室、台電配電場所、汽車昇降機、電信室、發電機室、垃圾儲藏室、消防泵浦室、防空避難室兼停車空間等１４項。,鋼筋混凝土造,113年4月9日,七層,,持分移轉
RPOOMLMKRHJGFDC97DA,,34.44,本共有部分之項目有管委會使用空間、無障礙電梯、無障礙樓梯、梯廳、樓梯間、水箱、機械室、台電配電場所、汽車昇降機、電信室、發電機室、垃圾儲藏室、消防泵浦室、防空避難室兼停車空間等１４項。,鋼筋混凝土造,113年4月9日,七層,,持分移轉
RPOOMLSLQHJGFDC58DA,2,53.30,集合住宅,鋼筋混凝土造,111年12月1日,十五層,十二層 陽台 雨遮,全筆移轉
RPOOMLSLQHJGFDC58DA,2,42.21,本建物共有部分之項目有停車空間．機電設備空間．無障礙電梯．排煙室．自來水池．防空避難室兼停車空間．台電配電場所．垃圾儲藏室．梯廳．外廊．門廊．陽台．管委會管理空間．游泳池．安全梯．管道間．消防水箱．自來水箱．樓梯間等共１９項。,鋼筋混凝土造,111年12月1日,十五層,,持分移轉
RPVOMLKMQHJGFDC58DA,45,64.99,住家用,鋼筋混凝土造,68年2月28日,四層,二層 陽台,全筆移轉
RPVOMLOJRHJGFDC78DA,28,96.31,住家用,鋼筋混凝土造,86年1月15日,五層,五層 陽台,全筆移轉
RPVOMLOJRHJGFDC78DA,28,36.82,共用部份,鋼筋混凝土造,86年1月15日,五層,,持分移轉
RPVOMLOJRHJGFDC78DA,28,9.91,共用部份,鋼筋混凝土造,86年1月15日,五層,,持分移轉
RPOSMLNJRHJGFDC38DA,55,50.97,住家用,加強磚造,58年6月24日,二層,一層,全筆移轉
RPQOMLKKRHJGFDC97DA,2,53.47,集合住宅,鋼筋混凝土造,111年12月1日,十五層,十五層 陽台 雨遮,全筆移轉
RPQOMLKKRHJGFDC97DA,2,55.78,本建物共有部分之項目有停車空間．機電設備空間．無障礙電梯．排煙室．自來水池．防空避難室兼停車空間．台電配電場所．垃圾儲藏室．梯廳．外廊．門廊．陽台．管委會管理空間．游泳池．安全梯．管道間．消防水箱．自來水箱．樓梯間等共１９項。,鋼筋混凝土造,111年12月1日,十五層,,持分移轉
RPOOMLLKRHJGFDC87DA,30,107.14,住家用,鋼筋混凝土造,83年4月25日,六層,三層 陽台,全筆移轉
RPOOMLLKRHJGFDC87DA,30,9.44,共用部份,鋼筋混凝土造,83年4月25日,六層,,持分移轉
RPPNMLNKRHJGFDC08DA,53,55.88,住家用,鋼筋混凝土加強磚造,61年1月8日,四層,三層,全筆移轉
RPOOMLLKRHJGFDC87DA,30,.87,共用部份,鋼筋混凝土造,83年4月25日,六層,,持分移轉
RPPOMLOKQHJGFDC18DA,9,88.45,集合住宅,鋼筋混凝土造,104年12月28日,十五層,八層 陽台 雨遮,全筆移轉
RPPOMLOKQHJGFDC18DA,9,81.64,本共有部分之項目有公共服務空間、管委會使用空間、門廳、梯廳、緊急升降機、進氣管道、排氣管道、排煙室、特別安全梯、行動不便者電梯、機電設備空間、樓梯間、消防水池、自來水箱、台電配電室、發電機室、垃圾儲藏室、垃圾車裝卸空間、機電設備空間（電信使用）、防空避難室兼停車空間、電梯間、停車空間、機電設備空間（污廢水設備）及消防泵浦室等２４項,鋼筋混凝土造,104年12月28日,十五層,,持分移轉
RPPNMLQKRHJGFDC48EA,29,80.79,住家用,鋼筋混凝土造,84年11月29日,五層,三層 陽台,全筆移轉
RPPNMLQKRHJGFDC48EA,29,11.36,共用部份,鋼筋混凝土造,84年11月29日,五層,,持分移轉
RPQOMLLLQHJGFDC08DA,29,90.53,住家用,鋼筋混凝土造,84年11月22日,九層,六層 陽台,全筆移轉
RPTNMLLKRHJGFDC28DA,50,71.37,住家用,鋼筋混凝土造,64年1月3日,四層,二層 陽台,全筆移轉
RPQOMLLLQHJGFDC08DA,29,48.76,共用部份,鋼筋混凝土造,84年11月22日,九層,,持分移轉
RPPOMLMKRHJGFDC08DA,26,102.00,住家用,鋼筋混凝土造,88年1月14日,十六層,六層 陽台,全筆移轉
RPPOMLMKRHJGFDC08DA,26,19.49,共用部份,鋼筋混凝土造,88年1月14日,十六層,,持分移轉
RPPOMLMKRHJGFDC08DA,26,5.68,共用部份,鋼筋混凝土造,88年1月14日,十六層,,持分移轉
RPPOMLMKRHJGFDC08DA,26,2.45,共用部份,鋼筋混凝土造,88年1月14日,十六層,,持分移轉
RPSNMLNKRHJGFDC38DA,31,94.90,住家用,鋼筋混凝土造,83年2月1日,五層,五層 陽台,全筆移轉
RPPOMLMKRHJGFDC08DA,26,1.19,共用部份,鋼筋混凝土造,88年1月14日,十六層,,持分移轉
RPSNMLNKRHJGFDC38DA,31,3.05,共用部份,鋼筋混凝土造,83年2月1日,五層,,持分移轉
RPWOMLNKRHJGFDC88DA,29,100.22,住家用,鋼筋混凝土造,84年8月21日,七層,五層 陽台 花台,全筆移轉
RPWOMLNKRHJGFDC88DA,29,18.60,共用部份,鋼筋混凝土造,84年8月21日,九層,,持分移轉
RPPOMLSKRHJGFDC68DA,48,81.14,住商用,鋼筋混凝土加強磚造,65年10月19日,五層,三層,全筆移轉
RPUNMLMJQHJGFDC28DA,43,88.54,住家用,鋼筋混凝土造,70年12月9日,四層,四層,全筆移轉
RPPOMLPJRHJGFDC28DA,41,86.65,住家用,鋼筋混凝土造,72年2月8日,五層,五層,全筆移轉
RPOOMLQLPHJGFDC28DA,34,99.71,辦公室,鋼筋混凝土造,79年4月19日,十層,七層,全筆移轉
RPOOMLQLPHJGFDC28DA,34,28.39,共用部份,鋼筋混凝土造,79年4月19日,十層,,持分移轉
RPROMLQJRHJGFDC58DA,,55.65,集合住宅,鋼筋混凝土造,113年1月16日,二十二層,十六層 陽台 雨遮,全筆移轉
RPOOMLQLPHJGFDC28DA,34,21.29,共用部份,鋼筋混凝土造,79年4月19日,十層,,持分移轉
RPROMLQJRHJGFDC58DA,,59.33,本建物共有部分之項目有防災中心．安全梯．緊急升降機．梯廳．排風管道．門廊．排煙室．儲藏室．管委會管理空間．機電設備空間．無障礙樓梯．管道間．樓梯間．電梯間．消防水箱．自來水箱．台電配電場所．停車空間．防空避難室兼停車空間．垃圾儲藏室．門廳．台電管道間．自來水池．陽台．雨遮．中繼消防水箱等共２６項。,鋼筋混凝土造,113年1月16日,二十二層,,持分移轉
RPUNMLTJRHJGFDC09DA,2,55.81,集合住宅,鋼筋混凝土造,111年12月1日,十五層,三層 陽台 雨遮,全筆移轉
RPUNMLTJRHJGFDC09DA,2,43.22,本建物共有部分之項目有停車空間．機電設備空間．無障礙電梯．排煙室．自來水池．防空避難室兼停車空間．台電配電場所．垃圾儲藏室．梯廳．外廊．門廊．陽台．管委會管理空間．游泳池．安全梯．管道間．消防水箱．自來水箱．樓梯間等共１９項。,鋼筋混凝土造,111年12月1日,十五層,,持分移轉
RPPNMLTJRHJGFDC58DA,33,5.79,共用部份,鋼筋混凝土造,80年8月17日,五層,,持分移轉
RPPNMLTJRHJGFDC58DA,33,141.39,住家用,鋼筋混凝土造,80年8月17日,五層,四層 五層 陽台 花台 雨遮,全筆移轉
RPVNMLTJRHJGFDC56DA,,74.97,住家用,加強磚造,54年11月0日,四層,四層,全筆移轉
RPQOMLTLQHJGFDC88DA,26,93.95,住家用,鋼筋混凝土造,87年10月6日,十三層,十三層 陽台,全筆移轉
RPQOMLTLQHJGFDC88DA,26,13.58,共用部份,鋼筋混凝土造,87年10月6日,十三層,,持分移轉
RPQOMLTLQHJGFDC88DA,26,46.80,共用部份,鋼筋混凝土造,87年10月6日,十四層,,持分移轉
RPRPMLTLQHJGFDC09DA,26,93.95,住家用,鋼筋混凝土造,87年10月6日,十三層,十二層 陽台,全筆移轉
RPRPMLTLQHJGFDC09DA,26,13.58,共用部份,鋼筋混凝土造,87年10月6日,十三層,,持分移轉
RPRPMLTLQHJGFDC09DA,26,16.35,共用部份,鋼筋混凝土造,87年10月6日,十四層,,持分移轉
RPTOMLTJRHJGFDC09DA,29,9.12,儲藏室,鋼筋混凝土造,84年6月22日,十二層,地下三層 地下四層,持分移轉
RPTOMLTJRHJGFDC09DA,29,57.61,住家用,鋼筋混凝土造,84年6月22日,十二層,一層 平台,全筆移轉
RPTOMLTJRHJGFDC09DA,29,8.98,共用部份,鋼筋混凝土造,84年6月22日,十二層,,持分移轉
RPTOMLOJRHJGFDC58DA,16,71.59,住家用,鋼骨鋼筋混凝土造,97年2月4日,三十一層,三十層 陽台,全筆移轉
RPTOMLOJRHJGFDC58DA,16,49.79,共用部份,鋼骨鋼筋混凝土造,97年2月4日,三十一層,,持分移轉
RPTOMLOJRHJGFDC58DA,16,14.82,共用部份,鋼骨鋼筋混凝土造,97年2月4日,三十一層,,持分移轉
RPUOMLTJRHJGFDC56DA,27,1.15,共用部份,鋼筋混凝土造,86年5月8日,十一層,,持分移轉
RPUOMLKLQHJGFDC38DA,26,57.41,住家用,鋼筋混凝土造,88年1月14日,十六層,二層 陽台,全筆移轉
RPUOMLTJRHJGFDC56DA,27,53.01,住家用,鋼筋混凝土造,86年5月8日,十一層,九層 陽台 花台 雨遮,全筆移轉
RPUOMLKLQHJGFDC38DA,26,9.37,共用部份,鋼筋混凝土造,88年1月14日,十六層,,持分移轉
RPPPMLTJRHJGFDC78DA,1,59.72,集合住宅,鋼筋混凝土造,112年6月2日,十二層,七層 陽台,全筆移轉
RPUOMLKLQHJGFDC38DA,26,3.39,共用部份,鋼筋混凝土造,88年1月14日,十六層,,持分移轉
RPUOMLTJRHJGFDC56DA,27,12.38,共用部份,鋼筋混凝土造,86年5月8日,十一層,,持分移轉
RPPPMLTJRHJGFDC78DA,1,16.18,本建物共有部分之項目有大廳、排煙室、客梯兼行動不便者使用、緊急昇降機、無障礙戶外安全梯、安全梯、健身房、梯廳、無障礙安全梯、管委會使用空間、交誼廳、兒童遊戲區、圖書（會議）室、台電電錶間、台電配電室、受電箱、機車停車位、機房、排風機房、發電機房、垃圾暫存間、臨停車位（編號８９）、進氣機房、蓄水池、汙水機房、消防泵浦室等２６項。,鋼筋混凝土造,112年6月2日,十二層,,持分移轉
RPUOMLKLQHJGFDC38DA,26,1.41,共用部份,鋼筋混凝土造,88年1月14日,十六層,,持分移轉
RPUOMLKLQHJGFDC38DA,26,.69,共用部份,鋼筋混凝土造,88年1月14日,十六層,,持分移轉
RPPPMLTJRHJGFDC78DA,1,16.50,本建物共有部分之項目有梯廳、消防、排煙室、客梯兼行動不便者使用、緊急昇降機、無障礙戶外安全梯、安全梯、給水、電氣、樓梯間、電梯機房、自來水水箱等１２項。,鋼筋混凝土造,112年6月2日,十二層,,持分移轉
RPUOMLTJRHJGFDC56DA,27,.59,共用部份,鋼筋混凝土造,86年5月8日,十一層,,持分移轉
RPPPMLTJRHJGFDC78DA,1,29.59,本建物共有部分項目有防空避難室兼停車空間、停車空間、車道等３項。,鋼筋混凝土造,112年6月2日,十二層,,持分移轉
RPTOMLRKPHJGFDC78DA,29,1.66,共用部份,鋼筋混凝土造,84年5月4日,十七層,,持分移轉
RPUOMLTJRHJGFDC56DA,27,20.77,共用部份,鋼筋混凝土造,86年5月8日,十一層,,持分移轉
RPTOMLRKPHJGFDC78DA,29,93.61,住家用,鋼筋混凝土造,84年5月4日,十七層,十一層 陽台 雨遮,全筆移轉
RPWNMLMJRHJGFDC58DA,49,83.56,住家用,鋼筋混凝土加強磚造,65年1月16日,四層,四層,全筆移轉
RPROMLNKQHJGFDC28DA,,121.04,集合住宅,鋼筋混凝土造,113年4月9日,七層,三層 四層 陽台,全筆移轉
RPROMLNKQHJGFDC28DA,,.15,辦公室,鋼筋混凝土造,113年4月9日,七層,地下二層,持分移轉
RPQOMLTJRHJGFDC78DA,48,73.91,住家用,鋼筋混凝土加強磚造,65年3月20日,四層,三層,全筆移轉
RPROMLNKQHJGFDC28DA,,44.24,本共有部分之項目有管委會使用空間、無障礙電梯、無障礙樓梯、梯廳、樓梯間、水箱、機械室、台電配電場所、汽車昇降機、電信室、發電機室、垃圾儲藏室、消防泵浦室、防空避難室兼停車空間等１４項。,鋼筋混凝土造,113年4月9日,七層,,持分移轉
RPROMLNKQHJGFDC28DA,,68.89,本共有部分之項目有管委會使用空間、無障礙電梯、無障礙樓梯、梯廳、樓梯間、水箱、機械室、台電配電場所、汽車昇降機、電信室、發電機室、垃圾儲藏室、消防泵浦室、防空避難室兼停車空間等１４項。,鋼筋混凝土造,113年4月9日,七層,,持分移轉
RPVPMLQKPHJGFDC98DA,44,72.41,住家用,鋼筋混凝土造,69年5月6日,五層,五層,全筆移轉
RPPNMLKKRHJGFDC77DA,,56.42,集合住宅,鋼筋混凝土造,113年1月16日,二十二層,八層 陽台 雨遮,全筆移轉
RPPNMLKKRHJGFDC77DA,,44.76,本建物共有部分之項目有防災中心．安全梯．緊急升降機．梯廳．排風管道．門廊．排煙室．儲藏室．管委會管理空間．機電設備空間．無障礙樓梯．管道間．樓梯間．電梯間．消防水箱．自來水箱．台電配電場所．停車空間．防空避難室兼停車空間．垃圾儲藏室．門廳．台電管道間．自來水池．陽台．雨遮．中繼消防水箱等共２６項。,鋼筋混凝土造,113年1月16日,二十二層,,持分移轉
RPXRMLNJRHJGFDC56DA,41,84.31,住家用,鋼筋混凝土造,72年11月25日,四層,二層 陽台,全筆移轉
RPXOMLLMPHJGFDC78DA,30,82.21,住家用,鋼筋混凝土造,83年10月15日,五層,一層 平台,全筆移轉
RPUNMLLKQHJGFDC28DA,27,112.74,住家用,鋼筋混凝土造,86年7月18日,七層,五層 陽台,全筆移轉
RPUNMLLKQHJGFDC28DA,27,19.16,共用部份,鋼筋混凝土造,86年7月18日,七層,,持分移轉
RPXOMLLMPHJGFDC78DA,30,2.36,共用部份,鋼筋混凝土造,83年10月15日,五層,,持分移轉
RPXOMLLMPHJGFDC78DA,30,7.86,共用部份,鋼筋混凝土造,83年10月15日,五層,,持分移轉
RPOPMLTKQHJGFDC68DA,31,91.15,住家用,鋼筋混凝土造,82年6月18日,十五層,十一層 陽台 花台,全筆移轉
RPOPMLTKQHJGFDC68DA,31,37.58,停車場,鋼筋混凝土造,82年6月18日,十五層,地下二層,持分移轉
RPOPMLTKQHJGFDC68DA,31,20.17,共用部份,鋼筋混凝土造,82年6月18日,十五層,,持分移轉
RPROMLKLQHJGFDC08DA,29,102.74,集合住宅,鋼筋混凝土造,85年1月20日,十六層,九層 陽台,全筆移轉
RPPOMLLKRHJGFDC97DA,42,73.72,住家用,鋼筋混凝土造,71年5月20日,四層,四層 陽台,全筆移轉
RPROMLKLQHJGFDC08DA,29,17.07,共用部份,鋼筋混凝土造,85年1月20日,十六層,,持分移轉
RPUOMLKMPHJGFDC38DA,29,129.80,住家用,鋼筋混凝土造,84年8月21日,七層,四層 陽台 雨遮,全筆移轉
RPROMLKLQHJGFDC08DA,29,15.47,共用部份,鋼筋混凝土造,85年1月20日,十六層,,持分移轉
RPUOMLKMPHJGFDC38DA,29,2.20,共用部份,鋼筋混凝土造,84年8月21日,七層,,持分移轉
RPUOMLKMPHJGFDC38DA,29,4.27,共用部份,鋼筋混凝土造,84年8月21日,七層,,持分移轉
RPUOMLKMPHJGFDC38DA,29,11.79,共用部份,鋼筋混凝土造,84年8月21日,七層,,持分移轉
RPTOMLMLPHJGFDC38DA,16,.02,住家用,鋼筋混凝土造,97年12月26日,六層,六層 陽台,持分移轉
RPOOMLPJRHJGFDC18DA,5,74.68,集合住宅,鋼筋混凝土造,108年2月12日,十四層,十四層 陽台 雨遮,全筆移轉
RPSOMLQJQHJGFDC58DA,27,.89,共用部份,鋼筋混凝土造,86年5月8日,十一層,,持分移轉
RPOOMLPJRHJGFDC18DA,5,13.54,本共有部分之項目有樓電梯間、梯廳、樓梯間、設備室、機械室及水箱等六項,鋼筋混凝土造,108年2月12日,十四層,,持分移轉
RPSOMLQJQHJGFDC58DA,27,40.20,住家用,鋼筋混凝土造,86年5月8日,十一層,五層 陽台 雨遮,全筆移轉
RPSOMLQJQHJGFDC58DA,27,8.12,共用部份,鋼筋混凝土造,86年5月8日,十一層,,持分移轉
RPTOMLMLPHJGFDC38DA,16,.76,共用部份,鋼筋混凝土造,97年12月26日,六層,,持分移轉
RPOOMLPJRHJGFDC18DA,5,37.32,本共有部分之項目有車道、住宅門廳、排煙室兼梯廳、樓電梯間、陽台、防空避難室兼停車空間、受電箱、安全梯、台電配電場所、電信室、機房、儲藏室、機械設備室、機械室、排煙室、樓梯間、貯藏室、管委會使用空間、門廳及住宅挑高門廳等二十項,鋼筋混凝土造,108年2月12日,十四層,,持分移轉
RPSOMLQJQHJGFDC58DA,27,.45,共用部份,鋼筋混凝土造,86年5月8日,十一層,,持分移轉
RPTOMLMLPHJGFDC38DA,15,.01,一般事務所,鋼筋混凝土造,98年2月9日,六層,地下一層,持分移轉
RPSOMLQJQHJGFDC58DA,27,20.77,共用部份,鋼筋混凝土造,86年5月8日,十一層,,持分移轉
RPTOMLMLPHJGFDC38DA,15,.10,共用部份,鋼筋混凝土造,98年2月9日,六層,,持分移轉
RPTOMLMLPHJGFDC38DA,15,.17,住家用,鋼筋混凝土造,98年6月29日,六層,一層 雨遮,持分移轉
RPTOMLMLPHJGFDC38DA,15,87.57,住家用,鋼筋混凝土造,98年6月29日,六層,三層 陽台 雨遮,全筆移轉
RPSOMLMKRHJGFDC38DA,46,67.38,住家用,鋼筋混凝土造,67年12月13日,五層,三層 陽台,全筆移轉
RPTOMLMLPHJGFDC38DA,15,11.42,共用部份,鋼筋混凝土造,98年6月29日,六層,,持分移轉
RPTOMLMLPHJGFDC38DA,15,22.45,共用部份,鋼筋混凝土造,98年6月29日,六層,,持分移轉
RPTOMLMLPHJGFDC38DA,15,20.11,共用部份,鋼筋混凝土造,98年6月29日,六層,,持分移轉
RPXOMLMKRHJGFDC88DA,42,89.79,住家用,鋼筋混凝土造,71年9月11日,五層,五層 陽台,全筆移轉
RPRNMLNKRHJGFDC28DA,27,106.74,住家用,鋼筋混凝土造,86年7月18日,七層,七層 陽台,全筆移轉
RPRNMLNKRHJGFDC28DA,27,18.14,共用部份,鋼筋混凝土造,86年7月18日,七層,,持分移轉
RPSNMLPJRHJGFDC58EA,32,1.74,共用部份,鋼筋混凝土造,82年1月11日,十二層,,持分移轉
RPSNMLPJRHJGFDC58EA,32,4.32,共用部份,鋼筋混凝土造,82年1月11日,十二層,,持分移轉
RPUNMLNKRHJGFDC58DA,46,47.08,住家用,鋼筋混凝土造,67年8月31日,四層,二層 陽台,全筆移轉
RPSNMLPJRHJGFDC58EA,32,5.60,商業用,鋼筋混凝土造,82年1月11日,十二層,地下一層,持分移轉
RPSNMLPJRHJGFDC58EA,32,5.60,防空避難室,鋼筋混凝土造,82年1月11日,十二層,地下二層,持分移轉
RPSNMLPJRHJGFDC58EA,32,23.69,住家用,鋼筋混凝土造,82年1月11日,十二層,八層 花台,全筆移轉
RPSNMLPJRHJGFDC58EA,32,1.98,共用部份,鋼筋混凝土造,82年1月11日,十二層,,持分移轉
RPQNMLLKRHJGFDC97DA,29,97.76,住家用,鋼筋混凝土造,84年5月12日,五層,三層 陽台,全筆移轉
RPQNMLLKRHJGFDC97DA,29,12.31,共用部份,鋼筋混凝土造,84年5月12日,五層,,持分移轉
RPPNMLPJRHJGFDC18DA,51,69.18,住家用,加強磚造,62年8月17日,二層,一層,全筆移轉
RPXNMLTJRHJGFDC76DA,,134.17,店鋪,鋼筋混凝土造,113年1月16日,十三層,一層,全筆移轉
RPXNMLTJRHJGFDC76DA,,101.48,本建物共有部分之項目有防災中心．安全梯．緊急升降機．梯廳．排風管道．門廊．排煙室．儲藏室．管委會管理空間．機電設備空間．無障礙樓梯．管道間．樓梯間．電梯間．消防水箱．自來水箱．台電配電場所．停車空間．防空避難室兼停車空間．垃圾儲藏室．門廳．台電管道間．自來水池．陽台．雨遮．中繼消防水箱等共２６項。,鋼筋混凝土造,113年1月16日,二十二層,,持分移轉
RPXNMLMKRHJGFDC78DA,16,259.24,一至五層：住宅，突出物一層：樓梯間。,鋼筋混凝土造,97年9月22日,五層,一層 二層 三層 四層 五層 陽台 見其他登記事項,全筆移轉
RPXNMLMKRHJGFDC78DA,16,2.17,共用部份,鋼筋混凝土造,97年9月22日,五層,,持分移轉
RPVOMLNKRHJGFDC78DA,7,83.80,集合住宅,鋼筋混凝土造,106年11月9日,十層,九層 陽台 雨遮,全筆移轉
RPVOMLNKRHJGFDC78DA,7,66.61,本共有部分之項目有防空避難室兼停車空間、台電配電室、梯廳、排煙室、昇降機、信箱區、公共陽台、泳池、泳池水箱、安全梯、水箱、機房、雨水機房、消防機房、供行動不便者使用樓梯、發電機室、垃圾儲藏室、電信機房、停車空間、供管委會使用空間、供行動不便者使用電梯、門廊、男廁、女廁、梯間、消防水箱及陽台等二十七項,鋼筋混凝土造,106年11月9日,十層,,持分移轉
RPWNMLRKPHJGFDC98DA,29,3.37,壹層：辦公室．超級市場；貳層至肆層：辦公室,鋼筋混凝土造,84年1月17日,四層,一層 二層 三層 四層 陽台 水箱 電梯樓梯間 停車場 機械房 露台 地下二層,持分移轉
RPWNMLRKPHJGFDC98DA,27,88.28,住家用,鋼筋混凝土造,86年4月1日,五層,五層 陽台,全筆移轉
RPWNMLRKPHJGFDC98DA,27,17.05,共用部份,鋼筋混凝土造,86年4月1日,五層,,持分移轉
RPTNMLMKRHJGFDC38DA,24,87.42,住家用,鋼筋混凝土造,89年3月13日,九層,六層 陽台 雨遮,全筆移轉
RPTNMLMKRHJGFDC38DA,24,58.61,共用部份,鋼筋混凝土造,89年3月13日,九層,,持分移轉
RPUOMLNKRHJGFDC68DA,32,95.34,住家用,鋼筋混凝土造,81年11月6日,四層,二層 陽台,全筆移轉
RPUOMLNKRHJGFDC68DA,32,2.45,共用部份,鋼筋混凝土造,81年11月6日,四層,,持分移轉
RPQNMLRKRHJGFDC58DA,62,116.73,商業用,加強磚造,51年10月0日,三層,一層 二層 三層 騎樓,全筆移轉
RPQOMLQKRHJGFDC58DA,41,90.47,住家用,鋼筋混凝土造,72年7月29日,五層,五層 陽台,全筆移轉
RPPNMLQJPHJGFDC08DA,1,241.39,第一層：停車空間　第二至四層：住宅　突出物一至二層：樓梯間　,鋼筋混凝土造,111年12月22日,四層,一層 二層 三層 四層 陽台 見其他登記事項,全筆移轉
RPROMLMKQHJGFDC18DA,9,234.24,第一至五層：集合住宅　突出物一層：水箱,鋼筋混凝土造,104年3月3日,五層,一層 二層 三層 四層 五層 陽台 屋頂突出物 雨遮,全筆移轉
RPTNMLTJRHJGFDC98DA,27,71.69,住家用,鋼筋混凝土造,86年11月21日,十七層,一層 平台 花台,全筆移轉
RPROMLMKQHJGFDC18DA,2,.09,本建物共有部分之項目有管理中心１項。,鋼筋混凝土造,111年7月8日,一層,,持分移轉
RPTNMLTJRHJGFDC98DA,27,12.34,共用部份,鋼筋混凝土造,86年11月21日,十七層,,持分移轉
RPTNMLTJRHJGFDC98DA,27,6.20,共用部份,鋼筋混凝土造,86年11月21日,二十一層,,持分移轉
RPRNMLKKRHJGFDC97DA,34,109.62,住家用,鋼筋混凝土造,79年3月8日,一層,一層 平台,全筆移轉
RPRNMLKKRHJGFDC97DA,34,25.94,共用部份,鋼筋混凝土造,79年3月8日,一層,,持分移轉
RPROMLMKQHJGFDC18DA,2,1.21,本建物共有部分之項目有汙水處理設備、發電機房等共２項。,鋼筋混凝土造,111年7月8日,一層,,持分移轉
RPROMLMKQHJGFDC18DA,2,3.23,本建物共有部分之項目有社區中心、樓梯間等共２項。,鋼筋混凝土造,111年7月8日,一層,,持分移轉
RPTNMLKKRHJGFDC18DA,28,42.60,住家用,鋼筋混凝土造,85年11月29日,二十三層,十一層 陽台,全筆移轉
RPTNMLKKRHJGFDC18DA,28,5.62,共用部份,鋼筋混凝土造,85年11月29日,二十三層,,持分移轉
RPTNMLKKRHJGFDC18DA,28,2.17,共用部份,鋼筋混凝土造,85年11月29日,二十三層,,持分移轉
RPTNMLKKRHJGFDC18DA,28,3.35,共用部份,鋼筋混凝土造,85年11月29日,二十三層,,持分移轉
RPXNMLPJRHJGFDC98DA,42,66.80,住商用,鋼筋混凝土造,70年12月30日,五層,一層 防空避難室 騎樓,全筆移轉
RPXNMLPJRHJGFDC98DA,42,10.02,共用部份,鋼筋混凝土造,70年12月30日,五層,,持分移轉
RPQNMLLKQHJGFDC87DA,4,86.55,集合住宅,鋼筋混凝土造,109年5月13日,九層,二層 陽台 雨遮,全筆移轉
RPQNMLLKQHJGFDC87DA,4,16.37,本共有部分之項目有電梯間、樓電梯間、梯廳、樓梯間、電梯機房及水箱等六項,鋼筋混凝土造,109年5月13日,九層,,持分移轉
RPQNMLLKQHJGFDC87DA,4,58.53,本共有部分之項目有樓梯間、幫浦室、水箱、管理員室、管委會使用空間、排風機、停車空間、景觀機房、資源回收室、安全梯、電梯間、配電室、車道、防空避難室兼停車空間、消防泵浦室、機車停車空間、緊急發電機室、陽台、電信室、走道及受電箱區等二十一項,鋼筋混凝土造,109年5月13日,九層,,持分移轉
RPSNMLLKRHJGFDC18DA,51,92.57,住家用,鋼筋混凝土造,62年8月15日,四層,四層 陽台,全筆移轉
RPQNMLMKRHJGFDC08DA,2,53.47,集合住宅,鋼筋混凝土造,111年12月1日,十五層,十五層 陽台 雨遮,全筆移轉
RPQNMLMKRHJGFDC08DA,2,55.78,本建物共有部分之項目有停車空間．機電設備空間．無障礙電梯．排煙室．自來水池．防空避難室兼停車空間．台電配電場所．垃圾儲藏室．梯廳．外廊．門廊．陽台．管委會管理空間．游泳池．安全梯．管道間．消防水箱．自來水箱．樓梯間等共１９項。,鋼筋混凝土造,111年12月1日,十五層,,持分移轉
RPTNMLTLQHJGFDC09DA,28,72.24,辦公室,鋼筋混凝土造,85年9月26日,七層,二層 陽台 夾層,全筆移轉
RPTNMLTLQHJGFDC09DA,28,14.94,共用部份,鋼筋混凝土造,85年9月26日,七層,,持分移轉
RPTNMLTLQHJGFDC09DA,28,5.70,共用部份,鋼筋混凝土造,85年9月26日,七層,,持分移轉
RPTOMLNKRHJGFDC58DA,44,82.29,住家用,鋼筋混凝土造,69年3月8日,五層,四層 陽台,全筆移轉
RPOQMLSLQHJGFDC78DA,,39.88,集合住宅,鋼筋混凝土造,113年1月16日,二十二層,二層 陽台,全筆移轉
RPOQMLSLQHJGFDC78DA,,51.00,本建物共有部分之項目有防災中心．安全梯．緊急升降機．梯廳．排風管道．門廊．排煙室．儲藏室．管委會管理空間．機電設備空間．無障礙樓梯．管道間．樓梯間．電梯間．消防水箱．自來水箱．台電配電場所．停車空間．防空避難室兼停車空間．垃圾儲藏室．門廳．台電管道間．自來水池．陽台．雨遮．中繼消防水箱等共２６項。,鋼筋混凝土造,113年1月16日,二十二層,,持分移轉
RPSOMLNLQHJGFDC48DA,7,62.91,集合住宅,鋼筋混凝土造,106年11月9日,十層,五層 陽台 雨遮,全筆移轉
RPSOMLNLQHJGFDC48DA,7,54.01,本共有部分之項目有防空避難室兼停車空間、台電配電室、梯廳、排煙室、昇降機、信箱區、公共陽台、泳池、泳池水箱、安全梯、水箱、機房、雨水機房、消防機房、供行動不便者使用樓梯、發電機室、垃圾儲藏室、電信機房、停車空間、供管委會使用空間、供行動不便者使用電梯、門廊、男廁、女廁、梯間、消防水箱及陽台等二十七項,鋼筋混凝土造,106年11月9日,十層,,持分移轉
RPWOMLTJRHJGFDC76DA,58,127.80,住家用,加強磚造,55年3月28日,三層,一層 二層 三層 騎樓,全筆移轉
RPSOMLKKRHJGFDC18DA,,55.63,集合住宅,鋼筋混凝土造,113年1月16日,十三層,十二層 陽台 雨遮,全筆移轉
RPSOMLKKRHJGFDC18DA,,59.33,本建物共有部分之項目有防災中心．安全梯．緊急升降機．梯廳．排風管道．門廊．排煙室．儲藏室．管委會管理空間．機電設備空間．無障礙樓梯．管道間．樓梯間．電梯間．消防水箱．自來水箱．台電配電場所．停車空間．防空避難室兼停車空間．垃圾儲藏室．門廳．台電管道間．自來水池．陽台．雨遮．中繼消防水箱等共２６項。,鋼筋混凝土造,113年1月16日,二十二層,,持分移轉
RPXNMLOJRHJGFDC88DA,,26.10,,木造,,一層,一層,全筆移轉
RPQQMLSLQHJGFDC98DA,,153.04,店鋪,鋼筋混凝土造,113年1月16日,十三層,一層,全筆移轉
RPQQMLSLQHJGFDC98DA,,111.37,本建物共有部分之項目有防災中心．安全梯．緊急升降機．梯廳．排風管道．門廊．排煙室．儲藏室．管委會管理空間．機電設備空間．無障礙樓梯．管道間．樓梯間．電梯間．消防水箱．自來水箱．台電配電場所．停車空間．防空避難室兼停車空間．垃圾儲藏室．門廳．台電管道間．自來水池．陽台．雨遮．中繼消防水箱等共２６項。,鋼筋混凝土造,113年1月16日,二十二層,,持分移轉
RPRNMLTJRHJGFDC78DA,29,99.74,住家用,鋼筋混凝土造,84年8月21日,九層,五層 陽台 花台,全筆移轉
RPRNMLTJRHJGFDC78DA,29,18.60,共用部份,鋼筋混凝土造,84年8月21日,九層,,持分移轉
RPUPMLSLQHJGFDC66DA,,57.44,集合住宅,鋼筋混凝土造,113年1月16日,二十二層,四層 陽台 雨遮,全筆移轉
RPUPMLSLQHJGFDC66DA,,60.37,本建物共有部分之項目有防災中心．安全梯．緊急升降機．梯廳．排風管道．門廊．排煙室．儲藏室．管委會管理空間．機電設備空間．無障礙樓梯．管道間．樓梯間．電梯間．消防水箱．自來水箱．台電配電場所．停車空間．防空避難室兼停車空間．垃圾儲藏室．門廳．台電管道間．自來水池．陽台．雨遮．中繼消防水箱等共２６項。,鋼筋混凝土造,113年1月16日,二十二層,,持分移轉
RPOOMLKMQHJGFDC87DA,,57.22,集合住宅,鋼筋混凝土造,113年1月16日,二十二層,二十層 陽台 雨遮,全筆移轉
RPTPMLSLQHJGFDC56DA,,55.86,集合住宅,鋼筋混凝土造,113年1月16日,二十二層,十九層 陽台 雨遮,全筆移轉
RPOOMLKMQHJGFDC87DA,,60.37,本建物共有部分之項目有防災中心．安全梯．緊急升降機．梯廳．排風管道．門廊．排煙室．儲藏室．管委會管理空間．機電設備空間．無障礙樓梯．管道間．樓梯間．電梯間．消防水箱．自來水箱．台電配電場所．停車空間．防空避難室兼停車空間．垃圾儲藏室．門廳．台電管道間．自來水池．陽台．雨遮．中繼消防水箱等共２６項。,鋼筋混凝土造,113年1月16日,二十二層,,持分移轉
RPTPMLSLQHJGFDC56DA,,59.33,本建物共有部分之項目有防災中心．安全梯．緊急升降機．梯廳．排風管道．門廊．排煙室．儲藏室．管委會管理空間．機電設備空間．無障礙樓梯．管道間．樓梯間．電梯間．消防水箱．自來水箱．台電配電場所．停車空間．防空避難室兼停車空間．垃圾儲藏室．門廳．台電管道間．自來水池．陽台．雨遮．中繼消防水箱等共２６項。,鋼筋混凝土造,113年1月16日,二十二層,,持分移轉
RPPQMLSLQHJGFDC88DA,,87.60,集合住宅,鋼筋混凝土造,113年1月16日,十三層,十三層 陽台 雨遮,全筆移轉
RPPQMLSLQHJGFDC88DA,,76.50,本建物共有部分之項目有防災中心．安全梯．緊急升降機．梯廳．排風管道．門廊．排煙室．儲藏室．管委會管理空間．機電設備空間．無障礙樓梯．管道間．樓梯間．電梯間．消防水箱．自來水箱．台電配電場所．停車空間．防空避難室兼停車空間．垃圾儲藏室．門廳．台電管道間．自來水池．陽台．雨遮．中繼消防水箱等共２６項。,鋼筋混凝土造,113年1月16日,二十二層,,持分移轉
RPSOMLSLQHJGFDC98DA,,78.93,集合住宅,鋼筋混凝土造,113年1月16日,二十二層,二層 陽台 雨遮,全筆移轉
RPSOMLSLQHJGFDC98DA,,71.82,本建物共有部分之項目有防災中心．安全梯．緊急升降機．梯廳．排風管道．門廊．排煙室．儲藏室．管委會管理空間．機電設備空間．無障礙樓梯．管道間．樓梯間．電梯間．消防水箱．自來水箱．台電配電場所．停車空間．防空避難室兼停車空間．垃圾儲藏室．門廳．台電管道間．自來水池．陽台．雨遮．中繼消防水箱等共２６項。,鋼筋混凝土造,113年1月16日,二十二層,,持分移轉
RPQOMLSLQHJGFDC78DA,,54.75,集合住宅,鋼筋混凝土造,113年1月16日,十三層,四層 陽台 雨遮,全筆移轉
RPWOMLSLQHJGFDC76DA,,56.87,集合住宅,鋼筋混凝土造,113年1月16日,二十二層,十四層 陽台 雨遮,全筆移轉
RPQOMLSLQHJGFDC78DA,,58.81,本建物共有部分之項目有防災中心．安全梯．緊急升降機．梯廳．排風管道．門廊．排煙室．儲藏室．管委會管理空間．機電設備空間．無障礙樓梯．管道間．樓梯間．電梯間．消防水箱．自來水箱．台電配電場所．停車空間．防空避難室兼停車空間．垃圾儲藏室．門廳．台電管道間．自來水池．陽台．雨遮．中繼消防水箱等共２６項。,鋼筋混凝土造,113年1月16日,二十二層,,持分移轉
RPWOMLSLQHJGFDC76DA,,59.85,本建物共有部分之項目有防災中心．安全梯．緊急升降機．梯廳．排風管道．門廊．排煙室．儲藏室．管委會管理空間．機電設備空間．無障礙樓梯．管道間．樓梯間．電梯間．消防水箱．自來水箱．台電配電場所．停車空間．防空避難室兼停車空間．垃圾儲藏室．門廳．台電管道間．自來水池．陽台．雨遮．中繼消防水箱等共２６項。,鋼筋混凝土造,113年1月16日,二十二層,,持分移轉
RPRPMLSLQHJGFDC98DA,,81.75,集合住宅,鋼筋混凝土造,113年1月16日,十三層,二層 陽台 雨遮,全筆移轉
RPRPMLSLQHJGFDC98DA,,73.38,本建物共有部分之項目有防災中心．安全梯．緊急升降機．梯廳．排風管道．門廊．排煙室．儲藏室．管委會管理空間．機電設備空間．無障礙樓梯．管道間．樓梯間．電梯間．消防水箱．自來水箱．台電配電場所．停車空間．防空避難室兼停車空間．垃圾儲藏室．門廳．台電管道間．自來水池．陽台．雨遮．中繼消防水箱等共２６項。,鋼筋混凝土造,113年1月16日,二十二層,,持分移轉
RPSPMLSLQHJGFDC09DA,,56.87,集合住宅,鋼筋混凝土造,113年1月16日,二十二層,十四層 陽台 雨遮,全筆移轉
RPOPMLSLQHJGFDC68DA,,52.38,集合住宅,鋼筋混凝土造,113年1月16日,十三層,三層 陽台 雨遮,全筆移轉
RPSPMLSLQHJGFDC09DA,,59.85,本建物共有部分之項目有防災中心．安全梯．緊急升降機．梯廳．排風管道．門廊．排煙室．儲藏室．管委會管理空間．機電設備空間．無障礙樓梯．管道間．樓梯間．電梯間．消防水箱．自來水箱．台電配電場所．停車空間．防空避難室兼停車空間．垃圾儲藏室．門廳．台電管道間．自來水池．陽台．雨遮．中繼消防水箱等共２６項。,鋼筋混凝土造,113年1月16日,二十二層,,持分移轉
RPOPMLSLQHJGFDC68DA,,42.67,本建物共有部分之項目有防災中心．安全梯．緊急升降機．梯廳．排風管道．門廊．排煙室．儲藏室．管委會管理空間．機電設備空間．無障礙樓梯．管道間．樓梯間．電梯間．消防水箱．自來水箱．台電配電場所．停車空間．防空避難室兼停車空間．垃圾儲藏室．門廳．台電管道間．自來水池．陽台．雨遮．中繼消防水箱等共２６項。,鋼筋混凝土造,113年1月16日,二十二層,,持分移轉
RPXPMLSLQHJGFDC96DA,,56.81,集合住宅,鋼筋混凝土造,113年1月16日,二十二層,二十層 陽台 雨遮,全筆移轉
RPXPMLSLQHJGFDC96DA,,59.85,本建物共有部分之項目有防災中心．安全梯．緊急升降機．梯廳．排風管道．門廊．排煙室．儲藏室．管委會管理空間．機電設備空間．無障礙樓梯．管道間．樓梯間．電梯間．消防水箱．自來水箱．台電配電場所．停車空間．防空避難室兼停車空間．垃圾儲藏室．門廳．台電管道間．自來水池．陽台．雨遮．中繼消防水箱等共２６項。,鋼筋混凝土造,113年1月16日,二十二層,,持分移轉
RPPOMLSLQHJGFDC68DA,,55.31,集合住宅,鋼筋混凝土造,113年1月16日,十三層,十二層 陽台 雨遮,全筆移轉
RPPOMLSLQHJGFDC68DA,,59.33,本建物共有部分之項目有防災中心．安全梯．緊急升降機．梯廳．排風管道．門廊．排煙室．儲藏室．管委會管理空間．機電設備空間．無障礙樓梯．管道間．樓梯間．電梯間．消防水箱．自來水箱．台電配電場所．停車空間．防空避難室兼停車空間．垃圾儲藏室．門廳．台電管道間．自來水池．陽台．雨遮．中繼消防水箱等共２６項。,鋼筋混凝土造,113年1月16日,二十二層,,持分移轉
RPOOMLTJRHJGFDC58DA,,117.30,店鋪,鋼筋混凝土造,113年1月16日,十三層,一層,全筆移轉
RPOOMLTJRHJGFDC58DA,,92.11,本建物共有部分之項目有防災中心．安全梯．緊急升降機．梯廳．排風管道．門廊．排煙室．儲藏室．管委會管理空間．機電設備空間．無障礙樓梯．管道間．樓梯間．電梯間．消防水箱．自來水箱．台電配電場所．停車空間．防空避難室兼停車空間．垃圾儲藏室．門廳．台電管道間．自來水池．陽台．雨遮．中繼消防水箱等共２６項。,鋼筋混凝土造,113年1月16日,二十二層,,持分移轉
RPPPMLSLQHJGFDC78DA,,57.22,集合住宅,鋼筋混凝土造,113年1月16日,二十二層,十七層 陽台 雨遮,全筆移轉
RPPPMLSLQHJGFDC78DA,,60.37,本建物共有部分之項目有防災中心．安全梯．緊急升降機．梯廳．排風管道．門廊．排煙室．儲藏室．管委會管理空間．機電設備空間．無障礙樓梯．管道間．樓梯間．電梯間．消防水箱．自來水箱．台電配電場所．停車空間．防空避難室兼停車空間．垃圾儲藏室．門廳．台電管道間．自來水池．陽台．雨遮．中繼消防水箱等共２６項。,鋼筋混凝土造,113年1月16日,二十二層,,持分移轉
RPWNMLTJRHJGFDC66DA,,52.95,集合住宅,鋼筋混凝土造,113年1月16日,十三層,十層 陽台 雨遮,全筆移轉
RPWNMLTJRHJGFDC66DA,,28.10,本建物共有部分之項目有防災中心．安全梯．緊急升降機．梯廳．排風管道．門廊．排煙室．儲藏室．管委會管理空間．機電設備空間．無障礙樓梯．管道間．樓梯間．電梯間．消防水箱．自來水箱．台電配電場所．停車空間．防空避難室兼停車空間．垃圾儲藏室．門廳．台電管道間．自來水池．陽台．雨遮．中繼消防水箱等共２６項。,鋼筋混凝土造,113年1月16日,二十二層,,持分移轉
RPVPMLSLQHJGFDC76DA,,55.48,集合住宅,鋼筋混凝土造,113年1月16日,二十二層,六層 陽台 雨遮,全筆移轉
RPVPMLSLQHJGFDC76DA,,59.33,本建物共有部分之項目有防災中心．安全梯．緊急升降機．梯廳．排風管道．門廊．排煙室．儲藏室．管委會管理空間．機電設備空間．無障礙樓梯．管道間．樓梯間．電梯間．消防水箱．自來水箱．台電配電場所．停車空間．防空避難室兼停車空間．垃圾儲藏室．門廳．台電管道間．自來水池．陽台．雨遮．中繼消防水箱等共２６項。,鋼筋混凝土造,113年1月16日,二十二層,,持分移轉
RPROMLSLQHJGFDC88DA,,52.95,集合住宅,鋼筋混凝土造,113年1月16日,十三層,十一層 陽台 雨遮,全筆移轉
RPROMLSLQHJGFDC88DA,,28.10,本建物共有部分之項目有防災中心．安全梯．緊急升降機．梯廳．排風管道．門廊．排煙室．儲藏室．管委會管理空間．機電設備空間．無障礙樓梯．管道間．樓梯間．電梯間．消防水箱．自來水箱．台電配電場所．停車空間．防空避難室兼停車空間．垃圾儲藏室．門廳．台電管道間．自來水池．陽台．雨遮．中繼消防水箱等共２６項。,鋼筋混凝土造,113年1月16日,二十二層,,持分移轉
RPTOMLSLQHJGFDC09DA,,76.46,集合住宅,鋼筋混凝土造,113年1月16日,十三層,十三層 陽台 雨遮,全筆移轉
RPTOMLSLQHJGFDC09DA,,70.26,本建物共有部分之項目有防災中心．安全梯．緊急升降機．梯廳．排風管道．門廊．排煙室．儲藏室．管委會管理空間．機電設備空間．無障礙樓梯．管道間．樓梯間．電梯間．消防水箱．自來水箱．台電配電場所．停車空間．防空避難室兼停車空間．垃圾儲藏室．門廳．台電管道間．自來水池．陽台．雨遮．中繼消防水箱等共２６項。,鋼筋混凝土造,113年1月16日,二十二層,,持分移轉
RPWPMLSLQHJGFDC86DA,,56.23,集合住宅,鋼筋混凝土造,113年1月16日,十三層,十一層 陽台 雨遮,全筆移轉
RPWPMLSLQHJGFDC86DA,,59.85,本建物共有部分之項目有防災中心．安全梯．緊急升降機．梯廳．排風管道．門廊．排煙室．儲藏室．管委會管理空間．機電設備空間．無障礙樓梯．管道間．樓梯間．電梯間．消防水箱．自來水箱．台電配電場所．停車空間．防空避難室兼停車空間．垃圾儲藏室．門廳．台電管道間．自來水池．陽台．雨遮．中繼消防水箱等共２６項。,鋼筋混凝土造,113年1月16日,二十二層,,持分移轉
RPVOMLSLQHJGFDC66DA,,53.54,集合住宅,鋼筋混凝土造,113年1月16日,十三層,五層 陽台 雨遮,全筆移轉
RPVOMLSLQHJGFDC66DA,,58.29,本建物共有部分之項目有防災中心．安全梯．緊急升降機．梯廳．排風管道．門廊．排煙室．儲藏室．管委會管理空間．機電設備空間．無障礙樓梯．管道間．樓梯間．電梯間．消防水箱．自來水箱．台電配電場所．停車空間．防空避難室兼停車空間．垃圾儲藏室．門廳．台電管道間．自來水池．陽台．雨遮．中繼消防水箱等共２６項。,鋼筋混凝土造,113年1月16日,二十二層,,持分移轉
RPQPMLSLQHJGFDC88DA,,87.75,集合住宅,鋼筋混凝土造,113年1月16日,十三層,六層 陽台 雨遮,全筆移轉
RPQPMLSLQHJGFDC88DA,,76.50,本建物共有部分之項目有防災中心．安全梯．緊急升降機．梯廳．排風管道．門廊．排煙室．儲藏室．管委會管理空間．機電設備空間．無障礙樓梯．管道間．樓梯間．電梯間．消防水箱．自來水箱．台電配電場所．停車空間．防空避難室兼停車空間．垃圾儲藏室．門廳．台電管道間．自來水池．陽台．雨遮．中繼消防水箱等共２６項。,鋼筋混凝土造,113年1月16日,二十二層,,持分移轉
RPUPMLLLQHJGFDC58DA,25,68.98,住家用,鋼筋混凝土造,86年11月21日,十九層,十七層 陽台,全筆移轉
RPUPMLLLQHJGFDC58DA,25,11.57,共用部份,鋼筋混凝土造,86年11月21日,十九層,,持分移轉
RPUPMLLLQHJGFDC58DA,25,6.08,共用部份,鋼筋混凝土造,86年11月21日,二十一層,,持分移轉
