﻿編號,土地位置,土地移轉面積平方公尺,使用分區或編定,權利人持分分母,權利人持分分子,移轉情形,地號
The serial number, land position,land shifting area square meter,the use zoning or compiles and checks,,,,land parcel
RPQNMLMKQHJGFAD77CB,武聖段,2.79,都市：住,10000,50,持分移轉,25340000
RPQNMLMKQHJGFAD77CB,武聖段,1.32,都市：住,10000,50,持分移轉,25340001
RPQNMLMKQHJGFAD77CB,武聖段,13.73,都市：住,10000,50,持分移轉,25340002
RPQNMLMKQHJGFAD77CB,武聖段,7.31,都市：住,10000,50,持分移轉,25340003
RPPOMLNKQHJGFKD88CB,北極段,18.43,都市：住,100000,955,持分移轉,02950000
RPQNMLNKQHJGFKD88CB,鹽新段,30.74,都市：住,10000,86,持分移轉,00950000
RPQNMLOKQHJGFID78CB,二空段,15.50,都市：住,100000,152,持分移轉,10670000
RPOPMLRKQHJGFBD38CB,鎮安段,19.60,都市：住,100000,930,持分移轉,18080000
RPVNMLOKQHJGFHD56CB,樹王段,103.97,都市：住,1,1,全筆移轉,09750023
RPRNMLNKQHJGFKD98CB,鹽新段,25.74,都市：住,10000,72,持分移轉,00950000
RPSNMLRKQHJGFKD86CB,三村段,4.18,都市：住,10000,99,持分移轉,07850000
RPSNMLRKQHJGFKD86CB,三村段,6.11,都市：住,10000,99,持分移轉,07880000
RPSNMLRKQHJGFKD86CB,三村段,3.07,都市：住,10000,99,持分移轉,07890000
RPSNMLRKQHJGFKD86CB,三村段,.01,都市：住,10000,99,持分移轉,07970000
RPSNMLRKQHJGFKD86CB,三村段,.02,都市：住,10000,99,持分移轉,07970003
RPSNMLRKQHJGFKD86CB,三村段,.02,都市：住,10000,99,持分移轉,07970004
RPSNMLRKQHJGFKD86CB,三村段,1.09,都市：住,10000,99,持分移轉,07990000
RPSNMLRKQHJGFKD86CB,三村段,1.18,都市：住,10000,99,持分移轉,08000000
RPSNMLRKQHJGFKD86CB,三村段,.45,都市：住,10000,99,持分移轉,08010000
RPSNMLRKQHJGFKD86CB,三村段,2.82,都市：住,10000,99,持分移轉,08190000
RPSNMLRKQHJGFKD86CB,三村段,1.95,都市：住,10000,99,持分移轉,08200000
RPSNMLRKQHJGFKD86CB,三村段,.53,都市：住,10000,99,持分移轉,08210000
RPQNMLSKQHJGFHD09CB,新太段,34.53,都市：住,10000,196,持分移轉,11090000
RPRNMLRKQHJGFKD76CB,三村段,5.28,都市：住,10000,125,持分移轉,07850000
RPRNMLRKQHJGFKD76CB,三村段,7.72,都市：住,10000,125,持分移轉,07880000
RPRNMLRKQHJGFKD76CB,三村段,3.88,都市：住,10000,125,持分移轉,07890000
RPRNMLRKQHJGFKD76CB,三村段,.01,都市：住,10000,125,持分移轉,07970000
RPRNMLRKQHJGFKD76CB,三村段,.02,都市：住,10000,125,持分移轉,07970003
RPRNMLRKQHJGFKD76CB,三村段,.03,都市：住,10000,125,持分移轉,07970004
RPRNMLRKQHJGFKD76CB,三村段,1.38,都市：住,10000,125,持分移轉,07990000
RPRNMLRKQHJGFKD76CB,三村段,1.49,都市：住,10000,125,持分移轉,08000000
RPRNMLRKQHJGFKD76CB,三村段,.57,都市：住,10000,125,持分移轉,08010000
RPRNMLRKQHJGFKD76CB,三村段,3.56,都市：住,10000,125,持分移轉,08190000
RPRNMLRKQHJGFKD76CB,三村段,2.46,都市：住,10000,125,持分移轉,08200000
RPRNMLRKQHJGFKD76CB,三村段,.67,都市：住,10000,125,持分移轉,08210000
RPPNMLTKQHJGFAD38CB,武聖段,2.46,都市：住,10000,44,持分移轉,25340000
RPPNMLTKQHJGFAD38CB,武聖段,1.16,都市：住,10000,44,持分移轉,25340001
RPPNMLTKQHJGFAD38CB,武聖段,12.08,都市：住,10000,44,持分移轉,25340002
RPPNMLTKQHJGFAD38CB,武聖段,6.43,都市：住,10000,44,持分移轉,25340003
RPPNMLSKQHJGFID09CB,深坑子段,22.79,非都市：鄉村區 ; 非都市編定：乙種建築用地,10000,22,持分移轉,03300000
RPQNMLTKQHJGFAD48CB,武聖段,2.46,都市：住,10000,44,持分移轉,25340000
RPQNMLTKQHJGFAD48CB,武聖段,1.16,都市：住,10000,44,持分移轉,25340001
RPQNMLTKQHJGFAD48CB,武聖段,12.08,都市：住,10000,44,持分移轉,25340002
RPQNMLTKQHJGFAD48CB,武聖段,6.43,都市：住,10000,44,持分移轉,25340003
RPQNMLTKQHJGFKD86CB,西勢段,23.80,都市：住,10000,205,持分移轉,01600007
RPRNMLTKQHJGFAD58CB,大銃段,20.22,都市：商,10000,121,持分移轉,08500000
RPQNMLTKQHJGFHD56CB,北小新段,73.49,都市：住,1,1,全筆移轉,02070003
RPPNMLTKQHJGFFD98DB,安東段,8.22,非都市：鄉村區 ; 非都市編定：乙種建築用地,10000,382,持分移轉,00200000
RPPNMLTKQHJGFFD98DB,安東段,27.17,非都市：鄉村區 ; 非都市編定：乙種建築用地,10000,1111,持分移轉,00320000
RPPNMLTKQHJGFFD98DB,安東段,76.49,非都市：鄉村區 ; 非都市編定：乙種建築用地,1,1,全筆移轉,00340000
RPPNMLKLQHJGFBD67CB,國安段,19.87,都市：住,10000,35,持分移轉,15600001
RPSNMLTKQHJGFKD07CB,市政段,24.63,都市：住,100000,1365,持分移轉,03360000
RPTNMLKLQHJGFCD18CB,平實段,10.88,都市：商,100000,107,持分移轉,00450000
RPTNMLKLQHJGFCD18CB,平實段,2.06,都市：商,100000,107,持分移轉,00450001
RPRNMLKLQHJGFHD48CB,新北段,14.54,都市：住,100000,1237,持分移轉,00040000
RPRNMLKLQHJGFHD48CB,新北段,.72,都市：住,100000,1237,持分移轉,00110000
RPRNMLKLQHJGFHD48CB,新北段,4.91,都市：住,100000,1237,持分移轉,00110001
RPTNMLKLQHJGFHD68CB,新北段,16.77,都市：住,10000,107,持分移轉,00660000
RPUNMLKLQHJGFHD78CB,什美段,31.67,非都市：鄉村區 ; 非都市編定：乙種建築用地,100000,1208,持分移轉,08950000
RPQNMLKLQHJGFHD38CB,善駕段,1.57,都市：住,100000,469,持分移轉,01130000
RPQNMLKLQHJGFHD38CB,善駕段,.02,都市：住,100000,469,持分移轉,01140000
RPPNMLKLQHJGFID38CB,白崙段,12.26,都市：商,100000,758,持分移轉,00770000
RPQNMLKLQHJGFHD38CB,善駕段,.02,都市：住,100000,469,持分移轉,01150000
RPQNMLKLQHJGFHD38CB,善駕段,.00,都市：住,100000,469,持分移轉,01160000
RPQNMLKLQHJGFHD38CB,善駕段,.35,都市：住,100000,469,持分移轉,01170000
RPQNMLKLQHJGFHD38CB,善駕段,.13,都市：住,100000,469,持分移轉,01180000
RPQNMLKLQHJGFHD38CB,善駕段,19.58,都市：住,100000,469,持分移轉,01340000
RPSNMLKLQHJGFHD58CB,新北段,14.54,都市：住,100000,1237,持分移轉,00040000
RPSNMLKLQHJGFHD58CB,新北段,.72,都市：住,100000,1237,持分移轉,00110000
RPSNMLKLQHJGFHD58CB,新北段,4.91,都市：住,100000,1237,持分移轉,00110001
RPRNMLKLQHJGFID58CB,深坑子段,82.97,非都市：鄉村區 ; 非都市編定：乙種建築用地,1,1,全筆移轉,03230066
RPRNMLKLQHJGFID58CB,深坑子段,25.74,非都市：鄉村區 ; 非都市編定：乙種建築用地,78,1,持分移轉,03230000
RPQNMLKLQHJGFID48CB,深坑子段,80.00,非都市：鄉村區 ; 非都市編定：乙種建築用地,1,1,全筆移轉,03230027
RPQNMLKLQHJGFID48CB,深坑子段,25.74,非都市：鄉村區 ; 非都市編定：乙種建築用地,78,1,持分移轉,03230000
RPSNMLLLQHJGFAD97CB,裕民段,139.63,都市：住,1,1,全筆移轉,11630001
RPSNMLKLQHJGFID68CB,深坑子段,74.97,非都市：鄉村區 ; 非都市編定：乙種建築用地,1,1,全筆移轉,03230059
RPSNMLKLQHJGFID68CB,深坑子段,25.74,非都市：鄉村區 ; 非都市編定：乙種建築用地,78,1,持分移轉,03230000
RPPNMLKLQHJGFKD58CB,國聖段,28.48,都市：住,10000,137,持分移轉,02700000
RPPNMLLLQHJGFAD67CB,北元段,93.69,都市：住,1,1,全筆移轉,04890002
RPPNMLLLQHJGFID48CB,白崙段,18.84,都市：商,100000,1165,持分移轉,00770000
RPSNMLLLQHJGFCD18CB,公英段,29.56,都市：住,100000,1208,持分移轉,04490000
RPSNMLLLQHJGFCD18CB,公英段,1.29,都市：住,100000,1208,持分移轉,04900008
RPQNMLLLQHJGFBD87CB,安慶段,25.14,都市：住,10000,87,持分移轉,01430000
RPPNMLLLQHJGFHD38CB,樹王段,95.77,都市：住,1,1,全筆移轉,09750032
RPPNMLLLQHJGFHD38CB,樹王段,7.78,都市：住,16,1,持分移轉,09750041
RPPNMLLLQHJGFHD38CB,樹王段,19.54,都市：住,15,1,持分移轉,09750042
RPPNMLLLQHJGFKD68CB,文化段,24.46,都市：住,10000,149,持分移轉,01660000
RPPNMLMLQHJGFGD38CB,西埔段,75.89,非都市：鄉村區 ; 非都市編定：乙種建築用地,1,1,全筆移轉,01790039
RPPNMLMLQHJGFGD38CB,西埔段,20.68,非都市：鄉村區 ; 非都市編定：乙種建築用地,41,1,持分移轉,01790041
RPPNMLMLQHJGFHD48CB,港口段,25.48,非都市：鄉村區 ; 非都市編定：乙種建築用地,10000,66,持分移轉,32120000
RPWOMLMLQHJGFID76CB,歸仁北段,29.99,非都市：一般農業區 ; 非都市編定：甲種建築用地,100000,1754,持分移轉,13820000
RPOPMLMLQHJGFID68CB,歸仁北段,30.04,非都市：一般農業區 ; 非都市編定：甲種建築用地,100000,1757,持分移轉,13820000
RPPPMLMLQHJGFID78CB,歸仁北段,31.05,非都市：一般農業區 ; 非都市編定：甲種建築用地,100000,1816,持分移轉,13820000
RPSNMLMLQHJGFKD09CB,平道段,23.83,都市：住,100000,285,持分移轉,00870000
RPSNMLNLQHJGFAD18CB,廣慈段,12.93,都市：商,100000,3683,持分移轉,00910000
RPRNMLNLQHJGFAD08CB,廣慈段,7.71,都市：商,100000,2197,持分移轉,00910000
RPQNMLNLQHJGFAD97CB,廣慈段,13.20,都市：商,100000,3761,持分移轉,00910000
RPPNMLMLQHJGFKD78CB,市政段,24.07,都市：住,100000,476,持分移轉,01950000
RPTNMLNLQHJGFAD28CB,金城段,60.12,都市：住,100000,2704,持分移轉,00670002
RPTNMLNLQHJGFAD28CB,金城段,5.40,都市：住,100000,2704,持分移轉,00670043
RPXNMLNLQHJGFBD78CB,和館段,2.90,都市：商,100000,61,持分移轉,01000000
RPXNMLNLQHJGFBD78CB,和館段,6.56,都市：商,100000,61,持分移轉,01000004
RPOOMLNLQHJGFBD97CB,和館段,3.09,都市：商,100000,65,持分移轉,01000000
RPOOMLNLQHJGFBD97CB,和館段,6.99,都市：商,100000,65,持分移轉,01000004
RPWNMLNLQHJGFBD68CB,和館段,2.90,都市：商,100000,61,持分移轉,01000000
RPWNMLNLQHJGFBD68CB,和館段,6.56,都市：商,100000,61,持分移轉,01000004
RPQNMLNLQHJGFKD98CB,平道段,14.14,都市：商,10000,18,持分移轉,03390000
RPPNMLNLQHJGFHD58CB,蘇林段,26.21,非都市：鄉村區 ; 非都市編定：乙種建築用地,10000,418,持分移轉,04040000
RPPNMLNLQHJGFGD48CB,双營段,23.51,非都市：鄉村區 ; 非都市編定：乙種建築用地,1000000,12184,持分移轉,18300000
RPRNMLNLQHJGFKD09CB,平道段,19.65,都市：商,10000,25,持分移轉,03390000
RPTNMLNLQHJGFKD66CB,市政段,24.68,都市：住,100000,1368,持分移轉,03360000
RPPNMLNLQHJGFKD88CB,平道段,14.14,都市：商,10000,18,持分移轉,03390000
RPVNMLNLQHJGFKD86CB,平道段,19.65,都市：商,10000,25,持分移轉,03390000
RPUNMLNLQHJGFKD76CB,市政段,24.68,都市：住,100000,1368,持分移轉,03360000
RPXNMLNLQHJGFKD07CB,國聖段,28.48,都市：住,10000,137,持分移轉,02700000
RPWNMLNLQHJGFKD96CB,平道段,25.15,都市：商,10000,32,持分移轉,03390000
RPOOMLNLQHJGFKD88CB,平道段,14.14,都市：商,10000,18,持分移轉,03390000
RPRNMLQLQHJGFCD58CB,富強段,22.22,都市：住,10000,201,持分移轉,11230000
RPPNMLOLQHJGFHD68CB,蘇林段,29.69,非都市：鄉村區 ; 非都市編定：乙種建築用地,100000,1659,持分移轉,00920000
RPPNMLOLQHJGFHD68CB,蘇林段,1.57,非都市：鄉村區 ; 非都市編定：乙種建築用地,100000,1659,持分移轉,00850000
RPQNMLOLQHJGFHD78CB,蘇林段,29.69,非都市：鄉村區 ; 非都市編定：乙種建築用地,100000,1659,持分移轉,00920000
RPQNMLOLQHJGFHD78CB,蘇林段,1.57,非都市：鄉村區 ; 非都市編定：乙種建築用地,100000,1659,持分移轉,00850000
RPSNMLQLQHJGFCD68CB,富強段,26.64,都市：住,10000,241,持分移轉,11230000
RPPNMLQLQHJGFDD48CB,新電段,10.98,都市：商,100000,818,持分移轉,03080000
RPPNMLQLQHJGFDD48CB,新電段,5.47,都市：住,100000,818,持分移轉,03630000
RPRNMLQLQHJGFID56CB,北花段,24.98,都市：住,1000000,22564,持分移轉,02100000
RPTNMLQLQHJGFID76CB,武東段,23.49,都市：住,1000000,2672,持分移轉,00900000
RPWNMLQLQHJGFID07CB,武東段,34.05,都市：住,1000000,3874,持分移轉,00900000
RPOOMLQLQHJGFID98CB,武東段,32.72,都市：住,1000000,3722,持分移轉,00900000
RPXNMLQLQHJGFID17CB,武東段,33.87,都市：住,1000000,3853,持分移轉,00900000
RPVNMLQLQHJGFID96CB,武東段,34.05,都市：住,1000000,3874,持分移轉,00900000
RPPOMLQLQHJGFID09CB,武東段,23.49,都市：住,1000000,2672,持分移轉,00900000
RPPNMLRLQHJGFKD66CB,平道段,17.64,都市：住,100000,211,持分移轉,00870000
RPRNMLRLQHJGFHD56CB,文正段,8.43,都市：住,10000,173,持分移轉,05860000
RPRNMLRLQHJGFHD56CB,文正段,1.64,都市：住,10000,173,持分移轉,05870000
RPRNMLRLQHJGFHD56CB,文正段,4.88,都市：住,10000,173,持分移轉,06020000
RPQNMLRLQHJGFKD76CB,平道段,17.72,都市：住,100000,212,持分移轉,00870000
RPPNMLSLQHJGFKD76CB,永和段,21.35,都市：住,10000,78,持分移轉,00170000
RPPNMLSLQHJGFBD48CB,淵東段,28.60,都市：住,100000,1235,持分移轉,08030000
RPPNMLSLQHJGFCD58CB,新都段,88.21,都市：其他:住四,1,1,全筆移轉,04460004
RPRNMLSLQHJGFKD96CB,永和段,18.88,都市：住,10000,69,持分移轉,00170000
RPQNMLTLQHJGFBD78DB,淵南段,40.11,都市：住,100000,3923,持分移轉,05200000
RPRNMLLMQHJGFHD68CB,德興段,25.83,非都市：鄉村區 ; 非都市編定：乙種建築用地,100000,4349,持分移轉,06500000
RPSNMLLMQHJGFFD68DB,東角段,10.98,都市：住,10000,388,持分移轉,01940000
RPSNMLLMQHJGFFD68DB,東角段,26.70,都市：住,10000,388,持分移轉,02040001
RPSNMLLMQHJGFFD68DB,東角段,1.58,都市：住,10000,64,持分移轉,01940001
RPSNMLLMQHJGFFD68DB,東角段,1.66,都市：住,10000,64,持分移轉,02040002
RPRNMLLJRHJGFBD87CB,和館段,2.90,都市：商,100000,61,持分移轉,01000000
RPRNMLLJRHJGFBD87CB,和館段,6.56,都市：商,100000,61,持分移轉,01000004
RPPNMLLJRHJGFBD67CB,和館段,3.80,都市：商,100000,80,持分移轉,01000000
RPPNMLLJRHJGFBD67CB,和館段,8.60,都市：商,100000,80,持分移轉,01000004
RPQNMLLJRHJGFBD77CB,和館段,2.90,都市：商,100000,61,持分移轉,01000000
RPQNMLLJRHJGFBD77CB,和館段,6.56,都市：商,100000,61,持分移轉,01000004
RPSNMLLJRHJGFBD97CB,和館段,2.75,都市：商,100000,58,持分移轉,01000000
RPSNMLLJRHJGFBD97CB,和館段,6.24,都市：商,100000,58,持分移轉,01000004
RPTNMLLJRHJGFBD08CB,和館段,3.80,都市：商,100000,80,持分移轉,01000000
RPTNMLLJRHJGFBD08CB,和館段,8.60,都市：商,100000,80,持分移轉,01000004
RPUNMLLJRHJGFBD18CB,和館段,3.18,都市：商,100000,67,持分移轉,01000000
RPUNMLLJRHJGFBD18CB,和館段,7.21,都市：商,100000,67,持分移轉,01000004
RPVNMLLJRHJGFBD28CB,和館段,3.04,都市：商,100000,64,持分移轉,01000000
RPVNMLLJRHJGFBD28CB,和館段,6.88,都市：商,100000,64,持分移轉,01000004
RPWNMLLJRHJGFBD38CB,和館段,2.99,都市：商,100000,63,持分移轉,01000000
RPWNMLLJRHJGFBD38CB,和館段,6.78,都市：商,100000,63,持分移轉,01000004
RPXNMLLJRHJGFBD48CB,和館段,2.90,都市：商,100000,61,持分移轉,01000000
RPXNMLLJRHJGFBD48CB,和館段,6.56,都市：商,100000,61,持分移轉,01000004
RPOOMLLJRHJGFBD67CB,和館段,2.90,都市：商,100000,61,持分移轉,01000000
RPOOMLLJRHJGFBD67CB,和館段,6.56,都市：商,100000,61,持分移轉,01000004
RPPOMLLJRHJGFBD77CB,和館段,3.90,都市：商,100000,82,持分移轉,01000000
RPPOMLLJRHJGFBD77CB,和館段,8.82,都市：商,100000,82,持分移轉,01000004
RPVNMLMJRHJGFBD38CB,國安段,22.80,都市：住,10000,114,持分移轉,15530000
RPQOMLLJRHJGFBD87CB,和館段,2.99,都市：商,100000,63,持分移轉,01000000
RPQOMLLJRHJGFBD87CB,和館段,6.78,都市：商,100000,63,持分移轉,01000004
RPSNMLLJRHJGFDD18CB,新電段,16.37,都市：商,100000,1220,持分移轉,03080000
RPSNMLLJRHJGFDD18CB,新電段,8.16,都市：住,100000,1220,持分移轉,03630000
RPWNMLMJRHJGFBD48CB,國安段,19.30,都市：住,10000,34,持分移轉,15600001
RPSOMLMJRHJGFHD78CB,善駕段,2.18,都市：住,100000,652,持分移轉,01130000
RPSOMLMJRHJGFHD78CB,善駕段,.03,都市：住,100000,652,持分移轉,01140000
RPSOMLMJRHJGFHD78CB,善駕段,.02,都市：住,100000,652,持分移轉,01150000
RPSOMLMJRHJGFHD78CB,善駕段,.00,都市：住,100000,652,持分移轉,01160000
RPSOMLMJRHJGFHD78CB,善駕段,.48,都市：住,100000,652,持分移轉,01170000
RPSOMLMJRHJGFHD78CB,善駕段,.18,都市：住,100000,652,持分移轉,01180000
RPSOMLMJRHJGFHD78CB,善駕段,27.21,都市：住,100000,652,持分移轉,01340000
RPTOMLMJRHJGFHD88CB,善駕段,2.05,都市：住,100000,613,持分移轉,01130000
RPTOMLMJRHJGFHD88CB,善駕段,.03,都市：住,100000,613,持分移轉,01140000
RPTOMLMJRHJGFHD88CB,善駕段,.02,都市：住,100000,613,持分移轉,01150000
RPTOMLMJRHJGFHD88CB,善駕段,.00,都市：住,100000,613,持分移轉,01160000
RPTOMLMJRHJGFHD88CB,善駕段,.45,都市：住,100000,613,持分移轉,01170000
RPTOMLMJRHJGFHD88CB,善駕段,.17,都市：住,100000,613,持分移轉,01180000
RPTOMLMJRHJGFHD88CB,善駕段,25.59,都市：住,100000,613,持分移轉,01340000
RPWOMLMJRHJGFHD56CB,善駕段,1.89,都市：住,100000,565,持分移轉,01130000
RPWOMLMJRHJGFHD56CB,善駕段,.03,都市：住,100000,565,持分移轉,01140000
RPWOMLMJRHJGFHD56CB,善駕段,.02,都市：住,100000,565,持分移轉,01150000
RPWOMLMJRHJGFHD56CB,善駕段,.00,都市：住,100000,565,持分移轉,01160000
RPWOMLMJRHJGFHD56CB,善駕段,.42,都市：住,100000,565,持分移轉,01170000
RPWOMLMJRHJGFHD56CB,善駕段,.16,都市：住,100000,565,持分移轉,01180000
RPWOMLMJRHJGFHD56CB,善駕段,23.58,都市：住,100000,565,持分移轉,01340000
RPXOMLMJRHJGFHD66CB,慶安段,24.57,都市：住,100000,383,持分移轉,02890000
RPQPMLMJRHJGFHD68CB,慶安段,17.64,都市：住,100000,275,持分移轉,02890000
RPPPMLMJRHJGFHD58CB,慶安段,17.64,都市：住,100000,275,持分移轉,02890000
RPUOMLMJRHJGFHD98CB,善駕段,1.57,都市：住,100000,469,持分移轉,01130000
RPOPMLMJRHJGFHD48CB,慶安段,17.64,都市：住,100000,275,持分移轉,02890000
RPUOMLMJRHJGFHD98CB,善駕段,.02,都市：住,100000,469,持分移轉,01140000
RPUOMLMJRHJGFHD98CB,善駕段,.02,都市：住,100000,469,持分移轉,01150000
RPUOMLMJRHJGFHD98CB,善駕段,.00,都市：住,100000,469,持分移轉,01160000
RPUOMLMJRHJGFHD98CB,善駕段,.35,都市：住,100000,469,持分移轉,01170000
RPRPMLMJRHJGFHD78CB,慶安段,17.64,都市：住,100000,275,持分移轉,02890000
RPUOMLMJRHJGFHD98CB,善駕段,.13,都市：住,100000,469,持分移轉,01180000
RPUOMLMJRHJGFHD98CB,善駕段,19.58,都市：住,100000,469,持分移轉,01340000
RPSPMLMJRHJGFHD88CB,慶安段,17.64,都市：住,100000,275,持分移轉,02890000
RPRNMLMJRHJGFID68CB,武東段,34.05,都市：住,1000000,3874,持分移轉,00900000
RPQNMLMJRHJGFID58CB,武東段,24.00,都市：住,1000000,2730,持分移轉,00900000
RPSNMLMJRHJGFID78CB,武東段,34.05,都市：住,1000000,3874,持分移轉,00900000
RPTNMLMJRHJGFID88CB,武東段,40.46,都市：住,1000000,4603,持分移轉,00900000
RPVNMLMJRHJGFID09CB,武東段,33.29,都市：住,1000000,3787,持分移轉,00900000
RPUNMLMJRHJGFID98CB,武東段,33.29,都市：住,1000000,3787,持分移轉,00900000
RPWNMLMJRHJGFID56CB,武東段,30.63,都市：住,10000,38,持分移轉,03380000
RPXNMLMJRHJGFID66CB,武東段,25.79,都市：住,10000,32,持分移轉,03380000
RPOOMLMJRHJGFID48CB,武東段,33.85,都市：住,10000,42,持分移轉,03380000
RPPOMLMJRHJGFID58CB,武東段,22.57,都市：住,10000,28,持分移轉,03380000
RPSOMLMJRHJGFID88CB,武東段,24.98,都市：住,10000,31,持分移轉,03380000
RPQOMLMJRHJGFID68CB,武東段,24.98,都市：住,10000,31,持分移轉,03380000
RPROMLMJRHJGFID78CB,武東段,20.95,都市：住,10000,26,持分移轉,03380000
RPVOMLMJRHJGFID56CB,武東段,33.04,都市：住,10000,41,持分移轉,03380000
RPUOMLMJRHJGFID09CB,武東段,24.98,都市：住,10000,31,持分移轉,03380000
RPXOMLMJRHJGFID76CB,武東段,25.79,都市：住,10000,32,持分移轉,03380000
RPWOMLMJRHJGFID66CB,武東段,33.04,都市：住,10000,41,持分移轉,03380000
RPTOMLMJRHJGFID98CB,武東段,24.98,都市：住,10000,31,持分移轉,03380000
RPPPMLMJRHJGFID68CB,武東段,31.43,都市：住,10000,39,持分移轉,03380000
RPOPMLMJRHJGFID58CB,武東段,33.04,都市：住,10000,41,持分移轉,03380000
RPRPMLMJRHJGFID88CB,武東段,32.24,都市：住,10000,40,持分移轉,03380000
RPQPMLMJRHJGFID78CB,武東段,31.43,都市：住,10000,39,持分移轉,03380000
RPTPMLMJRHJGFID09CB,武東段,23.37,都市：住,10000,29,持分移轉,03380000
RPSPMLMJRHJGFID98CB,武東段,23.37,都市：住,10000,29,持分移轉,03380000
RPUPMLMJRHJGFID56CB,武東段,24.98,都市：住,10000,31,持分移轉,03380000
RPWPMLMJRHJGFID76CB,武東段,30.63,都市：住,10000,38,持分移轉,03380000
RPVPMLMJRHJGFID66CB,武東段,30.63,都市：住,10000,38,持分移轉,03380000
RPXPMLMJRHJGFID86CB,武東段,25.79,都市：住,10000,32,持分移轉,03380000
RPOQMLMJRHJGFID68CB,武東段,33.85,都市：住,10000,42,持分移轉,03380000
RPPQMLMJRHJGFID78CB,武東段,25.79,都市：住,10000,32,持分移轉,03380000
RPQQMLMJRHJGFID88CB,武東段,24.98,都市：住,10000,31,持分移轉,03380000
RPSQMLMJRHJGFID09CB,武東段,22.57,都市：住,10000,28,持分移轉,03380000
RPRQMLMJRHJGFID98CB,武東段,22.57,都市：住,10000,28,持分移轉,03380000
RPTQMLMJRHJGFID56CB,武東段,22.57,都市：住,10000,28,持分移轉,03380000
RPUQMLMJRHJGFID66CB,武東段,22.57,都市：住,10000,28,持分移轉,03380000
RPWQMLMJRHJGFID86CB,武東段,22.57,都市：住,10000,28,持分移轉,03380000
RPXQMLMJRHJGFID96CB,武東段,22.57,都市：住,10000,28,持分移轉,03380000
RPVQMLMJRHJGFID76CB,武東段,22.57,都市：住,10000,28,持分移轉,03380000
RPORMLMJRHJGFID78CB,武東段,22.57,都市：住,10000,28,持分移轉,03380000
RPPRMLMJRHJGFID88CB,武東段,24.98,都市：住,10000,31,持分移轉,03380000
RPQRMLMJRHJGFID98CB,武東段,22.57,都市：住,10000,28,持分移轉,03380000
RPTRMLMJRHJGFID66CB,武東段,23.37,都市：住,10000,29,持分移轉,03380000
RPSRMLMJRHJGFID56CB,武東段,30.63,都市：住,10000,38,持分移轉,03380000
RPRRMLMJRHJGFID09CB,武東段,25.79,都市：住,10000,32,持分移轉,03380000
RPURMLMJRHJGFID76CB,武東段,23.37,都市：住,10000,29,持分移轉,03380000
RPVRMLMJRHJGFID86CB,武東段,30.63,都市：住,10000,38,持分移轉,03380000
RPWRMLMJRHJGFID96CB,武東段,23.37,都市：住,10000,29,持分移轉,03380000
RPXRMLMJRHJGFID07CB,武東段,23.37,都市：住,10000,29,持分移轉,03380000
RPQSMLMJRHJGFID09CB,武東段,24.98,都市：住,10000,31,持分移轉,03380000
RPTSMLMJRHJGFID76CB,武東段,33.85,都市：住,10000,42,持分移轉,03380000
RPRSMLMJRHJGFID56CB,武東段,24.98,都市：住,10000,31,持分移轉,03380000
RPPSMLMJRHJGFID98CB,武東段,24.98,都市：住,10000,31,持分移轉,03380000
RPVSMLMJRHJGFID96CB,武東段,33.85,都市：住,10000,42,持分移轉,03380000
RPOSMLMJRHJGFID88CB,武東段,29.01,都市：住,10000,36,持分移轉,03380000
RPXSMLMJRHJGFID17CB,武東段,24.98,都市：住,10000,31,持分移轉,03380000
RPUSMLMJRHJGFID86CB,武東段,33.85,都市：住,10000,42,持分移轉,03380000
RPWSMLMJRHJGFID07CB,武東段,24.98,都市：住,10000,31,持分移轉,03380000
RPSSMLMJRHJGFID66CB,武東段,24.98,都市：住,10000,31,持分移轉,03380000
RPOTMLMJRHJGFID98CB,武東段,24.98,都市：住,10000,31,持分移轉,03380000
RPPTMLMJRHJGFID09CB,武東段,24.98,都市：住,10000,31,持分移轉,03380000
RPQTMLMJRHJGFID56CB,武東段,25.79,都市：住,10000,32,持分移轉,03380000
RPRTMLMJRHJGFID66CB,武東段,23.37,都市：住,10000,29,持分移轉,03380000
RPSTMLMJRHJGFID76CB,武東段,32.24,都市：住,10000,40,持分移轉,03380000
RPVTMLMJRHJGFID07CB,武東段,24.98,都市：住,10000,31,持分移轉,03380000
RPUTMLMJRHJGFID96CB,武東段,24.98,都市：住,10000,31,持分移轉,03380000
RPWTMLMJRHJGFID17CB,武東段,23.37,都市：住,10000,29,持分移轉,03380000
RPTTMLMJRHJGFID86CB,武東段,33.04,都市：住,10000,41,持分移轉,03380000
RPPUMLMJRHJGFID56CB,武東段,24.98,都市：住,10000,31,持分移轉,03380000
RPXTMLMJRHJGFID27CB,武東段,25.79,都市：住,10000,32,持分移轉,03380000
RPOUMLMJRHJGFID09CB,武東段,31.43,都市：住,10000,39,持分移轉,03380000
RPQUMLMJRHJGFID66CB,武東段,23.37,都市：住,10000,29,持分移轉,03380000
RPUUMLMJRHJGFID07CB,武東段,24.98,都市：住,10000,31,持分移轉,03380000
RPTUMLMJRHJGFID96CB,武東段,25.79,都市：住,10000,32,持分移轉,03380000
RPSUMLMJRHJGFID86CB,武東段,24.98,都市：住,10000,31,持分移轉,03380000
RPRUMLMJRHJGFID76CB,武東段,23.37,都市：住,10000,29,持分移轉,03380000
RPVUMLMJRHJGFID17CB,武東段,24.98,都市：住,10000,31,持分移轉,03380000
RPWUMLMJRHJGFID27CB,武東段,30.63,都市：住,10000,38,持分移轉,03380000
RPXUMLMJRHJGFID37CB,武東段,25.79,都市：住,10000,32,持分移轉,03380000
RPPVMLMJRHJGFID66CB,牛稠段,18.22,都市：商,10000,44,持分移轉,10160000
RPOVMLMJRHJGFID56CB,武東段,22.57,都市：住,10000,28,持分移轉,03380000
RPQVMLMJRHJGFID76CB,牛稠段,18.22,都市：商,10000,44,持分移轉,10160000
RPUVMLMJRHJGFID17CB,牛稠段,18.22,都市：商,10000,44,持分移轉,10160000
RPWVMLMJRHJGFID37CB,牛稠段,18.22,都市：商,10000,44,持分移轉,10160000
RPXNMLMJRHJGFKD86CB,平道段,20.91,都市：住,10000,109,持分移轉,01650000
RPVVMLMJRHJGFID27CB,牛稠段,18.22,都市：商,10000,44,持分移轉,10160000
RPWNMLMJRHJGFKD76CB,平道段,15.16,都市：住,10000,79,持分移轉,01650000
RPOOMLMJRHJGFKD68CB,平道段,20.91,都市：住,10000,109,持分移轉,01650000
RPPOMLMJRHJGFKD78CB,平道段,16.50,都市：住,10000,86,持分移轉,01650000
RPQOMLMJRHJGFKD88CB,平道段,20.91,都市：住,10000,109,持分移轉,01650000
RPROMLMJRHJGFKD98CB,市政段,18.93,都市：住,100000,812,持分移轉,00510000
RPSOMLMJRHJGFKD09CB,市政段,24.47,都市：住,100000,1050,持分移轉,00510000
RPTOMLMJRHJGFKD56CB,市政段,18.93,都市：住,100000,812,持分移轉,00510000
RPSNMLNJRHJGFBD18CB,淵北段,20.49,都市：住,10000,157,持分移轉,08930000
RPRNMLNJRHJGFKD98CB,禹帝段,39.45,都市：住,100000,6260,持分移轉,06560000
RPRNMLNJRHJGFBD08CB,淵北段,20.49,都市：住,10000,157,持分移轉,08930000
RPQNMLNJRHJGFBD97CB,淵北段,21.40,都市：住,10000,164,持分移轉,08930000
RPPOMLNJRHJGFKD88CB,平道段,26.92,都市：住,100000,322,持分移轉,00870000
RPOOMLNJRHJGFKD78CB,平道段,27.59,都市：住,100000,330,持分移轉,00870000
RPSNMLOJRHJGFCD38CB,德高段,33.49,都市：住,10000,381,持分移轉,14840000
RPTNMLOJRHJGFCD48CB,德高段,33.49,都市：住,10000,381,持分移轉,14840000
RPPNMLOJRHJGFBD97CB,國聖段,35.38,都市：住,100000,1865,持分移轉,14320000
RPSNMLPJRHJGFBD38CB,國安段,12.68,都市：住,10000,25,持分移轉,16130000
RPRNMLPJRHJGFBD28CB,科工段,16.08,都市：住,10000,13,持分移轉,00860000
RPQNMLPJRHJGFBD18CB,科工段,28.46,都市：住,10000,23,持分移轉,00860000
RPRNMLOJRHJGFFD68DB,東角段,11.24,都市：住,10000,397,持分移轉,01940000
RPRNMLOJRHJGFFD68DB,東角段,27.32,都市：住,10000,397,持分移轉,02040001
RPRNMLOJRHJGFFD68DB,東角段,1.63,都市：住,10000,66,持分移轉,01940001
RPRNMLOJRHJGFFD68DB,東角段,1.71,都市：住,10000,66,持分移轉,02040002
RPOOMLPJRHJGFID78CB,武東段,29.27,都市：住,100000,294,持分移轉,01060000
RPTNMLPJRHJGFID56CB,武東段,29.27,都市：住,100000,294,持分移轉,01060000
RPQNMLQJRHJGFHD88CB,大社段,20.65,非都市：鄉村區 ; 非都市編定：乙種建築用地,10000,77,持分移轉,20940000
RPQNMLQJRHJGFFD78DB,營安段,21.74,都市：住,43,1,持分移轉,07870000
RPQNMLQJRHJGFFD78DB,營安段,.42,都市：住,43,1,持分移轉,07870044
RPQNMLQJRHJGFFD78DB,營安段,78.88,都市：住,1,1,全筆移轉,07870025
RPPNMLQJRHJGFCD28CB,新都心段,13.43,都市：住,10000,17,持分移轉,00520001
RPPNMLQJRHJGFFD68DB,營安段,21.74,都市：住,43,1,持分移轉,07870000
RPPNMLQJRHJGFFD68DB,營安段,.42,都市：住,43,1,持分移轉,07870044
RPPNMLQJRHJGFFD68DB,營安段,100.37,都市：住,1,1,全筆移轉,07870031
RPPNMLQJRHJGFFD68DB,營安段,25.35,都市：其他:綠地,1,1,全筆移轉,10500004
RPRNMLQJRHJGFHD98CB,蘇林段,72.74,非都市：鄉村區 ; 非都市編定：乙種建築用地,1,1,全筆移轉,07200003
RPQNMLQJRHJGFCD38CB,裕東段,33.67,都市：住,100000,973,持分移轉,09220000
RPRNMLQJRHJGFHD98CB,蘇林段,2.86,非都市：鄉村區 ; 非都市編定：交通用地,32,1,持分移轉,07210000
RPRNMLQJRHJGFHD98CB,蘇林段,2.92,非都市：鄉村區 ; 非都市編定：乙種建築用地,32,1,持分移轉,07050004
RPRNMLQJRHJGFHD98CB,蘇林段,7.77,非都市：鄉村區 ; 非都市編定：乙種建築用地,32,1,持分移轉,07200008
RPQNMLTJRHJGFAD48CB,頂美段,24.87,都市：住,100000,1729,持分移轉,03410000
RPQNMLTJRHJGFAD48CB,頂美段,.00,都市：住,100000,1729,持分移轉,03410001
RPQNMLTJRHJGFAD48CB,頂美段,5.72,都市：住,100000,1729,持分移轉,03620000
RPQNMLTJRHJGFAD48CB,頂美段,4.64,都市：住,100000,1729,持分移轉,03630000
RPQNMLTJRHJGFAD48CB,頂美段,.01,都市：住,100000,1729,持分移轉,03560001
RPPNMLTJRHJGFHD09CB,海安段,24.99,非都市：鄉村區 ; 非都市編定：乙種建築用地,1000000,19710,持分移轉,07640000
RPPNMLTJRHJGFHD09CB,海安段,4.78,非都市：鄉村區 ; 非都市編定：乙種建築用地,1000000,19710,持分移轉,07630000
RPWOMLTJRHJGFKD57CB,烏竹段,29.64,都市：住,10000,104,持分移轉,01900000
RPPNMLTJRHJGFFD98DB,營安段,21.74,都市：住,43,1,持分移轉,07870000
RPPNMLTJRHJGFFD98DB,營安段,.42,都市：住,43,1,持分移轉,07870044
RPPNMLTJRHJGFFD98DB,營安段,110.28,都市：住,1,1,全筆移轉,07870043
RPPNMLTJRHJGFFD98DB,營安段,.65,都市：其他:綠地,1,1,全筆移轉,10500000
RPPNMLTJRHJGFFD98DB,營安段,60.88,都市：其他:綠地,1,1,全筆移轉,10500001
RPQPMLTJRHJGFKD07CB,三村段,6.00,都市：住,10000,142,持分移轉,07850000
RPQPMLTJRHJGFKD07CB,三村段,8.77,都市：住,10000,142,持分移轉,07880000
RPQPMLTJRHJGFKD07CB,三村段,4.40,都市：住,10000,142,持分移轉,07890000
RPQPMLTJRHJGFKD07CB,三村段,.01,都市：住,10000,142,持分移轉,07970000
RPQPMLTJRHJGFKD07CB,三村段,.03,都市：住,10000,142,持分移轉,07970003
RPQPMLTJRHJGFKD07CB,三村段,.03,都市：住,10000,142,持分移轉,07970004
RPQPMLTJRHJGFKD07CB,三村段,1.56,都市：住,10000,142,持分移轉,07990000
RPQPMLTJRHJGFKD07CB,三村段,1.69,都市：住,10000,142,持分移轉,08000000
RPQPMLTJRHJGFKD07CB,三村段,.65,都市：住,10000,142,持分移轉,08010000
RPQPMLTJRHJGFKD07CB,三村段,4.04,都市：住,10000,142,持分移轉,08190000
RPQPMLTJRHJGFKD07CB,三村段,2.80,都市：住,10000,142,持分移轉,08200000
RPQPMLTJRHJGFKD07CB,三村段,.76,都市：住,10000,142,持分移轉,08210000
RPSNMLKKRHJGFID78DB,清王段,54.60,都市：住,1,1,全筆移轉,08470020
RPUNMLKKRHJGFID98DB,清王段,58.05,都市：住,1,1,全筆移轉,08470018
RPSNMLKKRHJGFID78DB,清王段,15.42,都市：住,10000,667,持分移轉,08470025
RPUNMLKKRHJGFID98DB,清王段,15.42,都市：住,10000,667,持分移轉,08470025
RPPNMLKKRHJGFHD28CB,善西段,39.15,都市：住,10000,746,持分移轉,02670000
RPSNMLKKRHJGFID78DB,清王段,11.55,都市：住,10000,288,持分移轉,08470002
RPUNMLKKRHJGFID98DB,清王段,11.55,都市：住,10000,288,持分移轉,08470002
RPRNMLKKRHJGFID68DB,清王段,23.48,都市：住,100000,2790,持分移轉,08470003
RPRNMLKKRHJGFID68DB,清王段,3.77,都市：住,10000,94,持分移轉,08470002
RPQNMLKKRHJGFHD38CB,善西段,32.59,都市：住,10000,621,持分移轉,02670000
RPUNMLLKRHJGFBD28CB,鎮安段,34.63,都市：住,1000,58,持分移轉,18190000
RPQOMLKKRHJGFID68DB,清王段,29.45,都市：住,100000,3500,持分移轉,08470003
RPQOMLKKRHJGFID68DB,清王段,4.69,都市：住,10000,117,持分移轉,08470002
RPWNMLLKRHJGFBD48CB,鎮安段,34.63,都市：住,1000,58,持分移轉,18190000
RPOOMLMKRHJGFID58CB,武東段,32.24,都市：住,10000,40,持分移轉,03380000
RPSOMLMKRHJGFID98CB,武東段,20.95,都市：住,10000,26,持分移轉,03380000
RPUOMLMKRHJGFID56CB,武東段,25.79,都市：住,10000,32,持分移轉,03380000
RPVOMLMKRHJGFID66CB,武東段,29.01,都市：住,10000,36,持分移轉,03380000
RPQOMLMKRHJGFID78CB,武東段,25.79,都市：住,10000,32,持分移轉,03380000
RPTOMLMKRHJGFID09CB,武東段,33.85,都市：住,10000,42,持分移轉,03380000
RPROMLMKRHJGFID88CB,武東段,33.85,都市：住,10000,42,持分移轉,03380000
RPPOMLMKRHJGFID68CB,武東段,24.98,都市：住,10000,31,持分移轉,03380000
RPWOMLMKRHJGFID76CB,武東段,24.98,都市：住,10000,31,持分移轉,03380000
RPOPMLMKRHJGFID68CB,武東段,32.24,都市：住,10000,40,持分移轉,03380000
RPXOMLMKRHJGFID86CB,武東段,24.98,都市：住,10000,31,持分移轉,03380000
RPRPMLMKRHJGFID98CB,武東段,24.98,都市：住,10000,31,持分移轉,03380000
RPVPMLMKRHJGFID76CB,武東段,24.98,都市：住,10000,31,持分移轉,03380000
RPUPMLMKRHJGFID66CB,武東段,33.85,都市：住,10000,42,持分移轉,03380000
RPTPMLMKRHJGFID56CB,武東段,24.98,都市：住,10000,31,持分移轉,03380000
RPSPMLMKRHJGFID09CB,武東段,33.04,都市：住,10000,41,持分移轉,03380000
RPPPMLMKRHJGFID78CB,武東段,25.79,都市：住,10000,32,持分移轉,03380000
RPQPMLMKRHJGFID88CB,武東段,33.85,都市：住,10000,42,持分移轉,03380000
RPWPMLMKRHJGFID86CB,武東段,25.79,都市：住,10000,32,持分移轉,03380000
RPXPMLMKRHJGFID96CB,武東段,24.98,都市：住,10000,31,持分移轉,03380000
RPOQMLMKRHJGFID78CB,武東段,25.79,都市：住,10000,32,持分移轉,03380000
RPUNMLMKRHJGFKD66CB,六甲頂段,45.01,都市：住,100000,1892,持分移轉,05280000
RPPNMLQKRHJGFDD48CB,外環段,24.35,非都市：一般農業區 ; 非都市編定：甲種建築用地,10000,190,持分移轉,07450000
RPTNMLNKRHJGFID56DB,中正段,10.17,都市：住,10000,1250,持分移轉,05280000
RPTNMLNKRHJGFID56DB,中正段,20.20,都市：住,10000,1250,持分移轉,05290000
RPTNMLNKRHJGFID56DB,中正段,1.57,都市：住,10000,1250,持分移轉,05350000
RPUNMLNKRHJGFID66DB,中正段,10.17,都市：住,10000,1250,持分移轉,05280000
RPUNMLNKRHJGFID66DB,中正段,20.20,都市：住,10000,1250,持分移轉,05290000
RPUNMLNKRHJGFID66DB,中正段,1.57,都市：住,10000,1250,持分移轉,05350000
RPQNMLNKRHJGFAD97CB,小北段,16.55,都市：住,100000,807,持分移轉,20150000
RPRNMLNKRHJGFBD18CB,國安段,62.10,都市：住,1,1,全筆移轉,15910022
RPRNMLNKRHJGFBD18CB,國安段,25.50,都市：住,10000,799,持分移轉,15910026
RPQNMLNKRHJGFID88DB,中正段,10.17,都市：住,10000,1250,持分移轉,05280000
RPQNMLNKRHJGFID88DB,中正段,20.20,都市：住,10000,1250,持分移轉,05290000
RPQNMLNKRHJGFID88DB,中正段,1.57,都市：住,10000,1250,持分移轉,05350000
RPPNMLQKRHJGFGD78CB,集和段,77.63,都市：住,1,1,全筆移轉,03640034
RPQNMLQKRHJGFGD88CB,集和段,78.29,都市：住,1,1,全筆移轉,03640035
