﻿編號,屋齡,建物移轉面積平方公尺,主要用途,主要建材,建築完成日期,總層數,建物分層,移轉情形
The serial number,room age,building shifting area square meter,the main use,main building materials,construction completes the date,total layer,building lamination,
RPPNMLLKQHJGFAD67CC,28,23.14,辦公室、店舖、住宅,鋼筋混凝土造,85年12月16日,三層,,
RPSNMLLKQHJGFAD97CC,44,38.21,住家用,鋼筋混凝土造,69年6月4日,四層,,
RPSNMLLKQHJGFAD97CC,44,11.95,共有部分,鋼筋混凝土造,69年6月4日,四層,,
RPRNMLLKQHJGFAD87CC,29,32.39,住家用,鋼筋混凝土造,84年7月4日,十八層,,
RPRNMLLKQHJGFAD87CC,29,49.82,共有部分,鋼筋混凝土造,84年7月4日,十八層,,
RPQNMLLKQHJGFAD77CC,28,101.59,集合住宅,鋼筋混凝土造,85年10月9日,九層,,
RPQNMLLKQHJGFAD77CC,28,35.86,共有部分,鋼筋混凝土造,85年10月9日,九層,,
RPQNMLLKQHJGFAD77CC,28,.00,共有部分,鋼筋混凝土造,85年10月9日,九層,,
RPQNMLLKQHJGFAD77CC,28,.00,共有部分,鋼筋混凝土造,85年10月9日,九層,,
RPQNMLLKQHJGFAD77CC,28,15.67,共有部分,鋼筋混凝土造,85年10月9日,九層,,
RPPNMLLKQHJGFCD87CC,33,139.60,住家用,鋼筋混凝土造,80年7月6日,七層,,
RPPNMLLKQHJGFCD87CC,33,52.69,共有部分,鋼筋混凝土造,80年7月6日,七層,,
RPUNMLLKQHJGFAD18CC,9,57.50,集合住宅,鋼筋混凝土構造,104年11月5日,二十四層,,
RPUNMLLKQHJGFAD18CC,9,24.11,本共有部分之項目：有樓梯間、門廊、門廳、管委會使用空間、防災中心、停車空間、防空避難室、車道、游泳池、機房自來水池等項,鋼筋混凝土構造,104年11月5日,二十四層,,
RPQNMLLKQHJGFCD97CC,35,10.55,住家用,鋼筋混凝土造,78年4月25日,七層,,
RPQNMLLKQHJGFCD97CC,35,6.38,共有部分,鋼筋混凝土造,78年4月25日,七層,,
RPTNMLLKQHJGFCD28CC,35,17.40,住家用,鋼筋混凝土造,78年11月24日,五層,,
RPTNMLLKQHJGFCD28CC,35,8.08,共有部分,鋼筋混凝土造,78年11月24日,五層,,
RPRNMLLKQHJGFCD08CC,33,55.14,住家用,鋼筋混凝土造,80年8月27日,六層,,
RPRNMLLKQHJGFCD08CC,33,41.56,共有部分,鋼筋混凝土造,80年8月27日,六層,,
RPPNMLLKQHJGFED08CC,30,112.75,住家用,鋼筋混凝土造,83年9月9日,三層,,
RPPNMLLKQHJGFKD68CC,10,136.02,住家用,鋼筋混凝土構造,103年9月17日,十二層,,
RPPNMLLKQHJGFKD68CC,10,27.62,本共有部分之項目有防空避難室，騎樓，門廊，排煙出口，樓梯及水塔等６項,鋼筋混凝土構造,103年9月17日,十二層,,
RPPNMLLKQHJGFKD68CC,10,27.03,公共梯&#24304;,鋼筋混凝土構造,103年9月17日,十二層,,
RPQNMLLKQHJGFKD78CC,28,69.27,住家用,鋼筋混凝土造,85年11月22日,十三層,,
RPQNMLLKQHJGFKD78CC,28,20.34,共有部分,鋼筋混凝土造,85年11月22日,十三層,,
RPQNMLMKQHJGFAD87CC,26,96.64,集合住宅,鋼筋混凝土造,87年5月12日,八層,,
RPPNMLLKQHJGFGD28CC,3,180.90,住家用,鋼筋混凝土造,110年6月30日,四層,,
RPQNMLMKQHJGFAD87CC,26,25.99,共有部分,鋼筋混凝土造,87年5月12日,八層,,
RPQNMLMKQHJGFAD87CC,26,16.56,共有部分,鋼筋混凝土造,87年5月12日,八層,,
RPSNMLMKQHJGFAD08CC,27,90.99,住家用,鋼筋混凝土造,86年10月22日,二十四層,,
RPSNMLMKQHJGFAD08CC,27,13.85,共有部分,鋼筋混凝土造,86年10月22日,二十四層,,
RPSNMLMKQHJGFAD08CC,27,14.09,共有部分,鋼筋混凝土造,86年10月22日,二十四層,,
RPTNMLMKQHJGFAD18CC,30,88.69,住家用,鋼筋混凝土造,83年10月11日,十七層,,
RPTNMLMKQHJGFAD18CC,30,16.57,共有部分,鋼筋混凝土造,83年10月11日,十七層,,
RPTNMLMKQHJGFAD18CC,30,13.92,共有部分,鋼筋混凝土造,83年10月11日,十七層,,
RPUNMLMKQHJGFAD28CC,8,60.20,集合住宅,鋼筋混凝土構造,106年1月24日,二十三層,,
RPVNMLMKQHJGFAD38CC,33,19.04,商業用,鋼筋混凝土造,80年2月9日,九層,,
RPUNMLMKQHJGFAD28CC,8,29.16,本共有部分之項目：防空避難室、停車空間、機房、樓梯間、機械房、水箱、門廳、梯間、管委會使用空間、水池、防災中心等。,鋼筋混凝土構造,106年1月24日,二十六層,,
RPVNMLMKQHJGFAD38CC,33,8.84,共有部分,鋼筋混凝土造,80年2月9日,九層,,
RPWNMLMKQHJGFAD48CC,63,187.12,住家用,加強磚造,51年1月1日,四層,,
RPPNMLMKQHJGFAD77CC,8,86.39,集合住宅,鋼筋混凝土構造,106年1月24日,二十六層,,
RPPNMLMKQHJGFAD77CC,8,72.53,本共有部分之項目：防空避難室、停車空間、機房、樓梯間、機械房、水箱、門廳、梯間、管委會使用空間、水池、防災中心等。,鋼筋混凝土構造,106年1月24日,二十六層,,
RPQNMLMKQHJGFCD08CC,45,92.62,住商用,加強磚造,68年3月2日,二層,,
RPPNMLMKQHJGFBD87CC,40,105.52,住商用,加強磚造,73年8月28日,二層,,
RPUNMLMKQHJGFCD48CC,14,64.77,住家用,鋼筋混凝土造,99年5月7日,十四層,,
RPWNMLMKQHJGFCD68CC,2,27.74,集合住宅,鋼筋混凝土構造,111年6月1日,六層,,
RPWNMLMKQHJGFCD68CC,2,16.78,本共有部分之項目有：防空避難室兼停車空間、梯廳、安全梯、台電配電室、緊急發電機、電信室、消防機房、汙水機房、雨水機房、水箱、管理委員會空間、中央監控室、戶外安全梯、機房、管委會空間（走廊）、管委會空間等十六項。,鋼筋混凝土構造,111年6月1日,六層,,
RPRNMLMKQHJGFBD08CC,27,155.36,住家用,鋼筋混凝土造,86年6月3日,三層,,
RPXNMLMKQHJGFCD78CC,45,23.00,住家用,鋼筋混凝土造,68年7月17日,三層,,
RPPNMLMKQHJGFKD78CC,8,133.08,住家用,鋼筋混凝土構造,105年5月12日,二十層,,
RPPNMLMKQHJGFKD78CC,8,82.19,本共有部分之項目有防空避難室兼停車空間，車道，外廊，樓梯間，頂蓋型廣場式開放空間，出入口緩衝空間，門廳，防災中心，中繼設備層，機械室及水箱等１１項,鋼筋混凝土構造,105年5月12日,二十層,,
RPQNMLMKQHJGFHD58CC,28,96.00,住家用,鋼骨造,85年10月28日,一層,,
RPSNMLMKQHJGFKD09CC,18,8.54,辦公室,鋼筋混凝土造,95年9月18日,八層,,
RPSNMLMKQHJGFKD09CC,18,8.54,共有部分,鋼筋混凝土造,95年9月18日,八層,,
RPRNMLMKQHJGFKD98CC,19,9.68,辦公室,鋼筋混凝土造,94年7月8日,六層,,
RPRNMLMKQHJGFKD98CC,19,9.05,共有部分,鋼筋混凝土造,94年7月8日,六層,,
RPUNMLMKQHJGFKD66CC,6,9.46,住家用,鋼筋混凝土構造,107年4月2日,五層,,
RPUNMLMKQHJGFKD66CC,6,4.21,本共有部分之項目有：電梯間，樓梯間及水箱等３項,鋼筋混凝土構造,107年4月2日,五層,,
RPWNMLMKQHJGFKD86CC,6,9.42,住家用,鋼筋混凝土構造,107年4月2日,五層,,
RPWNMLMKQHJGFKD86CC,6,4.19,本共有部分之項目有：電梯間，樓梯間及水箱等３項,鋼筋混凝土構造,107年4月2日,五層,,
RPTNMLMKQHJGFKD56CC,18,8.64,辦公室,鋼筋混凝土造,95年9月18日,八層,,
RPTNMLMKQHJGFKD56CC,18,8.62,共有部分,鋼筋混凝土造,95年9月18日,八層,,
RPVNMLMKQHJGFKD76CC,6,9.42,住家用,鋼筋混凝土構造,107年4月2日,五層,,
RPVNMLMKQHJGFKD76CC,6,4.19,本共有部分之項目有：電梯間，樓梯間及水箱等３項,鋼筋混凝土構造,107年4月2日,五層,,
RPQNMLMKQHJGFKD88CC,19,12.39,辦公室,鋼筋混凝土造,94年7月8日,六層,,
RPQNMLMKQHJGFKD88CC,19,10.97,共有部分,鋼筋混凝土造,94年7月8日,六層,,
RPPOMLMKQHJGFKD88CC,12,15.00,店舖，住宅,鋼筋混凝土構造,101年3月28日,四層,,
RPXNMLMKQHJGFKD96CC,6,9.42,住家用,鋼筋混凝土構造,107年4月2日,五層,,
RPXNMLMKQHJGFKD96CC,6,4.19,本共有部分之項目有：電梯間，樓梯間及水箱等３項,鋼筋混凝土構造,107年4月2日,五層,,
RPOOMLMKQHJGFKD78CC,31,82.56,住家用,鋼筋混凝土造,82年8月24日,十六層,,
RPOOMLMKQHJGFKD78CC,31,15.99,共有部分,鋼筋混凝土造,82年8月24日,十六層,,
RPOOMLMKQHJGFKD78CC,31,30.98,共有部分,鋼筋混凝土造,82年8月24日,見其他登記事項,,
RPQNMLNKQHJGFAD97CC,39,140.07,住商用,鋼筋混凝土造,74年10月17日,五層,,
RPQNMLNKQHJGFAD97CC,39,19.09,共有部分,鋼筋混凝土造,74年10月17日,五層,,
RPROMLMKQHJGFKD09CC,2,57.02,店舖,鋼筋混凝土構造,111年10月7日,十四層,,
RPROMLMKQHJGFKD09CC,2,26.78,本共有部分之項目有：停車空間、防空避難室兼停車空間、公共服務空間、管委會空間、樓梯間、機械室、水箱、陽台等８項,鋼筋混凝土構造,111年10月7日,十四層,,
RPUNMLNKQHJGFAD38CC,3,55.63,集合住宅,鋼筋混凝土構造,110年5月3日,十八層,,
RPUNMLNKQHJGFAD38CC,3,28.45,本共有部分之項目有防災中心、停車空間、機電設備空間、防空避難室兼停車空間、台電配電場所、自來水箱、車道、門廳、儲藏室、樓梯間、梯廳、昇降梯、屋頂平台等１３項。,鋼筋混凝土構造,110年5月3日,十八層,,
RPSNMLNKQHJGFAD18CC,42,113.86,住家用,鋼筋混凝土造,71年12月7日,五層,,
RPSNMLNKQHJGFAD18CC,42,6.47,共有部分,鋼筋混凝土造,71年12月7日,五層,,
RPSNMLNKQHJGFAD18CC,,9.22,共有部分,鋼筋混凝土造,,四層,,
RPVNMLNKQHJGFAD48CC,22,57.93,店舖、住宅,鋼筋混凝土造,91年11月15日,十層,,
RPVNMLNKQHJGFAD48CC,22,45.23,共有部分,鋼筋混凝土造,91年11月15日,十一層,,
RPRNMLNKQHJGFAD08CC,41,84.02,住家用,鋼筋混凝土造,72年8月17日,五層,,
RPRNMLNKQHJGFAD08CC,41,6.11,共有部分,鋼筋混凝土造,72年8月17日,五層,,
RPRNMLNKQHJGFAD08CC,41,7.99,共有部分,鋼筋混凝土造,72年8月17日,五層,,
RPWNMLNKQHJGFAD58CC,9,58.73,集合住宅,鋼筋混凝土構造,104年11月5日,二十四層,,
RPWNMLNKQHJGFAD58CC,9,25.32,本共有部分之項目：有樓梯間、門廊、門廳、管委會使用空間、防災中心、停車空間、防空避難室、車道、游泳池、機房自來水池等項,鋼筋混凝土構造,104年11月5日,二十四層,,
RPPNMLNKQHJGFBD97CC,2,77.18,集合住宅,鋼筋混凝土造,111年5月2日,二十層,,
RPPNMLNKQHJGFBD97CC,2,73.10,本共有部分之項目有：防空避難室兼停車空間、停車空間、管理委員會使用空間、中繼機房、特別安全梯及安全梯、樓梯間、梯廳、防災中心、管道間、一般升降機、機械室、水箱、門廊、、緊急升降機、排煙室、機電空間、儲藏室、陽台共１８項。,鋼筋混凝土造,111年5月2日,二十層,,
RPPNMLNKQHJGFCD08CC,46,40.66,住家用,加強磚造,67年12月14日,二層,,
RPRNMLNKQHJGFCD28CC,49,55.43,住家用,加強磚造,64年3月8日,二層,,
RPVNMLNKQHJGFCD68CC,4,67.42,集合住宅,鋼筋混凝土構造,109年11月23日,十五層,,
RPVNMLNKQHJGFCD68CC,4,65.75,本共有部份之項目有：防空避難室兼停車空間、停車空間、管委會空間、樓梯間、梯廳、管理室、門廊、梯間、機械室、水箱等共十項。,鋼筋混凝土構造,109年11月23日,十五層,,
RPXNMLNKQHJGFCD88CC,29,140.80,住商用,鋼筋混凝土造,85年1月20日,八層,,
RPXNMLNKQHJGFCD88CC,29,23.38,共有部分,鋼筋混凝土造,85年1月20日,八層,,
RPXNMLNKQHJGFCD88CC,29,9.96,共有部分,鋼筋混凝土造,85年1月20日,八層,,
RPXNMLNKQHJGFCD88CC,29,50.19,共有部分,鋼筋混凝土造,85年1月20日,八層,,
RPWNMLNKQHJGFCD78CC,7,13.30,店舖、住宅、停車空間,鋼骨鋼筋混凝土造,107年1月9日,三層,,
RPPOMLNKQHJGFCD18CC,34,12.23,住家用,鋼筋混凝土造,80年1月21日,七層,,
RPQNMLNKQHJGFID78CC,2,81.75,集合住宅,鋼筋混凝土構造,112年1月13日,十三層,,
RPPOMLNKQHJGFCD18CC,34,7.21,共有部分,鋼筋混凝土造,80年1月21日,七層,,
RPOOMLNKQHJGFCD08CC,43,104.90,住家用,鋼筋混凝土造,70年12月31日,五層,,
RPOOMLNKQHJGFCD08CC,43,14.36,共有部分,鋼筋混凝土造,70年12月31日,五層,,
RPQNMLNKQHJGFID78CC,2,64.18,本共有部分之項目有停車空間、公共空間、管委會使用空間、車道、樓梯間、機房、水箱等７項,鋼筋混凝土構造,112年1月13日,十三層,,
RPPNMLNKQHJGFHD58CC,11,28.33,店舖，住宅,鋼筋混凝土造,102年3月4日,四層,,
RPPNMLNKQHJGFKD88CC,29,82.13,住家用,鋼筋混凝土造,84年10月9日,十五層,,
RPPNMLNKQHJGFKD88CC,29,40.44,共有部分,鋼筋混凝土造,84年10月9日,十五層,,
RPQNMLNKQHJGFKD98CC,49,14.01,住家用,加強磚造,65年1月27日,二層,,
RPSNMLNKQHJGFKD56CC,30,145.66,住商用,鋼筋混凝土造,83年10月18日,十三層,,
RPSNMLNKQHJGFKD56CC,30,98.81,共有部分,鋼筋混凝土造,83年10月18日,十三層,,
RPQNMLOKQHJGFAD08CC,43,15.96,住家用,鋼筋混凝土造,70年6月5日,七層,,
RPQNMLOKQHJGFAD08CC,43,4.83,共有部分,鋼筋混凝土造,70年6月5日,七層,,
RPQNMLOKQHJGFAD08CC,43,1.80,共有部分,鋼筋混凝土造,70年6月5日,七層,,
RPTNMLNKQHJGFKD66CC,17,230.05,住商用,鋼筋混凝土造,96年8月3日,四層,,
RPTNMLOKQHJGFAD38CC,18,65.66,集合住宅,ＲＣ造,95年10月1日,十四層,,
RPTNMLOKQHJGFAD38CC,18,12.43,共有部分,ＲＣ造,95年10月1日,十四層,,
RPTNMLOKQHJGFAD38CC,18,15.91,共有部分,ＲＣ造,95年10月1日,十四層,,
RPRNMLOKQHJGFAD18CC,43,16.68,住家用,鋼筋混凝土造,70年12月31日,七層,,
RPRNMLOKQHJGFAD18CC,43,2.69,共有部分,鋼筋混凝土造,70年12月31日,七層,,
RPSNMLOKQHJGFAD28CC,31,17.22,商業用,鋼筋混凝土造,82年3月27日,六層,,
RPVNMLOKQHJGFAD58CC,29,29.77,住家用,鋼筋混凝土造,84年7月4日,十八層,,
RPWNMLOKQHJGFAD68CC,51,33.06,住家用,加強磚造,62年7月21日,二層,,
RPSNMLOKQHJGFAD28CC,31,7.55,共有部分,鋼筋混凝土造,82年3月27日,六層,,
RPVNMLOKQHJGFAD58CC,29,13.74,共有部分,鋼筋混凝土造,84年7月4日,十八層,,
RPQOMLOKQHJGFAD18CC,25,96.83,集合住宅,鋼筋混凝土造,88年7月30日,十層,,
RPQOMLOKQHJGFAD18CC,25,13.42,共有部分,鋼筋混凝土造,88年7月30日,十層,,
RPOOMLOKQHJGFAD97CC,1,47.76,集合住宅,鋼筋混凝土造,112年11月8日,二十二層,,
RPQOMLOKQHJGFAD18CC,25,41.53,共有部分,鋼筋混凝土造,88年7月30日,十層,,
RPOOMLOKQHJGFAD97CC,1,44.09,本共有部分之項目有防空避難室兼停車空間、停車空間、管委會使用空間、梯間、門廳兼梯廳、樓梯間、機械室、水箱、門廊、車道、排煙室、管道間等１２項,鋼筋混凝土造,112年11月8日,二十二層,,
RPQOMLOKQHJGFAD18CC,25,9.14,共有部分,鋼筋混凝土造,88年7月30日,十層,,
RPPOMLOKQHJGFAD08CC,32,100.96,住家用,鋼筋混凝土造,81年11月18日,七層,,
RPPOMLOKQHJGFAD08CC,32,9.68,共有部分,鋼筋混凝土造,81年11月18日,七層,,
RPPOMLOKQHJGFAD08CC,32,22.36,共有部分,鋼筋混凝土造,81年11月18日,七層,,
RPSOMLOKQHJGFAD38CC,31,64.07,住家用,鋼筋混凝土造,82年11月25日,六層,,
RPXNMLOKQHJGFAD78CC,9,88.87,集合住宅,鋼筋混凝土構造,104年11月5日,二十四層,,
RPXNMLOKQHJGFAD78CC,9,69.93,本共有部分之項目：有樓梯間、門廊、門廳、管委會使用空間、防災中心、停車空間、防空避難室、車道、游泳池、機房自來水池等項,鋼筋混凝土構造,104年11月5日,二十四層,,
RPSOMLOKQHJGFAD38CC,31,17.42,共有部分,鋼筋混凝土造,82年11月25日,六層,,
RPXOMLOKQHJGFAD88CC,3,61.74,集合住宅,鋼筋混凝土構造,110年12月13日,二十二層,,
RPXOMLOKQHJGFAD88CC,3,54.90,本共有部分之項目有管委會使用空間、公共服務空間、樓梯間、電梯間、機械室、水箱、停車空間、防空避難室兼停車空間、中繼機房、外廊、防災中心、車道。,鋼筋混凝土構造,110年12月13日,二十二層,,
RPOPMLOKQHJGFAD08CC,3,60.16,集合住宅,鋼筋混凝土構造,110年12月13日,二十二層,,
RPWOMLOKQHJGFAD78CC,41,13.70,住家用,鋼筋混凝土造,73年1月6日,四層,,
RPOPMLOKQHJGFAD08CC,3,54.07,本共有部分之項目有管委會使用空間、公共服務空間、樓梯間、電梯間、機械室、水箱、停車空間、防空避難室兼停車空間、中繼機房、外廊、防災中心、車道。,鋼筋混凝土構造,110年12月13日,二十二層,,
RPROMLOKQHJGFAD28CC,30,15.92,住家用,鋼筋混凝土造,83年12月16日,十三層,,
RPVOMLOKQHJGFAD68CC,3,60.16,集合住宅,鋼筋混凝土構造,110年12月13日,二十二層,,
RPVOMLOKQHJGFAD68CC,3,54.07,本共有部分之項目有管委會使用空間、公共服務空間、樓梯間、電梯間、機械室、水箱、停車空間、防空避難室兼停車空間、中繼機房、外廊、防災中心、車道。,鋼筋混凝土構造,110年12月13日,二十二層,,
RPROMLOKQHJGFAD28CC,30,5.27,共有部分,鋼筋混凝土造,83年12月16日,十三層,,
RPPPMLOKQHJGFAD18CC,41,13.70,住家用,鋼筋混凝土造,73年1月6日,四層,,
RPQPMLOKQHJGFAD28CC,27,219.21,補習班,鋼筋混凝土造,86年5月19日,十層,,
RPQPMLOKQHJGFAD28CC,27,39.17,共有部分,鋼筋混凝土造,86年5月19日,十層,,
RPPNMLOKQHJGFCD18CC,29,65.26,住家用,鋼筋混凝土造,84年11月6日,二十層,,
RPPNMLOKQHJGFCD18CC,29,13.65,共有部分,鋼筋混凝土造,84年11月6日,二十層,,
RPPNMLOKQHJGFCD18CC,29,18.67,共有部分,鋼筋混凝土造,84年11月6日,二十層,,
RPRNMLOKQHJGFCD38CC,3,102.86,集合住宅,鋼筋混凝土構造,110年2月3日,十五層,,
RPRNMLOKQHJGFCD38CC,3,129.49,本共有部份之項目有：門廊、污物處理區、管委會空間、梯間、機械室、水箱、防空避難室兼停車空間、停車空間、車道、管理室、  門廳、梯廳、排煙室、樓梯間共十四項。,鋼筋混凝土構造,110年2月3日,十五層,,
RPPNMLOKQHJGFBD08CC,29,173.83,住家用,鋼筋混凝土造,84年9月13日,三層,,
RPQNMLOKQHJGFCD28CC,6,58.90,集合住宅,鋼筋混凝土構造,108年1月30日,五層,,
RPQNMLOKQHJGFCD28CC,6,24.03,本共有部分之項目有：管理員室、機電、外廊、停車空間、樓梯間。,鋼筋混凝土構造,108年1月30日,五層,,
RPUNMLOKQHJGFCD68CC,42,86.13,集合住宅,鋼筋混凝土造,71年12月4日,五層,,
RPUNMLOKQHJGFCD68CC,42,7.10,共有部分,鋼筋混凝土造,71年12月4日,五層,,
RPRNMLOKQHJGFBD28CC,35,134.48,住商用,加強磚造,78年11月11日,二層,,
RPWNMLOKQHJGFCD88CC,1,81.93,集合住宅,鋼筋混凝土造,113年1月8日,十五層,,
RPWNMLOKQHJGFCD88CC,1,76.80,本共有部份之項目有：防空避難室兼停車空間、停車空間、公共服務空間、管委會空間、門廳、梯廳、梯間、管道間、昇降機、車道、排煙室、污物處理區、機械室、水箱共１４項。,鋼筋混凝土造,113年1月8日,十五層,,
RPVNMLOKQHJGFCD78CC,25,90.39,集合住宅,鋼筋混凝土造,88年10月21日,十三層,,
RPVNMLOKQHJGFCD78CC,25,18.46,共有部分,鋼筋混凝土造,88年10月21日,十三層,,
RPVNMLOKQHJGFCD78CC,25,31.51,共有部分,鋼筋混凝土造,88年10月21日,十三層,,
RPXNMLOKQHJGFCD98CC,33,35.91,商業用,鋼筋混凝土造,80年8月15日,七層,,
RPXNMLOKQHJGFCD98CC,33,11.21,共有部分,鋼筋混凝土造,80年8月15日,七層,,
RPPOMLOKQHJGFCD28CC,30,88.33,住家用,鋼筋混凝土造,84年1月7日,二十四層,,
RPOOMLOKQHJGFCD18CC,25,96.22,集合住宅,鋼筋混凝土造,88年10月21日,十三層,,
RPPOMLOKQHJGFCD28CC,30,16.97,共有部分,鋼筋混凝土造,84年1月7日,二十四層,,
RPOOMLOKQHJGFCD18CC,25,19.57,共有部分,鋼筋混凝土造,88年10月21日,十三層,,
RPQOMLOKQHJGFCD38CC,34,13.03,商業用,鋼筋混凝土造,79年9月26日,十二層,,
RPPOMLOKQHJGFCD28CC,30,3.16,共有部分,鋼筋混凝土造,84年1月7日,二十四層,,
RPOOMLOKQHJGFCD18CC,25,33.67,共有部分,鋼筋混凝土造,88年10月21日,十三層,,
RPQOMLOKQHJGFCD38CC,34,7.62,共有部分,鋼筋混凝土造,79年9月26日,十二層,,
RPSOMLOKQHJGFCD58CC,41,69.66,集合住宅,鋼筋混凝土造,72年7月18日,五層,,
RPSOMLOKQHJGFCD58CC,41,5.79,共有部分,鋼筋混凝土造,72年7月18日,五層,,
RPTOMLOKQHJGFCD68CC,31,62.20,住家用,鋼筋混凝土造,82年5月3日,七層,,
RPTOMLOKQHJGFCD68CC,31,13.06,共有部分,鋼筋混凝土造,82年5月3日,七層,,
RPUOMLOKQHJGFCD78CC,24,94.94,住家用,鋼筋混凝土造,89年8月22日,十四層,,
RPUOMLOKQHJGFCD78CC,24,2.93,共有部分,鋼筋混凝土造,89年8月22日,十四層,,
RPUOMLOKQHJGFCD78CC,24,19.94,共有部分,鋼筋混凝土造,89年8月22日,十四層,,
RPWOMLOKQHJGFCD98CC,41,194.60,住商用,鋼筋混凝土造,72年10月22日,七層,,
RPVOMLOKQHJGFCD88CC,34,146.55,住家用,鋼筋混凝土造,79年8月3日,十七層,,
RPWOMLOKQHJGFCD98CC,41,56.47,共有部分,鋼筋混凝土造,72年10月22日,七層,,
RPVOMLOKQHJGFCD88CC,34,47.64,共有部分,鋼筋混凝土造,79年8月3日,十七層,,
RPROMLOKQHJGFCD48CC,34,20.07,住家用,鋼筋混凝土造,80年1月24日,六層,,
RPROMLOKQHJGFCD48CC,34,6.28,共有部分,鋼筋混凝土造,80年1月24日,六層,,
RPPNMLOKQHJGFGD58CC,29,197.56,住家用,鋼筋混凝土造,84年4月19日,三層,,
RPQNMLOKQHJGFID88CC,42,96.23,住家用,加強磚造,71年5月25日,二層,,
RPPNMLOKQHJGFHD68CC,47,29.75,住家用,加強磚造,67年1月20日,二層,,
RPTNMLOKQHJGFID56CC,,87.48,住家用,磚造,,一層,,
RPRNMLOKQHJGFID98CC,,85.92,住家用,加強磚造,,二層,,
RPSNMLOKQHJGFID09CC,49,150.95,住家用,加強磚造,64年5月30日,三層,,
RPPNMLOKQHJGFID78CC,27,33.80,住家用,鋼筋混凝土造,86年7月21日,六層,,
RPPNMLOKQHJGFID78CC,27,15.16,共有部分,鋼筋混凝土造,86年7月21日,六層,,
RPQNMLOKQHJGFKD09CC,30,20.41,住家用,鋼筋混凝土造,83年7月1日,五層,,
RPQNMLOKQHJGFKD09CC,30,6.16,共有部分,鋼筋混凝土造,83年7月1日,五層,,
RPPNMLOKQHJGFKD98CC,31,20.04,住家用,鋼筋混凝土造,82年12月30日,九層,,
RPPNMLOKQHJGFKD98CC,31,15.50,共有部分,鋼筋混凝土造,82年12月30日,九層,,
RPSNMLOKQHJGFKD66CC,1,53.61,集合住宅,鋼筋混凝土造,112年9月20日,十五層,,
RPSNMLOKQHJGFKD66CC,1,67.99,本共有部份之項目有：防空避難室，停車空間，樓梯間，機械設備空間，水箱，機械室等共６項,鋼筋混凝土造,112年9月20日,十五層,,
RPRNMLOKQHJGFKD56CC,26,41.48,住家用,鋼筋混凝土造,87年10月26日,十一層,,
RPXNMLOKQHJGFKD17CC,35,44.62,住商用,鋼筋混凝土造,78年11月10日,二層,,
RPRNMLOKQHJGFKD56CC,26,5.55,共有部分,鋼筋混凝土造,87年10月26日,十一層,,
RPVNMLOKQHJGFKD96CC,27,80.95,住家用,鋼筋混凝土造,86年5月29日,二十層,,
RPRNMLOKQHJGFKD56CC,26,13.41,共有部分,鋼筋混凝土造,87年10月26日,十一層,,
RPVNMLOKQHJGFKD96CC,27,11.57,共有部分,鋼筋混凝土造,86年5月29日,二十層,,
RPVNMLOKQHJGFKD96CC,27,13.82,共有部分,鋼筋混凝土造,86年5月29日,二十層,,
RPPNMLOKQHJGFKD09DC,6,741.00,倉庫,鋼骨鋼筋混凝土構造,107年10月18日,二層,,
RPOOMLOKQHJGFKD98CC,17,183.57,住家用,鋼筋混凝土造,96年8月31日,四層,,
RPQNMLPKQHJGFAD18CC,43,87.13,住家用,鋼筋混凝土造,70年10月27日,五層,,
RPQNMLPKQHJGFAD18CC,,30.12,共有部分,鋼筋混凝土造,,五層,,
RPWNMLOKQHJGFKD07CC,31,33.06,辦公室。,鋼筋混凝土造,82年8月20日,十二層,,
RPWNMLOKQHJGFKD07CC,31,4.96,共有部分,鋼筋混凝土造,82年8月20日,十二層,,
RPPNMLPKQHJGFAD08CC,28,24.32,住家用,鋼筋混凝土造,85年11月27日,十一層,,
RPPNMLPKQHJGFAD08CC,28,6.29,共有部分,鋼筋混凝土造,85年11月27日,十一層,,
RPPNMLPKQHJGFAD08CC,28,2.87,共有部分,鋼筋混凝土造,85年11月27日,十一層,,
RPTNMLPKQHJGFAD48CC,8,84.33,集合住宅,鋼筋混凝土構造,106年1月24日,二十六層,,
RPTNMLPKQHJGFAD48CC,8,71.41,本共有部分之項目：防空避難室、停車空間、機房、樓梯間、機械房、水箱、門廳、梯間、管委會使用空間、水池、防災中心等。,鋼筋混凝土構造,106年1月24日,二十六層,,
RPROMLOKQHJGFKD66CC,31,24.83,住家用,鋼筋混凝土造,82年7月16日,七層,,
RPROMLOKQHJGFKD66CC,31,1.89,共有部分,鋼筋混凝土造,82年7月16日,七層,,
RPSNMLPKQHJGFAD38CC,11,16.50,住家用,鋼筋混凝土構造,102年7月16日,五層,,
RPROMLOKQHJGFKD66CC,31,5.35,共有部分,鋼筋混凝土造,82年7月16日,七層,,
RPRNMLPKQHJGFAD28CC,11,16.50,住家用,鋼筋混凝土構造,102年7月16日,五層,,
RPWNMLPKQHJGFAD78CC,21,109.72,集合住宅,鋼筋混凝土造,92年9月16日,十四層,,
RPWNMLPKQHJGFAD78CC,21,38.25,管理室等,鋼筋混凝土造,92年9月16日,十四層,,
RPWNMLPKQHJGFAD78CC,21,20.80,公共設施,鋼筋混凝土造,92年9月16日,十四層,,
RPVNMLPKQHJGFAD68CC,30,93.98,住家用,鋼筋混凝土造,83年7月22日,八層,,
RPUNMLPKQHJGFAD58CC,33,16.80,住家用,鋼筋混凝土造,80年2月9日,九層,,
RPUNMLPKQHJGFAD58CC,33,9.78,共有部分,鋼筋混凝土造,80年2月9日,九層,,
RPVNMLPKQHJGFAD68CC,30,41.40,共有部分,鋼筋混凝土造,83年7月22日,八層,,
RPXNMLPKQHJGFAD88CC,1,48.78,集合住宅,鋼筋混凝土造,112年11月8日,二十二層,,
RPXNMLPKQHJGFAD88CC,1,44.91,本共有部分之項目有防空避難室兼停車空間、停車空間、管委會使用空間、梯間、門廳兼梯廳、樓梯間、機械室、水箱、門廊、車道、排煙室、管道間等１２項,鋼筋混凝土造,112年11月8日,二十二層,,
RPROMLPKQHJGFAD38CC,1,71.33,集合住宅,鋼筋混凝土造,112年11月8日,二十二層,,
RPROMLPKQHJGFAD38CC,1,64.27,本共有部分之項目有防空避難室兼停車空間、停車空間、管委會使用空間、梯間、門廳兼梯廳、樓梯間、機械室、水箱、門廊、車道、排煙室、管道間等１２項,鋼筋混凝土造,112年11月8日,二十二層,,
RPPOMLPKQHJGFAD18CC,34,18.66,住家用,鋼筋混凝土造,79年11月13日,五層,,
RPPOMLPKQHJGFAD18CC,34,9.83,共有部分,鋼筋混凝土造,79年11月13日,五層,,
RPSOMLPKQHJGFAD48CC,24,25.66,集合住宅,鋼筋混凝土造,89年11月20日,十四層,,
RPSOMLPKQHJGFAD48CC,24,7.45,共有部分,鋼筋混凝土造,89年11月20日,十四層,,
RPUOMLPKQHJGFAD68CC,28,23.14,辦公室、店舖、住宅,鋼筋混凝土造,85年12月16日,三層,,
RPTOMLPKQHJGFAD58CC,3,52.65,集合住宅,鋼筋混凝土構造,110年5月3日,十八層,,
RPTOMLPKQHJGFAD58CC,3,27.05,本共有部分之項目有防災中心、停車空間、機電設備空間、防空避難室兼停車空間、台電配電場所、自來水箱、車道、門廳、儲藏室、樓梯間、梯廳、昇降梯、屋頂平台等１３項。,鋼筋混凝土構造,110年5月3日,十八層,,
RPXOMLPKQHJGFAD98CC,11,61.59,集合住宅,鋼筋混凝土構造,102年11月25日,十四層,,
RPXOMLPKQHJGFAD98CC,11,47.14,本共有部分之項目有門廳、守衛室、停車空間、防空避難室、管理維護空間。,鋼筋混凝土構造,102年11月25日,十四層,,
RPXOMLPKQHJGFAD98CC,11,14.32,本共有部分之項目有電樓梯間、電梯機房、水箱。,鋼筋混凝土構造,102年11月25日,十四層,,
RPOPMLPKQHJGFAD18CC,32,39.67,住商用,鋼筋混凝土造,81年7月16日,五層,,
RPPPMLPKQHJGFAD28CC,32,15.35,住家用,鋼筋混凝土造,81年9月19日,五層,,
RPPPMLPKQHJGFAD28CC,32,19.83,共有部分,鋼筋混凝土造,81年9月19日,五層,,
RPQNMLPKQHJGFBD28CC,1,77.23,集合住宅,鋼筋混凝土造,112年9月11日,十五層,,
RPQNMLPKQHJGFBD28CC,1,100.62,共有部分包括：梯廳、梯間、管委會使用空間、公共服務空間、水錶箱室、電梯機房、水箱、電信室、台電配電室、水景機房、緊急發電機室、雨水機房、停車空間、防空避難室兼停車空間、污水機房、消防機房、垃圾集中室、資源回收中心、外廊、車道、樓梯間、安全梯、無障礙樓梯、機房等２４項。,鋼筋混凝土造,112年9月11日,十五層,,
RPVOMLPKQHJGFAD78CC,28,23.14,辦公室、店舖、住宅,鋼筋混凝土造,85年12月16日,三層,,
RPQPMLPKQHJGFAD38CC,32,26.45,住商用,鋼筋混凝土造,81年7月16日,五層,,
RPRNMLPKQHJGFBD38CC,48,93.36,住家用,加強磚造,65年9月17日,二層,,
RPPNMLPKQHJGFCD28CC,53,37.40,住商用,鋼筋混凝土造,60年12月12日,四層,,
RPPNMLPKQHJGFCD28CC,53,1.75,共有部分,鋼筋混凝土造,60年12月12日,四層,,
RPSNMLPKQHJGFBD48CC,43,90.97,集合住宅,鋼筋混凝土造,70年9月7日,四層,,
RPSNMLPKQHJGFBD48CC,43,3.55,共有部分,鋼筋混凝土造,70年9月7日,四層,,
RPSNMLPKQHJGFBD48CC,43,7.81,共有部分,鋼筋混凝土造,70年9月7日,四層,,
RPQNMLPKQHJGFCD38CC,42,21.72,住家用,鋼筋混凝土造,71年2月26日,五層,,
RPRNMLPKQHJGFCD48CC,44,62.63,集合住宅,鋼筋混凝土造,69年5月22日,七層,,
RPQNMLPKQHJGFCD38CC,42,2.47,共有部分,鋼筋混凝土造,71年2月26日,三層,,
RPRNMLPKQHJGFCD48CC,44,9.84,共有部分,鋼筋混凝土造,69年5月22日,七層,,
RPTNMLPKQHJGFCD68CC,29,19.50,住家用,鋼筋混凝土造,84年11月6日,二十層,,
RPXNMLPKQHJGFCD09CC,25,89.46,集合住宅,鋼筋混凝土造,88年10月21日,十三層,,
RPXNMLPKQHJGFCD09CC,25,18.07,共有部分,鋼筋混凝土造,88年10月21日,十三層,,
RPXNMLPKQHJGFCD09CC,25,31.08,共有部分,鋼筋混凝土造,88年10月21日,十三層,,
RPSNMLPKQHJGFCD58CC,33,88.58,住家用,鋼筋混凝土造,80年10月15日,七層,,
RPSNMLPKQHJGFCD58CC,33,24.79,共有部分,鋼筋混凝土造,80年10月15日,七層,,
RPUNMLPKQHJGFCD78CC,51,79.73,住家用,加強磚造,62年7月20日,二層,,
RPWNMLPKQHJGFCD98CC,44,203.39,住商用,鋼筋混凝土造,69年8月18日,三層,,
RPVNMLPKQHJGFCD88CC,17,53.20,住家用,鋼筋混凝土造,96年11月6日,七層,,
RPVNMLPKQHJGFCD88CC,17,10.23,防空避難室兼停車空間、管理委員會使用空間,鋼筋混凝土造,96年11月6日,七層,,
RPVNMLPKQHJGFCD88CC,17,12.47,共有部分,鋼筋混凝土造,96年11月6日,七層,,
RPPNMLPKQHJGFDD38CC,31,58.48,住家用,鋼筋混凝土造,82年5月8日,八層,,
RPPNMLPKQHJGFDD38CC,31,25.56,共有部分,鋼筋混凝土造,82年5月8日,八層,,
RPPNMLPKQHJGFID88CC,32,155.98,住家用,鋼筋混凝土造,81年12月15日,四層,,
RPQNMLPKQHJGFHD88CC,11,53.75,店舖、住宅、停車空間、樓梯間,鋼筋混凝土造,102年12月31日,四層,,
RPPNMLPKQHJGFKD09CC,27,19.29,共有部分,鋼筋混凝土造,86年5月29日,二十層,,
RPSNMLPKQHJGFID56CC,29,77.71,農舍,鋼筋混凝土造,84年3月21日,三層,,
RPQNMLPKQHJGFKD56CC,37,115.64,住家用,加強磚造,76年4月2日,二層,,
RPQNMLPKQHJGFID98CC,29,69.22,農舍,鋼筋混凝土造,84年3月21日,三層,,
RPPNMLPKQHJGFHD78CC,30,86.42,住家用,鋼筋混凝土造,83年9月23日,八層,,
RPPNMLPKQHJGFHD78CC,30,12.78,梯間，機械室，水箱,鋼筋混凝土造,83年9月23日,八層,,
RPPNMLPKQHJGFHD78CC,30,11.02,停車空間．防空避難室,鋼筋混凝土造,83年9月23日,八層,,
RPTNMLPKQHJGFKD86CC,12,15.00,店舖，住宅,鋼筋混凝土構造,101年3月28日,四層,,
RPUNMLPKQHJGFKD96CC,12,13.00,店舖，住宅,鋼筋混凝土構造,101年3月28日,四層,,
RPRNMLPKQHJGFKD66CC,12,15.00,店舖，住宅,鋼筋混凝土構造,101年3月28日,四層,,
RPWNMLPKQHJGFKD17CC,12,13.00,店舖，住宅,鋼筋混凝土構造,101年3月28日,四層,,
RPXNMLPKQHJGFKD27CC,12,20.00,店舖，住宅,鋼筋混凝土構造,101年3月28日,四層,,
RPSNMLPKQHJGFKD76CC,1,91.71,集合住宅,鋼筋混凝土造,112年11月24日,十五層,,
RPSNMLPKQHJGFKD76CC,1,41.75,本共有部分之項目有：防空避難室，停車空間，公共空間，樓梯間，排煙室，走道，水箱及電梯機房等８項,鋼筋混凝土造,112年11月24日,十五層,,
RPOOMLPKQHJGFKD09CC,12,20.00,店舖，住宅,鋼筋混凝土構造,101年3月28日,四層,,
RPTOMLPKQHJGFKD96CC,29,80.58,住家用,鋼筋混凝土造,84年12月14日,八層,,
RPTOMLPKQHJGFKD96CC,29,32.65,共有部分,鋼筋混凝土造,84年12月14日,八層,,
RPROMLPKQHJGFKD76CC,28,126.53,住家用,鋼筋混凝土造,85年5月22日,十六層,,
RPPNMLQKQHJGFAD18CC,30,71.78,住家用,鋼筋混凝土造,83年7月29日,七層,,
RPROMLPKQHJGFKD76CC,28,48.67,共有部分,鋼筋混凝土造,85年5月22日,十六層,,
RPPNMLQKQHJGFAD18CC,30,6.81,共有部分,鋼筋混凝土造,83年7月29日,七層,,
RPSOMLPKQHJGFKD86CC,30,26.93,住家用,鋼筋混凝土造,83年5月24日,十二層,,
RPPNMLQKQHJGFAD18CC,30,9.13,共有部分,鋼筋混凝土造,83年7月29日,七層,,
RPSOMLPKQHJGFKD86CC,30,5.99,共有部分,鋼筋混凝土造,83年5月24日,十二層,,
RPSOMLPKQHJGFKD86CC,30,5.02,共有部分,鋼筋混凝土造,83年5月24日,十二層,,
RPUOMLPKQHJGFKD07CC,27,29.16,住家用,鋼筋混凝土造,86年9月26日,十一層,,
RPUOMLPKQHJGFKD07CC,27,7.33,共有部分,鋼筋混凝土造,86年9月26日,十一層,,
RPUOMLPKQHJGFKD07CC,27,4.15,共有部分,鋼筋混凝土造,86年9月26日,十一層,,
RPVNMLPKQHJGFKD07CC,25,86.14,住家用,鋼筋混凝土造,88年8月24日,十四層,,
RPVNMLPKQHJGFKD07CC,25,2.20,共有部分,鋼筋混凝土造,88年8月24日,十四層,,
RPSNMLQKQHJGFAD48CC,24,69.51,集合住宅,鋼筋混凝土造,89年11月20日,十四層,,
RPVNMLPKQHJGFKD07CC,25,3.98,共有部分,鋼筋混凝土造,88年8月24日,十四層,,
RPSNMLQKQHJGFAD48CC,24,20.22,共有部分,鋼筋混凝土造,89年11月20日,十四層,,
RPVNMLPKQHJGFKD07CC,25,33.01,共有部分,鋼筋混凝土造,88年8月24日,十四層,,
RPVNMLPKQHJGFKD07CC,25,17.21,共有部分,鋼筋混凝土造,88年8月24日,十四層,,
RPRNMLQKQHJGFAD38CC,30,23.89,住家用,鋼筋混凝土造,83年11月8日,十二層,,
RPRNMLQKQHJGFAD38CC,30,3.01,共有部分,鋼筋混凝土造,83年11月8日,十二層,,
RPRNMLQKQHJGFAD38CC,30,6.96,共有部分,鋼筋混凝土造,83年11月8日,十二層,,
RPQNMLQKQHJGFAD28CC,29,13.22,住商用,鋼筋混凝土造,84年5月29日,五層,,
RPUNMLQKQHJGFAD68CC,29,13.22,住商用,鋼筋混凝土造,84年5月29日,五層,,
RPTNMLQKQHJGFAD58CC,22,117.96,店舖、住宅,鋼筋混凝土造,91年11月15日,十一層,,
RPTNMLQKQHJGFAD58CC,22,42.21,共有部分,鋼筋混凝土造,91年11月15日,十一層,,
RPVNMLQKQHJGFAD78CC,1,49.09,集合住宅,鋼筋混凝土造,112年11月8日,二十二層,,
RPVNMLQKQHJGFAD78CC,1,44.91,本共有部分之項目有防空避難室兼停車空間、停車空間、管委會使用空間、梯間、門廳兼梯廳、樓梯間、機械室、水箱、門廊、車道、排煙室、管道間等１２項,鋼筋混凝土造,112年11月8日,二十二層,,
RPWNMLQKQHJGFAD88CC,24,25.66,集合住宅,鋼筋混凝土造,89年11月20日,十四層,,
RPWNMLQKQHJGFAD88CC,24,7.45,共有部分,鋼筋混凝土造,89年11月20日,十四層,,
RPXNMLQKQHJGFAD98CC,30,17.96,住家用,鋼筋混凝土造,83年3月1日,六層,,
RPXNMLQKQHJGFAD98CC,30,5.84,共有部分,鋼筋混凝土造,83年3月1日,六層,,
RPXNMLQKQHJGFAD98CC,30,2.32,共有部分,鋼筋混凝土造,83年3月1日,六層,,
RPOOMLQKQHJGFAD18CC,2,57.24,集合住宅,鋼筋混凝土構造,111年6月23日,十四層,,
RPOOMLQKQHJGFAD18CC,2,69.36,本共有部分之項目有防空避難室兼停車空間、停車空間、管委會空間、安全梯、樓梯間、梯廳、管道間、昇降機、機械室、水箱、門廳、車道、排煙室等１３項。,鋼筋混凝土構造,111年6月23日,十四層,,
RPQOMLQKQHJGFAD38CC,3,81.80,店舖、住宅,鋼骨構造有牆,110年11月11日,二層,,
RPPOMLQKQHJGFAD28CC,29,26.18,住家用,鋼筋混凝土造,84年7月4日,十八層,,
RPPOMLQKQHJGFAD28CC,29,42.95,共有部分,鋼筋混凝土造,84年7月4日,十八層,,
RPSOMLQKQHJGFAD58CC,43,20.38,住家用,鋼筋混凝土造,70年12月31日,七層,,
RPPNMLQKQHJGFBD28CC,30,176.88,住商用,鋼筋混凝土造,83年4月22日,四層,,
RPSOMLQKQHJGFAD58CC,43,10.15,共有部分,鋼筋混凝土造,70年12月31日,七層,,
RPROMLQKQHJGFAD48CC,34,12.68,住家用,鋼筋混凝土造,79年6月9日,五層,,
RPROMLQKQHJGFAD48CC,34,8.74,共有部分,鋼筋混凝土造,79年6月9日,五層,,
RPQNMLQKQHJGFCD48CC,41,89.65,集合住宅,鋼筋混凝土造,72年11月21日,五層,,
RPQNMLQKQHJGFCD48CC,41,10.46,共有部分,鋼筋混凝土造,72年11月21日,五層,,
RPPNMLQKQHJGFCD38CC,32,119.35,住家用,鋼筋混凝土造,81年4月16日,七層,,
RPPNMLQKQHJGFCD38CC,32,26.44,共有部分,鋼筋混凝土造,81年4月16日,七層,,
RPPNMLQKQHJGFCD38CC,32,25.30,共有部分,鋼筋混凝土造,81年4月16日,七層,,
RPSNMLQKQHJGFCD68CC,31,80.51,住家用,鋼筋混凝土造,82年6月9日,十六層,,
RPTNMLQKQHJGFCD78CC,30,69.65,住家用,鋼筋混凝土造,83年9月9日,七層,,
RPSNMLQKQHJGFCD68CC,31,25.48,共有部分,鋼筋混凝土造,82年6月9日,十六層,,
RPTNMLQKQHJGFCD78CC,30,8.08,共有部分,鋼筋混凝土造,83年9月9日,七層,,
RPSNMLQKQHJGFCD68CC,31,10.58,共有部分,鋼筋混凝土造,82年6月9日,十六層,,
RPTNMLQKQHJGFCD78CC,30,29.77,共有部分,鋼筋混凝土造,83年9月9日,七層,,
RPUNMLQKQHJGFCD88CC,30,64.42,住家用,鋼筋混凝土造,83年9月1日,七層,,
RPUNMLQKQHJGFCD88CC,30,22.25,共有部分,鋼筋混凝土造,83年9月1日,七層,,
RPPNMLQKQHJGFGD78CC,2,170.54,住家用,鋼筋混凝土造,111年6月7日,三層,,
RPPNMLQKQHJGFHD88CC,47,39.66,住商用,加強磚造,66年3月1日,三層,,
RPQNMLQKQHJGFGD88CC,29,31.45,住家用,鋼筋混凝土造,84年5月1日,六層,,
RPQNMLQKQHJGFGD88CC,29,6.34,共有部分,鋼筋混凝土造,84年5月1日,六層,,
RPQNMLQKQHJGFHD98CC,47,39.66,住商用,加強磚造,66年3月1日,四層,,
RPPNMLQKQHJGFID98CC,16,209.42,住商用,鋼筋混凝土造,97年4月10日,四層,,
RPRNMLQKQHJGFHD09CC,1,71.17,出租宿舍（商務住宅）,鋼筋混凝土造,112年10月3日,十四層,,
RPRNMLQKQHJGFHD09CC,1,61.59,共有部份之項目有：停車空間、門廊、樓梯間、排煙室、管理維護空間、資源回收專區、公共服務空間、停車空間（車道）、梯廳、水塔、機械室。,鋼筋混凝土造,112年10月3日,十四層,,
RPSNMLQKQHJGFID66CC,8,15.00,店舖、住宅,鋼筋混凝土構造,105年11月1日,四層,,
RPQNMLQKQHJGFID09CC,17,8.04,辦公室,鋼筋混凝土造,96年9月20日,四層,,
RPQNMLQKQHJGFID09CC,17,1.01,共有部分,鋼筋混凝土造,96年9月20日,四層,,
RPQNMLQKQHJGFID09CC,17,5.10,共有部分,鋼筋混凝土造,96年9月20日,四層,,
RPRNMLQKQHJGFID56CC,1,60.25,集合住宅,鋼筋混凝土造,112年12月8日,十五層,,
RPQNMLQKQHJGFKD66CC,19,12.24,辦公室,鋼筋混凝土造,94年7月8日,六層,,
RPRNMLQKQHJGFID56CC,1,56.20,本共有部分之項目有停車空間、管委會空間、公共服務空間、梯間、樓電梯間、樓梯間、水箱、機械室等８項,鋼筋混凝土造,112年12月8日,十五層,,
RPQNMLQKQHJGFKD66CC,19,10.97,共有部分,鋼筋混凝土造,94年7月8日,六層,,
RPPNMLQKQHJGFKD56CC,19,8.55,辦公室,鋼筋混凝土造,94年7月8日,六層,,
RPPNMLQKQHJGFKD56CC,19,8.09,共有部分,鋼筋混凝土造,94年7月8日,六層,,
RPUNMLQKQHJGFKD07CC,30,44.82,住家用,鋼筋混凝土造,83年5月24日,十二層,,
RPUNMLQKQHJGFKD07CC,30,9.98,共有部分,鋼筋混凝土造,83年5月24日,十二層,,
RPTNMLQKQHJGFID76CC,1,73.66,集合住宅,鋼筋混凝土造,112年12月8日,十五層,,
RPUNMLQKQHJGFKD07CC,30,8.45,共有部分,鋼筋混凝土造,83年5月24日,十二層,,
RPRNMLQKQHJGFKD76CC,19,13.20,辦公室,鋼筋混凝土造,94年7月8日,六層,,
RPRNMLQKQHJGFKD76CC,19,11.55,共有部分,鋼筋混凝土造,94年7月8日,六層,,
RPTNMLQKQHJGFID76CC,1,36.92,本共有部分之項目有停車空間、管委會空間、公共服務空間、梯間、樓電梯間、樓梯間、水箱、機械室等８項,鋼筋混凝土造,112年12月8日,十五層,,
RPTNMLQKQHJGFKD96CC,19,8.55,辦公室,鋼筋混凝土造,94年7月8日,六層,,
RPTNMLQKQHJGFKD96CC,19,8.09,共有部分,鋼筋混凝土造,94年7月8日,六層,,
RPWNMLQKQHJGFKD27CC,33,225.39,住家用,鋼筋混凝土造,80年11月2日,四層,,
RPSNMLQKQHJGFKD86CC,19,13.20,辦公室,鋼筋混凝土造,94年7月8日,六層,,
RPSNMLQKQHJGFKD86CC,19,11.55,共有部分,鋼筋混凝土造,94年7月8日,六層,,
RPXNMLQKQHJGFKD37CC,18,8.54,辦公室,鋼筋混凝土造,95年9月18日,八層,,
RPXNMLQKQHJGFKD37CC,18,8.54,共有部分,鋼筋混凝土造,95年9月18日,八層,,
RPOOMLQKQHJGFKD56CC,18,9.03,辦公室,鋼筋混凝土造,95年9月18日,八層,,
RPOOMLQKQHJGFKD56CC,18,9.05,共有部分,鋼筋混凝土造,95年9月18日,八層,,
RPPNMLRKQHJGFKD66CC,35,26.40,住商用,鋼筋混凝土造,78年2月20日,四層,,
RPPNMLRKQHJGFCD48CC,42,60.00,住商用,鋼筋混凝土造,71年8月12日,三層,,
RPPNMLRKQHJGFAD28CC,18,58.25,店舖、住宅、停車空間,ＲＣ造,95年7月7日,五層,,
RPQOMLQKQHJGFKD76CC,6,9.68,住家用,鋼筋混凝土構造,107年4月2日,五層,,
RPQOMLQKQHJGFKD76CC,6,4.31,本共有部分之項目有：電梯間，樓梯間及水箱等３項,鋼筋混凝土構造,107年4月2日,五層,,
RPPNMLRKQHJGFID09CC,31,65.96,住家用,鋼筋混凝土造,82年3月3日,七層,,
RPPNMLRKQHJGFID09CC,31,2.67,共有部分,鋼筋混凝土造,82年3月3日,七層,,
RPPOMLQKQHJGFKD66CC,6,9.42,住家用,鋼筋混凝土構造,107年4月2日,五層,,
RPPOMLQKQHJGFKD66CC,6,4.19,本共有部分之項目有：電梯間，樓梯間及水箱等３項,鋼筋混凝土構造,107年4月2日,五層,,
RPQNMLRKQHJGFAD38CC,18,210.02,店舖、住宅、停車空間,ＲＣ造,95年7月7日,五層,,
RPROMLQKQHJGFKD86CC,32,127.18,住家用,鋼筋混凝土造,81年9月19日,二十層,,
RPROMLQKQHJGFKD86CC,32,7.54,共有部分,鋼筋混凝土造,81年9月19日,二十層,,
RPROMLQKQHJGFKD86CC,32,15.73,共有部分,鋼筋混凝土造,81年9月19日,二十層,,
RPQNMLRKQHJGFKD76CC,35,26.40,住商用,鋼筋混凝土造,78年2月20日,四層,,
RPPNMLSKQHJGFID56CC,1,44.93,集合住宅,鋼筋混凝土造,112年8月8日,十五層,,
RPPNMLSKQHJGFID56CC,1,36.73,本共有部分之項目有停車空間、管委會使用空間、梯間、車道、前廊、陽台、樓梯間、機械室、水箱等９項,鋼筋混凝土造,112年8月8日,十五層,,
RPTNMLTKQHJGFAD88CC,34,16.53,住家用,鋼筋混凝土造,80年2月5日,十層,,
RPQNMLTKQHJGFCD78CC,44,89.26,住家用,鋼筋混凝土造,69年11月6日,五層,,
RPQNMLTKQHJGFCD78CC,44,16.79,共有部分,鋼筋混凝土造,69年11月6日,五層,,
RPQNMLTKQHJGFAD58CC,53,19.89,住家用,加強磚造,60年3月21日,二層,,
RPSNMLTKQHJGFAD78CC,13,234.90,住宅、停車空間,鋼筋混凝土構造,100年12月5日,四層,,
RPSNMLTKQHJGFAD78CC,13,.17,共有部分,鋼筋混凝土構造,100年12月5日,一層,,
RPPNMLTKQHJGFCD68CC,7,190.78,集合住宅、停車空間,鋼筋混凝土造,106年7月25日,四層,,
RPPNMLTKQHJGFCD68CC,7,.18,共有部分,鋼筋混凝土造,106年7月25日,四層,,
RPPNMLTKQHJGFAD48CC,42,51.32,住家用,鋼筋混凝土造,71年12月7日,九層,,
RPPNMLTKQHJGFAD48CC,42,13.66,共有部分,鋼筋混凝土造,71年12月7日,九層,,
RPRNMLTKQHJGFAD68CC,8,58.34,集合住宅,鋼筋混凝土構造,106年1月24日,二十三層,,
RPRNMLTKQHJGFAD68CC,8,58.70,本共有部分之項目：防空避難室、停車空間、機房、樓梯間、機械房、水箱、門廳、梯間、管委會使用空間、水池、防災中心等。,鋼筋混凝土構造,106年1月24日,二十六層,,
RPRNMLTKQHJGFCD88CC,40,107.72,住商用,加強磚造,73年4月30日,二層,,
RPPNMLTKQHJGFHD56CC,10,204.18,住家用,鋼筋混凝土造,103年12月16日,四層,,
RPPNMLTKQHJGFED88CC,44,124.60,住家用,加強磚造,69年6月10日,二層,,
RPRNMLTKQHJGFHD76CC,9,18.00,住家用,鋼筋混凝土造,104年11月10日,四層,,
RPSNMLTKQHJGFHD86CC,18,332.42,住宅，梯間,鋼筋混凝土造,95年6月27日,三層,,
RPPNMLTKQHJGFID66CC,37,744.61,工業用,鋼骨鋼筋混凝土造,76年12月31日,一層,,
RPVNMLTKQHJGFID27CC,8,15.00,店舖、住宅,鋼筋混凝土構造,105年11月1日,四層,,
RPQNMLTKQHJGFHD66CC,5,65.31,集合住宅,鋼筋混凝土造,108年6月28日,七層,,
RPQNMLTKQHJGFHD66CC,5,2.10,停車空間、管理委員會,鋼筋混凝土造,108年6月28日,七層,,
RPQNMLTKQHJGFHD66CC,5,14.91,機電設備空間、樓梯間、機械室、水箱、昇降機、梯廳,鋼筋混凝土造,108年6月28日,七層,,
RPWNMLTKQHJGFID37CC,8,16.00,店舖、住宅,鋼筋混凝土構造,105年11月1日,四層,,
RPTNMLTKQHJGFID07CC,8,15.00,店舖、住宅,鋼筋混凝土構造,105年11月1日,四層,,
RPRNMLTKQHJGFKD07CC,18,8.54,辦公室,鋼筋混凝土造,95年9月18日,八層,,
RPTNMLTKQHJGFKD27CC,1,84.98,集合住宅,鋼筋混凝土構造,112年8月18日,十五層,,
RPRNMLTKQHJGFKD07CC,18,10.67,共有部分,鋼筋混凝土造,95年9月18日,八層,,
RPTNMLTKQHJGFKD27CC,1,.01,店舖,鋼筋混凝土構造,112年8月18日,十五層,,
RPRNMLTKQHJGFKD07CC,18,2.92,共有部分,鋼筋混凝土造,95年9月18日,八層,,
RPTNMLTKQHJGFKD27CC,1,48.43,本共有部分之項目有：停車空間，防空避難室兼停車空間，公共空間，專用汙水處理設施，消防蓄水池，管委會，梯廳，環保室，車道，無障礙廁所，門廊等１１項,鋼筋混凝土構造,112年8月18日,十五層,,
RPTNMLTKQHJGFKD27CC,1,21.93,本共有部分之項目有安全梯，戶外安全梯，機電空間，排煙室，梯廳，緊急升降機，電梯，管道間，電梯機械室，水箱等１０項,鋼筋混凝土構造,112年8月18日,十五層,,
RPPNMLTKQHJGFAD58DC,32,171.90,住商用,鋼筋混凝土造,81年3月5日,三層,,
RPPNMLTKQHJGFKD86CC,18,10.27,辦公室,鋼筋混凝土造,95年9月18日,八層,,
RPUNMLTKQHJGFID17CC,1,52.79,集合住宅,鋼筋混凝土造,112年12月8日,十五層,,
RPPNMLTKQHJGFKD86CC,18,24.19,共有部分,鋼筋混凝土造,95年9月18日,八層,,
RPPNMLTKQHJGFKD86CC,18,96.70,共有部分,鋼筋混凝土造,95年9月18日,八層,,
RPQNMLKLQHJGFAD77CC,14,51.22,集合住宅,鋼筋混凝土造,99年4月6日,十四層,,
RPUNMLTKQHJGFID17CC,1,52.40,本共有部分之項目有停車空間、管委會空間、公共服務空間、梯間、樓電梯間、樓梯間、水箱、機械室等８項,鋼筋混凝土造,112年12月8日,十五層,,
RPPNMLTKQHJGFKD86CC,18,90.00,共有部分,鋼筋混凝土造,95年9月18日,八層,,
RPQNMLKLQHJGFAD77CC,14,51.46,共有部分,鋼筋混凝土造,99年4月6日,十四層,,
RPSNMLTKQHJGFKD17CC,31,83.69,住家用,鋼筋混凝土造,83年1月4日,八層,,
RPSNMLTKQHJGFKD17CC,31,29.61,共有部分,鋼筋混凝土造,83年1月4日,八層,,
RPPNMLKLQHJGFAD67CC,27,98.24,住家用,鋼筋混凝土造,86年10月21日,二十二層,,
RPPNMLKLQHJGFAD67CC,27,29.97,共有部分,鋼筋混凝土造,86年10月21日,二十二層,,
RPQNMLTKQHJGFKD96CC,30,145.66,住商用,鋼筋混凝土造,83年10月18日,十三層,,
RPQNMLTKQHJGFKD96CC,30,98.81,共有部分,鋼筋混凝土造,83年10月18日,十三層,,
RPSNMLKLQHJGFAD97CC,65,41.27,住家用,磚造,49年1月1日,二層,,
RPXNMLKLQHJGFAD48CC,35,27.05,住家用,鋼筋混凝土造,78年8月3日,十層,,
RPXNMLKLQHJGFAD48CC,35,4.17,共有部分,鋼筋混凝土造,78年8月3日,十層,,
RPXNMLKLQHJGFAD48CC,35,.58,共有部分,鋼筋混凝土造,78年8月3日,十層,,
RPOOMLKLQHJGFAD67CC,33,22.90,住家用,鋼筋混凝土造,80年7月29日,七層,,
RPVNMLKLQHJGFAD28CC,29,24.98,住家用,鋼筋混凝土造,85年1月6日,七層,,
RPOOMLKLQHJGFAD67CC,33,2.47,共有部分,鋼筋混凝土造,80年7月29日,七層,,
RPOOMLKLQHJGFAD67CC,33,4.80,共有部分,鋼筋混凝土造,80年7月29日,七層,,
RPVNMLKLQHJGFAD28CC,29,7.79,共有部分,鋼筋混凝土造,85年1月6日,七層,,
RPOOMLKLQHJGFAD67CC,33,2.04,共有部分,鋼筋混凝土造,80年7月29日,七層,,
RPUNMLKLQHJGFAD18CC,32,15.49,住家用,鋼筋混凝土造,81年4月21日,七層,,
RPUNMLKLQHJGFAD18CC,32,8.50,共有部分,鋼筋混凝土造,81年4月21日,七層,,
RPTOMLKLQHJGFAD18CC,19,313.35,住宅、停車空間,ＲＣ造,94年7月18日,五層,,
RPSOMLKLQHJGFAD08CC,53,35.14,住家用,加強磚造,60年3月21日,二層,,
RPQOMLKLQHJGFAD87CC,28,41.24,住家用,鋼筋混凝土造,86年1月27日,二十層,,
RPQOMLKLQHJGFAD87CC,28,8.91,共有部分,鋼筋混凝土造,86年1月27日,二十層,,
RPQOMLKLQHJGFAD87CC,28,6.71,共有部分,鋼筋混凝土造,86年1月27日,二十層,,
RPROMLKLQHJGFAD97CC,20,95.50,集合住宅,鋼筋混凝土造,93年5月21日,十一層,,
RPQOMLKLQHJGFAD87CC,28,3.88,共有部分,鋼筋混凝土造,86年1月27日,二十層,,
RPROMLKLQHJGFAD97CC,20,48.26,共有部分,鋼筋混凝土造,93年5月21日,十一層,,
RPPPMLKLQHJGFAD87CC,53,19.89,住家用,加強磚造,60年3月21日,二層,,
RPUOMLKLQHJGFAD28CC,33,16.75,住家用,鋼筋混凝土造,80年9月6日,七層,,
RPUOMLKLQHJGFAD28CC,33,8.60,共有部分,鋼筋混凝土造,80年9月6日,七層,,
RPVOMLKLQHJGFAD38CC,30,24.80,住家用,鋼筋混凝土造,83年11月8日,十二層,,
RPVOMLKLQHJGFAD38CC,30,3.01,共有部分,鋼筋混凝土造,83年11月8日,十二層,,
RPVOMLKLQHJGFAD38CC,30,7.18,共有部分,鋼筋混凝土造,83年11月8日,十二層,,
RPOPMLKLQHJGFAD77CC,43,60.67,住家用,鋼筋混凝土造,70年12月19日,七層,,
RPOPMLKLQHJGFAD77CC,43,3.92,共有部分,鋼筋混凝土造,70年12月19日,七層,,
RPOPMLKLQHJGFAD77CC,43,3.02,共有部分,鋼筋混凝土造,70年12月19日,七層,,
RPWOMLKLQHJGFAD48CC,28,25.41,住家用,鋼筋混凝土造,86年1月27日,二十層,,
RPWOMLKLQHJGFAD48CC,28,5.42,共有部分,鋼筋混凝土造,86年1月27日,二十層,,
RPWOMLKLQHJGFAD48CC,28,4.11,共有部分,鋼筋混凝土造,86年1月27日,二十層,,
RPWOMLKLQHJGFAD48CC,28,2.37,共有部分,鋼筋混凝土造,86年1月27日,二十層,,
RPPNMLKLQHJGFBD77CC,3,78.29,集合住宅,鋼筋混凝土造,110年3月24日,十五層,,
RPPNMLKLQHJGFBD77CC,3,69.97,本共有部分之項目有停車空間、防空避難室兼停車空間、管委會使用空間、門廳、車道、梯間、樓梯間、機械房、水箱等９項,鋼筋混凝土造,110年3月24日,十五層,,
RPQNMLKLQHJGFBD87CC,5,69.69,集合住宅,鋼筋混凝土造,108年9月24日,五層,,
RPQNMLKLQHJGFBD87CC,5,50.09,本共有部分之項目有機電設備，管理維護空間，停車空間，安全梯梯間，梯廳，一般昇降機，梯間，蓄水池等８項。,鋼筋混凝土造,108年9月24日,五層,,
RPRPMLKLQHJGFAD08CC,38,39.67,住家用,鋼筋混凝土造,75年6月23日,四層,,
RPUPMLKLQHJGFAD38CC,5,90.36,集合住宅,鋼筋混凝土構造,109年1月31日,二十四層,,
RPUPMLKLQHJGFAD38CC,5,13.67,本共有部分之項目有防空避難室兼停車空間、公共服務空間、門廳、管理委員會使用空間、梯廳、停車空間、排風機房、進風管道、消防水箱機房、電信室、車道。,鋼筋混凝土構造,109年1月31日,二十四層,,
RPTPMLKLQHJGFAD28CC,29,25.57,住家用,鋼筋混凝土造,84年10月24日,十三層,,
RPUPMLKLQHJGFAD38CC,5,27.44,本共有部分之項目有樓梯間、水箱機房、電梯機房、中繼機房、管道間。,鋼筋混凝土構造,109年1月31日,二十四層,,
RPTPMLKLQHJGFAD28CC,29,7.02,共有部分,鋼筋混凝土造,84年10月24日,十三層,,
RPQNMLKLQHJGFCD97CC,34,30.39,住家用,鋼筋混凝土造,79年12月26日,七層,,
RPQNMLKLQHJGFCD97CC,34,8.36,共有部分,鋼筋混凝土造,79年12月26日,七層,,
RPPNMLKLQHJGFCD87CC,44,72.76,住家用,鋼筋混凝土造,69年9月12日,五層,,
RPPNMLKLQHJGFCD87CC,44,5.68,共有部分,鋼筋混凝土造,69年9月12日,五層,,
RPPNMLKLQHJGFCD87CC,44,6.36,共有部分,鋼筋混凝土造,69年9月12日,五層,,
RPTNMLKLQHJGFBD18CC,30,169.86,住家用,鋼筋混凝土造,83年4月11日,三層,,
RPRNMLKLQHJGFCD08CC,16,28.16,住家用,鋼筋混凝土造,97年2月29日,十四層,,
RPRNMLKLQHJGFCD08CC,16,6.98,共有部分,鋼筋混凝土造,97年2月29日,十四層,,
RPRNMLKLQHJGFCD08CC,16,9.18,共有部分,鋼筋混凝土造,97年2月29日,十四層,,
RPXNMLKLQHJGFCD68CC,36,86.69,住家用,鋼筋混凝土造,77年4月23日,五層,,
RPXNMLKLQHJGFCD68CC,36,20.57,共有部分,鋼筋混凝土造,77年4月23日,五層,,
RPTNMLKLQHJGFCD28CC,4,89.55,集合住宅,鋼筋混凝土構造,109年11月23日,十五層,,
RPTNMLKLQHJGFCD28CC,4,42.95,本共有部份之項目有：防空避難室兼停車空間、停車空間、管委會空間、樓梯間、梯廳、管理室、門廊、梯間、機械室、水箱等共十項。,鋼筋混凝土構造,109年11月23日,十五層,,
RPUNMLKLQHJGFCD38CC,35,12.45,住家用,鋼筋混凝土造,78年4月25日,七層,,
RPUNMLKLQHJGFCD38CC,35,8.39,共有部分,鋼筋混凝土造,78年4月25日,七層,,
RPVNMLKLQHJGFCD48CC,17,26.73,店舖、住宅、停車空間,鋼筋混凝土造,96年4月27日,五層,,
RPWNMLKLQHJGFCD58CC,29,60.47,住家用,鋼筋混凝土造,84年11月6日,二十層,,
RPWNMLKLQHJGFCD58CC,29,12.74,共有部分,鋼筋混凝土造,84年11月6日,二十層,,
RPWNMLKLQHJGFCD58CC,29,33.99,共有部分,鋼筋混凝土造,84年11月6日,二十層,,
RPPOMLKLQHJGFCD97CC,2,27.74,集合住宅,鋼筋混凝土構造,111年6月1日,六層,,
RPPOMLKLQHJGFCD97CC,2,16.78,本共有部分之項目有：防空避難室兼停車空間、梯廳、安全梯、台電配電室、緊急發電機、電信室、消防機房、汙水機房、雨水機房、水箱、管理委員會空間、中央監控室、戶外安全梯、機房、管委會空間（走廊）、管委會空間等十六項。,鋼筋混凝土構造,111年6月1日,六層,,
RPQNMLKLQHJGFDD08CC,31,73.61,住家用,鋼筋混凝土造,83年2月7日,七層,,
RPQNMLKLQHJGFDD08CC,31,46.66,共有部分,鋼筋混凝土造,83年2月7日,七層,,
RPPNMLKLQHJGFHD38CC,1,55.71,集合住宅,鋼筋混凝土造,112年6月14日,七層,,
RPPNMLKLQHJGFDD97CC,31,72.35,住家用,鋼筋混凝土造,82年10月19日,七層,,
RPPNMLKLQHJGFHD38CC,1,19.68,本共有部分之項目有樓梯間、設備室、停車空間、電梯、無障礙安全梯、梯廳、管理室、電信室、ＲＣ式水塔及電梯機械室等１０項,鋼筋混凝土造,112年6月14日,七層,,
RPPNMLKLQHJGFDD97CC,31,41.23,共有部分,鋼筋混凝土造,82年10月19日,七層,,
RPOOMLKLQHJGFCD87CC,2,21.65,集合住宅,鋼筋混凝土構造,111年6月1日,六層,,
RPOOMLKLQHJGFCD87CC,2,13.11,本共有部分之項目有：防空避難室兼停車空間、梯廳、安全梯、台電配電室、緊急發電機、電信室、消防機房、汙水機房、雨水機房、水箱、管理委員會空間、中央監控室、戶外安全梯、機房、管委會空間（走廊）、管委會空間等十六項。,鋼筋混凝土構造,111年6月1日,六層,,
RPQNMLKLQHJGFID58CC,1,84.61,集合住宅,鋼筋混凝土造,112年12月8日,十五層,,
RPQNMLKLQHJGFID58CC,1,68.41,本共有部分之項目有停車空間、管委會空間、公共服務空間、梯間、樓電梯間、樓梯間、水箱、機械室等８項,鋼筋混凝土造,112年12月8日,十五層,,
RPPNMLKLQHJGFID48CC,1,84.61,集合住宅,鋼筋混凝土造,112年12月8日,十五層,,
RPPNMLKLQHJGFID48CC,1,69.50,本共有部分之項目有停車空間、管委會空間、公共服務空間、梯間、樓電梯間、樓梯間、水箱、機械室等８項,鋼筋混凝土造,112年12月8日,十五層,,
RPRNMLKLQHJGFID68CC,8,59.55,集合住宅,鋼筋混凝土構造,105年11月28日,五層,,
RPRNMLKLQHJGFHD58CC,27,2011.21,工業用,磚造，鋼骨造,86年3月24日,一層,,
RPSNMLKLQHJGFHD68CC,11,18.00,住家用,鋼筋混凝土造,102年12月2日,五層,,
RPRNMLKLQHJGFID68CC,8,8.11,本共有部分之項目有管理維護空間、行動不便者使用廁所、停車空間、安全梯、升降機（電梯）、梯廳,鋼筋混凝土構造,105年11月28日,五層,,
RPRNMLKLQHJGFID68CC,8,9.88,本共有部分之項目有安全梯、升降機（電梯）、梯廳、水箱,鋼筋混凝土構造,105年11月28日,五層,,
RPQNMLKLQHJGFHD48CC,4,59.91,集合住宅,鋼筋混凝土造,109年9月23日,七層,,
RPQNMLKLQHJGFHD48CC,4,27.16,本共有部分之項目有停車空間、昇降機、管委員會使用空間、廁所、走廊、資源回收專區、梯廳、機電設備空間、樓梯間、機械室、水箱等１１項,鋼筋混凝土造,109年9月23日,七層,,
RPPNMLKLQHJGFJD58CC,39,117.25,住家用,加強磚造,75年2月3日,二層,,
RPUNMLKLQHJGFID98CC,1,88.40,集合住宅,鋼筋混凝土構造,112年4月26日,二十三層,,
RPUNMLKLQHJGFID98CC,1,77.39,本共有部分之項目有停車空間、防空避難室兼停車空間、大廳、安全梯、資源回收、管委會、車道、門廊、樓梯間、機械室、水箱等１１項,鋼筋混凝土構造,112年4月26日,二十三層,,
RPTNMLKLQHJGFID88CC,37,161.45,住家用,鋼筋混凝土造,76年3月31日,三層,,
RPSNMLKLQHJGFID78CC,1,55.62,集合住宅,鋼筋混凝土造,112年12月8日,十五層,,
RPSNMLKLQHJGFID78CC,1,53.75,本共有部分之項目有停車空間、管委會空間、公共服務空間、梯間、樓電梯間、樓梯間、水箱、機械室等８項,鋼筋混凝土造,112年12月8日,十五層,,
RPRNMLKLQHJGFKD88CC,37,123.39,住家用,鋼筋混凝土造,76年5月14日,二層,,
RPQNMLKLQHJGFKD78CC,31,183.56,住商用,鋼筋混凝土造,82年11月24日,三層,,
RPWNMLKLQHJGFKD76CC,31,78.79,住家用,鋼筋混凝土造,82年12月22日,九層,,
RPWNMLKLQHJGFKD76CC,31,22.02,共有部分,鋼筋混凝土造,82年12月22日,九層,,
RPVNMLKLQHJGFKD66CC,33,13.43,住家用,鋼筋混凝土造,80年10月22日,八層,,
RPSNMLKLQHJGFKD98CC,1,81.21,店舖,鋼筋混凝土造,112年9月20日,十五層,,
RPVNMLKLQHJGFKD66CC,33,8.42,共有部分,鋼筋混凝土造,80年10月22日,八層,,
RPSNMLKLQHJGFKD98CC,1,20.41,本共有部份之項目有：防空避難室，停車空間，樓梯間，機械設備空間，水箱，機械室等共６項,鋼筋混凝土造,112年9月20日,十五層,,
RPPNMLKLQHJGFKD68CC,31,425.46,店舖、住宅、自用貯藏室。,鋼筋混凝土造,82年11月23日,五層,,
RPOOMLKLQHJGFKD68CC,30,80.92,住家用,鋼筋混凝土造,83年5月4日,十五層,,
RPOOMLKLQHJGFKD68CC,30,21.13,共有部分,鋼筋混凝土造,83年5月4日,十六層,,
RPOOMLKLQHJGFKD68CC,30,10.80,共有部分,鋼筋混凝土造,83年5月4日,十五層,,
RPQOMLKLQHJGFKD88CC,31,61.56,住家用,鋼筋混凝土造,82年9月10日,八層,,
RPQOMLKLQHJGFKD88CC,31,29.91,共有部分,鋼筋混凝土造,82年9月10日,八層,,
RPTOMLKLQHJGFKD56CC,33,124.66,住家用,鋼筋混凝土造,80年10月11日,三層,,
RPPOMLKLQHJGFKD78CC,28,62.15,住家用,鋼筋混凝土造,85年7月25日,十二層,,
RPPOMLKLQHJGFKD78CC,28,13.53,共有部分,鋼筋混凝土造,85年7月25日,十二層,,
RPUOMLKLQHJGFKD66CC,30,81.66,住家用,鋼筋混凝土造,83年10月6日,十二層,,
RPUOMLKLQHJGFKD66CC,30,27.59,共有部分,鋼筋混凝土造,83年10月6日,十二層,,
RPQNMLLLQHJGFAD87CC,35,8.26,住家用,鋼筋混凝土造,78年10月2日,十二層,,
RPQNMLLLQHJGFAD87CC,35,2.28,共有部分,鋼筋混凝土造,78年10月2日,十二層,,
RPROMLKLQHJGFKD98CC,43,76.17,住家用,鋼筋混凝土造,70年12月11日,五層,,
RPROMLKLQHJGFKD98CC,43,8.74,共有部分,鋼筋混凝土造,70年12月11日,五層,,
RPVOMLKLQHJGFKD76CC,1,89.29,集合住宅,鋼筋混凝土造,112年11月24日,十五層,,
RPROMLKLQHJGFKD98CC,43,5.12,共有部分,鋼筋混凝土造,70年12月11日,五層,,
RPVOMLKLQHJGFKD76CC,1,40.36,本共有部分之項目有：防空避難室，停車空間，公共空間，樓梯間，排煙室，走道，水箱及電梯機房等８項,鋼筋混凝土造,112年11月24日,十五層,,
RPPNMLLLQHJGFAD77CC,42,18.08,住家用,加強磚造,71年8月11日,二層,,
RPRNMLLLQHJGFAD97CC,35,9.19,住家用,鋼筋混凝土造,78年10月2日,十二層,,
RPRNMLLLQHJGFAD97CC,35,2.28,共有部分,鋼筋混凝土造,78年10月2日,十二層,,
RPTNMLLLQHJGFAD18CC,35,8.26,住家用,鋼筋混凝土造,78年10月2日,十二層,,
RPTNMLLLQHJGFAD18CC,35,2.28,共有部分,鋼筋混凝土造,78年10月2日,十二層,,
RPUNMLLLQHJGFAD28CC,29,30.60,住家用,鋼筋混凝土造,84年11月21日,十二層,,
RPUNMLLLQHJGFAD28CC,29,10.90,共有部分,鋼筋混凝土造,84年11月21日,十二層,,
RPVNMLLLQHJGFAD38CC,1,49.09,集合住宅,鋼筋混凝土造,112年11月8日,二十二層,,
RPVNMLLLQHJGFAD38CC,1,44.91,本共有部分之項目有防空避難室兼停車空間、停車空間、管委會使用空間、梯間、門廳兼梯廳、樓梯間、機械室、水箱、門廊、車道、排煙室、管道間等１２項,鋼筋混凝土造,112年11月8日,二十二層,,
RPXNMLLLQHJGFAD58CC,1,47.79,集合住宅,鋼筋混凝土造,112年11月8日,二十二層,,
RPXNMLLLQHJGFAD58CC,1,44.09,本共有部分之項目有防空避難室兼停車空間、停車空間、管委會使用空間、梯間、門廳兼梯廳、樓梯間、機械室、水箱、門廊、車道、排煙室、管道間等１２項,鋼筋混凝土造,112年11月8日,二十二層,,
RPWNMLLLQHJGFAD48CC,1,82.64,集合住宅,鋼筋混凝土造,112年11月8日,二十二層,,
RPWNMLLLQHJGFAD48CC,1,70.45,本共有部分之項目有防空避難室兼停車空間、停車空間、管委會使用空間、梯間、門廳兼梯廳、樓梯間、機械室、水箱、門廊、車道、排煙室、管道間等１２項,鋼筋混凝土造,112年11月8日,二十二層,,
RPUOMLLLQHJGFAD38CC,41,79.02,住家用,鋼筋混凝土造,72年11月30日,五層,,
RPUOMLLLQHJGFAD38CC,41,16.87,共有部分,鋼筋混凝土造,72年11月30日,五層,,
RPPOMLLLQHJGFAD87CC,24,36.48,集合住宅,鋼筋混凝土造,89年11月20日,十四層,,
RPPOMLLLQHJGFAD87CC,24,10.64,共有部分,鋼筋混凝土造,89年11月20日,十四層,,
RPPNMLLLQHJGFCD97CC,30,107.96,住家用,鋼筋混凝土造,83年12月14日,七層,,
RPPNMLLLQHJGFCD97CC,30,18.77,共有部分,鋼筋混凝土造,83年12月14日,七層,,
RPPNMLLLQHJGFCD97CC,30,22.14,共有部分,鋼筋混凝土造,83年12月14日,七層,,
RPQNMLLLQHJGFCD08CC,37,89.56,住家用,鋼筋混凝土造,76年2月20日,五層,,
RPQOMLLLQHJGFAD97CC,24,57.32,集合住宅,鋼筋混凝土造,89年11月20日,十四層,,
RPQNMLLLQHJGFCD08CC,37,17.28,共有部分,鋼筋混凝土造,76年2月20日,五層,,
RPQOMLLLQHJGFAD97CC,24,15.96,共有部分,鋼筋混凝土造,89年11月20日,十四層,,
RPRNMLLLQHJGFCD18CC,33,14.58,商業用,鋼筋混凝土造,80年11月2日,七層,,
RPRNMLLLQHJGFCD18CC,33,5.49,共有部分,鋼筋混凝土造,80年11月2日,七層,,
RPPNMLLLQHJGFDD08CC,26,191.60,住家用,鋼筋混凝土造,87年4月14日,五層,,
RPPOMLLLQHJGFCD08CC,16,23.30,住家用,鋼筋混凝土造,97年2月29日,十四層,,
RPPOMLLLQHJGFCD08CC,16,5.74,共有部分,鋼筋混凝土造,97年2月29日,十四層,,
RPPOMLLLQHJGFCD08CC,16,6.88,共有部分,鋼筋混凝土造,97年2月29日,十四層,,
RPUNMLLLQHJGFCD48CC,35,15.91,住家用,鋼筋混凝土造,78年12月20日,五層,,
RPQOMLLLQHJGFCD18CC,44,23.68,住商用,鋼筋混凝土造,69年11月7日,四層,,
RPUNMLLLQHJGFCD48CC,35,7.46,共有部分,鋼筋混凝土造,78年12月20日,五層,,
RPTNMLLLQHJGFCD38CC,4,90.70,集合住宅,鋼筋混凝土構造,109年11月23日,十五層,,
RPTNMLLLQHJGFCD38CC,4,43.48,本共有部份之項目有：防空避難室兼停車空間、停車空間、管委會空間、樓梯間、梯廳、管理室、門廊、梯間、機械室、水箱等共十項。,鋼筋混凝土構造,109年11月23日,十五層,,
RPPNMLLLQHJGFKD78CC,12,20.00,住商用,鋼筋混凝土構造,101年11月5日,四層,,
RPPNMLLLQHJGFID58CC,31,69.11,住家用,鋼筋混凝土造,82年9月15日,七層,,
RPPNMLLLQHJGFID58CC,31,33.93,共有部分,鋼筋混凝土造,82年9月15日,七層,,
RPRNMLLLQHJGFKD98CC,30,80.92,住家用,鋼筋混凝土造,83年5月4日,十五層,,
RPRNMLLLQHJGFKD98CC,30,21.13,共有部分,鋼筋混凝土造,83年5月4日,十六層,,
RPRNMLLLQHJGFKD98CC,30,10.80,共有部分,鋼筋混凝土造,83年5月4日,十五層,,
RPPNMLLLQHJGFHD48CC,31,246.69,住商用,鋼筋混凝土造,82年8月9日,四層,,
RPUNMLLLQHJGFKD66CC,21,17.00,見使用執照,鋼筋混凝土造,92年12月26日,四層,,
RPQNMLLLQHJGFKD88CC,31,22.30,住家用,鋼筋混凝土造,82年12月30日,九層,,
RPQNMLLLQHJGFKD88CC,31,17.05,共有部分,鋼筋混凝土造,82年12月30日,九層,,
RPQOMLLLQHJGFKD98CC,11,19.83,住宅，停車空間,鋼筋混凝土構造,102年8月21日,四層,,
RPROMLLLQHJGFKD09CC,11,16.53,住宅，停車空間,鋼筋混凝土構造,102年8月21日,四層,,
RPSNMLLLQHJGFKD09CC,31,24.21,住家用,鋼筋混凝土造,82年12月30日,九層,,
RPWNMLLLQHJGFKD86CC,24,48.56,住家用,鋼筋混凝土造,90年1月10日,十一層,,
RPSNMLLLQHJGFKD09CC,31,48.04,共有部分,鋼筋混凝土造,82年12月30日,九層,,
RPWNMLLLQHJGFKD86CC,24,11.00,共有部分,鋼筋混凝土造,90年1月10日,十一層,,
RPWNMLLLQHJGFKD86CC,24,7.16,共有部分,鋼筋混凝土造,90年1月10日,十一層,,
RPUOMLLLQHJGFKD76CC,11,14.88,住宅，停車空間,鋼筋混凝土構造,102年8月21日,四層,,
RPVOMLLLQHJGFKD86CC,11,21.49,住宅，停車空間,鋼筋混凝土構造,102年8月21日,四層,,
RPTOMLLLQHJGFKD66CC,11,9.92,住宅，停車空間,鋼筋混凝土構造,102年8月21日,四層,,
RPWOMLLLQHJGFKD96CC,40,109.12,住家用,加強磚造,73年3月2日,二層,,
RPOPMLLLQHJGFKD88CC,31,74.69,住家用,鋼筋混凝土造,82年5月11日,五層,,
RPOPMLLLQHJGFKD88CC,31,34.89,共有部分,鋼筋混凝土造,82年5月11日,五層,,
RPQPMLLLQHJGFKD09CC,11,11.57,住宅，停車空間,鋼筋混凝土構造,102年8月21日,四層,,
RPSNMLMLQHJGFAD18CC,30,39.43,住家用,鋼筋混凝土造,83年12月22日,二十一層,,
RPSNMLMLQHJGFAD18CC,30,7.30,共有部分,鋼筋混凝土造,83年12月22日,二十一層,,
RPSNMLMLQHJGFAD18CC,30,4.43,共有部分,鋼筋混凝土造,83年12月22日,二十一層,,
RPPNMLMLQHJGFAD87CC,40,35.82,住商用,鋼筋混凝土造,73年10月30日,七層,,
RPPNMLMLQHJGFAD87CC,37,11.05,共有部分,鋼筋混凝土造,76年10月30日,七層,,
RPTNMLMLQHJGFAD28CC,47,26.45,住家用,鋼筋混凝土造,67年2月4日,五層,,
RPOOMLMLQHJGFAD87CC,5,78.31,集合住宅,鋼筋混凝土構造,108年12月17日,二十三層,,
RPOOMLMLQHJGFAD87CC,5,66.93,本共有部分之項目有門廊、門廳、車道、公共服務空間、防災中心、樓梯間、機械室、昇降機間兼排煙室、水箱、防空避難室兼停車空間、停車空間。,鋼筋混凝土構造,108年12月17日,二十三層,,
RPVNMLMLQHJGFCD68CC,46,76.48,住家用,鋼筋混凝土造,67年5月9日,四層,,
RPSNMLMLQHJGFCD38CC,34,13.84,住商用,鋼筋混凝土造,80年1月22日,九層,,
RPSNMLMLQHJGFCD38CC,34,8.25,共有部分,鋼筋混凝土造,80年1月22日,九層,,
RPQNMLMLQHJGFBD08CC,3,49.10,集合住宅,鋼筋混凝土造,110年12月7日,十五層,,
RPRNMLMLQHJGFBD18CC,25,159.12,住家用,鋼筋混凝土造,88年9月1日,三層,,
RPQNMLMLQHJGFBD08CC,3,23.62,本共有部份之項目有：防空避難室兼停車空間、樓梯間、梯廳、排煙管道、機械室、水箱、公共服務空間、車道、管委會空間、資源回收區、陽台、停車空間共１２項,鋼筋混凝土造,110年12月7日,十五層,,
RPUNMLMLQHJGFCD58CC,7,96.52,集合住宅,鋼筋混凝土造,106年5月31日,十四層,,
RPSNMLMLQHJGFBD28CC,29,91.79,住家用,鋼筋混凝土造,84年8月16日,五層,,
RPUNMLMLQHJGFCD58CC,7,63.81,本共有部分之項目有：管理室、污物處理空間、管委會空間、車道、有頂蓋開放空間、防空避難室兼停車空間、停車空間等。,鋼筋混凝土造,106年5月31日,十四層,,
RPUNMLMLQHJGFCD58CC,7,24.50,本共有部分之項目有：樓梯間、機械室、水箱等。,鋼筋混凝土造,106年5月31日,十四層,,
RPSNMLMLQHJGFBD28CC,29,32.56,停車空間、住宅、守衛室、台電室、蓄水池、機械室、梯間,鋼筋混凝土造,84年8月16日,一層,,
RPPNMLMLQHJGFCD08CC,56,22.05,住家用,加強磚造,57年6月3日,一層,,
RPWNMLMLQHJGFHD66CC,10,35.74,住宅、停車空間,鋼筋混凝土造,103年10月7日,四層,,
RPXNMLMLQHJGFHD76CC,38,29.27,住家用,加強磚造,75年6月16日,二層,,
RPQNMLMLQHJGFKD98CC,29,58.94,住家用,鋼筋混凝土造,84年3月31日,十五層,,
RPQNMLMLQHJGFKD98CC,29,24.81,共有部分,鋼筋混凝土造,84年3月31日,十五層,,
RPQNMLMLQHJGFKD98CC,29,2.22,共有部分,鋼筋混凝土造,84年3月31日,十五層,,
RPQNMLMLQHJGFKD98CC,29,6.97,本共有部分之項目有走廊，電錶室等２項,鋼筋混凝土造,84年3月31日,十五層,,
RPRNMLMLQHJGFKD09CC,32,40.29,住家用,鋼筋混凝土造,81年7月23日,十七層,,
RPRNMLMLQHJGFKD09CC,32,7.33,共有部分,鋼筋混凝土造,81年7月23日,十七層,,
RPRNMLMLQHJGFKD09CC,32,.98,共有部分,鋼筋混凝土造,81年7月23日,十九層,,
RPRNMLMLQHJGFKD09CC,32,2.17,共有部分,鋼筋混凝土造,81年7月23日,十九層,,
RPQNMLNLQHJGFAD08CC,51,99.12,住家用,加強磚造,62年9月10日,二層,,
RPPNMLNLQHJGFBD08CC,1,83.39,集合住宅,鋼筋混凝土造,112年9月13日,十四層,,
RPPNMLNLQHJGFBD08CC,1,73.71,本共有部分之項目有停車空間、梯間、台電配電場所、垃圾儲藏室、垃圾暫停車位、發電機房、樓電梯間、水箱、儲藏室、雨水機房、防空避難室兼停車空間、公共服務空間、無障礙廁所、宅配室、迴廊、門廳、管委會使用空間、車道、樓梯間、水錶室、機房、機械室、消防水箱等２３項。,鋼筋混凝土造,112年9月13日,十四層,,
RPQNMLNLQHJGFBD18CC,1,69.40,集合住宅,鋼筋混凝土造,112年3月6日,五層,,
RPSOMLMLQHJGFKD66CC,32,77.10,住家用,鋼筋混凝土造,81年10月3日,十層,,
RPQNMLNLQHJGFBD18CC,1,27.88,本共有部分之項目有管理維護空間、停車空間、電信室、梯廳、行動不便者使用昇降機、安全梯、走廊、水箱等八項。,鋼筋混凝土造,112年3月6日,五層,,
RPSOMLMLQHJGFKD66CC,32,5.91,共有部分,鋼筋混凝土造,81年10月3日,十層,,
RPSOMLMLQHJGFKD66CC,32,25.12,共有部分,鋼筋混凝土造,81年10月3日,十層,,
RPSOMLNLQHJGFAD38CC,50,30.00,住商用,加強磚造,63年7月9日,三層,,
RPSOMLMLQHJGFKD66CC,32,8.29,共有部分,鋼筋混凝土造,81年10月3日,十層,,
RPPNMLNLQHJGFFD48CC,42,109.89,住商用,加強磚造,71年5月3日,二層,,
RPROMLNLQHJGFCD48CC,43,13.20,住家用,鋼筋混凝土造,70年11月9日,四層,,
RPQNMLNLQHJGFKD09CC,19,9.13,辦公室,鋼筋混凝土造,94年7月8日,六層,,
RPQNMLNLQHJGFKD09CC,19,8.47,共有部分,鋼筋混凝土造,94年7月8日,六層,,
RPSOMLNLQHJGFKD76CC,12,14.00,店舖，住宅,鋼筋混凝土構造,101年3月28日,四層,,
RPRNMLNLQHJGFKD56CC,19,8.64,辦公室,鋼筋混凝土造,94年7月8日,六層,,
RPRNMLNLQHJGFKD56CC,19,8.09,共有部分,鋼筋混凝土造,94年7月8日,六層,,
RPOOMLNLQHJGFKD98CC,18,8.64,辦公室,鋼筋混凝土造,95年9月18日,八層,,
RPOOMLNLQHJGFKD98CC,18,10.68,共有部分,鋼筋混凝土造,95年9月18日,八層,,
RPOOMLNLQHJGFKD98CC,18,2.92,共有部分,鋼筋混凝土造,95年9月18日,八層,,
RPRNMLNLQHJGFID98CC,17,11.35,辦公室,鋼筋混凝土造,96年9月20日,四層,,
RPTNMLNLQHJGFKD76CC,19,8.64,辦公室,鋼筋混凝土造,94年7月8日,六層,,
RPSOMLQLQHJGFAD68CC,29,24.31,住家用,鋼筋混凝土造,84年11月21日,十二層,,
RPRNMLNLQHJGFID98CC,17,1.01,共有部分,鋼筋混凝土造,96年9月20日,四層,,
RPTNMLNLQHJGFKD76CC,19,8.09,共有部分,鋼筋混凝土造,94年7月8日,六層,,
RPRNMLNLQHJGFID98CC,17,2.13,共有部分,鋼筋混凝土造,96年9月20日,四層,,
RPSOMLQLQHJGFAD68CC,29,8.76,共有部分,鋼筋混凝土造,84年11月21日,十二層,,
RPTOMLQLQHJGFAD78CC,30,16.71,商業用,鋼筋混凝土造,83年3月1日,六層,,
RPTOMLQLQHJGFAD78CC,30,5.52,共有部分,鋼筋混凝土造,83年3月1日,六層,,
RPTOMLQLQHJGFAD78CC,30,2.23,共有部分,鋼筋混凝土造,83年3月1日,六層,,
RPVOMLQLQHJGFAD98CC,1,46.37,集合住宅,鋼筋混凝土造,112年10月17日,二十九層,,
RPVOMLQLQHJGFAD98CC,1,39.93,本共有部分之項目有防空避難室兼停車空間、停車空間、公共服務空間、梯間、車道、門廊、門廳、防災中心、陽台、中繼水箱、樓梯間、昇降機間（排煙室）、機械室、水箱、雨遮等１５項。,鋼筋混凝土造,112年10月17日,二十九層,,
RPUNMLQLQHJGFAD78CC,41,22.91,住家用,鋼筋混凝土造,72年6月20日,二層,,
RPPNMLQLQHJGFBD38CC,13,167.63,住宅，停車空間,鋼筋混凝土造,100年4月1日,四層,,
RPPNMLQLQHJGFID09CC,17,8.04,辦公室,鋼筋混凝土造,96年9月20日,四層,,
RPPNMLQLQHJGFID09CC,17,5.59,共有部分,鋼筋混凝土造,96年9月20日,四層,,
RPUNMLQLQHJGFID96CC,15,56.50,住商用,鋼筋混凝土造,98年10月26日,三層,,
RPTNMLQLQHJGFHD76CC,19,189.89,住宅、梯間,鋼筋混凝土造,94年2月21日,三層,,
RPVNMLQLQHJGFID07CC,15,99.60,住商用,鋼筋混凝土造,98年10月26日,三層,,
RPSNMLQLQHJGFHD66CC,1,85.52,集合住宅,鋼筋混凝土造,113年1月5日,七層,,
RPSNMLQLQHJGFHD66CC,1,40.28,本共有部分之項目有安全梯、昇降梯、梯廳、機電設備空間、台電配電場所、管理維護空間、停車空間、樓梯間、機械室、水箱等１０項,鋼筋混凝土造,113年1月5日,七層,,
RPTNMLQLQHJGFCD88CC,43,102.58,住家用,鋼筋混凝土造,70年11月3日,五層,,
RPTNMLQLQHJGFCD88CC,43,7.64,共有部分,鋼筋混凝土造,70年11月3日,五層,,
RPPNMLQLQHJGFKD66CC,18,8.64,辦公室,鋼筋混凝土造,95年9月18日,八層,,
RPPNMLQLQHJGFKD66CC,18,8.62,共有部分,鋼筋混凝土造,95年9月18日,八層,,
RPRNMLQLQHJGFKD86CC,18,8.64,辦公室,鋼筋混凝土造,95年9月18日,八層,,
RPRNMLQLQHJGFKD86CC,18,8.62,共有部分,鋼筋混凝土造,95年9月18日,八層,,
RPQNMLQLQHJGFKD76CC,1,58.73,集合住宅,鋼筋混凝土構造,112年3月14日,五層,,
RPQNMLQLQHJGFKD76CC,1,26.70,本共有部分計有停車空間，梯廳，昇降機間，安全梯間，電信室，水塔，樓梯間等共計７項,鋼筋混凝土構造,112年3月14日,五層,,
RPQOMLQLQHJGFKD86CC,29,40.48,辦公室。,鋼筋混凝土造,84年3月31日,十五層,,
RPQOMLQLQHJGFKD86CC,29,8.86,共有部分,鋼筋混凝土造,84年3月31日,十五層,,
RPQNMLRLQHJGFAD48CC,43,42.20,住家用,鋼筋混凝土造,70年6月5日,七層,,
RPQNMLRLQHJGFAD48CC,43,7.29,共有部分,鋼筋混凝土造,70年6月5日,七層,,
RPOOMLQLQHJGFKD66CC,29,61.06,住家用,鋼筋混凝土造,84年3月31日,十五層,,
RPQNMLRLQHJGFAD48CC,43,4.77,共有部分,鋼筋混凝土造,70年6月5日,七層,,
RPOOMLQLQHJGFKD66CC,29,24.81,共有部分,鋼筋混凝土造,84年3月31日,十五層,,
RPPNMLRLQHJGFBD48CC,27,196.07,住宅．停車空間,鋼筋混凝土造,86年7月21日,三層,,
RPOOMLQLQHJGFKD66CC,29,2.22,共有部分,鋼筋混凝土造,84年3月31日,十五層,,
RPOOMLQLQHJGFKD66CC,29,6.97,本共有部分之項目有走廊，電錶室等２項,鋼筋混凝土造,84年3月31日,十五層,,
RPQOMLRLQHJGFAD58CC,31,80.58,住家用,鋼筋混凝土造,82年2月27日,六層,,
RPPOMLRLQHJGFAD48CC,1,46.59,集合住宅,鋼筋混凝土造,112年10月17日,二十九層,,
RPPOMLRLQHJGFAD48CC,1,39.93,本共有部分之項目有防空避難室兼停車空間、停車空間、公共服務空間、梯間、車道、門廊、門廳、防災中心、陽台、中繼水箱、樓梯間、昇降機間（排煙室）、機械室、水箱、雨遮等１５項。,鋼筋混凝土造,112年10月17日,二十九層,,
RPRNMLRLQHJGFBD68CC,1,73.69,集合住宅,鋼筋混凝土造,112年5月8日,五層,,
RPQOMLRLQHJGFAD58CC,31,23.52,共有部分,鋼筋混凝土造,82年2月27日,六層,,
RPRNMLRLQHJGFBD68CC,1,47.73,本建物共有部分樓梯間及昇降機間、管理維護空間、電信室、停車空間、樓梯間共５項。,鋼筋混凝土造,112年5月8日,五層,,
RPQNMLRLQHJGFCD68CC,14,70.95,住家用,鋼筋混凝土造,99年5月7日,十四層,,
RPQNMLRLQHJGFCD68CC,14,29.53,本共有部分之項目有地下一、二、三層全部、有頂蓋式開放空間、門廊、一至十四層梯間、屋突等。,鋼筋混凝土造,99年5月7日,十四層,,
RPPNMLRLQHJGFHD09CC,29,113.15,住家用,鋼筋混凝土造,84年4月13日,三層,,
RPPNMLRLQHJGFKD76CC,45,104.39,住家用,加強磚造,68年11月1日,二層,,
RPUNMLRLQHJGFHD96CC,1,66.09,集合住宅,鋼筋混凝土構造,112年4月18日,七層,,
RPUNMLRLQHJGFHD96CC,1,30.34,本共有部分之項目有：管理維護空間、門廊、停車空間、樓梯間、發電機室、水箱等６項,鋼筋混凝土構造,112年4月18日,七層,,
RPRNMLRLQHJGFCD78CC,46,73.44,住家用,鋼筋混凝土造,67年9月6日,四層,,
RPRNMLRLQHJGFCD78CC,46,5.69,共有部分,鋼筋混凝土造,67年9月6日,四層,,
RPRNMLRLQHJGFCD78CC,46,7.18,共有部分,鋼筋混凝土造,67年9月6日,四層,,
RPWNMLRLQHJGFKD47CC,31,203.67,住宅、梯間。,鋼筋混凝土造,82年10月14日,五層,,
RPQNMLRLQHJGFKD86CC,15,205.80,住家用,鋼筋混凝土造,98年5月19日,四層,,
RPSNMLSLQHJGFAD78CC,32,34.42,住家用,鋼筋混凝土造,81年12月22日,六層,,
RPWNMLSLQHJGFAD56CC,30,40.69,住家用,鋼筋混凝土造,83年12月22日,二十一層,,
RPSNMLSLQHJGFAD78CC,32,6.64,共有部分,鋼筋混凝土造,81年12月22日,六層,,
RPSNMLSLQHJGFAD78CC,32,8.14,共有部分,鋼筋混凝土造,81年12月22日,六層,,
RPWNMLSLQHJGFAD56CC,30,7.30,共有部分,鋼筋混凝土造,83年12月22日,二十一層,,
RPQNMLSLQHJGFAD58CC,28,103.42,住家用,鋼筋混凝土造,85年7月16日,八層,,
RPQNMLSLQHJGFAD58CC,28,17.36,共有部分,鋼筋混凝土造,85年7月16日,八層,,
RPQNMLSLQHJGFAD58CC,28,8.22,共有部分,鋼筋混凝土造,85年7月16日,八層,,
RPWNMLSLQHJGFAD56CC,30,4.58,共有部分,鋼筋混凝土造,83年12月22日,二十一層,,
RPUNMLSLQHJGFCD56CC,30,77.46,住家用,鋼筋混凝土造,84年1月12日,九層,,
RPUNMLSLQHJGFCD56CC,30,48.13,共有部分,鋼筋混凝土造,84年1月12日,九層,,
RPPNMLSLQHJGFID66CC,8,351.86,廠房,鋼骨構造,106年1月26日,一層,,
RPPOMLSLQHJGFCD78CC,35,175.72,住商用,鋼筋混凝土造,78年8月1日,四層,,
RPVNMLSLQHJGFCD66CC,26,89.63,住家用,鋼筋混凝土造,87年9月19日,十二層,,
RPVNMLSLQHJGFCD66CC,26,13.48,共有部分,鋼筋混凝土造,87年9月19日,十二層,,
RPVNMLSLQHJGFCD66CC,26,9.34,共有部分,鋼筋混凝土造,87年9月19日,十二層,,
RPRNMLSLQHJGFKD07CC,30,86.01,住家用,鋼筋混凝土造,83年12月16日,九層,,
RPOOMLSLQHJGFCD68CC,51,71.73,住商用,加強磚造,62年6月28日,三層,,
RPRNMLSLQHJGFKD07CC,30,53.51,共有部分,鋼筋混凝土造,83年12月16日,九層,,
RPXNMLSLQHJGFKD67CC,19,13.20,辦公室,鋼筋混凝土造,94年7月8日,六層,,
RPXNMLSLQHJGFKD67CC,19,11.55,共有部分,鋼筋混凝土造,94年7月8日,六層,,
RPPOMLSLQHJGFKD96CC,19,12.24,辦公室,鋼筋混凝土造,94年7月8日,六層,,
RPPOMLSLQHJGFKD96CC,19,10.97,共有部分,鋼筋混凝土造,94年7月8日,六層,,
RPPNMLSLQHJGFFD98CC,15,37.08,住家用,鋼筋混凝土造,98年6月11日,四層,,
RPQOMLSLQHJGFKD07CC,18,8.64,辦公室,鋼筋混凝土造,95年9月18日,八層,,
RPQOMLSLQHJGFKD07CC,18,8.62,共有部分,鋼筋混凝土造,95年9月18日,八層,,
RPRNMLTLQHJGFAD78CC,1,49.09,集合住宅,鋼筋混凝土造,112年11月8日,二十二層,,
RPRNMLTLQHJGFAD78CC,1,44.91,本共有部分之項目有防空避難室兼停車空間、停車空間、管委會使用空間、梯間、門廳兼梯廳、樓梯間、機械室、水箱、門廊、車道、排煙室、管道間等１２項,鋼筋混凝土造,112年11月8日,二十二層,,
RPVNMLTLQHJGFAD56CC,21,124.74,集合住宅,鋼筋混凝土造,92年9月16日,十四層,,
RPVNMLTLQHJGFAD56CC,21,43.44,管理室等,鋼筋混凝土造,92年9月16日,十四層,,
RPVNMLTLQHJGFAD56CC,21,23.62,公共設施,鋼筋混凝土造,92年9月16日,十四層,,
RPUNMLTLQHJGFAD09CC,45,94.80,住家用,加強磚造,68年8月14日,二層,,
RPPNMLTLQHJGFHD66CC,27,92.01,住家用,鋼筋混凝土造,86年8月25日,八層,,
RPVNMLTLQHJGFCD76CC,50,93.07,住家用,加強磚造,63年3月5日,二層,,
RPPNMLTLQHJGFHD66CC,27,12.41,梯間、機械室、水箱、電梯,鋼筋混凝土造,86年8月25日,八層,,
RPPNMLTLQHJGFHD66CC,27,32.09,防空避難室，停車空間，管理員室,鋼筋混凝土造,86年8月25日,八層,,
RPVNMLTLQHJGFKD57CC,5,57.32,住家用,鋼筋混凝土構造,108年3月15日,十五層,,
RPVNMLTLQHJGFKD57CC,5,24.87,本共有部分之項目有：門廊，車道，公共服務空間，管理維護空間，垃圾儲存空間，樓梯間，水塔，防空避難室兼停車空間，停車空間及梯廳等１０項,鋼筋混凝土構造,108年3月15日,十五層,,
RPPNMLTLQHJGFID76CC,26,26.44,商業用,鋼筋混凝土造,87年8月13日,十四層,,
RPSNMLTLQHJGFCD09CC,5,80.76,集合住宅,鋼筋混凝土構造,109年2月13日,十一層,,
RPSNMLTLQHJGFCD09CC,5,65.01,本共有部份之項目有：防空避難室兼停車空間、停車空間、門廳、安全梯、樓梯間、梯廳、管道間、升降機道、公共服務空間、排煙室、機電空間、水箱、機械室、儲藏室共十四項。,鋼筋混凝土構造,109年2月13日,十一層,,
RPSNMLTLQHJGFCD09CC,5,17.80,本共有部份之項目有：樓梯間。,鋼筋混凝土構造,109年2月13日,十一層,,
RPWNMLTLQHJGFKD67CC,32,42.99,住家用,鋼筋混凝土造,81年7月23日,十七層,,
RPWNMLTLQHJGFKD67CC,32,7.56,共有部分,鋼筋混凝土造,81年7月23日,十七層,,
RPWNMLTLQHJGFKD67CC,32,15.60,共有部分,鋼筋混凝土造,81年7月23日,十九層,,
RPWNMLTLQHJGFKD67CC,32,.98,共有部分,鋼筋混凝土造,81年7月23日,十九層,,
RPWNMLTLQHJGFKD67CC,32,2.17,共有部分,鋼筋混凝土造,81年7月23日,十九層,,
RPWNMLKMQHJGFAD48CC,30,38.58,商業用,鋼筋混凝土造,83年12月22日,二十一層,,
RPWNMLKMQHJGFAD48CC,30,26.78,共有部分,鋼筋混凝土造,83年12月22日,二十一層,,
RPWNMLKMQHJGFAD48CC,30,6.01,共有部分,鋼筋混凝土造,83年12月22日,二十一層,,
RPVNMLKMQHJGFAD38CC,26,171.11,停車空間、住宅,鋼筋混凝土造,87年2月24日,四層,,
RPQNMLKMQHJGFAD87CC,3,55.83,集合住宅,鋼筋混凝土構造,110年5月3日,十八層,,
RPQNMLKMQHJGFAD87CC,3,56.37,本共有部分之項目有防災中心、停車空間、機電設備空間、防空避難室兼停車空間、台電配電場所、自來水箱、車道、門廳、儲藏室、樓梯間、梯廳、昇降梯、屋頂平台等１３項。,鋼筋混凝土構造,110年5月3日,十八層,,
RPTNMLKMQHJGFAD18CC,34,34.50,住家用,鋼筋混凝土造,79年4月30日,十二層,,
RPTNMLKMQHJGFAD18CC,34,.44,共有部分,鋼筋混凝土造,79年4月30日,十二層,,
RPTNMLKMQHJGFAD18CC,34,10.48,共有部分,鋼筋混凝土造,79年4月30日,十二層,,
RPTOMLKMQHJGFAD28CC,11,16.50,住家用,鋼筋混凝土構造,102年7月16日,五層,,
RPPOMLKMQHJGFAD87CC,31,167.72,住家用,鋼筋混凝土造,82年9月8日,三層,,
RPQOMLKMQHJGFAD97CC,51,77.40,住家用,加強磚造,62年3月26日,二層,,
RPXNMLKMQHJGFAD58CC,39,74.10,住家用,鋼筋混凝土造,74年8月22日,九層,,
RPXNMLKMQHJGFAD58CC,39,27.10,共有部分,鋼筋混凝土造,74年8月22日,九層,,
RPSOMLKMQHJGFAD18CC,34,11.25,住家用,鋼筋混凝土造,79年6月9日,五層,,
RPSOMLKMQHJGFAD18CC,34,6.85,共有部分,鋼筋混凝土造,79年6月9日,五層,,
RPQNMLKMQHJGFCD08CC,44,240.33,住商用,鋼筋混凝土造,69年9月13日,三層,,
RPRNMLKMQHJGFCD18CC,51,94.68,住家用,加強磚造,62年4月25日,二層,,
RPVNMLKMQHJGFCD58CC,35,14.52,住家用,鋼筋混凝土造,79年1月2日,七層,,
RPVNMLKMQHJGFCD58CC,35,9.00,共有部分,鋼筋混凝土造,79年1月2日,七層,,
RPQNMLKMQHJGFKD88CC,25,32.52,商業用,鋼筋混凝土造,88年5月19日,十一層,,
RPSNMLKMQHJGFCD28CC,43,59.76,住家用,鋼筋混凝土造,70年12月22日,五層,,
RPQNMLKMQHJGFKD88CC,25,10.73,共有部分,鋼筋混凝土造,88年5月19日,十四層,,
RPSNMLKMQHJGFCD28CC,43,10.01,共有部分,鋼筋混凝土造,70年12月22日,五層,,
RPQNMLKMQHJGFKD88CC,25,3.77,共有部分,鋼筋混凝土造,88年5月19日,十四層,,
RPRNMLKMQHJGFID78CC,25,210.42,住家用,鋼筋混凝土造,88年10月11日,五層,,
RPXNMLKMQHJGFCD78CC,25,96.49,集合住宅,鋼筋混凝土造,88年10月21日,十三層,,
RPXNMLKMQHJGFCD78CC,25,18.31,共有部分,鋼筋混凝土造,88年10月21日,十三層,,
RPXNMLKMQHJGFCD78CC,25,33.73,共有部分,鋼筋混凝土造,88年10月21日,十三層,,
RPTNMLKMQHJGFKD56CC,1,70.29,集合住宅,鋼筋混凝土造,112年11月24日,十五層,,
RPTNMLKMQHJGFKD56CC,1,55.18,本共有部分之項目有：防空避難室，停車空間，公共空間，樓梯間，排煙室，走道，水箱及電梯機房等８項,鋼筋混凝土造,112年11月24日,十五層,,
RPPNMLKMQHJGFKD78CC,29,24.78,住家用,鋼筋混凝土造,84年5月22日,七層,,
RPPNMLKMQHJGFKD78CC,29,5.41,共有部分,鋼筋混凝土造,84年5月22日,七層,,
RPPNMLKMQHJGFKD78CC,29,3.43,共有部分,鋼筋混凝土造,84年5月22日,七層,,
RPPOMLKMQHJGFKD88CC,50,62.07,住家用,磚造,63年12月1日,一層,,
RPQNMLPJRHJGFID98CC,18,22.60,住家用,鋼筋混凝土造,95年9月29日,三層,,
RPSOMLKMQHJGFKD56CC,29,94.04,住家用,鋼筋混凝土造,84年12月22日,十一層,,
RPSOMLKMQHJGFKD56CC,29,23.60,共有部分,鋼筋混凝土造,84年12月22日,十一層,,
RPRNMLNJRHJGFCD28CC,1,65.72,集合住宅,鋼筋混凝土構造、鋼骨造,112年3月29日,十四層,,
RPRNMLNJRHJGFCD28CC,1,52.86,本共有部份之項目有：防空避難室兼停車空間、停車空間、管委會空間、樓梯間、機械室、公共空間、門廊共７項。,鋼筋混凝土加強磚造,112年3月29日,十四層,,
RPROMLKMQHJGFKD09CC,25,84.07,住家用,鋼筋混凝土造,88年8月24日,十四層,,
RPROMLKMQHJGFKD09CC,25,2.09,共有部分,鋼筋混凝土造,88年8月24日,十四層,,
RPROMLKMQHJGFKD09CC,25,16.94,共有部分,鋼筋混凝土造,88年8月24日,十四層,,
RPROMLKMQHJGFKD09CC,25,16.60,共有部分,鋼筋混凝土造,88年8月24日,十四層,,
RPRNMLPJRHJGFID09CC,37,123.59,住家用,鋼筋混凝土加強磚造,76年6月21日,三層,,
RPPNMLNJRHJGFGD48CC,3,56.06,集合住宅,鋼筋混凝土造,110年6月8日,五層,,
RPPNMLNJRHJGFGD48CC,3,38.23,共有部分包含：一般昇降機、梯廳、電信室、配電場、管道間、騎樓、管委會空間、安全梯、戶外安全梯、停車空間、外廊、樓梯間等１２項,鋼筋混凝土造,110年6月8日,五層,,
RPTNMLPJRHJGFKD86CC,19,8.64,辦公室,鋼筋混凝土造,94年7月8日,六層,,
RPQNMLMJRHJGFDD18CC,28,200.12,住家用,鋼筋混凝土造,86年2月4日,三層,,
RPTNMLPJRHJGFKD86CC,19,8.09,共有部分,鋼筋混凝土造,94年7月8日,六層,,
RPQNMLQJRHJGFAD28CC,28,22.13,住家用,鋼筋混凝土造,86年1月18日,十二層,,
RPQNMLQJRHJGFAD28CC,28,3.35,共有部分,鋼筋混凝土造,86年1月18日,十二層,,
RPQNMLQJRHJGFAD28CC,28,3.75,共有部分,鋼筋混凝土造,86年1月18日,十二層,,
RPQOMLKMQHJGFKD98CC,1,70.46,集合住宅,鋼筋混凝土構造,112年8月18日,十五層,,
RPQOMLKMQHJGFKD98CC,1,14.03,本共有部分之項目有：停車空間，防空避難室兼停車空間，公共空間，專用汙水處理設施，消防蓄水池，管委會，梯廳，環保室，車道，無障礙廁所，門廊等１１項,鋼筋混凝土構造,112年8月18日,十五層,,
RPQOMLKMQHJGFKD98CC,1,16.23,本共有部分之項目有安全梯、戶外安全梯、機電空間、排煙室、梯廳、緊急升降機、電梯、管道間、電梯機械室、水箱等１０項,鋼筋混凝土構造,112年8月18日,十五層,,
RPQOMLKMQHJGFKD98CC,1,.01,店舖,鋼筋混凝土構造,112年8月18日,十五層,,
RPQOMLKMQHJGFKD98CC,1,34.40,本共有部分之項目有：停車空間，防空避難室兼停車空間，公共空間，專用汙水處理設施，消防蓄水池，管委會，梯廳，環保室，車道，無障礙廁所，門廊等１１項,鋼筋混凝土構造,112年8月18日,十五層,,
RPUNMLQJRHJGFAD68CC,18,36.12,集合住宅,ＲＣ造,95年10月1日,十四層,,
RPUNMLQJRHJGFAD68CC,18,6.58,共有部分,ＲＣ造,95年10月1日,十四層,,
RPUNMLQJRHJGFAD68CC,18,8.78,共有部分,ＲＣ造,95年10月1日,十四層,,
RPQNMLQJRHJGFCD48CC,28,165.96,住商用,鋼筋混凝土造,85年7月15日,三層,,
RPUNMLQJRHJGFKD07CC,31,25.04,住家用,鋼筋混凝土造,82年12月30日,九層,,
RPQNMLQJRHJGFID09CC,34,43.06,住工用,鋼筋混凝土加強磚造,79年9月27日,二層,,
RPQNMLQJRHJGFBD38CC,43,89.67,集合住宅,鋼筋混凝土造,70年9月7日,四層,,
RPUNMLQJRHJGFKD07CC,31,29.43,共有部分,鋼筋混凝土造,82年12月30日,九層,,
RPQNMLQJRHJGFBD38CC,43,3.07,避難室,鋼筋混凝土造,70年9月7日,四層,,
RPQNMLQJRHJGFBD38CC,43,8.08,共有部分,鋼筋混凝土造,70年9月7日,四層,,
RPOOMLQJRHJGFID98CC,3,58.01,集合住宅,鋼筋混凝土構造,110年3月15日,二十四層,,
RPOOMLQJRHJGFID98CC,3,46.72,本共有部分之項目有管委會使用空間、停車空間、機電設備空間、防空避難室兼停車空間、台電配電場所、自來水箱、車道、門廳、儲藏室、機房、樓梯間、消防水箱等１２項,鋼筋混凝土構造,110年3月15日,二十四層,,
RPWNMLQJRHJGFCD09CC,35,18.18,住家用,鋼筋混凝土造,78年8月30日,五層,,
RPSNMLQJRHJGFCD68CC,31,105.11,住家用,鋼筋混凝土造,82年4月24日,六層,,
RPSNMLQJRHJGFCD68CC,31,41.91,共有部分,鋼筋混凝土造,82年4月24日,六層,,
RPRNMLQJRHJGFBD48CC,1,83.07,集合住宅,鋼筋混凝土造,112年9月13日,十四層,,
RPOOMLQJRHJGFAD18CC,9,58.58,集合住宅,鋼筋混凝土構造,104年11月5日,二十四層,,
RPOOMLQJRHJGFAD18CC,9,25.32,本共有部分之項目：有樓梯間、門廊、門廳、管委會使用空間、防災中心、停車空間、防空避難室、車道、游泳池、機房自來水池等項,鋼筋混凝土構造,104年11月5日,二十四層,,
RPRNMLQJRHJGFBD48CC,1,73.58,本共有部分之項目有停車空間、梯間、台電配電場所、垃圾儲藏室、垃圾暫停車位、發電機房、樓電梯間、水箱、儲藏室、雨水機房、防空避難室兼停車空間、公共服務空間、無障礙廁所、宅配室、迴廊、門廳、管委會使用空間、車道、樓梯間、水錶室、機房、機械室、消防水箱等２３項。,鋼筋混凝土造,112年9月13日,十四層,,
RPTOMLQJRHJGFKD07CC,50,97.50,住家用,加強磚造,63年10月1日,二層,,
RPUNMLSJRHJGFCD09CC,35,16.52,住家用,鋼筋混凝土造,78年8月30日,五層,,
RPTPMLQJRHJGFKD17CC,18,8.64,辦公室,鋼筋混凝土造,95年9月18日,八層,,
RPWPMLQJRHJGFKD47CC,11,13.22,住宅，停車空間,鋼筋混凝土構造,102年8月21日,四層,,
RPTPMLQJRHJGFKD17CC,18,10.68,共有部分,鋼筋混凝土造,95年9月18日,八層,,
RPTPMLQJRHJGFKD17CC,18,2.92,共有部分,鋼筋混凝土造,95年9月18日,八層,,
RPPNMLTJRHJGFCD68CC,42,87.02,集合住宅,鋼筋混凝土造,71年11月25日,五層,,
RPXOMLQJRHJGFKD47CC,3,52.77,集合住宅,鋼筋混凝土構造,110年12月29日,二十六層,,
RPPNMLTJRHJGFCD68CC,42,6.23,共有部分,鋼筋混凝土造,71年11月25日,五層,,
RPXOMLQJRHJGFKD47CC,3,47.90,本共有之項目有：防空避難室兼停車空間，廁所，防災中心，管委，門廊，停車空間，車道，資源回收區，梯間共９項,鋼筋混凝土構造,110年12月29日,二十六層,,
RPXOMLQJRHJGFKD47CC,3,15.35,本共有部分之項目有：樓梯間、水箱、機房共３項,鋼筋混凝土構造,110年12月29日,二十六層,,
RPROMLQJRHJGFKD86CC,12,10.00,店舖，住宅,鋼筋混凝土構造,101年3月28日,四層,,
RPSNMLTJRHJGFAD78CC,44,26.18,住家用,鋼筋混凝土造,69年12月3日,十層,,
RPSNMLTJRHJGFAD78CC,44,7.54,共有部分,鋼筋混凝土造,69年12月3日,十層,,
RPQNMLTJRHJGFCD78CC,36,66.64,住家用,鋼筋混凝土造,77年4月23日,五層,,
RPQNMLTJRHJGFCD78CC,36,15.82,共有部分,鋼筋混凝土造,77年4月23日,五層,,
RPSNMLTJRHJGFCD98CC,16,21.70,住家用,鋼筋混凝土造,97年2月29日,十四層,,
RPSNMLTJRHJGFCD98CC,16,5.39,共有部分,鋼筋混凝土造,97年2月29日,十四層,,
RPSNMLTJRHJGFCD98CC,16,7.11,共有部分,鋼筋混凝土造,97年2月29日,十四層,,
RPVNMLTJRHJGFCD66CC,41,80.95,住家用,鋼筋混凝土造,73年1月18日,十二層,,
RPVNMLTJRHJGFCD66CC,41,12.63,共有部分,鋼筋混凝土造,73年1月18日,十二層,,
RPSNMLTJRHJGFHD86CC,38,106.10,住家用,加強磚造,75年8月20日,二層,,
RPRNMLTJRHJGFHD76CC,6,61.08,集合住宅,鋼筋混凝土造,108年1月21日,五層,,
RPRNMLTJRHJGFHD76CC,6,35.29,停車空間，樓梯間,鋼筋混凝土造,108年1月21日,五層,,
RPSNMLTJRHJGFID96CC,37,71.43,住家用,鋼筋混凝土加強磚造,76年6月21日,三層,,
RPVNMLTJRHJGFID27CC,3,57.98,集合住宅,鋼筋混凝土構造,110年3月15日,二十四層,,
RPVNMLTJRHJGFID27CC,3,47.29,本共有部分之項目有管委會使用空間、停車空間、機電設備空間、防空避難室兼停車空間、台電配電場所、自來水箱、車道、門廳、儲藏室、機房、樓梯間、消防水箱等１２項,鋼筋混凝土構造,110年3月15日,二十四層,,
RPPNMLTJRHJGFID66CC,3,58.01,集合住宅,鋼筋混凝土構造,110年3月15日,二十四層,,
RPPNMLTJRHJGFID66CC,3,50.10,本共有部分之項目有管委會使用空間、停車空間、機電設備空間、防空避難室兼停車空間、台電配電場所、自來水箱、車道、門廳、儲藏室、機房、樓梯間、消防水箱等１２項,鋼筋混凝土構造,110年3月15日,二十四層,,
RPRNMLKKRHJGFAD87CC,43,85.54,住家用,加強磚造,70年3月12日,二層,,
RPUNMLTJRHJGFCD56CC,29,54.10,住家用,鋼筋混凝土造,84年11月6日,二十層,,
RPUNMLTJRHJGFCD56CC,29,11.45,共有部分,鋼筋混凝土造,84年11月6日,二十層,,
RPPNMLTJRHJGFKD96DC,37,104.01,工業用,鋼造,76年11月26日,一層,,
RPUNMLTJRHJGFCD56CC,29,28.97,共有部分,鋼筋混凝土造,84年11月6日,二十層,,
RPPNMLKKRHJGFDD97CC,42,227.51,自用農舍,鋼筋混凝土造,71年12月3日,三層,,
RPPNMLKKRHJGFED08CC,31,178.96,住家用,加強磚造,82年11月9日,二層,,
RPROMLKKRHJGFKD98CC,11,21.49,住宅，停車空間,鋼筋混凝土構造,102年8月21日,四層,,
RPQNMLKKRHJGFKD78CC,43,97.44,住家用,加強磚造,70年12月23日,二層,,
RPOOMLKKRHJGFKD68CC,11,19.83,住家用,鋼筋混凝土構造,102年9月25日,四層,,
RPOPMLKKRHJGFKD78CC,30,89.29,集合住宅,鋼筋混凝土造,83年10月6日,十二層,,
RPOPMLKKRHJGFKD78CC,30,26.48,共有部分,鋼筋混凝土造,83年10月6日,十二層,,
RPPPMLKKRHJGFKD88CC,29,89.42,住家用,鋼筋混凝土造,84年5月23日,十六層,,
RPPPMLKKRHJGFKD88CC,29,22.67,共有部分,鋼筋混凝土造,84年5月23日,十六層,,
RPUNMLLKRHJGFAD28CC,28,25.46,住家用,鋼筋混凝土造,86年1月27日,二十層,,
RPUNMLLKRHJGFAD28CC,28,5.53,共有部分,鋼筋混凝土造,86年1月27日,二十層,,
RPUNMLLKRHJGFAD28CC,28,4.16,共有部分,鋼筋混凝土造,86年1月27日,二十層,,
RPUNMLLKRHJGFAD28CC,28,2.40,共有部分,鋼筋混凝土造,86年1月27日,二十層,,
RPRNMLLKRHJGFAD97CC,3,55.87,集合住宅,鋼筋混凝土構造,110年5月3日,十八層,,
RPRNMLLKRHJGFAD97CC,3,39.79,本共有部分之項目有防災中心、停車空間、機電設備空間、防空避難室兼停車空間、台電配電場所、自來水箱、車道、門廳、儲藏室、樓梯間、梯廳、昇降梯、屋頂平台等１３項。,鋼筋混凝土構造,110年5月3日,十八層,,
RPPNMLLKRHJGFBD87CC,2,24.39,集合住宅,鋼筋混凝土造,111年3月4日,十七層,,
RPPNMLLKRHJGFBD87CC,2,73.33,本共有部分之項目有停車空間、防空避難室兼停車空間、管委會使用空間、門廊、車道、垃圾暫存室、防災中心、梯間、陽台、樓梯間、機械室、水箱等１２項。,鋼筋混凝土造,111年3月4日,十七層,,
RPPNMLLKRHJGFAD77CC,39,37.30,住家用,鋼筋混凝土造,74年3月20日,十層,,
RPPNMLLKRHJGFAD77CC,39,5.32,共有部分,鋼筋混凝土造,74年3月20日,十層,,
RPPNMLLKRHJGFAD77CC,39,9.68,共有部分,鋼筋混凝土造,74年3月20日,十層,,
RPPNMLLKRHJGFHD48CC,5,160.43,工廠,鋼骨構造有牆,108年5月30日,一層,,
RPRNMLMKRHJGFCD28CC,34,17.44,住家用,鋼筋混凝土造,80年1月22日,九層,,
RPOOMLMKRHJGFAD87CC,39,43.60,住商用,鋼筋混凝土造,74年2月22日,五層,,
RPRNMLMKRHJGFCD28CC,34,8.25,共有部分,鋼筋混凝土造,80年1月22日,九層,,
RPPNMLMKRHJGFID68CC,17,8.04,辦公室,鋼筋混凝土造,96年9月20日,四層,,
RPRNMLLKRHJGFKD98CC,30,81.51,住家用,鋼筋混凝土造,83年8月3日,十六層,,
RPPNMLMKRHJGFID68CC,17,1.01,共有部分,鋼筋混凝土造,96年9月20日,四層,,
RPPNMLMKRHJGFID68CC,17,5.10,共有部分,鋼筋混凝土造,96年9月20日,四層,,
RPRNMLLKRHJGFKD98CC,30,23.81,共有部分,鋼筋混凝土造,83年8月3日,十六層,,
RPQNMLMKRHJGFKD98CC,29,29.84,辦公室。,鋼筋混凝土造,85年1月29日,十七層,,
RPRNMLNKRHJGFBD28CC,1,118.01,集合住宅,鋼筋混凝土造,112年5月25日,二十層,,
RPQNMLMKRHJGFKD98CC,29,3.56,共有部分,鋼筋混凝土造,85年1月29日,十七層,,
RPRNMLNKRHJGFBD28CC,1,112.84,本共有部分之項目有：一般昇降機、發電機室、排煙室、垃圾處理場、防空避難室兼停車空間、機電設備、特別安全梯、緊急昇降機、停車空間、車道、大廳、健身房、防災中心、門廊、梯廳、廁所、圖書室兼會議室、管理維護空間、水表室／消防機房、樓梯間、蓄水池、機械室、等共２２項。,鋼筋混凝土造,112年5月25日,二十層,,
RPQNMLMKRHJGFKD98CC,29,2.37,共有部分,鋼筋混凝土造,85年1月29日,十七層,,
RPRNMLMKRHJGFKD09CC,29,31.34,辦公室。,鋼筋混凝土造,85年1月29日,十七層,,
RPRNMLMKRHJGFKD09CC,29,3.79,共有部分,鋼筋混凝土造,85年1月29日,十七層,,
RPRNMLMKRHJGFKD09CC,29,2.46,共有部分,鋼筋混凝土造,85年1月29日,十七層,,
RPUNMLMKRHJGFKD76CC,19,12.52,辦公室,鋼筋混凝土造,94年7月8日,六層,,
RPUNMLMKRHJGFKD76CC,19,11.17,共有部分,鋼筋混凝土造,94年7月8日,六層,,
RPTNMLOKRHJGFCD68CC,20,15.00,住宅、停車空間,ＲＣ造,93年11月16日,五層,,
RPPNMLNKRHJGFKD98CC,2,69.60,店舖,鋼筋混凝土構造,111年10月7日,十四層,,
RPPNMLNKRHJGFKD98CC,2,32.59,本共有部分之項目有：停車空間、防空避難室兼停車空間、公共服務空間、管委會空間、樓梯間、機械室、水箱、陽台等８項,鋼筋混凝土構造,111年10月7日,十四層,,
RPQNMLOKRHJGFCD38CC,20,16.00,住宅、停車空間,ＲＣ造,93年11月16日,五層,,
RPPNMLNKRHJGFKD98CC,2,104.17,店舖,鋼筋混凝土構造,111年10月7日,十四層,,
RPPNMLNKRHJGFKD98CC,2,48.83,本共有部分之項目有：停車空間、防空避難室兼停車空間、公共服務空間、管委會空間、樓梯間、機械室、水箱、陽台等８項,鋼筋混凝土構造,111年10月7日,十四層,,
