﻿編號,土地位置,土地移轉面積平方公尺,使用分區或編定,權利人持分分母,權利人持分分子,移轉情形,地號
The serial number, land position,land shifting area square meter,the use zoning or compiles and checks,,,,land parcel
RPPNMLLKQHJGFEE18CC,果貿段,8.69,都市：住,,,,00060000
RPPNMLMKQHJGFBE97CC,新興段四小段,5.19,都市：商,,,,12140000
RPRNMLMKQHJGFCE28CC,獅甲段,.21,都市：商,,,,03300000
RPRNMLMKQHJGFCE28CC,獅甲段,.65,都市：商,,,,03310000
RPVNMLMKQHJGFDE78CC,陽明段四小段,76.00,都市：住,,,,01250002
RPUNMLMKQHJGFDE68CC,新都段,8.66,都市：住,,,,00670000
RPSOMLMKQHJGFDE58CC,獅頭段一小段,10.88,都市：商,,,,14590000
RPVOMLMKQHJGFEE98CC,和平段三小段,29.70,都市：商,,,,00510000
RPRNMLMKQHJGFFE58CC,成功段,78.00,都市：住,,,,04910001
RPVNMLMKQHJGFGE09CC,道爺廍段下菜園小段,67.00,都市：住,,,,00620095
RPSNMLNKQHJGFAE28CC,府北段五小段,4.63,都市：商,,,,01230000
RPRNMLNKQHJGFAE18CC,青海段,440.51,都市：住,,,,04130001
RPVNMLNKQHJGFBE68CC,意誠段,5.77,都市：商,,,,01990000
RPVNMLNKQHJGFDE88CC,覆鼎金段覆鼎金小段,3.33,都市：商,,,,12740000
RPVNMLNKQHJGFDE88CC,覆鼎金段覆鼎金小段,3.52,都市：住,,,,12740001
RPPOMLNKQHJGFDE38CC,獅頭段一小段,15.59,都市：商,,,,18100000
RPSNMLNKQHJGFEE68CC,楠梓段一小段,100.00,都市：住,,,,01580077
RPSNMLNKQHJGFEE68CC,楠梓段一小段,4.34,都市：住,,,,01580090
RPOOMLNKQHJGFEE38CC,新民段,8.68,都市：商,,,,01810000
RPSOMLNKQHJGFEE78CC,楠都段三小段,84.00,都市：住,,,,05060000
RPTNMLNKQHJGFFE88CC,大德段,34.77,都市：住,,,,00300000
RPTNMLNKQHJGFFE88CC,大德段,31.54,都市：住,,,,00310000
RPQNMLNKQHJGFFE58CC,後壁田段,16.89,都市：住,,,,03670001
RPUNMLNKQHJGFFE98CC,橋南段,28.00,都市：住,,,,10090006
RPWNMLOKQHJGFAE78CC,文東段,276.00,都市：商,,,,10820000
RPOOMLOKQHJGFAE08CC,北金段,32.00,都市：住,,,,01770000
RPRNMLOKQHJGFCE48CC,宏明段,10.17,都市：住,,,,04410000
RPXNMLOKQHJGFEE66CC,果貿段,11.57,都市：住,,,,01770000
RPPNMLOKQHJGFFE58CC,大德段,114.95,都市：住,,,,00300000
RPPNMLOKQHJGFFE58CC,大德段,104.27,都市：住,,,,00310000
RPPNMLOKQHJGFFE58CC,大德段,21.73,都市：其他:道路用地,,,,00310001
RPPNMLOKQHJGFFE58CC,大德段,23.95,都市：其他:道路用地,,,,00300001
RPPNMLOKQHJGFIE88CC,澄德段,18.88,都市：商,,,,00090000
RPWNMLPKQHJGFDE56CC,灣內段,65.13,都市：其他:乙種工業區,,,,01470000
RPWNMLPKQHJGFDE56CC,灣內段,16.55,都市：其他:乙種工業區,,,,01480000
RPWNMLPKQHJGFDE56CC,灣內段,2.01,都市：其他:乙種工業區,,,,01420198
RPTNMLQKQHJGFAE68CC,龍華段三小段,102.00,都市：農,,,,07000000
RPRNMLQKQHJGFAE48CC,龍中段,7.47,都市：商,,,,01120000
RPTOMLQKQHJGFAE78CC,青海段,12.12,都市：住,,,,05080000
RPPNMLQKQHJGFBE38CC,意誠段,4.81,都市：商,,,,01990000
RPUNMLQKQHJGFBE88CC,苓東段,17.69,都市：住,,,,01280000
RPUNMLQKQHJGFBE88CC,苓東段,33.46,都市：住,,,,01290000
RPQOMLQKQHJGFBE58CC,苓洲段,59.00,都市：商,,,,01770000
RPSNMLQKQHJGFCE78CC,瑞隆段二小段,64.00,都市：住,,,,00450000
RPSOMLQKQHJGFEE09CC,菜公段四小段,58.00,都市：住,,,,09540000
RPUNMLQKQHJGFFE66CC,海城段,33.28,都市：住,,,,01990000
RPRNMLQKQHJGFFE98CC,岡山段,18.00,都市：住,,,,05720002
RPRNMLQKQHJGFFE98CC,岡山段,183.00,都市：住,,,,05640004
RPRNMLQKQHJGFFE98CC,岡山段,7.00,都市：住,,,,05720008
RPOOMLQKQHJGFFE78CC,大紅段,74.00,都市：住,,,,05670000
RPPOMLQKQHJGFFE88CC,大紅段,74.00,都市：住,,,,05670000
RPPNMLRKQHJGFBE48CC,五塊厝段,23.85,都市：商,,,,24460000
RPQNMLRKQHJGFCE68CC,松華段,44.50,都市：住,,,,00200000
RPPNMLRKQHJGFDE68CC,新都段,18.73,都市：住,,,,01630000
RPPNMLRKQHJGFCE58CC,松華段,54.00,都市：住,,,,00110068
RPPNMLRKQHJGFCE58CC,松華段,20.04,都市：住,,,,00110056
RPQNMLRKQHJGFLE96CC,鳳芸段,33.50,都市：住,,,,01900008
RPPNMLTKQHJGFBE68CC,新興段二小段,4.08,都市：商,,,,09090000
RPSNMLTKQHJGFBE98CC,大統段二小段,35.55,都市：商,,,,07610000
RPSNMLTKQHJGFBE98CC,大統段二小段,.12,都市：商,,,,07610001
RPRNMLTKQHJGFBE88CC,新興段四小段,16.61,都市：商,,,,07490000
RPRNMLTKQHJGFBE88CC,新興段四小段,1.57,都市：其他:道路用地,,,,07490001
RPTNMLTKQHJGFDE66CC,鼎泰段,102.63,都市：住,,,,14540007
RPPNMLTKQHJGFFE09CC,成功段,78.00,都市：住,,,,04910001
RPRNMLTKQHJGFFE66CC,陽明段,58.00,都市：住,,,,06020000
RPPNMLKLQHJGFAE77CC,青海段,7.26,都市：住,,,,00740000
RPWNMLKLQHJGFBE58CC,新興段二小段,112.00,都市：商,,,,11820000
RPPOMLKLQHJGFBE97CC,福東段,79.00,都市：住,,,,12700000
RPSNMLKLQHJGFCE28CC,愛群段,2.15,都市：商,,,,29490000
RPSNMLKLQHJGFEE48CC,藍田西段,11.39,都市：住,,,,03240000
RPTNMLKLQHJGFEE58CC,右昌段四小段,66.00,都市：住,,,,05440000
RPRNMLKLQHJGFGE58CC,鳳山段大老衙小段,176.00,都市：商,,,,02270153
RPRNMLKLQHJGFGE58CC,鳳山段大老衙小段,10.00,都市：商,,,,02270093
RPRNMLKLQHJGFGE58CC,鳳山段大老衙小段,4.00,都市：商,,,,01450072
RPSNMLKLQHJGFGE68CC,七老爺段一甲小段,97.00,都市：住,,,,13730005
RPRNMLKLQHJGFIE78CC,育才段,11.45,都市：住,,,,03680000
RPTNMLKLQHJGFIE98CC,澄德段,14.16,都市：住,,,,00430000
RPPNMLKLQHJGFLE88CC,山子頂段,47.00,都市：農,,,,34320034
RPPNMLLLQHJGFAE87CC,龍北段,7.91,都市：住,,,,00190000
RPPOMLLLQHJGFBE08CC,林德官段二小段,232.00,都市：商,,,,35120002
RPWOMLLLQHJGFDE98CC,三塊厝段,6.67,都市：商,,,,11980000
RPQNMLLLQHJGFFE48CC,成功段,78.00,都市：住,,,,04910001
RPSQMLLLQHJGFEE88CC,翠屏段一小段,26.37,都市：住,,,,00330001
RPQNMLMLQHJGFAE08CC,北金段,2.98,都市：商,,,,09060000
RPWNMLMLQHJGFEE09CC,新庄段七小段,28.44,都市：住,,,,03840000
RPQNMLMLQHJGFFE58CC,岡山段,146.00,都市：住,,,,06440019
RPPOMLMLQHJGFEE48CC,新庄段七小段,20.07,都市：住,,,,04980001
RPPOMLMLQHJGFEE48CC,新勝段,.68,都市：住,,,,00610001
RPPOMLMLQHJGFEE48CC,新勝段,.63,都市：住,,,,00630001
RPPNMLMLQHJGFIE78CC,青雲段,26.55,都市：住,,,,07470000
RPWNMLNLQHJGFAE78CC,前金段,4.93,都市：商,,,,00660000
RPRNMLNLQHJGFFE78CC,和平段,160.56,都市：其他:住宅區,,,,10340000
RPQNMLOLQHJGFBE38CC,意誠段,.00,都市：商,,,,01990000
RPSNMLQLQHJGFEE09CC,惠民段,11.14,都市：住,,,,00630000
RPSNMLQLQHJGFIE86CC,大華段,112.00,都市：其他:空白,,,,00740023
RPSNMLRLQHJGFAE78CC,前金段,6.94,都市：商,,,,00710022
RPTNMLRLQHJGFCE09CC,獅甲段,.21,都市：商,,,,03300000
RPTNMLRLQHJGFCE09CC,獅甲段,.65,都市：商,,,,03310000
RPVNMLRLQHJGFCE66CC,仁愛段,120.00,都市：住,,,,06390026
RPPNMLSLQHJGFAE58CC,民生段,17.66,都市：商,,,,05330000
RPSOMLSLQHJGFDE66CC,大港段四小段,8.60,都市：商,,,,33830000
RPVPMLSLQHJGFEE17CC,高昌段,10.86,都市：住,,,,01120000
RPWNMLTLQHJGFCE96CC,二苓段一小段,174.00,都市：其他:都市計畫外,,,,06490018
RPXOMLKMQHJGFDE09CC,水源段,8.88,都市：住,,,,04810000
RPRPMLMJRHJGFEE68CC,藍田中段,26.89,都市：住,,,,03470000
RPUNMLOJRHJGFEE98CC,後勁段三小段,87.00,都市：住,,,,01380017
RPUNMLOJRHJGFEE98CC,後勁段三小段,14.94,都市：住,,,,01380048
RPPNMLPJRHJGFLE66CC,翁公園段二小段,264.00,都市：農,,,,49020005
RPPNMLPJRHJGFBE38DC,意誠段,3.86,都市：商,,,,06640000
RPQNMLQJRHJGFFE88CC,和平段,2626.81,都市：農,,,,04780000
RPPNMLTJRHJGFJE86CC,保安段,972.87,都市：工,,,,04600000
RPRPMLLKRHJGFEE68CC,藍田西段,537.02,都市：住,,,,01720000
RPRNMLLKRHJGFIE88CC,新後港西段,25.35,都市：住,,,,00900000
RPTNMLMKRHJGFCE58CC,憲德段二小段,15.07,都市：商,,,,00200000
RPPNMLLKRHJGFJE78CC,正義段,104.81,非都市：一般農業區 ; 非都市編定：甲種建築用地,,,,06780095
RPPNMLLKRHJGFJE78CC,正義段,22.66,非都市：一般農業區 ; 非都市編定：甲種建築用地,,,,06780086
RPOPMLQKRHJGFEE88CC,藍田西段一小段,82.68,都市：住,,,,02090000
