﻿編號,土地位置,土地移轉面積平方公尺,使用分區或編定,權利人持分分母,權利人持分分子,移轉情形,地號
The serial number, land position,land shifting area square meter,the use zoning or compiles and checks,,,,land parcel
RPPNMLMKQHJGFIE58CB,烏林段,73.80,非都市：鄉村區 ; 非都市編定：乙種建築用地,1,1,全筆移轉,12490007
RPTOMLPKQHJGFDE88CB,灣昌段,25.24,都市：住,100000,1122,持分移轉,03370000
RPQNMLPKQHJGFAE18CB,博孝段,.06,都市：商,100000,144,持分移轉,12320002
RPQNMLMKQHJGFDE18CB,新都段,8.52,都市：住,100000,640,持分移轉,03420000
RPQNMLPKQHJGFAE18CB,博孝段,.03,都市：商,100000,144,持分移轉,12370001
RPTNMLNKQHJGFLE76CB,溪州段,72.00,都市：住,1,1,全筆移轉,28970047
RPQNMLPKQHJGFAE18CB,博孝段,2.47,都市：商,100000,144,持分移轉,12370002
RPQNMLMKQHJGFDE18CB,新都段,11.29,都市：住,100000,640,持分移轉,03430000
RPQNMLPKQHJGFAE18CB,博孝段,.12,都市：商,100000,144,持分移轉,12370003
RPTNMLNKQHJGFLE76CB,溪州段,16.58,都市：住,24,1,持分移轉,28970000
RPQNMLMKQHJGFDE18CB,新都段,6.32,都市：住,100000,640,持分移轉,03440000
RPQNMLPKQHJGFAE18CB,博孝段,.34,都市：商,100000,144,持分移轉,12370005
RPQNMLPKQHJGFAE18CB,博孝段,.11,都市：商,100000,144,持分移轉,12370008
RPQNMLPKQHJGFAE18CB,博孝段,.03,都市：商,100000,144,持分移轉,12370009
RPQNMLPKQHJGFAE18CB,博孝段,.04,都市：商,100000,144,持分移轉,12370010
RPQNMLPKQHJGFAE18CB,博孝段,.11,都市：商,100000,144,持分移轉,12370011
RPQNMLPKQHJGFAE18CB,博孝段,.03,都市：商,100000,144,持分移轉,12370012
RPQNMLPKQHJGFAE18CB,博孝段,.04,都市：商,100000,144,持分移轉,12370013
RPQNMLPKQHJGFAE18CB,博孝段,.72,都市：商,100000,144,持分移轉,12370014
RPQNMLPKQHJGFAE18CB,博孝段,.01,都市：商,100000,144,持分移轉,12370015
RPVNMLNKQHJGFGE09CB,竹子腳段,8.09,都市：住,100000,215,持分移轉,02610030
RPVNMLNKQHJGFGE09CB,竹子腳段,.50,都市：住,100000,215,持分移轉,02020013
RPVNMLNKQHJGFGE09CB,竹子腳段,1.77,都市：住,100000,215,持分移轉,02600001
RPVNMLNKQHJGFGE09CB,竹子腳段,.84,都市：住,100000,215,持分移轉,02600022
RPVNMLNKQHJGFGE09CB,竹子腳段,1.64,都市：住,100000,215,持分移轉,02600023
RPVNMLNKQHJGFGE09CB,竹子腳段,.06,都市：住,100000,215,持分移轉,02610004
RPVNMLNKQHJGFGE09CB,竹子腳段,1.66,都市：住,100000,215,持分移轉,02600027
RPVNMLNKQHJGFGE09CB,竹子腳段,1.68,都市：住,100000,215,持分移轉,02610028
RPVNMLNKQHJGFGE09CB,竹子腳段,.12,都市：住,100000,215,持分移轉,02610065
RPSNMLOKQHJGFJE56CB,和蓮段,32.60,都市：住,100000,4265,持分移轉,02500012
RPTNMLNKQHJGFGE88CB,竹子腳段,6.24,都市：住,100000,166,持分移轉,02610030
RPTNMLNKQHJGFGE88CB,竹子腳段,.38,都市：住,100000,166,持分移轉,02020013
RPTNMLNKQHJGFGE88CB,竹子腳段,1.37,都市：住,100000,166,持分移轉,02600001
RPTNMLNKQHJGFGE88CB,竹子腳段,.65,都市：住,100000,166,持分移轉,02600022
RPTNMLNKQHJGFGE88CB,竹子腳段,1.26,都市：住,100000,166,持分移轉,02600023
RPTNMLNKQHJGFGE88CB,竹子腳段,.05,都市：住,100000,166,持分移轉,02610004
RPTNMLNKQHJGFGE88CB,竹子腳段,1.28,都市：住,100000,166,持分移轉,02600027
RPTNMLNKQHJGFGE88CB,竹子腳段,1.29,都市：住,100000,166,持分移轉,02610028
RPTNMLNKQHJGFGE88CB,竹子腳段,.09,都市：住,100000,166,持分移轉,02610065
RPPNMLPKQHJGFAE08CB,博孝段,.09,都市：商,100000,202,持分移轉,12320002
RPPNMLPKQHJGFAE08CB,博孝段,.04,都市：商,100000,202,持分移轉,12370001
RPPNMLPKQHJGFAE08CB,博孝段,3.46,都市：商,100000,202,持分移轉,12370002
RPPNMLPKQHJGFAE08CB,博孝段,.16,都市：商,100000,202,持分移轉,12370003
RPPNMLPKQHJGFAE08CB,博孝段,.48,都市：商,100000,202,持分移轉,12370005
RPPNMLPKQHJGFAE08CB,博孝段,.15,都市：商,100000,202,持分移轉,12370008
RPPNMLPKQHJGFAE08CB,博孝段,.05,都市：商,100000,202,持分移轉,12370009
RPPNMLPKQHJGFAE08CB,博孝段,.06,都市：商,100000,202,持分移轉,12370010
RPPNMLPKQHJGFAE08CB,博孝段,.15,都市：商,100000,202,持分移轉,12370011
RPPNMLPKQHJGFAE08CB,博孝段,.05,都市：商,100000,202,持分移轉,12370012
RPPNMLPKQHJGFAE08CB,博孝段,.06,都市：商,100000,202,持分移轉,12370013
RPPNMLPKQHJGFAE08CB,博孝段,1.01,都市：商,100000,202,持分移轉,12370014
RPPNMLPKQHJGFAE08CB,博孝段,.02,都市：商,100000,202,持分移轉,12370015
RPSNMLNKQHJGFGE78CB,竹子腳段,6.24,都市：住,100000,166,持分移轉,02610030
RPSNMLNKQHJGFGE78CB,竹子腳段,.38,都市：住,100000,166,持分移轉,02020013
RPSNMLNKQHJGFGE78CB,竹子腳段,1.37,都市：住,100000,166,持分移轉,02600001
RPSNMLNKQHJGFGE78CB,竹子腳段,.65,都市：住,100000,166,持分移轉,02600022
RPSNMLNKQHJGFGE78CB,竹子腳段,1.26,都市：住,100000,166,持分移轉,02600023
RPSNMLNKQHJGFGE78CB,竹子腳段,.05,都市：住,100000,166,持分移轉,02610004
RPSNMLNKQHJGFGE78CB,竹子腳段,1.28,都市：住,100000,166,持分移轉,02600027
RPSNMLNKQHJGFGE78CB,竹子腳段,1.29,都市：住,100000,166,持分移轉,02610028
RPSNMLNKQHJGFGE78CB,竹子腳段,.09,都市：住,100000,166,持分移轉,02610065
RPUOMLPKQHJGFDE98CB,新都段,9.51,都市：住,100000,715,持分移轉,03420000
RPUOMLPKQHJGFDE98CB,新都段,12.61,都市：住,100000,715,持分移轉,03430000
RPUOMLPKQHJGFDE98CB,新都段,7.06,都市：住,100000,715,持分移轉,03440000
RPVOMLPKQHJGFDE09CB,新都段,8.44,都市：住,100000,634,持分移轉,03420000
RPVOMLPKQHJGFDE09CB,新都段,11.18,都市：住,100000,634,持分移轉,03430000
RPVOMLPKQHJGFDE09CB,新都段,6.26,都市：住,100000,634,持分移轉,03440000
RPRNMLQKQHJGFAE38CB,大智段,.13,都市：商,100000,133,持分移轉,07280000
RPRNMLQKQHJGFAE38CB,大智段,.18,都市：商,100000,133,持分移轉,07290000
RPOPMLRKQHJGFDE68CB,新都段,8.49,都市：住,100000,638,持分移轉,03420000
RPRNMLQKQHJGFAE38CB,大智段,.00,都市：商,100000,133,持分移轉,07300000
RPOPMLRKQHJGFDE68CB,新都段,11.25,都市：住,100000,638,持分移轉,03430000
RPRNMLQKQHJGFAE38CB,大智段,.06,都市：商,100000,133,持分移轉,07320000
RPOPMLRKQHJGFDE68CB,新都段,6.30,都市：住,100000,638,持分移轉,03440000
RPRNMLQKQHJGFAE38CB,大智段,.05,都市：商,100000,133,持分移轉,07330000
RPRNMLQKQHJGFAE38CB,大智段,.12,都市：商,100000,133,持分移轉,07340000
RPRNMLQKQHJGFAE38CB,大智段,.04,都市：商,100000,133,持分移轉,07350000
RPRNMLQKQHJGFAE38CB,大智段,.14,都市：商,100000,133,持分移轉,07370000
RPRNMLQKQHJGFAE38CB,大智段,.13,都市：商,100000,133,持分移轉,07380000
RPRNMLQKQHJGFAE38CB,大智段,.08,都市：商,100000,133,持分移轉,07420000
RPRNMLQKQHJGFAE38CB,大智段,.07,都市：商,100000,133,持分移轉,07430000
RPRNMLQKQHJGFAE38CB,大智段,.08,都市：商,100000,133,持分移轉,07440000
RPRNMLQKQHJGFAE38CB,大智段,.07,都市：商,100000,133,持分移轉,07450000
RPRNMLQKQHJGFAE38CB,大智段,.02,都市：商,100000,133,持分移轉,07460000
RPRNMLQKQHJGFAE38CB,大智段,.01,都市：商,100000,133,持分移轉,07470000
RPRNMLQKQHJGFAE38CB,大智段,.06,都市：商,100000,133,持分移轉,07480000
RPRNMLQKQHJGFAE38CB,大智段,.12,都市：商,100000,133,持分移轉,07490000
RPRNMLQKQHJGFAE38CB,大智段,.03,都市：商,100000,133,持分移轉,07500000
RPRNMLQKQHJGFAE38CB,大智段,.01,都市：商,100000,133,持分移轉,07510000
RPRNMLQKQHJGFAE38CB,大智段,.06,都市：商,100000,133,持分移轉,07520000
RPRNMLQKQHJGFAE38CB,大智段,.47,都市：商,100000,133,持分移轉,07530000
RPRNMLQKQHJGFAE38CB,大智段,.23,都市：商,100000,133,持分移轉,07540000
RPRNMLQKQHJGFAE38CB,大智段,1.81,都市：商,100000,133,持分移轉,07550000
RPRNMLQKQHJGFAE38CB,大智段,.11,都市：商,100000,133,持分移轉,07560000
RPRNMLQKQHJGFAE38CB,大智段,.09,都市：商,100000,133,持分移轉,07570000
RPRNMLQKQHJGFAE38CB,大智段,.09,都市：商,100000,133,持分移轉,07580000
RPRNMLQKQHJGFAE38CB,大智段,.09,都市：商,100000,133,持分移轉,07590000
RPRNMLQKQHJGFAE38CB,大智段,.09,都市：商,100000,133,持分移轉,07600000
RPRNMLQKQHJGFAE38CB,大智段,.02,都市：商,100000,133,持分移轉,07660000
RPRNMLQKQHJGFAE38CB,大智段,.02,都市：商,100000,133,持分移轉,07680000
RPRNMLQKQHJGFAE38CB,大智段,.02,都市：商,100000,133,持分移轉,07690000
RPRNMLQKQHJGFAE38CB,大智段,.02,都市：商,100000,133,持分移轉,07710000
RPRNMLQKQHJGFAE38CB,大智段,.03,都市：商,100000,133,持分移轉,07720000
RPRNMLQKQHJGFAE38CB,大智段,.35,都市：商,100000,133,持分移轉,07740000
RPQNMLPKQHJGFIE98CB,北屋段,17.24,都市：住,10000,105,持分移轉,11710000
RPQPMLRKQHJGFDE88CB,新都段,8.49,都市：住,100000,638,持分移轉,03420000
RPQPMLRKQHJGFDE88CB,新都段,11.25,都市：住,100000,638,持分移轉,03430000
RPQPMLRKQHJGFDE88CB,新都段,6.30,都市：住,100000,638,持分移轉,03440000
RPUPMLRKQHJGFDE66CB,新都段,8.52,都市：住,100000,640,持分移轉,03420000
RPUPMLRKQHJGFDE66CB,新都段,11.29,都市：住,100000,640,持分移轉,03430000
RPUPMLRKQHJGFDE66CB,新都段,6.32,都市：住,100000,640,持分移轉,03440000
RPPNMLSKQHJGFIE56CB,竹後段,22.33,都市：住,1000000,6875,持分移轉,07570000
RPPNMLSKQHJGFIE56CB,竹後段,1.20,都市：住,1000000,6875,持分移轉,07570001
RPRNMLRKQHJGFEE88CB,福山段,6.00,都市：商,10000,29,持分移轉,02990000
RPPNMLTKQHJGFCE68CB,鎮昌段,17.61,都市：住,10000,181,持分移轉,00280224
RPPNMLSKQHJGFDE78DB,陽明段四小段,26.65,都市：住,100000,569,持分移轉,01220000
RPOQMLTKQHJGFDE98CB,澄正段,10.99,都市：住,100000,166,持分移轉,00040000
RPQNMLSKQHJGFAE48CB,博孝段,.06,都市：商,100000,135,持分移轉,12320002
RPQNMLSKQHJGFAE48CB,博孝段,.03,都市：商,100000,135,持分移轉,12370001
RPQNMLSKQHJGFAE48CB,博孝段,2.31,都市：商,100000,135,持分移轉,12370002
RPQNMLSKQHJGFAE48CB,博孝段,.11,都市：商,100000,135,持分移轉,12370003
RPQNMLSKQHJGFAE48CB,博孝段,.32,都市：商,100000,135,持分移轉,12370005
RPQNMLSKQHJGFAE48CB,博孝段,.10,都市：商,100000,135,持分移轉,12370008
RPQNMLSKQHJGFAE48CB,博孝段,.03,都市：商,100000,135,持分移轉,12370009
RPQNMLSKQHJGFAE48CB,博孝段,.04,都市：商,100000,135,持分移轉,12370010
RPQNMLSKQHJGFAE48CB,博孝段,.10,都市：商,100000,135,持分移轉,12370011
RPQNMLSKQHJGFAE48CB,博孝段,.03,都市：商,100000,135,持分移轉,12370012
RPQNMLSKQHJGFAE48CB,博孝段,.04,都市：商,100000,135,持分移轉,12370013
RPQNMLSKQHJGFAE48CB,博孝段,.68,都市：商,100000,135,持分移轉,12370014
RPQNMLSKQHJGFAE48CB,博孝段,.01,都市：商,100000,135,持分移轉,12370015
RPPQMLTKQHJGFDE09CB,澄正段,19.67,都市：住,100000,297,持分移轉,00040000
RPQQMLTKQHJGFDE56CB,澄正段,10.99,都市：住,100000,166,持分移轉,00040000
RPQNMLSKQHJGFIE66CB,竹後段,22.32,都市：住,1000000,6872,持分移轉,07570000
RPQNMLSKQHJGFIE66CB,竹後段,1.20,都市：住,1000000,6872,持分移轉,07570001
RPRQMLTKQHJGFDE66CB,澄正段,16.42,都市：住,100000,248,持分移轉,00040000
RPSQMLTKQHJGFDE76CB,澄正段,9.80,都市：住,100000,148,持分移轉,00040000
RPTQMLTKQHJGFDE86CB,澄正段,10.99,都市：住,100000,166,持分移轉,00040000
RPXQMLTKQHJGFDE27CB,澄正段,14.77,都市：住,100000,223,持分移轉,00040000
RPUQMLTKQHJGFDE96CB,澄正段,19.67,都市：住,100000,297,持分移轉,00040000
RPORMLTKQHJGFDE09CB,澄正段,11.99,都市：住,100000,181,持分移轉,00040000
RPPRMLTKQHJGFDE56CB,澄正段,15.56,都市：住,100000,235,持分移轉,00040000
RPQRMLTKQHJGFDE66CB,澄正段,11.32,都市：住,100000,171,持分移轉,00040000
RPRRMLTKQHJGFDE76CB,澄正段,10.99,都市：住,100000,166,持分移轉,00040000
RPSRMLTKQHJGFDE86CB,澄正段,22.12,都市：住,100000,334,持分移轉,00040000
RPTRMLTKQHJGFDE96CB,澄正段,18.41,都市：住,100000,278,持分移轉,00040000
RPURMLTKQHJGFDE07CB,澄正段,19.67,都市：住,100000,297,持分移轉,00040000
RPVRMLTKQHJGFDE17CB,澄正段,11.13,都市：住,100000,168,持分移轉,00040000
RPOSMLTKQHJGFDE56CB,澄正段,11.99,都市：住,100000,181,持分移轉,00040000
RPXRMLTKQHJGFDE37CB,澄正段,11.32,都市：住,100000,171,持分移轉,00040000
RPRSMLTKQHJGFDE86CB,澄正段,10.99,都市：住,100000,166,持分移轉,00040000
RPWRMLTKQHJGFDE27CB,澄正段,11.99,都市：住,100000,181,持分移轉,00040000
RPTSMLTKQHJGFDE07CB,澄正段,19.67,都市：住,100000,297,持分移轉,00040000
RPQSMLTKQHJGFDE76CB,澄正段,15.43,都市：住,100000,233,持分移轉,00040000
RPSSMLTKQHJGFDE96CB,澄正段,10.99,都市：住,100000,166,持分移轉,00040000
RPRNMLTKQHJGFIE86CB,豐禾段,33.15,都市：住,100000,2541,持分移轉,00580000
RPTNMLTKQHJGFIE07CB,豐禾段,33.15,都市：住,100000,2541,持分移轉,00580000
RPPNMLTKQHJGFIE66CB,八德段,16.92,都市：住,100000,238,持分移轉,12520000
RPPNMLTKQHJGFIE66CB,八德段,1.80,都市：住,100000,238,持分移轉,12520001
RPQNMLTKQHJGFLE07CB,赤崁段潮州寮小段,22.71,都市：商,100000,8199,持分移轉,48680001
RPPNMLKLQHJGFDE97CB,新都段,8.42,都市：住,100000,633,持分移轉,03420000
RPPNMLKLQHJGFDE97CB,新都段,11.16,都市：住,100000,633,持分移轉,03430000
RPPNMLKLQHJGFDE97CB,新都段,6.25,都市：住,100000,633,持分移轉,03440000
RPQNMLKLQHJGFDE08CB,中都段四小段,4.69,都市：商,10000,13,持分移轉,09540000
RPQNMLKLQHJGFDE08CB,中都段四小段,3.66,都市：住,10000,13,持分移轉,09550000
RPQNMLKLQHJGFCE97CB,坪松段,9.17,都市：商,10000,25,持分移轉,00610000
RPQNMLKLQHJGFCE97CB,坪松段,6.37,都市：商,10000,25,持分移轉,00670000
RPPNMLKLQHJGFCE87CB,坪松段,7.33,都市：商,10000,20,持分移轉,00610000
RPPNMLKLQHJGFCE87CB,坪松段,5.10,都市：商,10000,20,持分移轉,00670000
RPPNMLKLQHJGFAE67CB,博孝段,.06,都市：商,100000,143,持分移轉,12320002
RPPNMLKLQHJGFAE67CB,博孝段,.03,都市：商,100000,143,持分移轉,12370001
RPPNMLKLQHJGFAE67CB,博孝段,2.45,都市：商,100000,143,持分移轉,12370002
RPPNMLKLQHJGFAE67CB,博孝段,.11,都市：商,100000,143,持分移轉,12370003
RPPNMLKLQHJGFAE67CB,博孝段,.34,都市：商,100000,143,持分移轉,12370005
RPRNMLKLQHJGFDE18CB,中都段四小段,4.69,都市：商,10000,13,持分移轉,09540000
RPPNMLKLQHJGFAE67CB,博孝段,.11,都市：商,100000,143,持分移轉,12370008
RPRNMLKLQHJGFDE18CB,中都段四小段,3.66,都市：住,10000,13,持分移轉,09550000
RPPNMLKLQHJGFAE67CB,博孝段,.03,都市：商,100000,143,持分移轉,12370009
RPPNMLKLQHJGFAE67CB,博孝段,.04,都市：商,100000,143,持分移轉,12370010
RPPNMLKLQHJGFAE67CB,博孝段,.11,都市：商,100000,143,持分移轉,12370011
RPPNMLKLQHJGFAE67CB,博孝段,.03,都市：商,100000,143,持分移轉,12370012
RPPNMLKLQHJGFAE67CB,博孝段,.04,都市：商,100000,143,持分移轉,12370013
RPPNMLKLQHJGFAE67CB,博孝段,.71,都市：商,100000,143,持分移轉,12370014
RPPNMLKLQHJGFAE67CB,博孝段,.01,都市：商,100000,143,持分移轉,12370015
RPSNMLKLQHJGFDE28CB,中都段四小段,4.69,都市：商,10000,13,持分移轉,09540000
RPSNMLKLQHJGFDE28CB,中都段四小段,3.66,都市：住,10000,13,持分移轉,09550000
RPTNMLKLQHJGFDE38CB,中都段四小段,4.69,都市：商,10000,13,持分移轉,09540000
RPTNMLKLQHJGFDE38CB,中都段四小段,3.66,都市：住,10000,13,持分移轉,09550000
RPUNMLKLQHJGFDE48CB,中都段四小段,3.97,都市：商,10000,11,持分移轉,09540000
RPUNMLKLQHJGFDE48CB,中都段四小段,3.09,都市：住,10000,11,持分移轉,09550000
RPXNMLKLQHJGFDE78CB,中都段四小段,3.97,都市：商,10000,11,持分移轉,09540000
RPXNMLKLQHJGFDE78CB,中都段四小段,3.09,都市：住,10000,11,持分移轉,09550000
RPVNMLKLQHJGFDE58CB,中都段四小段,5.77,都市：商,10000,16,持分移轉,09540000
RPVNMLKLQHJGFDE58CB,中都段四小段,4.50,都市：住,10000,16,持分移轉,09550000
RPWNMLKLQHJGFDE68CB,中都段四小段,3.97,都市：商,10000,11,持分移轉,09540000
RPWNMLKLQHJGFDE68CB,中都段四小段,3.09,都市：住,10000,11,持分移轉,09550000
RPOOMLKLQHJGFDE97CB,中都段四小段,6.85,都市：商,10000,19,持分移轉,09540000
RPOOMLKLQHJGFDE97CB,中都段四小段,5.34,都市：住,10000,19,持分移轉,09550000
RPPOMLKLQHJGFDE08CB,中都段四小段,5.77,都市：商,10000,16,持分移轉,09540000
RPPOMLKLQHJGFDE08CB,中都段四小段,4.50,都市：住,10000,16,持分移轉,09550000
RPVNMLKLQHJGFEE68CB,福山段,13.67,都市：商,10000,66,持分移轉,02990000
RPPNMLKLQHJGFFE18CB,海城段,7.38,都市：其他:住宅區,10000,138,持分移轉,01930000
RPPNMLKLQHJGFFE18CB,海城段,24.03,都市：其他:住宅區,10000,138,持分移轉,01940001
RPQOMLKLQHJGFDE18CB,新都段,8.44,都市：住,100000,634,持分移轉,03420000
RPRNMLKLQHJGFFE38CB,海城段,7.38,都市：其他:住宅區,10000,138,持分移轉,01930000
RPQOMLKLQHJGFDE18CB,新都段,11.18,都市：住,100000,634,持分移轉,03430000
RPRNMLKLQHJGFFE38CB,海城段,24.03,都市：其他:住宅區,10000,138,持分移轉,01940001
RPQOMLKLQHJGFDE18CB,新都段,6.26,都市：住,100000,634,持分移轉,03440000
RPTNMLKLQHJGFFE58CB,新莊段,24.36,非都市：鄉村區 ; 非都市編定：乙種建築用地,100000,252,持分移轉,13000000
RPPNMLKLQHJGFIE48CB,澄德段,11.99,都市：商,100000,231,持分移轉,00940000
RPQNMLLLQHJGFDE18CB,澄正段,10.99,都市：住,100000,166,持分移轉,00040000
RPRNMLKLQHJGFIE68CB,澄德段,9.91,都市：商,100000,191,持分移轉,00940000
RPQNMLKLQHJGFIE58CB,澄德段,18.32,都市：商,100000,353,持分移轉,00940000
RPRNMLLLQHJGFDE28CB,澄正段,9.60,都市：住,100000,145,持分移轉,00040000
RPRNMLLLQHJGFGE58CB,維新段,31.93,都市：住,10000,402,持分移轉,05580000
RPSNMLLLQHJGFDE38CB,澄正段,18.48,都市：住,100000,279,持分移轉,00040000
RPQNMLLLQHJGFJE78CB,正義段,22.14,非都市：一般農業區 ; 非都市編定：甲種建築用地,100000,297,持分移轉,14900000
RPSNMLLLQHJGFGE68CB,維新段,31.93,都市：住,10000,402,持分移轉,05580000
RPQNMLMLQHJGFEE38CB,新福段三小段,17.64,都市：住,100000,731,持分移轉,00170000
RPRNMLMLQHJGFCE38DB,松金段,11.17,都市：商,100000,155,持分移轉,00180000
RPSNMLMLQHJGFCE48DB,松金段,11.97,都市：商,100000,166,持分移轉,00180000
RPQNMLMLQHJGFCE28DB,松金段,12.91,都市：商,100000,179,持分移轉,00180000
RPPNMLMLQHJGFCE18DB,松金段,11.25,都市：商,100000,156,持分移轉,00180000
RPPQMLMLQHJGFCE48DB,松金段,17.81,都市：商,100000,247,持分移轉,00180000
RPOQMLMLQHJGFCE38DB,松金段,16.73,都市：商,100000,232,持分移轉,00180000
RPQNMLNLQHJGFAE08CB,大東段,6.84,都市：商,100000,1000,持分移轉,04880000
RPSNMLNLQHJGFAE28CB,龍中段,8.27,都市：商,100000,261,持分移轉,01340000
RPRNMLNLQHJGFAE18CB,龍中段,13.03,都市：商,100000,411,持分移轉,01340000
RPPNMLNLQHJGFCE18CB,愛群段,6.11,都市：商,100000,199,持分移轉,27470000
RPQNMLNLQHJGFCE28CB,愛群段,8.26,都市：商,100000,269,持分移轉,27470000
RPRNMLNLQHJGFCE38CB,愛群段,4.30,都市：商,100000,140,持分移轉,27470000
RPXNMLNLQHJGFCE98CB,愛群段,6.14,都市：商,100000,200,持分移轉,27470000
RPOOMLNLQHJGFCE18CB,瑞隆段三小段,3.70,都市：住,10000,172,持分移轉,09240000
RPOOMLNLQHJGFCE18CB,瑞隆段三小段,2.91,都市：住,10000,172,持分移轉,09250000
RPOOMLNLQHJGFCE18CB,瑞隆段三小段,1.46,都市：住,10000,172,持分移轉,09260000
RPOOMLNLQHJGFCE18CB,瑞隆段三小段,1.63,都市：住,10000,172,持分移轉,09270000
RPOOMLNLQHJGFCE18CB,瑞隆段三小段,1.75,都市：住,10000,172,持分移轉,09300000
RPOOMLNLQHJGFCE18CB,瑞隆段三小段,.45,都市：住,10000,172,持分移轉,09310000
RPOOMLNLQHJGFCE18CB,瑞隆段三小段,1.86,都市：住,10000,172,持分移轉,09310001
RPOOMLNLQHJGFCE18CB,瑞隆段三小段,.48,都市：住,10000,172,持分移轉,09310002
RPOOMLNLQHJGFCE18CB,瑞隆段三小段,.10,都市：住,10000,172,持分移轉,09330000
RPOOMLNLQHJGFCE18CB,瑞隆段三小段,2.06,都市：住,10000,172,持分移轉,09340000
RPPOMLNLQHJGFCE28CB,瑞隆段三小段,3.70,都市：住,10000,172,持分移轉,09240000
RPPOMLNLQHJGFCE28CB,瑞隆段三小段,2.91,都市：住,10000,172,持分移轉,09250000
RPPOMLNLQHJGFCE28CB,瑞隆段三小段,1.46,都市：住,10000,172,持分移轉,09260000
RPPOMLNLQHJGFCE28CB,瑞隆段三小段,1.63,都市：住,10000,172,持分移轉,09270000
RPPOMLNLQHJGFCE28CB,瑞隆段三小段,1.75,都市：住,10000,172,持分移轉,09300000
RPPOMLNLQHJGFCE28CB,瑞隆段三小段,.45,都市：住,10000,172,持分移轉,09310000
RPPOMLNLQHJGFCE28CB,瑞隆段三小段,1.86,都市：住,10000,172,持分移轉,09310001
RPPOMLNLQHJGFCE28CB,瑞隆段三小段,.48,都市：住,10000,172,持分移轉,09310002
RPPOMLNLQHJGFCE28CB,瑞隆段三小段,.10,都市：住,10000,172,持分移轉,09330000
RPPOMLNLQHJGFCE28CB,瑞隆段三小段,2.06,都市：住,10000,172,持分移轉,09340000
RPRNMLOLQHJGFDE58CB,新都段,12.23,都市：住,10000,36,持分移轉,01610000
RPPNMLNLQHJGFGE58CB,勝利段,22.35,都市：住,100000,313,持分移轉,00090000
RPSNMLOLQHJGFDE68CB,新都段,18.35,都市：住,10000,54,持分移轉,01610000
RPUNMLOLQHJGFDE88CB,新都段,12.23,都市：住,10000,36,持分移轉,01610000
RPSNMLOLQHJGFAE38CB,青海段,17.48,都市：商,100000,214,持分移轉,02140000
RPTNMLOLQHJGFDE78CB,新都段,16.31,都市：住,10000,48,持分移轉,01610000
RPVNMLOLQHJGFDE98CB,新都段,16.31,都市：住,10000,48,持分移轉,01610000
RPPNMLPLQHJGFEE58CB,左東段,12.40,都市：商,10000,15,持分移轉,00180001
RPRNMLPLQHJGFEE78CB,左東段,14.89,都市：商,10000,18,持分移轉,00180001
RPTNMLPLQHJGFEE98CB,左東段,8.27,都市：商,10000,10,持分移轉,00180001
RPQNMLPLQHJGFEE68CB,左東段,12.40,都市：商,10000,15,持分移轉,00180001
RPVNMLPLQHJGFEE56CB,左東段,13.23,都市：商,10000,16,持分移轉,00180001
RPWNMLPLQHJGFEE66CB,左東段,13.23,都市：商,10000,16,持分移轉,00180001
RPUNMLPLQHJGFEE09CB,左東段,8.27,都市：商,10000,10,持分移轉,00180001
RPSNMLPLQHJGFEE88CB,左東段,12.40,都市：商,10000,15,持分移轉,00180001
RPXNMLPLQHJGFEE76CB,左東段,12.40,都市：商,10000,15,持分移轉,00180001
RPOOMLPLQHJGFEE58CB,左東段,12.40,都市：商,10000,15,持分移轉,00180001
RPROMLPLQHJGFEE88CB,左東段,11.58,都市：商,10000,14,持分移轉,00180001
RPQOMLPLQHJGFEE78CB,左東段,8.27,都市：商,10000,10,持分移轉,00180001
RPSOMLPLQHJGFEE98CB,左東段,12.40,都市：商,10000,15,持分移轉,00180001
RPPOMLPLQHJGFEE68CB,左東段,8.27,都市：商,10000,10,持分移轉,00180001
RPSNMLPLQHJGFGE09CB,頂新段,12.32,都市：商,10000,80,持分移轉,00400000
RPTNMLPLQHJGFGE56CB,頂新段,12.32,都市：商,10000,80,持分移轉,00400000
RPPNMLPLQHJGFGE78CB,頂新段,12.32,都市：商,10000,80,持分移轉,00400000
RPRNMLQLQHJGFCE68CB,愛群段,10.21,都市：商,10000,73,持分移轉,27810000
RPPNMLPLQHJGFIE98CB,北屋段,17.24,都市：住,10000,105,持分移轉,11710000
RPRNMLQLQHJGFDE78CB,義民段,8.05,都市：商,100000,221,持分移轉,12050000
RPRNMLQLQHJGFDE78CB,義民段,3.62,都市：住,100000,221,持分移轉,12040000
RPSNMLQLQHJGFDE88CB,義民段,4.99,都市：商,100000,137,持分移轉,12050000
RPSNMLQLQHJGFDE88CB,義民段,2.25,都市：住,100000,137,持分移轉,12040000
RPUNMLQLQHJGFDE09CB,義民段,7.18,都市：商,100000,197,持分移轉,12050000
RPUNMLQLQHJGFDE09CB,義民段,3.23,都市：住,100000,197,持分移轉,12040000
RPVNMLQLQHJGFDE56CB,義民段,8.38,都市：商,100000,230,持分移轉,12050000
RPVNMLQLQHJGFDE56CB,義民段,3.77,都市：住,100000,230,持分移轉,12040000
RPTNMLQLQHJGFDE98CB,義民段,4.81,都市：商,100000,132,持分移轉,12050000
RPTNMLQLQHJGFDE98CB,義民段,2.16,都市：住,100000,132,持分移轉,12040000
RPWNMLQLQHJGFDE66CB,鼎中段,33.64,都市：住,100000,6747,持分移轉,03190000
RPTNMLRLQHJGFCE98CB,愛群段,4.33,都市：商,100000,141,持分移轉,27470000
RPSNMLQLQHJGFEE98CB,援中段一小段,6.59,都市：住,10000,17,持分移轉,00960000
RPSNMLQLQHJGFEE98CB,援中段一小段,3.84,都市：商,10000,17,持分移轉,01000000
RPTNMLQLQHJGFEE09CB,援中段一小段,9.69,都市：住,10000,25,持分移轉,00960000
RPTNMLQLQHJGFEE09CB,援中段一小段,5.64,都市：商,10000,25,持分移轉,01000000
RPRNMLQLQHJGFEE88CB,援中段一小段,9.30,都市：住,10000,24,持分移轉,00960000
RPRNMLQLQHJGFEE88CB,援中段一小段,5.42,都市：商,10000,24,持分移轉,01000000
RPUNMLRLQHJGFCE09CB,愛群段,6.27,都市：商,100000,204,持分移轉,27470000
RPPNMLRLQHJGFDE68CB,中都段四小段,4.69,都市：商,10000,13,持分移轉,09540000
RPPNMLRLQHJGFDE68CB,中都段四小段,3.66,都市：住,10000,13,持分移轉,09550000
RPQNMLRLQHJGFDE78CB,中都段四小段,3.25,都市：商,10000,9,持分移轉,09540000
RPQNMLRLQHJGFDE78CB,中都段四小段,2.53,都市：住,10000,9,持分移轉,09550000
RPTNMLRLQHJGFDE09CB,中都段四小段,3.25,都市：商,10000,9,持分移轉,09540000
RPTNMLRLQHJGFDE09CB,中都段四小段,2.53,都市：住,10000,9,持分移轉,09550000
RPSNMLRLQHJGFDE98CB,中都段四小段,3.25,都市：商,10000,9,持分移轉,09540000
RPSNMLRLQHJGFDE98CB,中都段四小段,2.53,都市：住,10000,9,持分移轉,09550000
RPWNMLRLQHJGFDE76CB,中都段四小段,3.97,都市：商,10000,11,持分移轉,09540000
RPWNMLRLQHJGFDE76CB,中都段四小段,3.09,都市：住,10000,11,持分移轉,09550000
RPUNMLRLQHJGFDE56CB,中都段四小段,4.69,都市：商,10000,13,持分移轉,09540000
RPUNMLRLQHJGFDE56CB,中都段四小段,3.66,都市：住,10000,13,持分移轉,09550000
RPOOMLRLQHJGFDE68CB,中都段四小段,3.97,都市：商,10000,11,持分移轉,09540000
RPOOMLRLQHJGFDE68CB,中都段四小段,3.09,都市：住,10000,11,持分移轉,09550000
RPVNMLRLQHJGFDE66CB,中都段四小段,4.69,都市：商,10000,13,持分移轉,09540000
RPVNMLRLQHJGFDE66CB,中都段四小段,3.66,都市：住,10000,13,持分移轉,09550000
RPPOMLRLQHJGFDE78CB,中都段四小段,3.97,都市：商,10000,11,持分移轉,09540000
RPPOMLRLQHJGFDE78CB,中都段四小段,3.09,都市：住,10000,11,持分移轉,09550000
RPXNMLRLQHJGFDE86CB,建工段,6.75,都市：商,10000,20,持分移轉,07980000
RPSOMLRLQHJGFDE09CB,中都段四小段,5.05,都市：商,10000,14,持分移轉,09540000
RPSOMLRLQHJGFDE09CB,中都段四小段,3.94,都市：住,10000,14,持分移轉,09550000
RPRPMLRLQHJGFDE09CB,中都段四小段,5.77,都市：商,10000,16,持分移轉,09540000
RPRPMLRLQHJGFDE09CB,中都段四小段,4.50,都市：住,10000,16,持分移轉,09550000
RPWOMLRLQHJGFDE86CB,中都段四小段,5.05,都市：商,10000,14,持分移轉,09540000
RPWOMLRLQHJGFDE86CB,中都段四小段,3.94,都市：住,10000,14,持分移轉,09550000
RPSPMLRLQHJGFDE56CB,中都段四小段,5.77,都市：商,10000,16,持分移轉,09540000
RPSPMLRLQHJGFDE56CB,中都段四小段,4.50,都市：住,10000,16,持分移轉,09550000
RPTPMLRLQHJGFDE66CB,中都段四小段,4.33,都市：商,10000,12,持分移轉,09540000
RPTPMLRLQHJGFDE66CB,中都段四小段,3.37,都市：住,10000,12,持分移轉,09550000
RPVPMLRLQHJGFDE86CB,中都段四小段,5.77,都市：商,10000,16,持分移轉,09540000
RPVPMLRLQHJGFDE86CB,中都段四小段,4.50,都市：住,10000,16,持分移轉,09550000
RPRNMLRLQHJGFLE07CB,琉球段,67.97,都市：住,500000,8849,持分移轉,10770000
RPVOMLRLQHJGFDE76CB,中都段四小段,5.05,都市：商,10000,14,持分移轉,09540000
RPVOMLRLQHJGFDE76CB,中都段四小段,3.94,都市：住,10000,14,持分移轉,09550000
RPTPMLSLQHJGFDE76CB,獅頭段,7.99,都市：商,100000,317,持分移轉,23310000
RPOQMLSLQHJGFDE98CB,獅頭段,6.48,都市：商,100000,257,持分移轉,23310000
RPPNMLSLQHJGFAE48CB,北金段,.29,都市：商,100000,208,持分移轉,10770000
RPPNMLSLQHJGFAE48CB,北金段,.21,都市：商,100000,208,持分移轉,10780000
RPPNMLSLQHJGFAE48CB,北金段,.16,都市：商,100000,208,持分移轉,10790000
RPPNMLSLQHJGFAE48CB,北金段,.05,都市：商,100000,208,持分移轉,10790001
RPPNMLSLQHJGFAE48CB,北金段,.01,都市：商,100000,208,持分移轉,10800000
RPPNMLSLQHJGFAE48CB,北金段,.01,都市：商,100000,208,持分移轉,10800001
RPPNMLSLQHJGFAE48CB,北金段,.19,都市：商,100000,208,持分移轉,10810000
RPPNMLSLQHJGFAE48CB,北金段,.02,都市：商,100000,208,持分移轉,10820000
RPPNMLSLQHJGFAE48CB,北金段,.25,都市：商,100000,208,持分移轉,10830000
RPPNMLSLQHJGFAE48CB,北金段,.38,都市：商,100000,208,持分移轉,10840000
RPPNMLSLQHJGFAE48CB,北金段,.02,都市：商,100000,208,持分移轉,10850000
RPPNMLSLQHJGFAE48CB,北金段,.14,都市：商,100000,208,持分移轉,10860000
RPPNMLSLQHJGFAE48CB,北金段,.06,都市：商,100000,208,持分移轉,10870000
RPPNMLSLQHJGFAE48CB,北金段,.22,都市：商,100000,208,持分移轉,10880000
RPPNMLSLQHJGFAE48CB,北金段,.21,都市：商,100000,208,持分移轉,10890000
RPPNMLSLQHJGFAE48CB,北金段,.24,都市：商,100000,208,持分移轉,10900000
RPPNMLSLQHJGFAE48CB,北金段,.19,都市：商,100000,208,持分移轉,10910000
RPPNMLSLQHJGFAE48CB,北金段,.17,都市：住,100000,208,持分移轉,10910001
RPPNMLSLQHJGFAE48CB,北金段,.21,都市：商,100000,208,持分移轉,10920000
RPPNMLSLQHJGFAE48CB,北金段,1.07,都市：商,100000,208,持分移轉,10930000
RPPNMLSLQHJGFAE48CB,北金段,1.91,都市：商,100000,208,持分移轉,10930001
RPQNMLSLQHJGFLE07CB,江山段,19.83,都市：住,100000,972,持分移轉,01650000
RPPNMLSLQHJGFAE48CB,北金段,.50,都市：住,100000,208,持分移轉,10930002
RPPNMLSLQHJGFAE48CB,北金段,.91,都市：住,100000,208,持分移轉,10930003
RPPNMLSLQHJGFAE48CB,北金段,.25,都市：商,100000,208,持分移轉,10910002
RPUNMLSLQHJGFLE47CB,頂溪州段,26.04,都市：住,100000,2394,持分移轉,02280000
RPTNMLSLQHJGFLE37CB,江山段,19.83,都市：住,100000,972,持分移轉,01650000
RPRNMLSLQHJGFLE17CB,江山段,19.83,都市：住,100000,972,持分移轉,01650000
RPPNMLSLQHJGFCE78DB,鎮昌段,16.08,都市：住,100000,1068,持分移轉,02930063
RPRNMLSLQHJGFGE76DB,埤頂段,12.14,都市：住,100000,1098,持分移轉,14430000
RPOOMLSLQHJGFGE56DB,埤頂段,12.14,都市：住,100000,1098,持分移轉,14430000
RPWNMLSLQHJGFGE27DB,埤頂段,12.14,都市：住,100000,1098,持分移轉,14430000
RPWPMLTLQHJGFDE17CB,大裕段一小段,11.95,都市：住,100000,620,持分移轉,02110002
RPPOMLSLQHJGFGE66DB,埤頂段,14.19,都市：住,100000,1283,持分移轉,14430000
RPUPMLTLQHJGFDE96CB,大裕段一小段,14.05,都市：住,100000,729,持分移轉,02110002
RPXPMLTLQHJGFDE27CB,大裕段一小段,19.83,都市：住,100000,1029,持分移轉,02110002
RPXNMLTLQHJGFDE07CB,大裕段一小段,14.05,都市：住,100000,729,持分移轉,02110002
RPQNMLTLQHJGFEE09CB,新民段,9.45,都市：住,100000,470,持分移轉,00050000
RPOQMLTLQHJGFDE09CB,大裕段一小段,13.08,都市：住,100000,679,持分移轉,02110002
RPPQMLTLQHJGFDE56CB,大裕段一小段,13.08,都市：住,100000,679,持分移轉,02110002
RPQQMLTLQHJGFDE66CB,大裕段一小段,11.95,都市：住,100000,620,持分移轉,02110002
RPPNMLTLQHJGFGE56CB,大樹保安段,23.29,非都市：一般農業區 ; 非都市編定：甲種建築用地,100000,3811,持分移轉,10100000
RPWOMLKMQHJGFBE68CB,五塊厝段,4.05,都市：住,10000,67,持分移轉,15030000
RPWOMLKMQHJGFBE68CB,五塊厝段,2.18,都市：商,10000,67,持分移轉,15030001
RPWOMLKMQHJGFBE68CB,五塊厝段,1.93,都市：住,10000,67,持分移轉,15040000
RPWOMLKMQHJGFBE68CB,五塊厝段,2.57,都市：商,10000,67,持分移轉,15040001
RPPPMLKMQHJGFBE08CB,五塊厝段,6.53,都市：住,10000,108,持分移轉,15030000
RPXOMLKMQHJGFBE78CB,五塊厝段,3.63,都市：住,10000,60,持分移轉,15030000
RPPPMLKMQHJGFBE08CB,五塊厝段,3.51,都市：商,10000,108,持分移轉,15030001
RPXOMLKMQHJGFBE78CB,五塊厝段,1.95,都市：商,10000,60,持分移轉,15030001
RPPPMLKMQHJGFBE08CB,五塊厝段,3.11,都市：住,10000,108,持分移轉,15040000
RPXOMLKMQHJGFBE78CB,五塊厝段,1.73,都市：住,10000,60,持分移轉,15040000
RPPPMLKMQHJGFBE08CB,五塊厝段,4.15,都市：商,10000,108,持分移轉,15040001
RPXOMLKMQHJGFBE78CB,五塊厝段,2.30,都市：商,10000,60,持分移轉,15040001
RPOPMLKMQHJGFBE97CB,五塊厝段,3.15,都市：住,10000,52,持分移轉,15030000
RPOPMLKMQHJGFBE97CB,五塊厝段,1.69,都市：商,10000,52,持分移轉,15030001
RPOPMLKMQHJGFBE97CB,五塊厝段,1.50,都市：住,10000,52,持分移轉,15040000
RPOPMLKMQHJGFBE97CB,五塊厝段,2.00,都市：商,10000,52,持分移轉,15040001
RPQPMLKMQHJGFBE18CB,五塊厝段,3.15,都市：住,10000,52,持分移轉,15030000
RPQPMLKMQHJGFBE18CB,五塊厝段,1.69,都市：商,10000,52,持分移轉,15030001
RPQPMLKMQHJGFBE18CB,五塊厝段,1.50,都市：住,10000,52,持分移轉,15040000
RPQPMLKMQHJGFBE18CB,五塊厝段,2.00,都市：商,10000,52,持分移轉,15040001
RPTPMLKMQHJGFBE48CB,五塊厝段,3.15,都市：住,10000,52,持分移轉,15030000
RPTPMLKMQHJGFBE48CB,五塊厝段,1.69,都市：商,10000,52,持分移轉,15030001
RPTPMLKMQHJGFBE48CB,五塊厝段,1.50,都市：住,10000,52,持分移轉,15040000
RPTPMLKMQHJGFBE48CB,五塊厝段,2.00,都市：商,10000,52,持分移轉,15040001
RPVPMLKMQHJGFBE68CB,五塊厝段,3.15,都市：住,10000,52,持分移轉,15030000
RPVPMLKMQHJGFBE68CB,五塊厝段,1.69,都市：商,10000,52,持分移轉,15030001
RPVPMLKMQHJGFBE68CB,五塊厝段,1.50,都市：住,10000,52,持分移轉,15040000
RPVPMLKMQHJGFBE68CB,五塊厝段,2.00,都市：商,10000,52,持分移轉,15040001
RPUPMLKMQHJGFBE58CB,五塊厝段,6.53,都市：住,10000,108,持分移轉,15030000
RPUPMLKMQHJGFBE58CB,五塊厝段,3.51,都市：商,10000,108,持分移轉,15030001
RPUPMLKMQHJGFBE58CB,五塊厝段,3.11,都市：住,10000,108,持分移轉,15040000
RPUPMLKMQHJGFBE58CB,五塊厝段,4.15,都市：商,10000,108,持分移轉,15040001
RPRPMLKMQHJGFBE28CB,五塊厝段,3.15,都市：住,10000,52,持分移轉,15030000
RPRPMLKMQHJGFBE28CB,五塊厝段,1.69,都市：商,10000,52,持分移轉,15030001
RPRPMLKMQHJGFBE28CB,五塊厝段,1.50,都市：住,10000,52,持分移轉,15040000
RPRPMLKMQHJGFBE28CB,五塊厝段,2.00,都市：商,10000,52,持分移轉,15040001
RPSPMLKMQHJGFBE38CB,五塊厝段,4.17,都市：住,10000,69,持分移轉,15030000
RPSPMLKMQHJGFBE38CB,五塊厝段,2.24,都市：商,10000,69,持分移轉,15030001
RPSPMLKMQHJGFBE38CB,五塊厝段,1.99,都市：住,10000,69,持分移轉,15040000
RPSPMLKMQHJGFBE38CB,五塊厝段,2.65,都市：商,10000,69,持分移轉,15040001
RPTNMLKMQHJGFEE58CB,楠都段一小段,8.27,都市：商,10000,36,持分移轉,06030000
RPTNMLKMQHJGFEE58CB,楠都段一小段,.09,都市：商,10000,36,持分移轉,06320000
RPXPMLKMQHJGFBE88CB,五塊厝段,3.63,都市：住,10000,60,持分移轉,15030000
RPPNMLKMQHJGFEE18CB,右昌段五小段,31.79,都市：住,1000000,163026,持分移轉,09030000
RPXPMLKMQHJGFBE88CB,五塊厝段,1.95,都市：商,10000,60,持分移轉,15030001
RPXPMLKMQHJGFBE88CB,五塊厝段,1.73,都市：住,10000,60,持分移轉,15040000
RPXPMLKMQHJGFBE88CB,五塊厝段,2.30,都市：商,10000,60,持分移轉,15040001
RPVNMLKMQHJGFEE78CB,和平段二小段,6.71,都市：商,10000,38,持分移轉,03430000
RPXNMLKMQHJGFEE98CB,和平段二小段,4.06,都市：商,10000,23,持分移轉,03430000
RPOOMLKMQHJGFEE18CB,和平段二小段,6.71,都市：商,10000,38,持分移轉,03430000
RPWPMLKMQHJGFBE78CB,五塊厝段,4.05,都市：住,10000,67,持分移轉,15030000
RPWPMLKMQHJGFBE78CB,五塊厝段,2.18,都市：商,10000,67,持分移轉,15030001
RPWPMLKMQHJGFBE78CB,五塊厝段,1.93,都市：住,10000,67,持分移轉,15040000
RPWPMLKMQHJGFBE78CB,五塊厝段,2.57,都市：商,10000,67,持分移轉,15040001
RPPOMLKMQHJGFEE28CB,和平段二小段,4.06,都市：商,10000,23,持分移轉,03430000
RPRNMLKMQHJGFGE58CB,牛潮埔段,20.74,都市：住,100000,1108,持分移轉,04900000
RPQOMLKMQHJGFEE38CB,和平段二小段,6.88,都市：商,10000,39,持分移轉,03430000
RPTOMLKMQHJGFEE68CB,藍昌段三小段,10.44,都市：商,10000,55,持分移轉,04270000
RPVNMLKMQHJGFGE98CB,五甲段,9.15,都市：商,100000,282,持分移轉,17360000
RPXNMLKMQHJGFGE56CB,二甲段,20.49,都市：住,10000,69,持分移轉,00340000
RPOOMLKMQHJGFGE38CB,二甲段,20.79,都市：住,10000,70,持分移轉,00340000
RPQOMLKMQHJGFGE58CB,二甲段,20.79,都市：住,10000,70,持分移轉,00340000
RPPNMLKMQHJGFAE87DB,龍華段八小段,8.64,都市：商,100000,530,持分移轉,22220000
RPPNMLLJRHJGFEE08CB,和平段二小段,8.65,都市：商,10000,49,持分移轉,03430000
RPQNMLLJRHJGFEE18CB,和平段二小段,4.06,都市：商,10000,23,持分移轉,03430000
RPQNMLMJRHJGFAE87CB,青海段,17.99,都市：住,10000,81,持分移轉,00310000
RPPNMLMJRHJGFAE77CB,青海段,15.77,都市：住,10000,71,持分移轉,00310000
RPXPMLMJRHJGFEE56CB,左東段,12.40,都市：商,10000,15,持分移轉,00180001
RPRNMLMJRHJGFCE18CB,坪松段,8.07,都市：商,10000,22,持分移轉,00610000
RPRNMLMJRHJGFCE18CB,坪松段,5.61,都市：商,10000,22,持分移轉,00670000
RPQNMLMJRHJGFCE08CB,坪松段,9.17,都市：商,10000,25,持分移轉,00610000
RPPNMLMJRHJGFFE28CB,新莊段,21.85,非都市：鄉村區 ; 非都市編定：乙種建築用地,100000,226,持分移轉,13000000
RPQNMLMJRHJGFCE08CB,坪松段,6.37,都市：商,10000,25,持分移轉,00670000
RPPNMLMJRHJGFDE08CB,中都段四小段,9.57,都市：商,10000,66,持分移轉,09150000
RPRQMLMJRHJGFEE68CB,左東段,12.40,都市：商,10000,15,持分移轉,00180001
RPPNMLMJRHJGFGE38CB,竹子腳段,6.24,都市：住,100000,166,持分移轉,02610030
RPPNMLMJRHJGFGE38CB,竹子腳段,.38,都市：住,100000,166,持分移轉,02020013
RPPNMLMJRHJGFGE38CB,竹子腳段,1.37,都市：住,100000,166,持分移轉,02600001
RPPNMLMJRHJGFGE38CB,竹子腳段,.65,都市：住,100000,166,持分移轉,02600022
RPPNMLMJRHJGFGE38CB,竹子腳段,1.26,都市：住,100000,166,持分移轉,02600023
RPPNMLMJRHJGFGE38CB,竹子腳段,.05,都市：住,100000,166,持分移轉,02610004
RPPNMLMJRHJGFGE38CB,竹子腳段,1.28,都市：住,100000,166,持分移轉,02600027
RPPNMLMJRHJGFGE38CB,竹子腳段,1.29,都市：住,100000,166,持分移轉,02610028
RPPNMLMJRHJGFGE38CB,竹子腳段,.09,都市：住,100000,166,持分移轉,02610065
RPQNMLMJRHJGFGE48CB,竹子腳段,4.59,都市：住,100000,122,持分移轉,02610030
RPQNMLMJRHJGFGE48CB,竹子腳段,.28,都市：住,100000,122,持分移轉,02020013
RPQNMLMJRHJGFGE48CB,竹子腳段,1.00,都市：住,100000,122,持分移轉,02600001
RPQNMLMJRHJGFGE48CB,竹子腳段,.48,都市：住,100000,122,持分移轉,02600022
RPQNMLMJRHJGFGE48CB,竹子腳段,.93,都市：住,100000,122,持分移轉,02600023
RPQNMLMJRHJGFGE48CB,竹子腳段,.04,都市：住,100000,122,持分移轉,02610004
RPQNMLMJRHJGFGE48CB,竹子腳段,.94,都市：住,100000,122,持分移轉,02600027
RPQNMLMJRHJGFGE48CB,竹子腳段,.95,都市：住,100000,122,持分移轉,02610028
RPQNMLMJRHJGFGE48CB,竹子腳段,.07,都市：住,100000,122,持分移轉,02610065
RPWNMLMJRHJGFIE66CB,澄德段,18.32,都市：商,100000,353,持分移轉,00940000
RPPNMLNJRHJGFBE97CB,五塊厝段,3.15,都市：住,10000,52,持分移轉,15030000
RPPNMLNJRHJGFBE97CB,五塊厝段,1.69,都市：商,10000,52,持分移轉,15030001
RPPNMLNJRHJGFBE97CB,五塊厝段,1.50,都市：住,10000,52,持分移轉,15040000
RPPNMLNJRHJGFBE97CB,五塊厝段,2.00,都市：商,10000,52,持分移轉,15040001
RPSOMLMJRHJGFIE98CB,澄德段,15.41,都市：商,100000,297,持分移轉,00940000
RPQNMLNJRHJGFBE08CB,五塊厝段,6.53,都市：住,10000,108,持分移轉,15030000
RPQNMLNJRHJGFBE08CB,五塊厝段,3.51,都市：商,10000,108,持分移轉,15030001
RPQNMLNJRHJGFBE08CB,五塊厝段,3.11,都市：住,10000,108,持分移轉,15040000
RPQNMLNJRHJGFBE08CB,五塊厝段,4.15,都市：商,10000,108,持分移轉,15040001
RPTNMLMJRHJGFGE78CB,竹子腳段,5.15,都市：住,100000,137,持分移轉,02610030
RPTNMLMJRHJGFGE78CB,竹子腳段,.32,都市：住,100000,137,持分移轉,02020013
RPTNMLMJRHJGFGE78CB,竹子腳段,1.13,都市：住,100000,137,持分移轉,02600001
RPTNMLMJRHJGFGE78CB,竹子腳段,.54,都市：住,100000,137,持分移轉,02600022
RPTNMLMJRHJGFGE78CB,竹子腳段,1.04,都市：住,100000,137,持分移轉,02600023
RPTNMLMJRHJGFGE78CB,竹子腳段,.04,都市：住,100000,137,持分移轉,02610004
RPTNMLMJRHJGFGE78CB,竹子腳段,1.06,都市：住,100000,137,持分移轉,02600027
RPTNMLMJRHJGFGE78CB,竹子腳段,1.07,都市：住,100000,137,持分移轉,02610028
RPSNMLMJRHJGFGE68CB,竹子腳段,8.54,都市：住,100000,227,持分移轉,02610030
RPTNMLMJRHJGFGE78CB,竹子腳段,.07,都市：住,100000,137,持分移轉,02610065
RPSNMLMJRHJGFGE68CB,竹子腳段,.52,都市：住,100000,227,持分移轉,02020013
RPSNMLMJRHJGFGE68CB,竹子腳段,1.87,都市：住,100000,227,持分移轉,02600001
RPSNMLMJRHJGFGE68CB,竹子腳段,.89,都市：住,100000,227,持分移轉,02600022
RPSNMLMJRHJGFGE68CB,竹子腳段,1.73,都市：住,100000,227,持分移轉,02600023
RPSNMLMJRHJGFGE68CB,竹子腳段,.07,都市：住,100000,227,持分移轉,02610004
RPSNMLMJRHJGFGE68CB,竹子腳段,1.75,都市：住,100000,227,持分移轉,02600027
RPSNMLMJRHJGFGE68CB,竹子腳段,1.77,都市：住,100000,227,持分移轉,02610028
RPSNMLMJRHJGFGE68CB,竹子腳段,.12,都市：住,100000,227,持分移轉,02610065
RPRNMLNJRHJGFBE18CB,五塊厝段,3.15,都市：住,10000,52,持分移轉,15030000
RPRNMLNJRHJGFBE18CB,五塊厝段,1.69,都市：商,10000,52,持分移轉,15030001
RPRNMLNJRHJGFBE18CB,五塊厝段,1.50,都市：住,10000,52,持分移轉,15040000
RPRNMLNJRHJGFBE18CB,五塊厝段,2.00,都市：商,10000,52,持分移轉,15040001
RPSNMLNJRHJGFBE28CB,五塊厝段,6.53,都市：住,10000,108,持分移轉,15030000
RPSNMLNJRHJGFBE28CB,五塊厝段,3.51,都市：商,10000,108,持分移轉,15030001
RPSNMLNJRHJGFBE28CB,五塊厝段,3.11,都市：住,10000,108,持分移轉,15040000
RPSNMLNJRHJGFBE28CB,五塊厝段,4.15,都市：商,10000,108,持分移轉,15040001
RPTNMLNJRHJGFBE38CB,五塊厝段,3.15,都市：住,10000,52,持分移轉,15030000
RPTNMLNJRHJGFBE38CB,五塊厝段,1.69,都市：商,10000,52,持分移轉,15030001
RPTNMLNJRHJGFBE38CB,五塊厝段,1.50,都市：住,10000,52,持分移轉,15040000
RPTNMLNJRHJGFBE38CB,五塊厝段,2.00,都市：商,10000,52,持分移轉,15040001
RPUNMLNJRHJGFBE48CB,五塊厝段,4.60,都市：住,10000,76,持分移轉,15030000
RPUNMLNJRHJGFBE48CB,五塊厝段,2.47,都市：商,10000,76,持分移轉,15030001
RPUNMLNJRHJGFBE48CB,五塊厝段,2.19,都市：住,10000,76,持分移轉,15040000
RPUNMLNJRHJGFBE48CB,五塊厝段,2.92,都市：商,10000,76,持分移轉,15040001
RPVNMLNJRHJGFBE58CB,五塊厝段,4.11,都市：住,10000,68,持分移轉,15030000
RPVNMLNJRHJGFBE58CB,五塊厝段,2.21,都市：商,10000,68,持分移轉,15030001
RPVNMLNJRHJGFBE58CB,五塊厝段,1.96,都市：住,10000,68,持分移轉,15040000
RPVNMLNJRHJGFBE58CB,五塊厝段,2.61,都市：商,10000,68,持分移轉,15040001
RPXNMLNJRHJGFBE78CB,五塊厝段,3.63,都市：住,10000,60,持分移轉,15030000
RPXNMLNJRHJGFBE78CB,五塊厝段,1.95,都市：商,10000,60,持分移轉,15030001
RPXNMLNJRHJGFBE78CB,五塊厝段,1.73,都市：住,10000,60,持分移轉,15040000
RPXNMLNJRHJGFBE78CB,五塊厝段,2.30,都市：商,10000,60,持分移轉,15040001
RPWNMLNJRHJGFBE68CB,五塊厝段,3.15,都市：住,10000,52,持分移轉,15030000
RPWNMLNJRHJGFBE68CB,五塊厝段,1.69,都市：商,10000,52,持分移轉,15030001
RPWNMLNJRHJGFBE68CB,五塊厝段,1.50,都市：住,10000,52,持分移轉,15040000
RPWNMLNJRHJGFBE68CB,五塊厝段,2.00,都市：商,10000,52,持分移轉,15040001
RPPOMLNJRHJGFBE08CB,五塊厝段,3.15,都市：住,10000,52,持分移轉,15030000
RPPOMLNJRHJGFBE08CB,五塊厝段,1.69,都市：商,10000,52,持分移轉,15030001
RPPOMLNJRHJGFBE08CB,五塊厝段,1.50,都市：住,10000,52,持分移轉,15040000
RPPOMLNJRHJGFBE08CB,五塊厝段,2.00,都市：商,10000,52,持分移轉,15040001
RPQOMLNJRHJGFBE18CB,五塊厝段,3.63,都市：住,10000,60,持分移轉,15030000
RPQOMLNJRHJGFBE18CB,五塊厝段,1.95,都市：商,10000,60,持分移轉,15030001
RPQOMLNJRHJGFBE18CB,五塊厝段,1.73,都市：住,10000,60,持分移轉,15040000
RPQOMLNJRHJGFBE18CB,五塊厝段,2.30,都市：商,10000,60,持分移轉,15040001
RPOOMLNJRHJGFBE97CB,五塊厝段,3.63,都市：住,10000,60,持分移轉,15030000
RPOOMLNJRHJGFBE97CB,五塊厝段,1.95,都市：商,10000,60,持分移轉,15030001
RPOOMLNJRHJGFBE97CB,五塊厝段,1.73,都市：住,10000,60,持分移轉,15040000
RPOOMLNJRHJGFBE97CB,五塊厝段,2.30,都市：商,10000,60,持分移轉,15040001
RPUNMLNJRHJGFGE98CB,五甲段,14.41,都市：商,100000,444,持分移轉,17360000
RPSOMLNJRHJGFBE38CB,五塊厝段,4.72,都市：住,10000,78,持分移轉,15030000
RPSOMLNJRHJGFBE38CB,五塊厝段,2.54,都市：商,10000,78,持分移轉,15030001
RPSOMLNJRHJGFBE38CB,五塊厝段,2.25,都市：住,10000,78,持分移轉,15040000
RPSOMLNJRHJGFBE38CB,五塊厝段,3.00,都市：商,10000,78,持分移轉,15040001
RPROMLNJRHJGFBE28CB,五塊厝段,3.63,都市：住,10000,60,持分移轉,15030000
RPROMLNJRHJGFBE28CB,五塊厝段,1.95,都市：商,10000,60,持分移轉,15030001
RPROMLNJRHJGFBE28CB,五塊厝段,1.73,都市：住,10000,60,持分移轉,15040000
RPROMLNJRHJGFBE28CB,五塊厝段,2.30,都市：商,10000,60,持分移轉,15040001
RPVNMLNJRHJGFGE09CB,五甲段,13.08,都市：商,100000,403,持分移轉,17360000
RPPNMLOJRHJGFCE18CB,愛群段,6.39,都市：商,100000,208,持分移轉,27470000
RPPNMLNJRHJGFLE98CB,林園段,75.00,都市：住,1,1,全筆移轉,13920044
RPRNMLOJRHJGFBE28CB,新興段一小段,17.39,都市：商,10000,31,持分移轉,01050000
RPSNMLOJRHJGFDE58CB,義民段,4.99,都市：商,100000,137,持分移轉,12050000
RPSNMLOJRHJGFDE58CB,義民段,2.25,都市：住,100000,137,持分移轉,12040000
RPQNMLOJRHJGFEE48CB,後勁段二小段,14.52,都市：住,100000,669,持分移轉,00280000
RPTNMLOJRHJGFBE48CB,新興段一小段,10.66,都市：商,10000,19,持分移轉,01050000
RPPNMLOJRHJGFGE58CB,竹子腳段,4.59,都市：住,100000,122,持分移轉,02610030
RPPNMLOJRHJGFGE58CB,竹子腳段,.28,都市：住,100000,122,持分移轉,02020013
RPPNMLOJRHJGFGE58CB,竹子腳段,1.00,都市：住,100000,122,持分移轉,02600001
RPPNMLOJRHJGFGE58CB,竹子腳段,.48,都市：住,100000,122,持分移轉,02600022
RPPNMLOJRHJGFGE58CB,竹子腳段,.93,都市：住,100000,122,持分移轉,02600023
RPPNMLOJRHJGFGE58CB,竹子腳段,.04,都市：住,100000,122,持分移轉,02610004
RPPNMLOJRHJGFGE58CB,竹子腳段,.94,都市：住,100000,122,持分移轉,02600027
RPPNMLOJRHJGFGE58CB,竹子腳段,.95,都市：住,100000,122,持分移轉,02610028
RPPNMLOJRHJGFGE58CB,竹子腳段,.07,都市：住,100000,122,持分移轉,02610065
RPPNMLOJRHJGFFE48CB,新莊段,48.93,非都市：鄉村區 ; 非都市編定：乙種建築用地,1,1,全筆移轉,10830009
RPPNMLOJRHJGFFE48CB,新莊段,14.99,非都市：鄉村區 ; 非都市編定：乙種建築用地,8,1,持分移轉,10830010
RPPNMLOJRHJGFFE48CB,新莊段,5.17,非都市：鄉村區 ; 非都市編定：乙種建築用地,8,1,持分移轉,10830015
RPQNMLPJRHJGFBE28CB,林興段,4.58,都市：商,100000,593,持分移轉,00190000
RPQNMLPJRHJGFBE28CB,林興段,2.18,都市：住,100000,593,持分移轉,00370000
RPPNMLOJRHJGFIE78CB,清福段,84.77,都市：住,1,1,全筆移轉,04240001
RPPNMLPJRHJGFDE38CB,澄正段,16.89,都市：住,100000,255,持分移轉,00040000
RPTOMLPJRHJGFDE88CB,灣昌段,27.96,都市：住,100000,1243,持分移轉,03370000
RPQNMLPJRHJGFDE48CB,澄正段,15.43,都市：住,100000,233,持分移轉,00040000
RPSOMLPJRHJGFDE78CB,灣昌段,19.81,都市：住,100000,881,持分移轉,03370000
RPUOMLPJRHJGFDE98CB,灣昌段,27.96,都市：住,100000,1243,持分移轉,03370000
RPPNMLPJRHJGFEE48CB,新庄段六小段,10.31,都市：住,100000,526,持分移轉,08110000
RPRNMLPJRHJGFGE98DB,埤頂段,12.14,都市：住,100000,1098,持分移轉,14430000
RPPNMLPJRHJGFGE78DB,埤頂段,14.19,都市：住,100000,1283,持分移轉,14430000
RPQNMLPJRHJGFEE58CB,新庄段六小段,10.14,都市：住,100000,517,持分移轉,08110000
RPSPMLPJRHJGFGE56CB,二甲段,18.01,都市：住,10000,53,持分移轉,00220000
RPTPMLPJRHJGFGE66CB,二甲段,9.85,都市：住,10000,29,持分移轉,00220000
RPPNMLQJRHJGFBE28CB,五塊厝段,4.17,都市：住,10000,69,持分移轉,15030000
RPPNMLQJRHJGFBE28CB,五塊厝段,2.24,都市：商,10000,69,持分移轉,15030001
RPPNMLQJRHJGFBE28CB,五塊厝段,1.99,都市：住,10000,69,持分移轉,15040000
RPPNMLQJRHJGFBE28CB,五塊厝段,2.65,都市：商,10000,69,持分移轉,15040001
RPSNMLPJRHJGFGE09DB,埤頂段,12.14,都市：住,100000,1098,持分移轉,14430000
RPQNMLQJRHJGFBE38CB,五塊厝段,4.60,都市：住,10000,76,持分移轉,15030000
RPQNMLQJRHJGFBE38CB,五塊厝段,2.47,都市：商,10000,76,持分移轉,15030001
RPQNMLQJRHJGFBE38CB,五塊厝段,2.19,都市：住,10000,76,持分移轉,15040000
RPQNMLQJRHJGFBE38CB,五塊厝段,2.92,都市：商,10000,76,持分移轉,15040001
RPSNMLQJRHJGFBE58CB,五塊厝段,3.15,都市：住,10000,52,持分移轉,15030000
RPSNMLQJRHJGFBE58CB,五塊厝段,1.69,都市：商,10000,52,持分移轉,15030001
RPSNMLQJRHJGFBE58CB,五塊厝段,1.50,都市：住,10000,52,持分移轉,15040000
RPSNMLQJRHJGFBE58CB,五塊厝段,2.00,都市：商,10000,52,持分移轉,15040001
RPUNMLQJRHJGFBE78CB,五塊厝段,4.05,都市：住,10000,67,持分移轉,15030000
RPUNMLQJRHJGFBE78CB,五塊厝段,2.18,都市：商,10000,67,持分移轉,15030001
RPUNMLQJRHJGFBE78CB,五塊厝段,1.93,都市：住,10000,67,持分移轉,15040000
RPWNMLQJRHJGFBE98CB,五塊厝段,3.63,都市：住,10000,60,持分移轉,15030000
RPUNMLQJRHJGFBE78CB,五塊厝段,2.57,都市：商,10000,67,持分移轉,15040001
RPWNMLQJRHJGFBE98CB,五塊厝段,1.95,都市：商,10000,60,持分移轉,15030001
RPWNMLQJRHJGFBE98CB,五塊厝段,1.73,都市：住,10000,60,持分移轉,15040000
RPWNMLQJRHJGFBE98CB,五塊厝段,2.30,都市：商,10000,60,持分移轉,15040001
RPRNMLQJRHJGFBE48CB,五塊厝段,4.17,都市：住,10000,69,持分移轉,15030000
RPRNMLQJRHJGFBE48CB,五塊厝段,2.24,都市：商,10000,69,持分移轉,15030001
RPRNMLQJRHJGFBE48CB,五塊厝段,1.99,都市：住,10000,69,持分移轉,15040000
RPRNMLQJRHJGFBE48CB,五塊厝段,2.65,都市：商,10000,69,持分移轉,15040001
RPTNMLQJRHJGFBE68CB,五塊厝段,3.15,都市：住,10000,52,持分移轉,15030000
RPTNMLQJRHJGFBE68CB,五塊厝段,1.69,都市：商,10000,52,持分移轉,15030001
RPTNMLQJRHJGFBE68CB,五塊厝段,1.50,都市：住,10000,52,持分移轉,15040000
RPXNMLQJRHJGFBE09CB,五塊厝段,4.05,都市：住,10000,67,持分移轉,15030000
RPTNMLQJRHJGFBE68CB,五塊厝段,2.00,都市：商,10000,52,持分移轉,15040001
RPXNMLQJRHJGFBE09CB,五塊厝段,2.18,都市：商,10000,67,持分移轉,15030001
RPXNMLQJRHJGFBE09CB,五塊厝段,1.93,都市：住,10000,67,持分移轉,15040000
RPXNMLQJRHJGFBE09CB,五塊厝段,2.57,都市：商,10000,67,持分移轉,15040001
RPVNMLQJRHJGFBE88CB,五塊厝段,6.65,都市：住,10000,110,持分移轉,15030000
RPVNMLQJRHJGFBE88CB,五塊厝段,3.58,都市：商,10000,110,持分移轉,15030001
RPVNMLQJRHJGFBE88CB,五塊厝段,3.17,都市：住,10000,110,持分移轉,15040000
RPVNMLQJRHJGFBE88CB,五塊厝段,4.22,都市：商,10000,110,持分移轉,15040001
RPPOMLQJRHJGFBE38CB,五塊厝段,4.05,都市：住,10000,67,持分移轉,15030000
RPPOMLQJRHJGFBE38CB,五塊厝段,2.18,都市：商,10000,67,持分移轉,15030001
RPPOMLQJRHJGFBE38CB,五塊厝段,1.93,都市：住,10000,67,持分移轉,15040000
RPPOMLQJRHJGFBE38CB,五塊厝段,2.57,都市：商,10000,67,持分移轉,15040001
RPOOMLQJRHJGFBE28CB,五塊厝段,3.63,都市：住,10000,60,持分移轉,15030000
RPOOMLQJRHJGFBE28CB,五塊厝段,1.95,都市：商,10000,60,持分移轉,15030001
RPOOMLQJRHJGFBE28CB,五塊厝段,1.73,都市：住,10000,60,持分移轉,15040000
RPOOMLQJRHJGFBE28CB,五塊厝段,2.30,都市：商,10000,60,持分移轉,15040001
RPQOMLQJRHJGFBE48CB,五塊厝段,4.72,都市：住,10000,78,持分移轉,15030000
RPQOMLQJRHJGFBE48CB,五塊厝段,2.54,都市：商,10000,78,持分移轉,15030001
RPQOMLQJRHJGFBE48CB,五塊厝段,2.25,都市：住,10000,78,持分移轉,15040000
RPQOMLQJRHJGFBE48CB,五塊厝段,3.00,都市：商,10000,78,持分移轉,15040001
RPROMLQJRHJGFBE58CB,五塊厝段,4.05,都市：住,10000,67,持分移轉,15030000
RPROMLQJRHJGFBE58CB,五塊厝段,2.18,都市：商,10000,67,持分移轉,15030001
RPROMLQJRHJGFBE58CB,五塊厝段,1.93,都市：住,10000,67,持分移轉,15040000
RPROMLQJRHJGFBE58CB,五塊厝段,2.57,都市：商,10000,67,持分移轉,15040001
RPSOMLQJRHJGFBE68CB,五塊厝段,3.15,都市：住,10000,52,持分移轉,15030000
RPSOMLQJRHJGFBE68CB,五塊厝段,1.69,都市：商,10000,52,持分移轉,15030001
RPSOMLQJRHJGFBE68CB,五塊厝段,1.50,都市：住,10000,52,持分移轉,15040000
RPSOMLQJRHJGFBE68CB,五塊厝段,2.00,都市：商,10000,52,持分移轉,15040001
RPUOMLQJRHJGFBE88CB,五塊厝段,3.15,都市：住,10000,52,持分移轉,15030000
RPUOMLQJRHJGFBE88CB,五塊厝段,1.69,都市：商,10000,52,持分移轉,15030001
RPUOMLQJRHJGFBE88CB,五塊厝段,1.50,都市：住,10000,52,持分移轉,15040000
RPUOMLQJRHJGFBE88CB,五塊厝段,2.00,都市：商,10000,52,持分移轉,15040001
RPXOMLQJRHJGFBE56CB,五塊厝段,3.63,都市：住,10000,60,持分移轉,15030000
RPTOMLQJRHJGFBE78CB,五塊厝段,3.15,都市：住,10000,52,持分移轉,15030000
RPXOMLQJRHJGFBE56CB,五塊厝段,1.95,都市：商,10000,60,持分移轉,15030001
RPTOMLQJRHJGFBE78CB,五塊厝段,1.69,都市：商,10000,52,持分移轉,15030001
RPXOMLQJRHJGFBE56CB,五塊厝段,1.73,都市：住,10000,60,持分移轉,15040000
RPTOMLQJRHJGFBE78CB,五塊厝段,1.50,都市：住,10000,52,持分移轉,15040000
RPXOMLQJRHJGFBE56CB,五塊厝段,2.30,都市：商,10000,60,持分移轉,15040001
RPTOMLQJRHJGFBE78CB,五塊厝段,2.00,都市：商,10000,52,持分移轉,15040001
RPVOMLQJRHJGFBE98CB,五塊厝段,3.15,都市：住,10000,52,持分移轉,15030000
RPVOMLQJRHJGFBE98CB,五塊厝段,1.69,都市：商,10000,52,持分移轉,15030001
RPVOMLQJRHJGFBE98CB,五塊厝段,1.50,都市：住,10000,52,持分移轉,15040000
RPVOMLQJRHJGFBE98CB,五塊厝段,2.00,都市：商,10000,52,持分移轉,15040001
RPWOMLQJRHJGFBE09CB,五塊厝段,4.05,都市：住,10000,67,持分移轉,15030000
RPWOMLQJRHJGFBE09CB,五塊厝段,2.18,都市：商,10000,67,持分移轉,15030001
RPWOMLQJRHJGFBE09CB,五塊厝段,1.93,都市：住,10000,67,持分移轉,15040000
RPWOMLQJRHJGFBE09CB,五塊厝段,2.57,都市：商,10000,67,持分移轉,15040001
RPOPMLQJRHJGFBE38CB,五塊厝段,3.15,都市：住,10000,52,持分移轉,15030000
RPOPMLQJRHJGFBE38CB,五塊厝段,1.69,都市：商,10000,52,持分移轉,15030001
RPOPMLQJRHJGFBE38CB,五塊厝段,1.50,都市：住,10000,52,持分移轉,15040000
RPOPMLQJRHJGFBE38CB,五塊厝段,2.00,都市：商,10000,52,持分移轉,15040001
RPPPMLQJRHJGFBE48CB,五塊厝段,4.60,都市：住,10000,76,持分移轉,15030000
RPPPMLQJRHJGFBE48CB,五塊厝段,2.47,都市：商,10000,76,持分移轉,15030001
RPPPMLQJRHJGFBE48CB,五塊厝段,2.19,都市：住,10000,76,持分移轉,15040000
RPPPMLQJRHJGFBE48CB,五塊厝段,2.92,都市：商,10000,76,持分移轉,15040001
RPQPMLQJRHJGFBE58CB,五塊厝段,3.15,都市：住,10000,52,持分移轉,15030000
RPQPMLQJRHJGFBE58CB,五塊厝段,1.69,都市：商,10000,52,持分移轉,15030001
RPQPMLQJRHJGFBE58CB,五塊厝段,1.50,都市：住,10000,52,持分移轉,15040000
RPQPMLQJRHJGFBE58CB,五塊厝段,2.00,都市：商,10000,52,持分移轉,15040001
RPSPMLQJRHJGFBE78CB,五塊厝段,4.05,都市：住,10000,67,持分移轉,15030000
RPSPMLQJRHJGFBE78CB,五塊厝段,2.18,都市：商,10000,67,持分移轉,15030001
RPSPMLQJRHJGFBE78CB,五塊厝段,1.93,都市：住,10000,67,持分移轉,15040000
RPSPMLQJRHJGFBE78CB,五塊厝段,2.57,都市：商,10000,67,持分移轉,15040001
RPRPMLQJRHJGFBE68CB,五塊厝段,3.63,都市：住,10000,60,持分移轉,15030000
RPRPMLQJRHJGFBE68CB,五塊厝段,1.95,都市：商,10000,60,持分移轉,15030001
RPRPMLQJRHJGFBE68CB,五塊厝段,1.73,都市：住,10000,60,持分移轉,15040000
RPTPMLQJRHJGFBE88CB,五塊厝段,3.15,都市：住,10000,52,持分移轉,15030000
RPRPMLQJRHJGFBE68CB,五塊厝段,2.30,都市：商,10000,60,持分移轉,15040001
RPTPMLQJRHJGFBE88CB,五塊厝段,1.69,都市：商,10000,52,持分移轉,15030001
RPWPMLQJRHJGFBE56CB,五塊厝段,4.11,都市：住,10000,68,持分移轉,15030000
RPTPMLQJRHJGFBE88CB,五塊厝段,1.50,都市：住,10000,52,持分移轉,15040000
RPWPMLQJRHJGFBE56CB,五塊厝段,2.21,都市：商,10000,68,持分移轉,15030001
RPWPMLQJRHJGFBE56CB,五塊厝段,1.96,都市：住,10000,68,持分移轉,15040000
RPTPMLQJRHJGFBE88CB,五塊厝段,2.00,都市：商,10000,52,持分移轉,15040001
RPWPMLQJRHJGFBE56CB,五塊厝段,2.61,都市：商,10000,68,持分移轉,15040001
RPUPMLQJRHJGFBE98CB,五塊厝段,4.11,都市：住,10000,68,持分移轉,15030000
RPUPMLQJRHJGFBE98CB,五塊厝段,2.21,都市：商,10000,68,持分移轉,15030001
RPUPMLQJRHJGFBE98CB,五塊厝段,1.96,都市：住,10000,68,持分移轉,15040000
RPUPMLQJRHJGFBE98CB,五塊厝段,2.61,都市：商,10000,68,持分移轉,15040001
RPVPMLQJRHJGFBE09CB,五塊厝段,4.60,都市：住,10000,76,持分移轉,15030000
RPVPMLQJRHJGFBE09CB,五塊厝段,2.47,都市：商,10000,76,持分移轉,15030001
RPVPMLQJRHJGFBE09CB,五塊厝段,2.19,都市：住,10000,76,持分移轉,15040000
RPVPMLQJRHJGFBE09CB,五塊厝段,2.92,都市：商,10000,76,持分移轉,15040001
RPPNMLQJRHJGFDE48CB,建豐段,5.59,都市：商,100000,1268,持分移轉,06110000
RPXPMLQJRHJGFBE66CB,五塊厝段,4.17,都市：住,10000,69,持分移轉,15030000
RPXPMLQJRHJGFBE66CB,五塊厝段,2.24,都市：商,10000,69,持分移轉,15030001
RPXPMLQJRHJGFBE66CB,五塊厝段,1.99,都市：住,10000,69,持分移轉,15040000
RPXPMLQJRHJGFBE66CB,五塊厝段,2.65,都市：商,10000,69,持分移轉,15040001
RPQNMLQJRHJGFDE58CB,建豐段,5.59,都市：商,100000,1268,持分移轉,06110000
RPRNMLQJRHJGFDE68CB,建豐段,5.59,都市：商,100000,1268,持分移轉,06110000
RPSNMLQJRHJGFDE78CB,建豐段,5.59,都市：商,100000,1268,持分移轉,06110000
RPTNMLQJRHJGFDE88CB,建豐段,7.12,都市：商,100000,1615,持分移轉,06110000
RPUNMLQJRHJGFDE98CB,建豐段,7.12,都市：商,100000,1615,持分移轉,06110000
RPWNMLQJRHJGFDE56CB,建豐段,5.04,都市：商,100000,1143,持分移轉,06110000
RPVNMLQJRHJGFDE09CB,建豐段,6.21,都市：商,100000,1409,持分移轉,06110000
RPXNMLQJRHJGFDE66CB,建豐段,6.97,都市：商,100000,1581,持分移轉,06110000
RPOOMLQJRHJGFDE48CB,建豐段,5.59,都市：商,100000,1268,持分移轉,06110000
RPPNMLQJRHJGFGE78CB,二甲段,9.85,都市：住,10000,29,持分移轉,00220000
RPRNMLQJRHJGFGE98CB,二甲段,9.85,都市：住,10000,29,持分移轉,00220000
RPQNMLQJRHJGFGE88CB,二甲段,9.85,都市：住,10000,29,持分移轉,00220000
RPSNMLQJRHJGFGE09CB,二甲段,9.85,都市：住,10000,29,持分移轉,00220000
RPTNMLQJRHJGFGE56CB,二甲段,9.85,都市：住,10000,29,持分移轉,00220000
RPUNMLQJRHJGFGE66CB,二甲段,18.01,都市：住,10000,53,持分移轉,00220000
RPWNMLQJRHJGFGE86CB,二甲段,9.85,都市：住,10000,29,持分移轉,00220000
RPQNMLQJRHJGFIE09CB,澄德段,18.41,都市：商,1000000,1500,持分移轉,00260000
RPVNMLQJRHJGFGE76CB,二甲段,18.01,都市：住,10000,53,持分移轉,00220000
RPRNMLQJRHJGFIE56CB,澄德段,12.45,都市：商,1000000,1015,持分移轉,00260000
RPXNMLQJRHJGFGE96CB,二甲段,18.01,都市：住,10000,53,持分移轉,00220000
RPUNMLQJRHJGFIE86CB,澄德段,17.74,都市：商,1000000,1446,持分移轉,00260000
RPSNMLQJRHJGFIE66CB,澄德段,17.74,都市：商,1000000,1446,持分移轉,00260000
RPVNMLQJRHJGFIE96CB,澄德段,17.74,都市：商,1000000,1446,持分移轉,00260000
RPVNMLTJRHJGFDE76CB,建豐段,5.59,都市：商,100000,1268,持分移轉,06110000
RPQNMLTJRHJGFEE98CB,左東段,.76,都市：住,100000,772,持分移轉,05420000
RPQNMLTJRHJGFEE98CB,左東段,1.78,都市：住,100000,772,持分移轉,05420002
RPQNMLTJRHJGFEE98CB,左東段,.51,都市：住,100000,772,持分移轉,05420003
RPQNMLTJRHJGFEE98CB,左東段,4.69,都市：住,100000,772,持分移轉,05580001
RPPNMLTJRHJGFIE66CB,烏林段,51.43,非都市：鄉村區 ; 非都市編定：乙種建築用地,1,1,全筆移轉,12490041
RPPNMLTJRHJGFIE66CB,烏林段,26.69,非都市：鄉村區 ; 非都市編定：乙種建築用地,16,1,持分移轉,12490074
RPPNMLTJRHJGFIE66CB,烏林段,3.94,非都市：鄉村區 ; 非都市編定：乙種建築用地,54,1,持分移轉,12490076
RPRNMLKKRHJGFAE87CB,博孝段,1.69,都市：商,100000,1512,持分移轉,00160000
RPRNMLKKRHJGFAE87CB,博孝段,12.22,都市：住,100000,1512,持分移轉,00170000
RPOOMLTJRHJGFBE68DB,新興段二小段,13.96,都市：商,100000,3292,持分移轉,07720000
RPUNMLKKRHJGFCE38CB,鎮昌段,16.08,都市：住,100000,1068,持分移轉,02930063
RPPNMLKKRHJGFCE87CB,愛群段,4.27,都市：商,100000,139,持分移轉,27470000
RPVNMLKKRHJGFCE48CB,鎮昌段,17.80,都市：住,100000,1182,持分移轉,02930063
RPQNMLLKRHJGFBE97CB,五塊厝段,4.17,都市：住,10000,69,持分移轉,15030000
RPQNMLLKRHJGFBE97CB,五塊厝段,2.24,都市：商,10000,69,持分移轉,15030001
RPQNMLLKRHJGFBE97CB,五塊厝段,1.99,都市：住,10000,69,持分移轉,15040000
RPQNMLLKRHJGFBE97CB,五塊厝段,2.65,都市：商,10000,69,持分移轉,15040001
RPWNMLKKRHJGFCE58CB,鎮昌段,12.06,都市：住,100000,801,持分移轉,02930063
RPRNMLLKRHJGFBE08CB,五塊厝段,3.63,都市：住,10000,60,持分移轉,15030000
RPRNMLLKRHJGFBE08CB,五塊厝段,1.95,都市：商,10000,60,持分移轉,15030001
RPRNMLLKRHJGFBE08CB,五塊厝段,1.73,都市：住,10000,60,持分移轉,15040000
RPRNMLLKRHJGFBE08CB,五塊厝段,2.30,都市：商,10000,60,持分移轉,15040001
RPTNMLLKRHJGFBE28CB,五塊厝段,4.11,都市：住,10000,68,持分移轉,15030000
RPTNMLLKRHJGFBE28CB,五塊厝段,2.21,都市：商,10000,68,持分移轉,15030001
RPTNMLLKRHJGFBE28CB,五塊厝段,1.96,都市：住,10000,68,持分移轉,15040000
RPTNMLLKRHJGFBE28CB,五塊厝段,2.61,都市：商,10000,68,持分移轉,15040001
RPSNMLLKRHJGFBE18CB,五塊厝段,4.72,都市：住,10000,78,持分移轉,15030000
RPSNMLLKRHJGFBE18CB,五塊厝段,2.54,都市：商,10000,78,持分移轉,15030001
RPSNMLLKRHJGFBE18CB,五塊厝段,2.25,都市：住,10000,78,持分移轉,15040000
RPSNMLLKRHJGFBE18CB,五塊厝段,3.00,都市：商,10000,78,持分移轉,15040001
RPUNMLLKRHJGFBE38CB,五塊厝段,3.63,都市：住,10000,60,持分移轉,15030000
RPUNMLLKRHJGFBE38CB,五塊厝段,1.95,都市：商,10000,60,持分移轉,15030001
RPUNMLLKRHJGFBE38CB,五塊厝段,1.73,都市：住,10000,60,持分移轉,15040000
RPUNMLLKRHJGFBE38CB,五塊厝段,2.30,都市：商,10000,60,持分移轉,15040001
RPVNMLLKRHJGFBE48CB,五塊厝段,6.65,都市：住,10000,110,持分移轉,15030000
RPVNMLLKRHJGFBE48CB,五塊厝段,3.58,都市：商,10000,110,持分移轉,15030001
RPVNMLLKRHJGFBE48CB,五塊厝段,3.17,都市：住,10000,110,持分移轉,15040000
RPVNMLLKRHJGFBE48CB,五塊厝段,4.22,都市：商,10000,110,持分移轉,15040001
RPPOMLLKRHJGFBE97CB,五塊厝段,6.65,都市：住,10000,110,持分移轉,15030000
RPPOMLLKRHJGFBE97CB,五塊厝段,3.58,都市：商,10000,110,持分移轉,15030001
RPPOMLLKRHJGFBE97CB,五塊厝段,3.17,都市：住,10000,110,持分移轉,15040000
RPPOMLLKRHJGFBE97CB,五塊厝段,4.22,都市：商,10000,110,持分移轉,15040001
RPWNMLLKRHJGFBE58CB,五塊厝段,6.53,都市：住,10000,108,持分移轉,15030000
RPWNMLLKRHJGFBE58CB,五塊厝段,3.51,都市：商,10000,108,持分移轉,15030001
RPXNMLLKRHJGFBE68CB,五塊厝段,3.63,都市：住,10000,60,持分移轉,15030000
RPWNMLLKRHJGFBE58CB,五塊厝段,3.11,都市：住,10000,108,持分移轉,15040000
RPXNMLLKRHJGFBE68CB,五塊厝段,1.95,都市：商,10000,60,持分移轉,15030001
RPWNMLLKRHJGFBE58CB,五塊厝段,4.15,都市：商,10000,108,持分移轉,15040001
RPXNMLLKRHJGFBE68CB,五塊厝段,1.73,都市：住,10000,60,持分移轉,15040000
RPXNMLLKRHJGFBE68CB,五塊厝段,2.30,都市：商,10000,60,持分移轉,15040001
RPOOMLLKRHJGFBE87CB,五塊厝段,4.72,都市：住,10000,78,持分移轉,15030000
RPOOMLLKRHJGFBE87CB,五塊厝段,2.54,都市：商,10000,78,持分移轉,15030001
RPOOMLLKRHJGFBE87CB,五塊厝段,2.25,都市：住,10000,78,持分移轉,15040000
RPOOMLLKRHJGFBE87CB,五塊厝段,3.00,都市：商,10000,78,持分移轉,15040001
RPQOMLLKRHJGFBE08CB,五塊厝段,4.60,都市：住,10000,76,持分移轉,15030000
RPQOMLLKRHJGFBE08CB,五塊厝段,2.47,都市：商,10000,76,持分移轉,15030001
RPQOMLLKRHJGFBE08CB,五塊厝段,2.19,都市：住,10000,76,持分移轉,15040000
RPQOMLLKRHJGFBE08CB,五塊厝段,2.92,都市：商,10000,76,持分移轉,15040001
RPROMLLKRHJGFBE18CB,五塊厝段,3.63,都市：住,10000,60,持分移轉,15030000
RPROMLLKRHJGFBE18CB,五塊厝段,1.95,都市：商,10000,60,持分移轉,15030001
RPROMLLKRHJGFBE18CB,五塊厝段,1.73,都市：住,10000,60,持分移轉,15040000
RPROMLLKRHJGFBE18CB,五塊厝段,2.30,都市：商,10000,60,持分移轉,15040001
RPPNMLLKRHJGFGE38CB,二甲段,13.93,都市：住,10000,41,持分移轉,00220000
RPSOMLLKRHJGFBE28CB,五塊厝段,3.63,都市：住,10000,60,持分移轉,15030000
RPQNMLLKRHJGFGE48CB,二甲段,9.85,都市：住,10000,29,持分移轉,00220000
RPSOMLLKRHJGFBE28CB,五塊厝段,1.95,都市：商,10000,60,持分移轉,15030001
RPSOMLLKRHJGFBE28CB,五塊厝段,1.73,都市：住,10000,60,持分移轉,15040000
RPSOMLLKRHJGFBE28CB,五塊厝段,2.30,都市：商,10000,60,持分移轉,15040001
RPUNMLLKRHJGFGE88CB,二甲段,18.01,都市：住,10000,53,持分移轉,00220000
RPRNMLLKRHJGFGE58CB,二甲段,14.27,都市：住,10000,42,持分移轉,00220000
RPSNMLLKRHJGFGE68CB,二甲段,18.01,都市：住,10000,53,持分移轉,00220000
RPTNMLLKRHJGFGE78CB,二甲段,18.01,都市：住,10000,53,持分移轉,00220000
RPWNMLLKRHJGFGE09CB,二甲段,18.01,都市：住,10000,53,持分移轉,00220000
RPVNMLLKRHJGFGE98CB,二甲段,18.01,都市：住,10000,53,持分移轉,00220000
RPPNMLLKRHJGFLE88CB,琉球段,106.22,都市：住,500000,13830,持分移轉,10770000
RPPNMLMKRHJGFAE87CB,龍中段,10.46,都市：商,100000,330,持分移轉,01340000
RPQNMLMKRHJGFGE58CB,保成段,19.90,都市：住,10000,332,持分移轉,00190000
RPQNMLMKRHJGFGE58CB,保成段,5.04,都市：住,10000,332,持分移轉,00200000
RPPNMLMKRHJGFGE48CB,保成段,20.26,都市：住,10000,338,持分移轉,00190000
RPPNMLMKRHJGFGE48CB,保成段,5.13,都市：住,10000,338,持分移轉,00200000
RPPNMLNKRHJGFGE58CB,五甲段,14.18,都市：商,100000,437,持分移轉,17360000
RPRNMLNKRHJGFGE78CB,大庄段,26.36,都市：住,100000,722,持分移轉,07780000
RPPOMLNKRHJGFFE58CB,後壁田段,18.96,都市：住,10000,18,持分移轉,03660000
RPPNMLNKRHJGFFE48CB,後壁田段,11.58,都市：住,10000,11,持分移轉,03660000
RPQNMLNKRHJGFGE68CB,大庄段,26.36,都市：住,100000,722,持分移轉,07780000
RPVNMLNKRHJGFFE09CB,後壁田段,11.58,都市：住,10000,11,持分移轉,03660000
RPSNMLNKRHJGFGE88CB,大庄段,21.69,都市：住,100000,594,持分移轉,07780000
RPUNMLNKRHJGFGE09CB,大庄段,21.69,都市：住,100000,594,持分移轉,07780000
RPTNMLNKRHJGFGE98CB,五甲段,13.34,都市：商,100000,411,持分移轉,17360000
RPQNMLPKRHJGFIE09CB,大昌段,33.12,都市：住,100000,1300,持分移轉,00210000
RPWNMLNKRHJGFGE66CB,五甲段,9.15,都市：商,100000,282,持分移轉,17360000
RPVNMLNKRHJGFGE56CB,大庄段,32.39,都市：住,100000,887,持分移轉,07780000
RPPNMLQKRHJGFLE76CB,赤崁段,27.75,都市：住,10000,343,持分移轉,18580004
