﻿編號,土地位置,土地移轉面積平方公尺,使用分區或編定,權利人持分分母,權利人持分分子,移轉情形,地號
The serial number, land position,land shifting area square meter,the use zoning or compiles and checks,,,,land parcel
RPRNMLTJRHJGFAG88DA,群英段,65.27,都市：其他:住宅區,1,1,全筆移轉,05140000
RPTNMLQJRHJGFAG78DA,東安段,21.00,都市：其他:道路用地,1,1,全筆移轉,07620000
RPTOMLTJRHJGFAG56DA,新協和段,3136.04,非都市：特定農業區 ; 非都市編定：農牧用地,1,1,全筆移轉,03110000
RPOPMLOKRHJGFBG48DA,湯仔城段,2.29,都市：其他:第四種商業區,10000,16,持分移轉,00800000
RPOPMLOKRHJGFBG48DA,湯仔城段,3.84,都市：其他:第五種商業區,10000,16,持分移轉,00840000
RPTNMLTLQHJGFBG66DA,白雲段,33.67,非都市：一般農業區 ; 非都市編定：甲種建築用地,100000,1354,持分移轉,04810000
RPPNMLRKRHJGFAG58DA,百福段,24.22,都市：其他:道路用地,1,1,全筆移轉,03420000
RPPNMLRKRHJGFAG58DA,百福段,19.04,都市：其他:住宅區,1,1,全筆移轉,03430000
RPVOMLNKRHJGFAG88DA,丸山段,103.21,非都市：特定農業區 ; 非都市編定：甲種建築用地,1,1,全筆移轉,13010000
RPUNMLTLQHJGFBG76DA,白雲段,32.42,非都市：一般農業區 ; 非都市編定：甲種建築用地,100000,1304,持分移轉,04810000
RPPNMLMKRHJGFAG18EA,北成一段,47.17,非都市：特定農業區 ; 非都市編定：甲種建築用地,48,7,持分移轉,10870001
RPPNMLMKRHJGFAG18EA,北成一段,.03,非都市：特定農業區 ; 非都市編定：甲種建築用地,48,7,持分移轉,10870024
RPSOMLKMQHJGFBG48DA,新店段,23.06,都市：其他:住宅區,10000,65,持分移轉,02940000
RPPOMLQKRHJGFBG68DA,黎明段,.89,都市：其他:住宅區,10000,236,持分移轉,05470000
RPVNMLNJRHJGFBG78DA,女中段,25.05,都市：其他:住宅區,10000,240,持分移轉,05300000
RPPOMLQKRHJGFBG68DA,黎明段,18.81,都市：其他:住宅區,10000,236,持分移轉,05590000
RPPOMLQKRHJGFBG68DA,黎明段,.39,都市：其他:道路用地,10000,236,持分移轉,05630000
RPPOMLQKRHJGFBG68DA,黎明段,7.37,都市：其他:住宅區,10000,236,持分移轉,05640000
RPPOMLQKRHJGFBG68DA,黎明段,.82,都市：其他:住宅區,10000,236,持分移轉,05650000
RPXOMLTJRHJGFBG07DA,忠義段,14.83,都市：其他:住宅區,941600,1516,持分移轉,07560000
RPPPMLTJRHJGFBG98DA,湯仔城段,2.29,都市：其他:第四種商業區,10000,16,持分移轉,00800000
RPPPMLTJRHJGFBG98DA,湯仔城段,3.84,都市：其他:第五種商業區,10000,16,持分移轉,00840000
RPPNMLKKRHJGFBG08EA,忠義段,96.63,都市：其他:農業區,10000,285,持分移轉,04320000
RPRNMLKKRHJGFBG28EA,農權段,39.75,都市：其他:住宅區,100000,500,持分移轉,11910000
RPWNMLPJRHJGFAG09EA,季寶段,82.84,非都市：鄉村區 ; 非都市編定：乙種建築用地,1,1,全筆移轉,06610008
RPWNMLPJRHJGFAG09EA,季寶段,9.60,非都市：鄉村區 ; 非都市編定：乙種建築用地,8511,960,持分移轉,06610012
RPXNMLKKRHJGFBG78DA,公園段,33.26,都市：其他:健康休閒專用區一,10000,158,持分移轉,01550000
RPWNMLPJRHJGFAG09EA,季寶段,18.97,非都市：鄉村區 ; 非都市編定：乙種建築用地,17605,1897,持分移轉,06610013
RPXNMLPJRHJGFAG56EA,季寶段,79.20,非都市：鄉村區 ; 非都市編定：乙種建築用地,1,1,全筆移轉,06610002
RPXNMLPJRHJGFAG56EA,季寶段,10.54,非都市：鄉村區 ; 非都市編定：乙種建築用地,8511,1054,持分移轉,06610012
RPXNMLPJRHJGFAG56EA,季寶段,21.51,非都市：鄉村區 ; 非都市編定：乙種建築用地,17605,2151,持分移轉,06610013
RPPNMLTJRHJGFAG78EA,東和段,.80,都市：其他:住宅區,1,1,全筆移轉,05590002
RPOOMLPJRHJGFAG38EA,季寶段,70.30,非都市：鄉村區 ; 非都市編定：乙種建築用地,1,1,全筆移轉,06610005
RPSNMLKKRHJGFBG38EA,農權段,39.67,都市：其他:住宅區,100000,499,持分移轉,11910000
RPPNMLLKRHJGFAG97DA,大吉二段,17.03,非都市：特定農業區 ; 非都市編定：甲種建築用地,1,1,全筆移轉,00230009
RPOOMLPJRHJGFAG38EA,季寶段,2.70,非都市：鄉村區 ; 非都市編定：乙種建築用地,8511,270,持分移轉,06610012
RPPNMLLKRHJGFAG97DA,大吉二段,57.27,非都市：特定農業區 ; 非都市編定：甲種建築用地,1,1,全筆移轉,00230020
RPPNMLLKRHJGFAG97DA,大吉二段,3.37,非都市：特定農業區 ; 非都市編定：甲種建築用地,1,1,全筆移轉,00230047
RPPNMLLKRHJGFAG97DA,大吉二段,12.06,非都市：特定農業區 ; 非都市編定：甲種建築用地,1,1,全筆移轉,00230048
RPOOMLPJRHJGFAG38EA,季寶段,4.79,非都市：鄉村區 ; 非都市編定：乙種建築用地,17605,479,持分移轉,06610013
RPOOMLPJRHJGFAG38EA,季寶段,33.62,非都市：鄉村區 ; 非都市編定：乙種建築用地,1,1,全筆移轉,06610015
RPTOMLKKRHJGFAG38DA,武淵三段,942.77,非都市：特定農業區 ; 非都市編定：農牧用地,1,1,全筆移轉,00270000
RPOOMLPJRHJGFAG28DA,利成段,86.96,非都市：鄉村區 ; 非都市編定：乙種建築用地,1,1,全筆移轉,04170000
RPPNMLKKRHJGFBG97DA,宜大段,125.99,都市：其他:住宅區,1,1,全筆移轉,07920000
RPPNMLKKRHJGFBG97DA,宜大段,135.98,都市：其他:住宅區,5,2,持分移轉,07930000
RPSOMLTJRHJGFBG56DA,黎明段,20.91,都市：其他:住宅區,10000,147,持分移轉,02890000
RPUNMLKKRHJGFBG48DA,三城段,87.09,非都市：鄉村區 ; 非都市編定：乙種建築用地,1,1,全筆移轉,02900000
RPTNMLTJRHJGFBG56DA,公園段,27.79,都市：其他:健康休閒專用區一,10000,132,持分移轉,01550000
RPVNMLKMQHJGFAG58DA,協孝段,44.02,非都市：特定農業區 ; 非都市編定：甲種建築用地,100000,1011,持分移轉,09500000
RPXNMLKKRHJGFAG68DA,東安段,161.00,都市：其他:住宅區,1,1,全筆移轉,07290000
RPSNMLLKRHJGFAG28DA,新隆恩段,3259.55,非都市：特定農業區 ; 非都市編定：農牧用地,1,1,全筆移轉,02430000
RPOPMLTLQHJGFBG98DA,大三鬮段,23.48,非都市：特定農業區 ; 非都市編定：甲種建築用地,8,1,持分移轉,03570000
RPOPMLTLQHJGFBG98DA,大三鬮段,103.47,非都市：特定農業區 ; 非都市編定：甲種建築用地,1,1,全筆移轉,03580000
RPPOMLLKRHJGFAG08DA,新群一段,1.02,非都市：特定農業區 ; 非都市編定：甲種建築用地,10,1,持分移轉,01600000
RPPOMLLKRHJGFAG08DA,新群一段,100.09,非都市：特定農業區 ; 非都市編定：甲種建築用地,1,1,全筆移轉,01600009
RPPOMLLKRHJGFAG08DA,新群一段,18.09,非都市：特定農業區 ; 非都市編定：甲種建築用地,2,1,持分移轉,01600010
RPPOMLLKRHJGFAG08DA,新群一段,36.15,非都市：特定農業區 ; 非都市編定：甲種建築用地,10,1,持分移轉,01600013
RPPOMLLKRHJGFAG08DA,新群一段,.73,非都市：特定農業區 ; 非都市編定：甲種建築用地,10,1,持分移轉,01600014
RPPOMLLKRHJGFAG08DA,新群一段,.70,非都市：特定農業區 ; 非都市編定：甲種建築用地,10,1,持分移轉,01600015
RPROMLLKRHJGFAG28DA,公正段,67.42,都市：其他:住宅區,100000,2072,持分移轉,15330002
RPWNMLLKRHJGFBG78DA,坤門二段,27.25,都市：其他:住宅區,1,1,全筆移轉,05500000
RPWNMLLKRHJGFBG78DA,坤門二段,44.70,都市：其他:住宅區,1,1,全筆移轉,05510000
RPSNMLLKRHJGFBG38DA,東村段,122.83,都市：其他:住宅區,1,1,全筆移轉,06370012
RPROMLLKRHJGFBG38DA,金六結一段,23.25,都市：其他:住宅區,10000,125,持分移轉,02880000
RPOOMLLKRHJGFBG08DA,金七結段,26.07,都市：其他:住宅區,10000,90,持分移轉,10210000
RPUNMLTJRHJGFAG56DA,利工段,71.43,非都市：工業區 ; 非都市編定：丁種建築用地,1,1,全筆移轉,04930001
RPSOMLLKRHJGFBG48DA,五峰段,8.59,都市：其他:住宅區,10000,105,持分移轉,11870000
RPSNMLMKRHJGFBG48DA,烏石港段,72.03,都市：其他:住宅區,100000,869,持分移轉,01790000
RPQPMLKMQHJGFBG38DA,五峰段,4.90,都市：其他:住宅區,10000,10,持分移轉,10060000
RPQNMLNJRHJGFAG18DA,新協和段,15.32,非都市：特定農業區 ; 非都市編定：甲種建築用地,10000,88,持分移轉,00250000
RPWNMLQJRHJGFAG09DA,南昌段,22.03,都市：其他:住宅區,10000,174,持分移轉,07600000
RPTNMLPJRHJGFAG68DA,仁愛一段,985.68,非都市：特定農業區 ; 非都市編定：農牧用地,1,1,全筆移轉,09250000
RPQNMLKKRHJGFAG97DA,大吉二段,1.32,非都市：一般農業區 ; 非都市編定：甲種建築用地,12,2,持分移轉,10620000
RPVNMLLKRHJGFAG58DA,蘇港段,3.73,都市：其他:商業區,20000,83,持分移轉,03930000
RPUNMLLKRHJGFAG48DA,義成八段,97.83,都市：其他:農業區,1,1,全筆移轉,04440000
RPQNMLKKRHJGFAG97DA,大吉二段,16.14,非都市：一般農業區 ; 非都市編定：甲種建築用地,1,1,全筆移轉,10620001
RPVNMLLKRHJGFAG58DA,蘇港段,.02,都市：其他:道路用地,20000,83,持分移轉,03930001
RPQNMLKKRHJGFAG97DA,大吉二段,19.64,非都市：一般農業區 ; 非都市編定：甲種建築用地,4,2,持分移轉,10620003
RPQNMLKKRHJGFAG97DA,大吉二段,76.18,非都市：一般農業區 ; 非都市編定：甲種建築用地,1,1,全筆移轉,10620004
RPUNMLLKRHJGFAG48DA,義成八段,1.17,都市：其他:道路用地,1,1,全筆移轉,04440001
RPSPMLLKRHJGFAG48DA,北成段,7.93,都市：其他:住宅區,2000000,10694,持分移轉,14080000
RPSPMLLKRHJGFAG48DA,北成段,.04,都市：其他:住宅區,2000000,10694,持分移轉,14080002
RPVNMLMKRHJGFAG68DA,太山段,1433.94,非都市：特定農業區 ; 非都市編定：農牧用地,1,1,全筆移轉,07530000
RPQNMLMKRHJGFAG18DA,協孝段,14.11,非都市：特定農業區 ; 非都市編定：甲種建築用地,100000,324,持分移轉,09500000
RPXNMLMKRHJGFAG88DA,協孝段,14.11,非都市：特定農業區 ; 非都市編定：甲種建築用地,100000,324,持分移轉,09500000
RPXOMLTLQHJGFBG17DA,五峰段,482.87,都市：其他:別墅區,8,4,持分移轉,00080000
RPXOMLTLQHJGFBG17DA,五峰段,3.60,都市：其他:別墅區,8,4,持分移轉,00080001
RPQNMLKKRHJGFBG08DA,乾門二段,36.07,都市：其他:住宅區,12,1,持分移轉,08510000
RPRNMLMKRHJGFBG38DA,擺厘段,100.89,都市：其他:住宅區,1,1,全筆移轉,04900000
RPQOMLLKRHJGFBG28DA,烏石港段,7.16,都市：其他:住宅區,100000,563,持分移轉,05930000
RPQOMLLKRHJGFBG28DA,烏石港段,7.16,都市：其他:住宅區,100000,563,持分移轉,05930001
RPQNMLTJQHJGFAG68DA,北成一段,122.60,非都市：特定農業區 ; 非都市編定：甲種建築用地,1,1,全筆移轉,01280000
RPUNMLNKRHJGFBG78DA,五峰段,11.81,都市：其他:住宅區,100000,974,持分移轉,11410000
RPQOMLMKRHJGFAG28DA,義成二段,51.27,都市：其他:住宅區,1,1,全筆移轉,00400000
RPQOMLMKRHJGFAG28DA,義成二段,43.47,都市：其他:住宅區,1,1,全筆移轉,00410000
RPWNMLNKRHJGFBG98DA,新生段,25.23,都市：其他:住宅區,10000,70,持分移轉,00120000
RPQOMLNKRHJGFAG38DA,協孝段,44.02,非都市：特定農業區 ; 非都市編定：甲種建築用地,100000,1011,持分移轉,09500000
RPROMLTKQHJGFBG09DA,新生段,2.83,都市：其他:住宅區,76,1,持分移轉,05080000
RPROMLTKQHJGFBG09DA,新生段,1.93,都市：其他:住宅區,76,1,持分移轉,05090000
RPROMLTKQHJGFBG09DA,新生段,.29,都市：其他:住宅區,426,3,持分移轉,05090022
RPROMLTKQHJGFBG09DA,新生段,3.50,都市：其他:住宅區,71,1,持分移轉,05090023
RPROMLTKQHJGFBG09DA,新生段,2.57,都市：其他:住宅區,71,1,持分移轉,05090024
RPROMLTKQHJGFBG09DA,新生段,14.81,都市：其他:住宅區,100000,2168,持分移轉,05090025
RPVNMLQKRHJGFBG56DA,金五結段,33.04,都市：其他:住宅區,5,1,持分移轉,02910000
RPQNMLQKRHJGFAG68EA,東光段,72.00,都市：其他:住宅區,1,1,全筆移轉,04770000
RPSNMLMLQHJGFAG38DA,公正段,2.43,都市：其他:住宅區,1000000,9840,持分移轉,01260004
RPSNMLMLQHJGFAG38DA,公正段,29.52,都市：其他:住宅區,40,1,持分移轉,01900000
RPSNMLMLQHJGFAG38DA,公正段,11.79,都市：其他:住宅區,1000000,9840,持分移轉,01910000
RPUNMLQKRHJGFBG09DA,金七結段,37.12,都市：其他:住宅區,100000,1686,持分移轉,02700000
RPOOMLNKRHJGFBG28DA,女中段,20.16,都市：其他:住宅區,10000,256,持分移轉,07410000
RPQOMLKKRHJGFAG08DA,國華段,29.00,都市：其他:住宅區,10,1,持分移轉,01640000
RPWNMLQKRHJGFAG56DA,新群一段,22.71,非都市：特定農業區 ; 非都市編定：甲種建築用地,10000,89,持分移轉,02220000
RPVNMLQKRHJGFAG09DA,永樂段,1904.76,非都市：工業區 ; 非都市編定：農牧用地,1,1,全筆移轉,05630000
RPVOMLKMQHJGFBG78DA,南橋一段,79.91,非都市：特定農業區 ; 非都市編定：農牧用地,5,1,持分移轉,05770000
RPVOMLKMQHJGFBG78DA,新三泰段,952.33,非都市：特定農業區 ; 非都市編定：農牧用地,1,1,全筆移轉,18690000
RPUNMLKLQHJGFBG48DA,玉光一段,2000.03,非都市：特定農業區 ; 非都市編定：農牧用地,1,1,全筆移轉,01280000
RPRNMLRKRHJGFAG78DA,北成段,.47,都市：其他:住宅區,10000,74,持分移轉,16650000
RPRNMLRKRHJGFAG78DA,北成段,.06,都市：其他:商業區,10000,74,持分移轉,16650001
RPRNMLRKRHJGFAG78DA,北成段,2.95,都市：其他:商業區,10000,74,持分移轉,16660000
RPQNMLNKRHJGFBG38DA,忠義段,17.20,都市：其他:住宅區,22480,172,持分移轉,07310000
RPUOMLNKRHJGFBG88DA,白玉段,486.00,非都市：鄉村區 ; 非都市編定：乙種建築用地,5,3,持分移轉,02130000
RPUOMLNKRHJGFBG88DA,白玉段,189.00,非都市：特定農業區 ; 非都市編定：農牧用地,5,3,持分移轉,02140000
RPPNMLMJRHJGFBG08DA,女中段,41.16,都市：其他:住宅區,10000,222,持分移轉,07960000
RPPNMLMJRHJGFBG08DA,女中段,3.96,都市：其他:住宅區,10000,222,持分移轉,08030000
RPQOMLNKRHJGFBG48DA,艮門三段,3.81,都市：其他:商業區,100000,507,持分移轉,05220000
RPQOMLNKRHJGFBG48DA,艮門三段,15.27,都市：其他:住宅區,100000,507,持分移轉,05230000
RPOOMLQKRHJGFBG58DA,刺仔崙段,9819.47,非都市：一般農業區 ; 非都市編定：農牧用地,1,1,全筆移轉,00160000
RPROMLQKRHJGFBG88DA,公園段,28.21,都市：其他:健康休閒專用區一,10000,134,持分移轉,01550000
RPQOMLQKRHJGFBG78DA,宜商段,21.92,都市：其他:住宅區,15750,219,持分移轉,10190000
RPRNMLQKRHJGFAG78EA,崙埤段,470.00,非都市：山坡地保育區 ; 非都市編定：農牧用地,1,1,全筆移轉,11770000
RPPNMLQKRHJGFBG68EA,艮門三段,43.68,都市：其他:商業區,6,1,持分移轉,07390000
RPWOMLQKRHJGFBG76DA,五峰段,26.77,都市：其他:住宅區,100000,799,持分移轉,10600000
RPSNMLSKRHJGFAG98DA,協和一段,2107.67,非都市：特定農業區 ; 非都市編定：農牧用地,1,1,全筆移轉,03290000
RPROMLLLQHJGFAG28DA,利工段,84.00,非都市：工業區 ; 非都市編定：丁種建築用地,1,1,全筆移轉,10400000
RPQOMLLKRHJGFAG18DA,廣興段,78.63,非都市：特定農業區 ; 非都市編定：甲種建築用地,1,1,全筆移轉,03030000
RPXOMLNKRHJGFAG09DA,錦眾段,1131.92,非都市：風景區 ; 非都市編定：農牧用地,1,1,全筆移轉,02410000
RPRNMLMJRHJGFBG28DA,女中段,41.16,都市：其他:住宅區,10000,222,持分移轉,07960000
RPRNMLMJRHJGFBG28DA,女中段,3.96,都市：其他:住宅區,10000,222,持分移轉,08030000
RPQNMLMJRHJGFBG18DA,女中段,41.16,都市：其他:住宅區,10000,222,持分移轉,07960000
RPQNMLMJRHJGFBG18DA,女中段,3.96,都市：其他:住宅區,10000,222,持分移轉,08030000
RPPNMLLKRHJGFBG08DA,隘界三段,252.01,非都市：鄉村區 ; 非都市編定：乙種建築用地,1,1,全筆移轉,05560000
RPPNMLLKRHJGFBG08DA,隘界三段,179.26,非都市：鄉村區 ; 非都市編定：乙種建築用地,1,1,全筆移轉,05600000
RPPOMLLKRHJGFBG18DA,壯濱三段,693.16,非都市：一般農業區 ; 非都市編定：農牧用地,1,1,全筆移轉,09320000
RPTOMLNKRHJGFBG78DA,烏石港段,221.52,都市：其他:住宅區,1,1,全筆移轉,05240000
RPRNMLTJRHJGFBG98DA,功勞段,1441.67,非都市：特定農業區 ; 非都市編定：農牧用地,3,1,持分移轉,09780000
RPTNMLKKRHJGFBG48EA,新塭段,4823.74,非都市：一般農業區 ; 非都市編定：農牧用地,1,1,全筆移轉,01070000
RPOPMLTJRHJGFAG78DA,利工段,73.53,非都市：工業區 ; 非都市編定：丁種建築用地,1,1,全筆移轉,05960004
RPTNMLQLQHJGFAG88DA,東安段,30.23,都市：其他:住宅區,10000,523,持分移轉,07790000
RPPNMLQJRHJGFAG38DA,東光段,12.44,都市：其他:商業區,47900,1244,持分移轉,07260000
RPPNMLQJRHJGFAG38DA,東光段,.22,都市：其他:商業區,32,1,持分移轉,07520001
RPWOMLLKRHJGFAG78DA,加新段,849.84,非都市：鄉村區 ; 非都市編定：乙種建築用地,1,1,全筆移轉,12060001
RPWOMLLKRHJGFAG78DA,加新段,450.46,非都市：鄉村區 ; 非都市編定：乙種建築用地,1,1,全筆移轉,12180000
RPTOMLTJRHJGFBG66DA,中興段,105.00,非都市：特定農業區 ; 非都市編定：甲種建築用地,1,1,全筆移轉,03870000
RPOPMLTJRHJGFBG88DA,公園段,15.82,都市：其他:健康休閒專用區四,100000,518,持分移轉,01130000
RPWNMLKKRHJGFBG68DA,白雲段,27.96,非都市：一般農業區 ; 非都市編定：甲種建築用地,10000,239,持分移轉,02050000
RPXNMLSLQHJGFAG86DA,蘇新段,41.26,都市：其他:住宅區,49,1,持分移轉,02720000
RPPNMLPJRHJGFAG28DA,中華段,31.00,都市：其他:商業區,4,1,持分移轉,09470000
RPWNMLKKRHJGFAG58DA,龍德段,20.71,非都市：工業區 ; 非都市編定：丁種建築用地,100000,4133,持分移轉,03070000
RPUNMLPJRHJGFBG88DA,茭白段,1203.36,都市：其他:農業區,1,1,全筆移轉,04080000
RPSNMLTJRHJGFBG09DA,協天段,14.48,都市：其他:住宅區,499,24,持分移轉,04910000
RPWRMLLLQHJGFBG56DA,南津段,65.99,都市：其他:農業區,1,1,全筆移轉,01890016
RPWRMLLLQHJGFBG56DA,南津段,15.11,都市：其他:農業區,1,1,全筆移轉,01890017
RPWRMLLLQHJGFBG56DA,南津段,6.36,都市：其他:農業區,16,1,持分移轉,01900001
RPWRMLLLQHJGFBG56DA,南津段,1.33,都市：其他:農業區,16,1,持分移轉,01900002
RPVNMLKKRHJGFBG58DA,五峰段,32.74,都市：其他:住宅區,100000,2098,持分移轉,07310000
RPVNMLKKRHJGFBG58DA,五峰段,.09,都市：其他:道路用地,390000,137,持分移轉,07540000
RPVNMLLKRHJGFBG68DA,常興段,1275.50,非都市：一般農業區 ; 非都市編定：農牧用地,2,1,持分移轉,04040000
RPVOMLMKRHJGFBG88DA,進士二段,95.57,都市：其他:住宅區,1,1,全筆移轉,00820000
RPVOMLMKRHJGFBG88DA,進士二段,1.19,都市：其他:住宅區,1,1,全筆移轉,00830000
RPTNMLMKRHJGFAG48DA,公正段,113.00,都市：其他:住宅區,1,1,全筆移轉,14260031
RPWOMLMKRHJGFBG98DA,中興段,47.27,都市：其他:住宅區,1,1,全筆移轉,10830000
RPQPMLPJQHJGFBG58DA,阿蘭城段,369.30,非都市：鄉村區 ; 非都市編定：乙種建築用地,1,1,全筆移轉,00100000
RPUNMLKKRHJGFAG38DA,猴猴段,89.16,非都市：特定農業區 ; 非都市編定：甲種建築用地,4,1,持分移轉,08460000
RPVNMLNKRHJGFAG78DA,東榮二段,112.05,都市：其他:第一種產業專用區,1,1,全筆移轉,01780000
RPUNMLMKRHJGFAG58DA,梅山段,1212.31,非都市：特定農業區 ; 非都市編定：農牧用地,1,1,全筆移轉,03910000
RPVNMLNKRHJGFBG88DA,五峰段,10.47,都市：其他:住宅區,10000,60,持分移轉,11970000
RPUNMLTKQHJGFBG66DA,龍泉段,37.87,都市：其他:住宅區,10000,145,持分移轉,04560000
RPPOMLNKRHJGFBG38DA,玉光一段,82.00,非都市：特定農業區 ; 非都市編定：農牧用地,1402,82,持分移轉,02810000
RPPOMLNKRHJGFBG38DA,玉光一段,121.03,非都市：特定農業區 ; 非都市編定：甲種建築用地,924,121,持分移轉,02840000
RPUNMLQKRHJGFAG98DA,季新段,57.73,非都市：鄉村區 ; 非都市編定：乙種建築用地,10000,224,持分移轉,04180000
RPTNMLKMQHJGFAG38DA,義成一段,41.99,非都市：特定農業區 ; 非都市編定：甲種建築用地,1000,50,持分移轉,02650000
RPSQMLSLQHJGFBG76DA,武營段,16.20,都市：其他:住宅區,10000,34,持分移轉,08470000
RPUOMLQKRHJGFBG56DA,公園段,14.46,都市：其他:健康休閒專用區四,10000,59,持分移轉,00510000
RPSNMLRKRHJGFAG88DA,南澳一段,251.82,都市：其他:住宅區,1,1,全筆移轉,02390001
RPSNMLNLPHJGFBG48DA,永興段,90.99,都市：其他:住宅區,1,1,全筆移轉,00960000
RPTQMLSLQHJGFBG86DA,武營段,16.20,都市：其他:住宅區,10000,34,持分移轉,08470000
RPPNMLPKRHJGFBG48DA,農權段,22.28,都市：其他:住宅區,11,1,持分移轉,09590000
RPPNMLPKRHJGFBG48DA,農權段,72.35,都市：其他:住宅區,1,1,全筆移轉,09640000
RPXOMLQKRHJGFBG86DA,三城段,31.81,非都市：鄉村區 ; 非都市編定：乙種建築用地,3240,318,持分移轉,01400000
RPTOMLSKRHJGFBG66DA,和平段,22.99,都市：其他:第四種住宅區,14,1,持分移轉,00080015
RPTOMLSKRHJGFBG66DA,和平段,93.26,都市：其他:第四種住宅區,1,1,全筆移轉,00080026
RPPOMLTKRHJGFBG98DA,實踐一段,213.62,非都市：特定農業區 ; 非都市編定：農牧用地,1,1,全筆移轉,09110000
RPPNMLSKRHJGFAG78EA,永愛段,160.98,都市：其他:住宅區,10,3,持分移轉,04490000
RPPNMLSKRHJGFAG78EA,永愛段,29.09,都市：其他:住宅區,10,3,持分移轉,04520000
RPPNMLSKRHJGFAG78EA,永愛段,60.69,都市：其他:住宅區,10,3,持分移轉,04750000
RPQNMLSKRHJGFAG88EA,新西安段,18.06,非都市：鄉村區 ; 非都市編定：乙種建築用地,1,1,全筆移轉,00410000
RPQNMLSKRHJGFAG88EA,新西安段,65.33,非都市：鄉村區 ; 非都市編定：乙種建築用地,1,1,全筆移轉,00420000
RPQNMLSKRHJGFAG88EA,新西安段,20.64,非都市：鄉村區 ; 非都市編定：乙種建築用地,1,1,全筆移轉,00430000
RPROMLTJRHJGFAG98DA,公正段,96.00,都市：其他:住宅區,1,1,全筆移轉,01720000
RPSNMLTJRHJGFAG09EA,孝威二段,2.98,非都市：特定農業區 ; 非都市編定：甲種建築用地,1125,1,持分移轉,01760000
RPQNMLMLQHJGFAG18DA,長埤湖段,14320.21,非都市：山坡地保育區 ; 非都市編定：農牧用地,1,1,全筆移轉,01010000
RPSNMLMKRHJGFBG58EA,公園段,15.66,都市：其他:健康休閒專用區三,100000,714,持分移轉,01390000
RPUNMLTJRHJGFBG66DA,珍珠段,318.00,都市：其他:農業區,1,1,全筆移轉,01330000
RPRNMLTJRHJGFAG98EA,孝威二段,9.75,非都市：特定農業區 ; 非都市編定：甲種建築用地,1000000,2912,持分移轉,01760000
RPPOMLKMQHJGFAG08DA,利福段,123.64,非都市：鄉村區 ; 非都市編定：乙種建築用地,1,1,全筆移轉,02840000
RPUNMLPJQHJGFBG78DA,金七結段,13.22,都市：其他:道路用地,294,14,持分移轉,08820000
RPWOMLQJQHJGFBG56DA,外員段,83.37,都市：其他:住宅區,18,2,持分移轉,07310000
RPWOMLQJQHJGFBG56DA,外員段,1.60,都市：其他:住宅區,9,1,持分移轉,07420000
RPVOMLQKRHJGFBG66DA,大里段,59.35,都市：其他:乙種住宅區,1,1,全筆移轉,09490001
RPROMLNKRHJGFBG58DA,壯東段,24.92,非都市：特定農業區 ; 非都市編定：甲種建築用地,82860,3358,持分移轉,11010000
RPPOMLOJRHJGFBG38DA,協天段,14.60,都市：其他:住宅區,5,1,持分移轉,06060000
RPROMLNKRHJGFBG58DA,壯東段,87.00,非都市：特定農業區 ; 非都市編定：甲種建築用地,1,1,全筆移轉,11010015
RPPOMLOJRHJGFBG38DA,協天段,5.60,都市：其他:住宅區,5,1,持分移轉,06070000
RPTNMLNKRHJGFBG68DA,阿蘭城段,328.48,非都市：鄉村區 ; 非都市編定：乙種建築用地,1,1,全筆移轉,00130000
RPVOMLNKRHJGFBG98DA,協天段,119.00,都市：其他:住宅區,1,1,全筆移轉,07430000
RPSNMLNKRHJGFBG58DA,阿蘭城段,600.67,非都市：鄉村區 ; 非都市編定：乙種建築用地,1,1,全筆移轉,00150000
RPRNMLSKRHJGFBG98DA,拔雅林三段,1.36,都市：其他:住宅區,10,1,持分移轉,09110000
RPWNMLLJPHJGFAG38DA,鎮安段,394.64,都市：其他:住宅區,1,1,全筆移轉,03040000
RPWNMLLJPHJGFAG38DA,鎮安段,7.40,都市：其他:道路用地,1,1,全筆移轉,03040001
RPRNMLSKRHJGFBG98DA,拔雅林三段,101.24,都市：其他:住宅區,1,1,全筆移轉,09110002
RPWNMLLJPHJGFAG38DA,鎮安段,24.90,都市：其他:溝渠用地,1,1,全筆移轉,03040002
RPRNMLSKRHJGFBG98DA,拔雅林三段,3.37,都市：其他:住宅區,10,1,持分移轉,09110011
RPPOMLNJPHJGFBG08DA,進士二段,102.06,都市：其他:住宅區,1,1,全筆移轉,03020000
RPSOMLPJRHJGFBG78DA,黎明段,41.65,都市：其他:住宅區,10000,2802,持分移轉,04550000
RPPNMLQLQHJGFAG48DA,竹林一段,185.99,非都市：特定農業區 ; 非都市編定：甲種建築用地,1,1,全筆移轉,02330000
RPROMLNKRHJGFAG48DA,東和段,351.59,都市：其他:乙種工業區,1,1,全筆移轉,09270001
RPROMLNKRHJGFAG48DA,東和段,107.47,都市：其他:乙種工業區,1,1,全筆移轉,09300000
RPTNMLKKRHJGFBG38DA,南津段,753.32,都市：其他:農業區,1,1,全筆移轉,00300000
RPUNMLKKRHJGFBG58EA,大福一段,410.08,非都市：一般農業區 ; 非都市編定：農牧用地,2,1,持分移轉,05710000
RPXPMLNJRHJGFBG56DA,農權段,164.99,都市：其他:住宅區,1,1,全筆移轉,12370000
RPRNMLNJRHJGFAG28DA,義成七段,3397.23,都市：其他:農業區,1,1,全筆移轉,03440000
RPRNMLNJRHJGFAG28DA,義成七段,.20,都市：其他:部分住宅區部分農業區,1,1,全筆移轉,03440001
RPRNMLNJRHJGFAG28DA,義成七段,3.06,非都市：特定農業區 ; 非都市編定：甲種建築用地,1,1,全筆移轉,03450000
RPWNMLQKQHJGFAG09DA,隘城段,1747.90,都市：其他:乙種工業區,1,1,全筆移轉,10310000
RPWNMLQKQHJGFAG09DA,隘城段,672.50,都市：其他:乙種工業區,1,1,全筆移轉,10320000
RPWNMLQKQHJGFAG09DA,隘城段,229.53,都市：其他:乙種工業區,1,1,全筆移轉,10330000
RPPOMLNLQHJGFAG28DA,信義段,13.58,都市：其他:商業區,20000,478,持分移轉,00920000
RPWNMLQKQHJGFAG09DA,隘城段,3694.49,都市：其他:乙種工業區,1,1,全筆移轉,10400000
RPWNMLQKQHJGFAG09DA,隘城段,1045.46,都市：其他:溝渠用地,1,1,全筆移轉,10410000
RPQOMLPKRHJGFBG68DA,外員段,57.81,都市：其他:住宅區,100000,7785,持分移轉,05090000
RPPOMLNLQHJGFAG28DA,信義段,66.92,都市：其他:住宅區,20000,478,持分移轉,00940000
RPOOMLTJRHJGFBG78DA,壯志段,21.06,非都市：特定農業區 ; 非都市編定：甲種建築用地,33900,2106,持分移轉,10930001
RPOOMLTJRHJGFBG78DA,壯志段,58.00,非都市：特定農業區 ; 非都市編定：甲種建築用地,1,1,全筆移轉,10930007
RPOOMLTJRHJGFBG78DA,壯志段,68.67,非都市：特定農業區 ; 非都市編定：農牧用地,128100,6867,持分移轉,10940002
RPOOMLPKRHJGFBG48DA,外員段,37.85,都市：其他:住宅區,100000,5097,持分移轉,05090000
RPUNMLLKRHJGFBG58DA,五權段,1218.00,非都市：特定農業區 ; 非都市編定：農牧用地,1,1,全筆移轉,06920000
RPPOMLTJRHJGFBG88DA,壯志段,22.96,非都市：特定農業區 ; 非都市編定：甲種建築用地,33900,2296,持分移轉,10930001
RPPOMLTJRHJGFBG88DA,壯志段,55.00,非都市：特定農業區 ; 非都市編定：甲種建築用地,1,1,全筆移轉,10930013
RPPOMLTJRHJGFBG88DA,壯志段,68.67,非都市：特定農業區 ; 非都市編定：農牧用地,128100,6867,持分移轉,10940002
RPWNMLSKRHJGFBG86DA,壯志段,19.04,非都市：特定農業區 ; 非都市編定：甲種建築用地,33900,1904,持分移轉,10930001
RPWNMLSKRHJGFBG86DA,壯志段,60.00,非都市：特定農業區 ; 非都市編定：甲種建築用地,1,1,全筆移轉,10930003
RPWNMLSKRHJGFBG86DA,壯志段,68.67,非都市：特定農業區 ; 非都市編定：農牧用地,128100,6867,持分移轉,10940002
RPQOMLTJRHJGFBG98DA,壯志段,22.96,非都市：特定農業區 ; 非都市編定：甲種建築用地,33900,2296,持分移轉,10930001
RPQOMLTJRHJGFBG98DA,壯志段,55.00,非都市：特定農業區 ; 非都市編定：甲種建築用地,1,1,全筆移轉,10930016
RPQOMLTJRHJGFBG98DA,壯志段,97.86,非都市：特定農業區 ; 非都市編定：農牧用地,128100,9786,持分移轉,10940002
RPOPMLPKRHJGFBG58DA,外員段,37.85,都市：其他:住宅區,100000,5097,持分移轉,05090000
RPXNMLSKRHJGFBG96DA,壯志段,22.50,非都市：特定農業區 ; 非都市編定：甲種建築用地,33900,2250,持分移轉,10930001
RPXNMLTJRHJGFBG96DA,壯志段,22.96,非都市：特定農業區 ; 非都市編定：甲種建築用地,33900,2296,持分移轉,10930001
RPPSMLLLQHJGFBG58DA,南津段,22.19,都市：其他:農業區,1,1,全筆移轉,01890026
RPXNMLSKRHJGFBG96DA,壯志段,62.00,非都市：特定農業區 ; 非都市編定：甲種建築用地,1,1,全筆移轉,10930002
RPXNMLSKRHJGFBG96DA,壯志段,84.87,非都市：特定農業區 ; 非都市編定：農牧用地,128100,8487,持分移轉,10940002
RPXNMLTJRHJGFBG96DA,壯志段,55.00,非都市：特定農業區 ; 非都市編定：甲種建築用地,1,1,全筆移轉,10930014
RPXNMLTJRHJGFBG96DA,壯志段,68.67,非都市：特定農業區 ; 非都市編定：農牧用地,128100,6867,持分移轉,10940002
RPPSMLLLQHJGFBG58DA,南津段,59.67,都市：其他:農業區,1,1,全筆移轉,01890027
RPPSMLLLQHJGFBG58DA,南津段,6.36,都市：其他:農業區,16,1,持分移轉,01900001
RPPSMLLLQHJGFBG58DA,南津段,1.33,都市：其他:農業區,16,1,持分移轉,01900002
RPWNMLTJRHJGFBG86DA,壯志段,98.00,非都市：特定農業區 ; 非都市編定：甲種建築用地,1,1,全筆移轉,10930000
RPWNMLTJRHJGFBG86DA,壯志段,22.50,非都市：特定農業區 ; 非都市編定：甲種建築用地,33900,2250,持分移轉,10930001
RPROMLTJRHJGFBG09DA,壯志段,18.30,非都市：特定農業區 ; 非都市編定：甲種建築用地,33900,1830,持分移轉,10930001
RPWNMLTJRHJGFBG86DA,壯志段,182.87,非都市：特定農業區 ; 非都市編定：農牧用地,128100,18287,持分移轉,10940002
RPROMLTJRHJGFBG09DA,壯志段,69.00,非都市：特定農業區 ; 非都市編定：甲種建築用地,1,1,全筆移轉,10930011
RPROMLTJRHJGFBG09DA,壯志段,68.67,非都市：特定農業區 ; 非都市編定：農牧用地,128100,6867,持分移轉,10940002
RPSOMLPKRHJGFBG88DA,外員段,37.85,都市：其他:住宅區,100000,5097,持分移轉,05090000
RPWOMLTJRHJGFBG96DA,玉田段,36.85,非都市：特定農業區 ; 非都市編定：甲種建築用地,50000,1035,持分移轉,08660001
RPQNMLQKRHJGFBG68DA,外員段,41.68,都市：其他:住宅區,200000,11226,持分移轉,05090000
RPROMLPKRHJGFBG78DA,外員段,48.31,都市：其他:住宅區,100000,6505,持分移轉,05090000
RPPOMLPKRHJGFBG58DA,外員段,41.68,都市：其他:住宅區,100000,5613,持分移轉,05090000
RPWQMLLLQHJGFBG09DA,南津段,15.11,都市：其他:農業區,1,1,全筆移轉,01890010
RPWQMLLLQHJGFBG09DA,南津段,67.04,都市：其他:農業區,1,1,全筆移轉,01890011
RPWQMLLLQHJGFBG09DA,南津段,6.36,都市：其他:農業區,16,1,持分移轉,01900001
RPWQMLLLQHJGFBG09DA,南津段,1.33,都市：其他:農業區,16,1,持分移轉,01900002
RPOSMLLLQHJGFBG48DA,南津段,67.52,都市：其他:農業區,1,1,全筆移轉,01890004
RPOSMLLLQHJGFBG48DA,南津段,15.11,都市：其他:農業區,1,1,全筆移轉,01890005
RPOSMLLLQHJGFBG48DA,南津段,6.36,都市：其他:農業區,16,1,持分移轉,01900001
RPOSMLLLQHJGFBG48DA,南津段,1.33,都市：其他:農業區,16,1,持分移轉,01900002
RPXOMLPKRHJGFBG76DA,外員段,41.68,都市：其他:住宅區,100000,5613,持分移轉,05090000
RPUOMLPKRHJGFBG09DA,外員段,57.81,都市：其他:住宅區,100000,7785,持分移轉,05090000
RPWOMLPKRHJGFBG66DA,外員段,57.81,都市：其他:住宅區,100000,7785,持分移轉,05090000
RPVOMLPKRHJGFBG56DA,外員段,48.31,都市：其他:住宅區,100000,6505,持分移轉,05090000
RPPPMLPKRHJGFBG68DA,外員段,48.31,都市：其他:住宅區,100000,6505,持分移轉,05090000
RPPQMLLLQHJGFBG38DA,南津段,15.11,都市：其他:農業區,1,1,全筆移轉,01890014
RPPQMLLLQHJGFBG38DA,南津段,66.47,都市：其他:農業區,1,1,全筆移轉,01890015
RPPQMLLLQHJGFBG38DA,南津段,6.36,都市：其他:農業區,32,2,持分移轉,01900001
RPPQMLLLQHJGFBG38DA,南津段,1.33,都市：其他:農業區,32,2,持分移轉,01900002
RPORMLLLQHJGFBG38DA,南津段,15.11,都市：其他:農業區,1,1,全筆移轉,01890018
RPORMLLLQHJGFBG38DA,南津段,66.09,都市：其他:農業區,1,1,全筆移轉,01890019
RPORMLLLQHJGFBG38DA,南津段,6.36,都市：其他:農業區,16,1,持分移轉,01900001
RPORMLLLQHJGFBG38DA,南津段,1.33,都市：其他:農業區,16,1,持分移轉,01900002
RPSQMLLLQHJGFBG68DA,南津段,77.05,都市：其他:農業區,1,1,全筆移轉,01890024
RPSQMLLLQHJGFBG68DA,南津段,21.66,都市：其他:農業區,1,1,全筆移轉,01890025
RPSQMLLLQHJGFBG68DA,南津段,6.36,都市：其他:農業區,16,1,持分移轉,01900001
RPSQMLLLQHJGFBG68DA,南津段,1.33,都市：其他:農業區,16,1,持分移轉,01900002
RPQPMLPKRHJGFBG78DA,外員段,57.81,都市：其他:住宅區,100000,7785,持分移轉,05090000
RPXRMLLLQHJGFBG66DA,南津段,15.22,都市：其他:農業區,1,1,全筆移轉,01890022
RPXRMLLLQHJGFBG66DA,南津段,65.40,都市：其他:農業區,1,1,全筆移轉,01890023
RPXRMLLLQHJGFBG66DA,南津段,6.36,都市：其他:農業區,16,1,持分移轉,01900001
RPXRMLLLQHJGFBG66DA,南津段,1.33,都市：其他:農業區,16,1,持分移轉,01900002
RPTQMLLLQHJGFBG78DA,南津段,22.86,都市：其他:農業區,1,1,全筆移轉,01890030
RPTQMLLLQHJGFBG78DA,南津段,99.12,都市：其他:農業區,1,1,全筆移轉,01890031
RPTQMLLLQHJGFBG78DA,南津段,6.36,都市：其他:農業區,16,1,持分移轉,01900001
RPTQMLLLQHJGFBG78DA,南津段,1.33,都市：其他:農業區,16,1,持分移轉,01900002
RPOQMLLLQHJGFBG28DA,南津段,66.95,都市：其他:農業區,1,1,全筆移轉,01890008
RPOQMLLLQHJGFBG28DA,南津段,15.11,都市：其他:農業區,1,1,全筆移轉,01890009
RPOQMLLLQHJGFBG28DA,南津段,6.36,都市：其他:農業區,16,1,持分移轉,01900001
RPOQMLLLQHJGFBG28DA,南津段,1.33,都市：其他:農業區,16,1,持分移轉,01900002
RPUQMLLLQHJGFBG88DA,南津段,15.35,都市：其他:農業區,1,1,全筆移轉,01890002
RPUQMLLLQHJGFBG88DA,南津段,63.68,都市：其他:農業區,1,1,全筆移轉,01890003
RPUQMLLLQHJGFBG88DA,南津段,6.36,都市：其他:農業區,16,1,持分移轉,01900001
RPUQMLLLQHJGFBG88DA,南津段,1.33,都市：其他:農業區,16,1,持分移轉,01900002
RPVRMLLLQHJGFBG09DA,南津段,15.11,都市：其他:農業區,1,1,全筆移轉,01890006
RPVRMLLLQHJGFBG09DA,南津段,67.43,都市：其他:農業區,1,1,全筆移轉,01890007
RPVRMLLLQHJGFBG09DA,南津段,6.36,都市：其他:農業區,16,1,持分移轉,01900001
RPVRMLLLQHJGFBG09DA,南津段,1.33,都市：其他:農業區,16,1,持分移轉,01900002
RPTOMLLMQHJGFBG68DA,金六結五段,18.62,都市：其他:商業區,100000,11122,持分移轉,08190000
RPXQMLLLQHJGFBG56DA,南津段,66.57,都市：其他:農業區,1,1,全筆移轉,01890012
RPXQMLLLQHJGFBG56DA,南津段,15.11,都市：其他:農業區,1,1,全筆移轉,01890013
RPXQMLLLQHJGFBG56DA,南津段,6.36,都市：其他:農業區,16,1,持分移轉,01900001
RPXQMLLLQHJGFBG56DA,南津段,1.33,都市：其他:農業區,16,1,持分移轉,01900002
RPROMLLMQHJGFBG48DA,金六結五段,17.88,都市：其他:商業區,100000,10681,持分移轉,08190000
RPURMLLLQHJGFBG98DA,南津段,63.20,都市：其他:農業區,1,1,全筆移轉,01890028
RPURMLLLQHJGFBG98DA,南津段,22.86,都市：其他:農業區,1,1,全筆移轉,01890029
RPURMLLLQHJGFBG98DA,南津段,6.36,都市：其他:農業區,16,1,持分移轉,01900001
RPURMLLLQHJGFBG98DA,南津段,1.33,都市：其他:農業區,16,1,持分移轉,01900002
RPQRMLLLQHJGFBG58DA,南津段,65.55,都市：其他:農業區,1,1,全筆移轉,01890020
RPQRMLLLQHJGFBG58DA,南津段,15.17,都市：其他:農業區,1,1,全筆移轉,01890021
RPQRMLLLQHJGFBG58DA,南津段,6.36,都市：其他:農業區,16,1,持分移轉,01900001
RPQRMLLLQHJGFBG58DA,南津段,1.33,都市：其他:農業區,16,1,持分移轉,01900002
RPSOMLLMQHJGFBG58DA,金六結五段,17.88,都市：其他:商業區,100000,10681,持分移轉,08190000
RPVNMLLMQHJGFBG78DA,金六結五段,21.41,都市：其他:商業區,100000,12788,持分移轉,08190000
RPXNMLLMQHJGFBG98DA,金六結五段,18.62,都市：其他:商業區,100000,11122,持分移轉,08190000
RPPNMLNKRHJGFBG28DA,深福段,997.22,非都市：特定農業區 ; 非都市編定：甲種建築用地,1,1,全筆移轉,00730000
RPPNMLNKRHJGFBG28DA,深福段,91.96,非都市：特定農業區 ; 非都市編定：甲種建築用地,1,1,全筆移轉,00730002
RPPNMLNKRHJGFBG28DA,深福段,10.90,非都市：特定農業區 ; 非都市編定：甲種建築用地,1,1,全筆移轉,00730004
RPXOMLQKQHJGFBG76DA,雙福段,21.44,都市：其他:住宅區,1000000,19167,持分移轉,05630000
RPXOMLQKQHJGFBG76DA,雙福段,.40,都市：其他:道路用地,1000000,19167,持分移轉,05640000
RPSNMLMLQHJGFBG48DA,雙福段,25.46,都市：其他:住宅區,1000000,22764,持分移轉,05630000
RPSNMLMLQHJGFBG48DA,雙福段,.48,都市：其他:道路用地,1000000,22764,持分移轉,05640000
RPTNMLMLQHJGFBG58DA,雙福段,27.78,都市：其他:住宅區,1000000,24839,持分移轉,05630000
RPTNMLMLQHJGFBG58DA,雙福段,.52,都市：其他:道路用地,1000000,24839,持分移轉,05640000
RPOOMLTLQHJGFBG88DA,雙福段,27.78,都市：其他:住宅區,1000000,24836,持分移轉,05630000
RPOOMLTLQHJGFBG88DA,雙福段,.52,都市：其他:道路用地,1000000,24836,持分移轉,05640000
