﻿編號,土地位置,土地移轉面積平方公尺,使用分區或編定,權利人持分分母,權利人持分分子,移轉情形,地號
The serial number, land position,land shifting area square meter,the use zoning or compiles and checks,,,,land parcel
RPPNMLPKQHJGFAG28CB,永愛段,26.50,都市：住,100000,2241,持分移轉,09180000
RPPNMLPKQHJGFAG28CB,永愛段,5.54,都市：住,100000,1326,持分移轉,09180001
RPPNMLPKQHJGFAG28CB,永愛段,3.28,都市：住,100000,1326,持分移轉,09180018
RPQNMLPKQHJGFBG48CB,茄苳林段,68.54,非都市：特定農業區 ; 非都市編定：甲種建築用地,1,1,全筆移轉,03190006
RPQNMLPKQHJGFBG48CB,茄苳林段,41.71,非都市：特定農業區 ; 非都市編定：農牧用地,83547,4171,持分移轉,03210000
RPQNMLPKQHJGFBG48CB,茄苳林段,19.80,非都市：特定農業區 ; 非都市編定：甲種建築用地,1,1,全筆移轉,03190015
RPQNMLOKQHJGFAG28CB,丸山段,38.44,非都市：特定農業區 ; 非都市編定：甲種建築用地,100000,3620,持分移轉,00620000
RPRNMLTKQHJGFAG88CB,東光段,12.90,都市：商,10000,1194,持分移轉,08580000
RPRNMLTKQHJGFAG88CB,東光段,2.51,都市：商,10000,1194,持分移轉,08580003
RPRNMLTKQHJGFAG88CB,東光段,10.15,都市：商,10000,1194,持分移轉,08580004
RPRNMLTKQHJGFAG88CB,東光段,1.43,都市：住,10000,1194,持分移轉,08580005
RPSNMLPKQHJGFBG68CB,新生段,41.76,都市：住,100000,1554,持分移轉,00590000
RPPNMLRKQHJGFAG48CB,永愛段,19.57,都市：住,100000,1655,持分移轉,09180000
RPPNMLRKQHJGFAG48CB,永愛段,4.09,都市：住,100000,979,持分移轉,09180001
RPPNMLRKQHJGFAG48CB,永愛段,2.42,都市：住,100000,979,持分移轉,09180018
RPTNMLMKQHJGFAG38CB,猴猴段,61.42,非都市：特定農業區 ; 非都市編定：甲種建築用地,1,1,全筆移轉,10560019
RPTNMLMKQHJGFAG38CB,猴猴段,13.80,非都市：特定農業區 ; 非都市編定：甲種建築用地,1,1,全筆移轉,10560032
RPPNMLPKQHJGFBG38CB,茄苳林段,68.54,非都市：特定農業區 ; 非都市編定：甲種建築用地,1,1,全筆移轉,03190003
RPPNMLPKQHJGFBG38CB,茄苳林段,52.05,非都市：特定農業區 ; 非都市編定：農牧用地,83547,5205,持分移轉,03210000
RPPNMLPKQHJGFBG38CB,茄苳林段,19.80,非都市：特定農業區 ; 非都市編定：甲種建築用地,1,1,全筆移轉,03190012
RPPNMLTKQHJGFAG68CB,十六份新段,26.57,非都市：特定農業區 ; 非都市編定：甲種建築用地,100000,4081,持分移轉,00590000
RPPNMLTKQHJGFAG68CB,十六份新段,.46,非都市：特定農業區 ; 非都市編定：甲種建築用地,100000,4081,持分移轉,00590003
RPPNMLTKQHJGFAG68CB,十六份新段,17.81,非都市：特定農業區 ; 非都市編定：甲種建築用地,100000,4081,持分移轉,00600000
RPPNMLTKQHJGFAG68CB,十六份新段,.03,非都市：特定農業區 ; 非都市編定：甲種建築用地,100000,4081,持分移轉,00600001
RPRNMLKLQHJGFAG08CB,國民一段,39.38,非都市：特定農業區 ; 非都市編定：甲種建築用地,213953,3938,持分移轉,04480000
RPRNMLKLQHJGFAG08CB,國民一段,.11,非都市：特定農業區 ; 非都市編定：甲種建築用地,615,11,持分移轉,04480001
RPUNMLKLQHJGFAG38CB,國民一段,51.91,非都市：特定農業區 ; 非都市編定：甲種建築用地,213953,5191,持分移轉,04480000
RPUNMLKLQHJGFAG38CB,國民一段,.15,非都市：特定農業區 ; 非都市編定：甲種建築用地,615,15,持分移轉,04480001
RPUNMLLLQHJGFBG58CB,新生段,70.76,都市：住,1,1,全筆移轉,05490005
RPSNMLTKQHJGFBG09CB,武營段,34.14,都市：住,113974,6421,持分移轉,05350000
RPVNMLKLQHJGFAG48CB,國民一段,51.90,非都市：特定農業區 ; 非都市編定：甲種建築用地,213953,5190,持分移轉,04480000
RPVNMLKLQHJGFAG48CB,國民一段,.15,非都市：特定農業區 ; 非都市編定：甲種建築用地,615,15,持分移轉,04480001
RPPNMLQLQHJGFAG48CB,協和一段,39.19,非都市：特定農業區 ; 非都市編定：甲種建築用地,70147,4171,持分移轉,02070000
RPPNMLQLQHJGFAG48CB,協和一段,2.52,非都市：特定農業區 ; 非都市編定：甲種建築用地,70147,4171,持分移轉,02090001
RPQNMLMLQHJGFBG38DB,壯東段,62.72,非都市：特定農業區 ; 非都市編定：甲種建築用地,1,1,全筆移轉,05300001
RPQNMLMLQHJGFBG38DB,壯東段,15.00,非都市：特定農業區 ; 非都市編定：甲種建築用地,1,1,全筆移轉,05300002
RPQNMLMLQHJGFBG28CB,新打馬煙段,58.47,非都市：鄉村區 ; 非都市編定：乙種建築用地,1,1,全筆移轉,04330000
RPQNMLMLQHJGFBG28CB,新打馬煙段,21.29,非都市：鄉村區 ; 非都市編定：乙種建築用地,1,1,全筆移轉,04330002
RPQNMLNLQHJGFBG38CB,新洲子段,38.69,非都市：特定農業區 ; 非都市編定：甲種建築用地,100000,1804,持分移轉,01130000
RPQNMLNLQHJGFBG38CB,新洲子段,2.53,非都市：特定農業區 ; 非都市編定：甲種建築用地,56,1,持分移轉,01130001
RPPNMLMLQHJGFBG28DB,壯東段,65.52,非都市：特定農業區 ; 非都市編定：甲種建築用地,1,1,全筆移轉,05300021
RPPNMLMLQHJGFBG28DB,壯東段,17.10,非都市：特定農業區 ; 非都市編定：甲種建築用地,1,1,全筆移轉,05300022
RPPNMLMLQHJGFBG28DB,壯東段,43.48,非都市：特定農業區 ; 非都市編定：甲種建築用地,1,1,全筆移轉,05300023
RPTNMLQLQHJGFAG88CB,新隆恩段,57.55,非都市：特定農業區 ; 非都市編定：甲種建築用地,1,1,全筆移轉,04010030
RPTNMLQLQHJGFAG88CB,新隆恩段,14.40,非都市：特定農業區 ; 非都市編定：甲種建築用地,1,1,全筆移轉,04010029
RPTNMLQLQHJGFAG88CB,新隆恩段,.74,非都市：特定農業區 ; 非都市編定：甲種建築用地,100000,5555,持分移轉,04010018
RPTNMLQLQHJGFAG88CB,新隆恩段,31.84,非都市：特定農業區 ; 非都市編定：農牧用地,100000,5555,持分移轉,03610002
RPSNMLRLQHJGFAG88CB,季寶段,65.01,非都市：鄉村區 ; 非都市編定：乙種建築用地,1,1,全筆移轉,06620076
RPSNMLRLQHJGFAG88CB,季寶段,29.12,非都市：鄉村區 ; 非都市編定：乙種建築用地,1,1,全筆移轉,06620075
RPSNMLRLQHJGFAG88CB,季寶段,7.71,非都市：鄉村區 ; 非都市編定：乙種建築用地,1,1,全筆移轉,06620074
RPSNMLRLQHJGFAG88CB,季寶段,.59,非都市：鄉村區 ; 非都市編定：乙種建築用地,30,1,持分移轉,06710002
RPSNMLRLQHJGFAG88CB,季寶段,.28,非都市：鄉村區 ; 非都市編定：乙種建築用地,30,1,持分移轉,06620068
RPSNMLRLQHJGFAG88CB,季寶段,1.21,非都市：鄉村區 ; 非都市編定：乙種建築用地,30,1,持分移轉,06620028
RPSNMLRLQHJGFAG88CB,季寶段,1.33,非都市：鄉村區 ; 非都市編定：乙種建築用地,30,1,持分移轉,06620029
RPSNMLRLQHJGFAG88CB,季寶段,.90,非都市：鄉村區 ; 非都市編定：乙種建築用地,30,1,持分移轉,06620038
RPSNMLRLQHJGFAG88CB,季寶段,.22,非都市：鄉村區 ; 非都市編定：乙種建築用地,30,1,持分移轉,06620018
RPSNMLRLQHJGFAG88CB,季寶段,.21,非都市：鄉村區 ; 非都市編定：乙種建築用地,30,1,持分移轉,06620019
RPPNMLRLQHJGFBG68CB,新生段,35.99,都市：住,10000,314,持分移轉,05490000
RPPNMLRLQHJGFBG68CB,新生段,3.72,都市：住,10000,314,持分移轉,05490001
RPPNMLRLQHJGFBG68CB,新生段,.13,都市：住,10000,314,持分移轉,05490009
RPQNMLRLQHJGFAG68CB,季寶段,65.62,非都市：鄉村區 ; 非都市編定：乙種建築用地,1,1,全筆移轉,06620049
RPQNMLRLQHJGFAG68CB,季寶段,13.95,非都市：鄉村區 ; 非都市編定：乙種建築用地,1,1,全筆移轉,06620048
RPQNMLRLQHJGFAG68CB,季寶段,.59,非都市：鄉村區 ; 非都市編定：乙種建築用地,30,1,持分移轉,06710002
RPQNMLRLQHJGFAG68CB,季寶段,.28,非都市：鄉村區 ; 非都市編定：乙種建築用地,30,1,持分移轉,06620068
RPQNMLRLQHJGFAG68CB,季寶段,1.21,非都市：鄉村區 ; 非都市編定：乙種建築用地,30,1,持分移轉,06620028
RPQNMLRLQHJGFAG68CB,季寶段,1.33,非都市：鄉村區 ; 非都市編定：乙種建築用地,30,1,持分移轉,06620029
RPQNMLRLQHJGFAG68CB,季寶段,.90,非都市：鄉村區 ; 非都市編定：乙種建築用地,30,1,持分移轉,06620038
RPQNMLRLQHJGFAG68CB,季寶段,.22,非都市：鄉村區 ; 非都市編定：乙種建築用地,30,1,持分移轉,06620018
RPQNMLRLQHJGFAG68CB,季寶段,.21,非都市：鄉村區 ; 非都市編定：乙種建築用地,30,1,持分移轉,06620019
RPPNMLMJRHJGFAG97CB,新隆恩段,50.43,非都市：特定農業區 ; 非都市編定：甲種建築用地,1,1,全筆移轉,04010022
RPPNMLMJRHJGFAG97CB,新隆恩段,21.52,非都市：特定農業區 ; 非都市編定：甲種建築用地,1,1,全筆移轉,04010021
RPQNMLTLQHJGFBG98CB,玉田段,59.00,非都市：特定農業區 ; 非都市編定：甲種建築用地,1,1,全筆移轉,04780058
RPPNMLMJRHJGFAG97CB,新隆恩段,.74,非都市：特定農業區 ; 非都市編定：甲種建築用地,100000,5555,持分移轉,04010018
RPQNMLTLQHJGFBG98CB,玉田段,14.00,非都市：特定農業區 ; 非都市編定：甲種建築用地,1,1,全筆移轉,04780059
RPPNMLMJRHJGFAG97CB,新隆恩段,31.84,非都市：特定農業區 ; 非都市編定：農牧用地,100000,5555,持分移轉,03610002
RPQNMLTLQHJGFBG98CB,玉田段,5.57,非都市：特定農業區 ; 非都市編定：甲種建築用地,51,1,持分移轉,04780013
RPPNMLLJRHJGFBG97CB,新金山段,11.34,非都市：特定農業區 ; 非都市編定：甲種建築用地,87337,1134,持分移轉,00830001
RPPNMLLJRHJGFBG97CB,新金山段,1.10,非都市：特定農業區 ; 非都市編定：甲種建築用地,2555,110,持分移轉,00830000
RPTNMLNJRHJGFAG48CB,北成段,20.29,都市：住,100000,968,持分移轉,00250000
RPTNMLNJRHJGFAG48CB,北成段,.29,都市：住,100000,968,持分移轉,00250001
RPTNMLNJRHJGFAG48CB,北成段,.25,都市：住,100000,968,持分移轉,00250002
RPRNMLNJRHJGFAG28CB,北成段,19.83,都市：住,100000,946,持分移轉,00250000
RPRNMLNJRHJGFAG28CB,北成段,.28,都市：住,100000,946,持分移轉,00250001
RPRNMLNJRHJGFAG28CB,北成段,.25,都市：住,100000,946,持分移轉,00250002
RPSNMLNJRHJGFAG38CB,北成段,19.83,都市：住,100000,946,持分移轉,00250000
RPSNMLNJRHJGFAG38CB,北成段,.28,都市：住,100000,946,持分移轉,00250001
RPSNMLNJRHJGFAG38CB,北成段,.25,都市：住,100000,946,持分移轉,00250002
RPUNMLQJRHJGFAG88CB,大吉三段,137.57,非都市：特定農業區 ; 非都市編定：甲種建築用地,1,1,全筆移轉,05690013
RPUNMLQJRHJGFAG88CB,大吉三段,20.02,非都市：特定農業區 ; 非都市編定：農牧用地,13,1,持分移轉,04450000
RPUNMLQJRHJGFAG88CB,大吉三段,19.67,非都市：特定農業區 ; 非都市編定：農牧用地,130000,4286,持分移轉,05010000
RPUNMLQJRHJGFAG88CB,大吉三段,196.39,非都市：特定農業區 ; 非都市編定：農牧用地,13,1,持分移轉,05680000
RPUNMLQJRHJGFAG88CB,大吉三段,282.63,非都市：特定農業區 ; 非都市編定：農牧用地,13,1,持分移轉,05680001
RPPNMLOJRHJGFBG28CB,美城段,44.38,非都市：特定農業區 ; 非都市編定：甲種建築用地,10000,433,持分移轉,02800000
RPPNMLOJRHJGFBG28CB,美城段,1.69,非都市：特定農業區 ; 非都市編定：甲種建築用地,10000,433,持分移轉,02800010
RPPNMLOJRHJGFBG28CB,美城段,17.00,非都市：特定農業區 ; 非都市編定：甲種建築用地,1,1,全筆移轉,02800007
RPQNMLQJRHJGFAG48CB,國民二段,32.58,非都市：特定農業區 ; 非都市編定：甲種建築用地,1000000,12431,持分移轉,08930000
RPQNMLQJRHJGFAG48CB,國民二段,6.06,非都市：特定農業區 ; 非都市編定：甲種建築用地,1000000,12431,持分移轉,08930001
RPQNMLQJRHJGFAG48CB,國民二段,14.64,非都市：特定農業區 ; 非都市編定：農牧用地,1000000,6092,持分移轉,08960000
RPQNMLQJRHJGFAG48CB,國民二段,4.38,非都市：特定農業區 ; 非都市編定：農牧用地,1000000,2471,持分移轉,09000000
RPQNMLQJRHJGFAG48CB,國民二段,33.38,非都市：特定農業區 ; 非都市編定：農牧用地,56,1,持分移轉,08900000
RPVNMLQJRHJGFAG98CB,大吉三段,167.41,非都市：特定農業區 ; 非都市編定：甲種建築用地,1,1,全筆移轉,05690014
RPVNMLQJRHJGFAG98CB,大吉三段,20.02,非都市：特定農業區 ; 非都市編定：農牧用地,13,1,持分移轉,04450000
RPVNMLQJRHJGFAG98CB,大吉三段,19.67,非都市：特定農業區 ; 非都市編定：農牧用地,130000,4286,持分移轉,05010000
RPVNMLQJRHJGFAG98CB,大吉三段,196.39,非都市：特定農業區 ; 非都市編定：農牧用地,13,1,持分移轉,05680000
RPVNMLQJRHJGFAG98CB,大吉三段,282.63,非都市：特定農業區 ; 非都市編定：農牧用地,13,1,持分移轉,05680001
RPPNMLRJRHJGFAG48CB,思村段,15.72,都市：住,10000,34,持分移轉,02080000
RPRNMLQJRHJGFAG68DB,義德段,103.15,都市：農,20639,10315,持分移轉,07230000
RPRNMLTJRHJGFAG88CB,國民二段,38.65,非都市：特定農業區 ; 非都市編定：甲種建築用地,1000000,14748,持分移轉,08930000
RPRNMLTJRHJGFAG88CB,國民二段,7.19,非都市：特定農業區 ; 非都市編定：甲種建築用地,1000000,14748,持分移轉,08930001
RPRNMLTJRHJGFAG88CB,國民二段,34.34,非都市：特定農業區 ; 非都市編定：農牧用地,1000000,14292,持分移轉,08960000
RPRNMLTJRHJGFAG88CB,國民二段,4.38,非都市：特定農業區 ; 非都市編定：農牧用地,1000000,2471,持分移轉,09000000
RPUNMLTJRHJGFAG56CB,蘇聖段,13.91,都市：住,10000,535,持分移轉,10730000
RPUNMLTJRHJGFAG56CB,蘇聖段,26.11,都市：住,10000,535,持分移轉,10730004
RPTNMLTJRHJGFAG09CB,蘇聖段,13.84,都市：住,10000,532,持分移轉,10730000
RPTNMLTJRHJGFAG09CB,蘇聖段,25.97,都市：住,10000,532,持分移轉,10730004
RPSNMLLKRHJGFAG28CB,思村段,17.11,都市：住,10000,37,持分移轉,02080000
RPRNMLLKRHJGFAG18CB,思村段,18.96,都市：住,10000,41,持分移轉,02080000
RPQNMLLKRHJGFAG08CB,思村段,18.96,都市：住,10000,41,持分移轉,02080000
RPRNMLSKRHJGFBG98CB,建業段,16.59,都市：住,1000000,30171,持分移轉,00290001
RPRNMLSKRHJGFBG98CB,建業段,42.64,都市：住,1000000,30171,持分移轉,00300000
RPQNMLTJRHJGFBG88CB,中崙段,18.00,非都市：特定農業區 ; 非都市編定：甲種建築用地,1,1,全筆移轉,07010005
RPQNMLTJRHJGFBG88CB,中崙段,88.95,非都市：特定農業區 ; 非都市編定：甲種建築用地,1,1,全筆移轉,07010010
RPQNMLTJRHJGFBG88CB,中崙段,10.12,非都市：特定農業區 ; 非都市編定：甲種建築用地,1,1,全筆移轉,07010011
RPTNMLSKRHJGFBG56CB,振興段,1.24,都市：農,10,1,持分移轉,14170005
RPTNMLSKRHJGFBG56CB,振興段,58.00,都市：農,1,1,全筆移轉,14180004
RPTNMLSKRHJGFBG56CB,振興段,16.00,都市：農,1,1,全筆移轉,14180005
RPSNMLSKRHJGFBG09CB,建業段,17.14,都市：住,1000000,31162,持分移轉,00290001
RPSNMLSKRHJGFBG09CB,建業段,44.04,都市：住,1000000,31162,持分移轉,00300000
