﻿鄉鎮市區,交易標的,土地位置建物門牌,土地移轉總面積平方公尺,都市土地使用分區,非都市土地使用分區,非都市土地使用編定,交易年月日,交易筆棟數,移轉層次,總樓層數,建物型態,主要用途,主要建材,建築完成年月,建物移轉總面積平方公尺,建物現況格局-房,建物現況格局-廳,建物現況格局-衛,建物現況格局-隔間,有無管理組織,總價元,單價元平方公尺,車位類別,車位移轉總面積平方公尺,車位總價元,備註,編號,主建物面積,附屬建物面積,陽台面積,電梯,移轉編號
The villages and towns urban district,transaction sign,land sector position building sector house number plate,land shifting total area square meter,the use zoning or compiles and checks,the non-metropolis land use district,non-metropolis land use,transaction year month and day,transaction pen number,shifting level,total floor number,building state,main use,main building materials,construction to complete the years,building shifting total area,Building present situation pattern - room,building present situation pattern - hall,building present situation pattern - health,building present situation pattern - compartmented,Whether there is manages the organization,total price NTD,the unit price (NTD / square meter),the berth category,berth shifting total area square meter,the berth total price NTD,the note,serial number,main building area,auxiliary building area,balcony area,elevator,transaction number
羅東鎮,土地,東安段762地號,21.0,都市：其他:道路用地,,,1130902,土地1建物0車位0,,,其他,,,,0.0,0,0,0,無,無,1080000,51429,,0.0,0,包含公共設施保留地用地；,RPTNMLQJRHJGFAG78DA,0.0,0.0,0.0,無,
五結鄉,房地(土地+建物),宜蘭縣五結鄉公園二路１４８號,3136.04,,特定農業區,農牧用地,1130909,土地1建物1車位0,全,二層,透天厝,農業用,鋼筋混凝土造,0951127,524.54,9,3,10,有,無,63000000,120105,,0.0,0,,RPTOMLTJRHJGFAG56DA,489.17,22.86,12.51,無,
羅東鎮,房地(土地+建物),宜蘭縣羅東鎮北投街１６１號,47.2,,特定農業區,甲種建築用地,1130903,土地2建物1車位0,一層,四層,公寓(5樓含以下無電梯),住家用,鋼筋混凝土造,1090420,81.37,2,1,1,有,無,5400000,66364,,0.0,0,,RPPNMLMKRHJGFAG18EA,67.72,0.0,0.0,無,001
冬山鄉,房地(土地+建物),宜蘭縣冬山鄉鹿埔路３２號,103.21,,特定農業區,甲種建築用地,1130903,土地1建物1車位0,全,二層,透天厝,住家用,鋼筋混凝土加強磚造,0700122,121.9,2,1,2,有,無,4000000,32814,,0.0,0,,RPVOMLNKRHJGFAG88DA,121.9,0.0,0.0,無,
冬山鄉,房地(土地+建物),宜蘭縣冬山鄉冬山路五段２９７巷１弄１５號,65.27,住,,,1130901,土地1建物1車位0,全,二層,透天厝,住家用,鋼筋混凝土加強磚造,0610226,96.67,3,2,2,有,無,9300000,96204,,0.0,0,二樓後方及三樓鐵皮屋增建。其他增建；,RPRNMLTJRHJGFAG88DA,96.67,0.0,0.0,無,
礁溪鄉,房地(土地+建物),宜蘭縣礁溪鄉信義路３４巷６號八樓之三十五,6.13,商,,,1130902,土地2建物1車位0,八層,十三層,住宅大樓(11層含以上有電梯),辦公用,鋼筋混凝土造,0971231,56.11,2,1,1,有,有,5220000,93032,,0.0,0,夾層；,RPOPMLOKRHJGFBG48DA,30.34,1.48,0.0,有,002
宜蘭市,房地(土地+建物)+車位,宜蘭縣宜蘭市陽明三路５６號四樓,28.28,都市：其他:住宅區,,,1130901,土地5建物1車位2,四層,七層,華廈(10層含以下有電梯),住家用,鋼筋混凝土造,0850215,169.91,3,2,2,有,有,9500000,55912,升降平面,0.0,0,,RPPOMLQKRHJGFBG68DA,102.01,1.16,11.4,有,
五結鄉,土地,百福段342地號,43.26,都市：其他:道路用地,,,1130902,土地2建物0車位0,,,其他,,,,0.0,0,0,0,無,無,1600000,36986,,0.0,0,包含公共設施保留地用地；,RPPNMLRKRHJGFAG58DA,0.0,0.0,0.0,無,
礁溪鄉,房地(土地+建物),宜蘭縣礁溪鄉白石腳路９８號二樓之二,33.67,,一般農業區,甲種建築用地,1130814,土地1建物1車位0,二層,四層,華廈(10層含以下有電梯),住家用,鋼筋混凝土造,1090406,94.68,0,0,0,無,有,7733000,81675,,0.0,0,,RPTNMLTLQHJGFBG66DA,48.93,1.67,7.96,有,
礁溪鄉,房地(土地+建物),宜蘭縣礁溪鄉白石腳路９８號二樓之十三,32.42,,一般農業區,甲種建築用地,1130814,土地1建物1車位0,二層,四層,華廈(10層含以下有電梯),住家用,鋼筋混凝土造,1090406,91.14,0,0,0,無,有,7444000,81677,,0.0,0,,RPUNMLTLQHJGFBG76DA,48.05,1.26,7.07,有,
宜蘭市,房地(土地+建物),宜蘭縣宜蘭市大坡路一段１２１巷３３號六樓之二,23.06,住,,,1130802,土地1建物1車位0,六層,十五層,住宅大樓(11層含以上有電梯),住家用,鋼筋混凝土造,0810825,140.95,4,2,2,有,有,7900000,56048,,0.0,0,,RPSOMLKMQHJGFBG48DA,102.69,4.22,13.32,有,003
宜蘭市,房地(土地+建物)+車位,宜蘭縣宜蘭市弘志路３６號五樓,25.05,住,,,1130808,土地1建物1車位1,五層,六層,華廈(10層含以下有電梯),住家用,鋼筋混凝土造,0860324,154.41,3,2,2,有,有,7850000,50839,坡道平面,0.0,0,,RPVNMLNJRHJGFBG78DA,78.13,0.51,11.5,有,
宜蘭市,車位,宜蘭縣宜蘭市大坡路,0.0,,,,1130805,土地0建物1車位1,,,其他,,,,35.0,0,0,0,無,有,900000,,坡道平面,35.0,900000,建物坐落地號：新店段37地號；僅車位交易；,RPPPMLNJRHJGFBG38DA,0.0,0.0,0.0,有,004
宜蘭市,車位,宜蘭縣宜蘭市大坡路,0.0,,,,1130805,土地0建物1車位1,,,其他,,,,35.0,0,0,0,無,有,900000,,坡道平面,35.0,900000,建物坐落地號：新店段37地號；僅車位交易；,RPQPMLNJRHJGFBG48DA,0.0,0.0,0.0,有,004
礁溪鄉,房地(土地+建物),宜蘭縣礁溪鄉大忠路１６７號五樓之三,14.83,住,,,1130809,土地1建物1車位0,五層,十三層,住宅大樓(11層含以上有電梯),住家用,鋼筋混凝土造,0970625,61.36,1,1,1,有,有,6180000,100717,,0.0,0,,RPXOMLTJRHJGFBG07DA,33.87,0.0,0.0,有,
礁溪鄉,房地(土地+建物),宜蘭縣礁溪鄉信義路３４巷６號九樓之三五,6.13,商,,,1130803,土地2建物1車位0,九層,十三層,住宅大樓(11層含以上有電梯),辦公用,鋼筋混凝土造,0971231,56.11,2,1,1,有,有,5305000,94546,,0.0,0,車位先到先停夾層；,RPPPMLTJRHJGFBG98DA,30.34,1.48,0.0,有,006
礁溪鄉,房地(土地+建物),宜蘭縣礁溪鄉公園路７０巷３９弄９號八樓之五,33.26,都市：其他:健康休閒專用區一,,,1130805,土地1建物1車位0,八層,十一層,住宅大樓(11層含以上有電梯),辦公用,鋼筋混凝土造,1060628,99.28,1,1,1,有,有,12000000,120870,,0.0,0,車位先到先停,RPXNMLKKRHJGFBG78DA,43.07,1.59,5.2,有,
五結鄉,房地(土地+建物),宜蘭縣五結鄉下福東路２３之１０號,111.41,,鄉村區,乙種建築用地,1130812,土地3建物1車位0,全,三層,透天厝,住家用,鋼筋混凝土造,1130621,153.07,4,2,3,有,無,8630000,56379,,0.0,0,,RPWNMLPJRHJGFAG09EA,137.13,0.0,15.94,無,
五結鄉,房地(土地+建物),宜蘭縣五結鄉下福東路２３之３號,111.25,,鄉村區,乙種建築用地,1130812,土地3建物1車位0,全,三層,透天厝,住家用,鋼筋混凝土造,1130621,155.76,4,2,3,有,無,8530000,54764,,0.0,0,,RPXNMLPJRHJGFAG56EA,139.59,0.0,16.17,無,
五結鄉,房地(土地+建物),宜蘭縣五結鄉下福東路２３之７號,111.41,,鄉村區,乙種建築用地,1130812,土地4建物1車位0,全,三層,透天厝,住家用,鋼筋混凝土造,1130621,158.01,4,2,3,有,無,8780000,55566,,0.0,0,,RPOOMLPJRHJGFAG38EA,141.42,0.0,16.59,無,
冬山鄉,土地,東和段559-2地號,0.8,住,,,1130813,土地1建物0車位0,,,其他,,,,0.0,0,0,0,無,無,50192,0,,0.0,0,政府機關標讓售；,RPPNMLTJRHJGFAG78EA,0.0,0.0,0.0,無,
礁溪鄉,房地(土地+建物),宜蘭縣礁溪鄉玉民路二段３０１巷１０號,96.63,農,,,1130819,土地1建物1車位0,全,三層,透天厝,住家用,鋼筋混凝土造,1101108,197.91,3,2,4,有,無,15700000,79329,,0.0,0,,RPPNMLKKRHJGFBG08EA,185.05,0.0,12.86,有,
宜蘭市,房地(土地+建物)+車位,宜蘭縣宜蘭市農權路三段１６３巷３號十樓之五,39.75,住,,,1130816,土地1建物1車位1,十層,十八層,住宅大樓(11層含以上有電梯),住家用,鋼筋混凝土造,1100330,184.48000000000002,3,2,2,有,有,17800000,108164,坡道平面,33.69,1490000,,RPRNMLKKRHJGFBG28EA,92.49,0.0,10.84,有,
宜蘭市,房地(土地+建物)+車位,宜蘭縣宜蘭市農權路三段１６３巷１號九樓之五,39.67,住,,,1130817,土地1建物1車位1,九層,十八層,住宅大樓(11層含以上有電梯),住家用,鋼筋混凝土造,1100330,184.06,3,2,2,有,有,17000000,103146,坡道平面,33.69,1490000,,RPSNMLKKRHJGFBG38EA,92.25,0.0,10.74,有,
五結鄉,房地(土地+建物),宜蘭縣五結鄉利成路一段３１２巷１０號,86.96,,鄉村區,乙種建築用地,1130813,土地1建物1車位0,全,二層,透天厝,住家用,加強磚造,0670407,99.46,0,0,2,有,無,5000000,50271,,0.0,0,1樓後方廚房其他增建；,RPOOMLPJRHJGFAG28DA,99.46,0.0,0.0,無,007
冬山鄉,土地,武淵三段27地號,942.77,,特定農業區,農牧用地,1130813,土地1建物0車位0,,,其他,,,,0.0,0,0,0,無,無,1500000,1591,,0.0,0,,RPTOMLKKRHJGFAG38DA,0.0,0.0,0.0,無,
五結鄉,土地,大吉二段23-20地號,89.73,,特定農業區,甲種建築用地,1130830,土地4建物0車位0,,,其他,,,,0.0,0,0,0,無,無,2035500,22685,,0.0,0,,RPPNMLLKRHJGFAG97DA,0.0,0.0,0.0,無,
礁溪鄉,房地(土地+建物),宜蘭縣礁溪鄉公園路７０巷３９弄９號二樓之一,27.79,都市：其他:健康休閒專用區一,,,1130824,土地1建物1車位0,二層,十一層,住宅大樓(11層含以上有電梯),辦公用,鋼筋混凝土造,1060628,86.16999999999999,2,1,1,有,有,9000000,104445,,0.0,0,,RPTNMLTJRHJGFBG56DA,35.85,2.67,3.89,有,008
宜蘭市,房地(土地+建物),宜蘭縣宜蘭市校舍一路１０３巷１０號六樓,20.91,住,,,1130808,土地1建物1車位0,六層,七層,華廈(10層含以下有電梯),住家用,鋼筋混凝土造,0830524,122.23,3,2,2,有,有,7800000,63814,,0.0,0,,RPSOMLTJRHJGFBG56DA,91.04,0.0,12.68,有,
宜蘭市,房地(土地+建物),宜蘭縣宜蘭市女中路三段５６之２號,261.97,住,,,1130816,土地2建物1車位0,全,三層,透天厝,住商用,鋼筋混凝土造,0881123,294.72,14,2,5,有,無,26280000,89169,,0.0,0,一樓後方增建四樓、頂樓增建其他增建；,RPPNMLKKRHJGFBG97DA,242.62,29.18,22.92,無,
礁溪鄉,房地(土地+建物),宜蘭縣礁溪鄉十六結路７３之３號,87.09,,鄉村區,乙種建築用地,1130806,土地1建物1車位0,全,二層,透天厝,住家用,鋼筋混凝土加強磚造,0700129,99.62,3,2,2,有,無,3300000,33126,,0.0,0,2樓陽台增建其他增建；,RPUNMLKKRHJGFBG48DA,99.62,0.0,0.0,無,
五結鄉,房地(土地+建物),宜蘭縣五結鄉孝威南路１９之１８號三樓,44.02,,特定農業區,甲種建築用地,1130809,土地1建物1車位0,三層，四層,四層,公寓(5樓含以下無電梯),住家用,鋼筋混凝土造,0840524,147.01,4,2,2,有,有,3600000,24488,,0.0,0,其他增建:4樓露台增建。其他增建；,RPVNMLKMQHJGFAG58DA,107.09,0.0,0.0,無,009
羅東鎮,土地,東安段729地號,161.0,住,,,1130805,土地1建物0車位0,,,其他,,,,0.0,0,0,0,無,無,18993000,117969,,0.0,0,,RPXNMLKKRHJGFAG68DA,0.0,0.0,0.0,無,
蘇澳鎮,土地,新隆恩段243地號,3259.55,,特定農業區,農牧用地,1130803,土地1建物0車位0,,,其他,,,,0.0,0,0,0,無,無,11832000,3630,,0.0,0,,RPSNMLLKRHJGFAG28DA,0.0,0.0,0.0,無,
羅東鎮,房地(土地+建物),宜蘭縣羅東鎮東二路２２巷４５號,156.79,,特定農業區,甲種建築用地,1130819,土地6建物1車位0,全,四層,透天厝,住家用,鋼筋混凝土造,1060302,295.22,5,2,6,有,有,19000000,64359,,0.0,0,,RPPOMLLKRHJGFAG08DA,271.72,0.0,23.5,有,010
羅東鎮,房地(土地+建物)+車位,宜蘭縣羅東鎮豐年路３９巷２５號三樓之１,67.42,住,,,1130811,土地1建物1車位1,三層,十五層,住宅大樓(11層含以上有電梯),住家用,鋼筋混凝土造,1081009,231.39999999999998,3,2,3,有,有,20450000,96779,坡道平面,31.46,1100000,,RPROMLLKRHJGFAG28DA,122.57,0.0,15.35,有,
員山鄉,房地(土地+建物),宜蘭縣員山鄉大鬮路４８之９號,126.95,,特定農業區,甲種建築用地,1130828,土地2建物1車位0,全,四層,透天厝,住家用,鋼筋混凝土造,0850427,228.96,4,2,4,有,無,9500000,41492,,0.0,0,,RPOPMLTLQHJGFBG98DA,203.42,0.0,25.54,無,
礁溪鄉,房地(土地+建物),宜蘭縣礁溪鄉仁愛路１７２號十樓之五,4.9,住,,,1130807,土地1建物1車位0,十層,十三層,住宅大樓(11層含以上有電梯),住家用,鋼筋混凝土造,0861226,32.11,1,1,1,有,有,1980000,61663,,0.0,0,,RPQPMLKMQHJGFBG38DA,18.85,0.0,2.78,有,
宜蘭市,房地(土地+建物),宜蘭縣宜蘭市陽明六路２５３巷７６號,122.83,住,,,1130808,土地1建物1車位0,全,三層,透天厝,住家用,鋼筋混凝土造,0840607,179.32,4,3,3,有,無,12650000,70544,,0.0,0,防火巷，約12坪其他增建；,RPSNMLLKRHJGFBG38DA,161.03,5.63,12.66,無,
宜蘭市,房地(土地+建物),宜蘭縣宜蘭市民族路１２５號,71.95,住,,,1130813,土地2建物1車位0,全,四層,透天厝,住家用,鋼筋混凝土造,1100118,211.44,3,2,6,有,無,28000000,132425,,0.0,0,其他增建；,RPWNMLLKRHJGFBG78DA,190.42,0.0,21.02,有,
宜蘭市,房地(土地+建物),宜蘭縣宜蘭市女中路三段３２０巷５７號四樓,26.07,住,,,1130812,土地1建物1車位0,四層,六層,華廈(10層含以下有電梯),住家用,鋼筋混凝土造,0850105,104.35,3,2,2,有,有,5700000,54624,,0.0,0,本案買賣包含留置屋內全部傢俱、電器等賣方應於結案時一併點交予買方。,RPOOMLLKRHJGFBG08DA,71.91,0.0,6.79,有,
宜蘭市,房地(土地+建物),宜蘭縣宜蘭市民權新路２６０巷６號六樓之二,23.25,住,,,1130825,土地1建物1車位0,六層,八層,華廈(10層含以下有電梯),住家用,鋼筋混凝土造,0840310,118.46,3,2,2,有,有,7280000,61455,,0.0,0,,RPROMLLKRHJGFBG38DA,80.35,0.0,9.48,有,011
礁溪鄉,房地(土地+建物),宜蘭縣礁溪鄉德陽路２４７巷２號三樓之四,8.59,住,,,1130819,土地1建物1車位0,三層,七層,華廈(10層含以下有電梯),住家用,鋼筋混凝土造,0850717,49.44,1,1,1,有,有,3300000,66748,,0.0,0,,RPSOMLLKRHJGFBG48DA,29.56,0.0,2.47,有,
頭城鎮,房地(土地+建物)+車位,宜蘭縣頭城鎮朝陽路１號二十樓之八,72.03,住,,,1130803,土地1建物1車位1,二十層,二十九層,住宅大樓(11層含以上有電梯),住家用,鋼骨鋼筋混凝土造,1061221,289.11,2,2,2,有,有,33680000,139124,坡道平面,55.65,1200000,第74號至第254號停車位屬共有部分之汽車停車位，編屬本大廈共有部分建號即大公，其使用應依本大廈住戶管理規約共同使用之。,RPSNMLMKRHJGFBG48DA,111.39,2.27,16.37,有,012
五結鄉,房地(土地+建物),宜蘭縣五結鄉成功路２巷３６號,71.43,,工業區,丁種建築用地,1130830,土地1建物1車位0,全,三層,透天厝,住家用,鋼筋混凝土造,1030924,166.4,4,2,3,有,無,8000000,48077,,0.0,0,廚房後方增建及二樓陽台外推。其他增建；,RPUNMLTJRHJGFAG56DA,144.27,0.0,22.13,無,013
五結鄉,房地(土地+建物),宜蘭縣五結鄉公園三路３９號六樓,15.32,,特定農業區,甲種建築用地,1130818,土地1建物1車位0,六層,九層,華廈(10層含以下有電梯),住家用,鋼筋混凝土造,0840307,66.53,1,0,1,有,有,3824000,57478,,0.0,0,後方陽台加窗戶。其他增建；,RPQNMLNJRHJGFAG18DA,41.03,0.0,6.29,有,014
羅東鎮,房地(土地+建物),宜蘭縣羅東鎮復興路三段１５７巷１１９弄６９號,985.68,,特定農業區,農牧用地,1130807,土地1建物1車位0,全,三層,透天厝,農業用,鋼筋混凝土造,0990407,284.48,7,2,7,有,無,32000000,112486,,0.0,0,一樓、填土其他增建；,RPTNMLPJRHJGFAG68DA,280.91,0.0,3.57,無,
羅東鎮,房地(土地+建物),宜蘭縣羅東鎮站前南路８５巷６號三樓,22.03,住,,,1130822,土地1建物1車位0,三層,七層,華廈(10層含以下有電梯),住家用,鋼筋混凝土造,0850216,113.99,3,2,2,有,有,6300000,55268,,0.0,0,後陽台增建其他增建；,RPWNMLQJRHJGFAG09DA,74.19,2.84,10.94,有,
五結鄉,房地(土地+建物),宜蘭縣五結鄉大吉三路１３２巷２號,113.28,,一般農業區,甲種建築用地,1130806,土地4建物1車位0,全,三層,透天厝,住家用,鋼筋混凝土造,1040416,200.33,4,2,5,有,無,13000000,64893,,0.0,0,一樓、三樓增建採光罩其他增建；,RPQNMLKKRHJGFAG97DA,189.34,0.0,10.99,無,015
冬山鄉,房地(土地+建物),宜蘭縣冬山鄉清溝路３０１巷１０號,99.0,農,,,1130802,土地2建物1車位0,全,二層,透天厝,住商用,鋼筋混凝土加強磚造,0710226,111.06,2,1,2,有,無,7000000,63029,,0.0,0,增建。一樓空地.頂樓,RPUNMLLKRHJGFAG48DA,111.06,0.0,0.0,無,016
蘇澳鎮,房地(土地+建物),宜蘭縣蘇澳鎮蘇東中路１４號十樓之１３,3.76,商,,,1130802,土地2建物1車位0,十層,十一層,住宅大樓(11層含以上有電梯),住家用,鋼筋混凝土造,0720719,36.92,1,1,1,有,無,1000000,27086,,0.0,0,包含公共設施保留地用地；,RPVNMLLKRHJGFAG58DA,29.41,0.0,0.0,有,
羅東鎮,房地(土地+建物)+車位,宜蘭縣羅東鎮純精路二段１０３號七樓,7.97,住,,,1130830,土地2建物1車位1,七層,十三層,住宅大樓(11層含以上有電梯),住家用,鋼筋混凝土造,0970602,75.77,3,2,2,有,有,5000000,65989,坡道平面,0.0,0,,RPSPMLLKRHJGFAG48DA,41.35,0.0,3.04,有,017
五結鄉,房地(土地+建物),宜蘭縣五結鄉孝威南路１９之５號三樓,14.11,,特定農業區,甲種建築用地,1130828,土地1建物1車位0,三層,十二層,住宅大樓(11層含以上有電梯),住家用,鋼筋混凝土造,0840524,54.44,1,1,1,有,有,2200000,40411,,0.0,0,,RPQNMLMKRHJGFAG18DA,27.24,0.0,8.2,有,
冬山鄉,土地,太山段753地號,1433.94,,特定農業區,農牧用地,1130824,土地1建物0車位0,,,其他,,,,0.0,0,0,0,無,無,3686900,2571,,0.0,0,,RPVNMLMKRHJGFAG68DA,0.0,0.0,0.0,無,
五結鄉,房地(土地+建物),宜蘭縣五結鄉孝威南路１９之１１號二樓,14.11,,特定農業區,甲種建築用地,1130820,土地1建物1車位0,二層,十二層,住宅大樓(11層含以上有電梯),住家用,鋼筋混凝土造,0840524,54.04,1,1,1,有,有,2020000,37380,,0.0,0,其他增建:陽台做鋁百葉,RPXNMLMKRHJGFAG88DA,27.24,0.0,8.2,有,018
礁溪鄉,土地,五峰段8地號,486.46,都市：其他:別墅區,,,1130829,土地2建物0車位0,,,其他,,,,0.0,0,0,0,無,無,27962300,57481,,0.0,0,,RPXOMLTLQHJGFBG17DA,0.0,0.0,0.0,無,019
宜蘭市,房地(土地+建物)+車位,宜蘭縣宜蘭市西門路１０９號二樓之三,36.07,住,,,1130817,土地1建物1車位1,二層,五層,華廈(10層含以下有電梯),住家用,鋼筋混凝土造,1070417,104.47,3,3,2,有,有,9600000,91892,一樓平面,0.0,0,陽台外推；,RPQNMLKKRHJGFBG08DA,65.94,0.0,6.1,有,020
頭城鎮,房地(土地+建物),宜蘭縣頭城鎮河堤路１６號,14.32,住,,,1130821,土地2建物1車位0,一層,十五層,住宅大樓(11層含以上有電梯),住家用,鋼筋混凝土造,1080103,79.66,0,0,0,無,有,7500000,94150,,0.0,0,第1號、第2號及第43號至第115號停車位屬共有部分之汽車停車位，編屬本大廈共有部分建號即大公，其使用應依本大廈住戶管理規約共同使用之。,RPQOMLLKRHJGFBG28DA,37.65,0.0,3.95,有,
宜蘭市,房地(土地+建物),宜蘭縣宜蘭市擺厘路９巷１９號,100.89,住,,,1130828,土地1建物1車位0,全,三層,透天厝,住家用,鋼筋混凝土造,1031218,219.04,5,1,4,有,無,17000000,77611,,0.0,0,土地增值稅、代辦費、契稅等由買方負擔。,RPRNMLMKRHJGFBG38DA,203.98,0.0,15.06,無,
礁溪鄉,房地(土地+建物),宜蘭縣礁溪鄉大忠路１００號七樓之七,11.81,住,,,1130829,土地1建物1車位0,七層,八層,華廈(10層含以下有電梯),住家用,鋼筋混凝土造,0880831,72.53999999999999,1,1,1,有,有,4650000,64103,,0.0,0,,RPUNMLNKRHJGFBG78DA,41.82,0.0,4.64,有,
羅東鎮,房地(土地+建物),宜蘭縣羅東鎮四維路６８巷７號,122.6,,特定農業區,甲種建築用地,1130811,土地1建物1車位0,全,三層,透天厝,住家用,鋼筋混凝土造,0801216,211.6,3,3,4,有,無,15300000,72306,,0.0,0,二親等買賣交易親友、員工、共有人或其他特殊關係間之交易；,RPQNMLTJQHJGFAG68DA,196.59,15.01,0.0,無,021
冬山鄉,房地(土地+建物),宜蘭縣冬山鄉光明路５０巷２弄１號,94.74,住,,,1130824,土地2建物1車位0,全,二層,透天厝,住家用,鋼筋混凝土加強磚造,0640131,91.74,3,2,2,有,無,6200000,67582,,0.0,0,增建一樓後方及二樓後方頂樓加蓋；其他增建；,RPQOMLMKRHJGFAG28DA,91.74,0.0,0.0,無,
五結鄉,房地(土地+建物),宜蘭縣五結鄉孝威南路１９之２４號三樓,44.02,,特定農業區,甲種建築用地,1130810,土地1建物1車位0,三層，四層,四層,公寓(5樓含以下無電梯),住家用,鋼筋混凝土造,0840524,158.31,3,3,2,有,有,4600000,29057,,0.0,0,,RPQOMLNKRHJGFAG38DA,106.59,11.99,0.0,無,022
宜蘭市,房地(土地+建物)+車位,宜蘭縣宜蘭市大福路二段１４２巷３號十三樓之二,25.93,住,,,1130811,土地6建物1車位1,十三層,十四層,住宅大樓(11層含以上有電梯),住家用,鋼筋混凝土造,1091224,161.98000000000002,3,2,2,有,有,14800000,100651,坡道平面,29.84,1500000,,RPROMLTKQHJGFBG09DA,81.06,0.0,7.64,有,023
宜蘭市,房地(土地+建物)+車位,宜蘭縣宜蘭市中山路五段１５１巷８號三樓,25.23,住,,,1130801,土地1建物1車位1,三層,七層,華廈(10層含以下有電梯),住家用,鋼筋混凝土造,0820505,129.19,2,2,1,有,有,6550000,50701,坡道平面,0.0,0,陽台外推；,RPWNMLNKRHJGFBG98DA,77.22,0.0,11.72,有,024
宜蘭市,房地(土地+建物)+車位,宜蘭縣宜蘭市中華路５０號三樓,20.16,住,,,1130815,土地1建物1車位1,三層,七層,華廈(10層含以下有電梯),住家用,鋼筋混凝土造,0840729,130.02,3,2,1,有,有,7650000,58837,坡道平面,0.0,0,陽台外推；,RPOOMLNKRHJGFBG28DA,76.55,0.0,11.09,有,025
宜蘭市,房地(土地+建物)+車位,宜蘭縣宜蘭市泰山路４３７巷３號八樓之二,37.12,住,,,1130807,土地1建物1車位1,八層,十層,華廈(10層含以下有電梯),住家用,鋼筋混凝土造,1100108,172.9,3,2,2,有,有,12700000,73453,坡道平面,0.0,0,,RPUNMLQKRHJGFBG09DA,86.88,6.66,8.24,有,
宜蘭市,房地(土地+建物),宜蘭縣宜蘭市泰山路９４號四樓,33.04,住,,,1130825,土地1建物1車位0,四層,五層,公寓(5樓含以下無電梯),住家用,鋼筋混凝土造,0790907,102.30000000000001,0,0,2,有,無,3500000,34213,,0.0,0,頂樓六樓加建鐵皮屋壹樓後方空地比部分增建壹至五樓。其他增建；,RPVNMLQKRHJGFBG56DA,91.18,0.0,0.0,無,
羅東鎮,房地(土地+建物),宜蘭縣羅東鎮南門路５０巷１２號,72.0,住,,,1130824,土地1建物1車位0,全,一層,透天厝,住家用,木造,,47.0,0,0,0,無,無,2250000,47872,,0.0,0,屋況不良無法居住親友、員工、共有人或其他特殊關係間之交易；,RPQNMLQKRHJGFAG68EA,47.0,0.0,0.0,無,
羅東鎮,房地(土地+建物),宜蘭縣羅東鎮鍾山新村１之１號,43.74,住,,,1130810,土地3建物1車位0,二層,五層,公寓(5樓含以下無電梯),住家用,鋼筋混凝土造,0740205,99.26,3,2,1,有,無,6500000,65485,,0.0,0,,RPSNMLMLQHJGFAG38DA,82.68,0.0,8.33,無,
羅東鎮,房地(土地+建物),宜蘭縣羅東鎮尚仁街３之２號,29.0,住,,,1130810,土地1建物1車位0,三層,三層,公寓(5樓含以下無電梯),住家用,鋼筋混凝土造,0730125,101.26,2,2,1,有,無,4300000,42465,,0.0,0,,RPQOMLKKRHJGFAG08DA,90.25,0.0,11.01,無,026
蘇澳鎮,土地,永樂段563地號,1904.76,,工業區,農牧用地,1130805,土地1建物0車位0,,,其他,,,,0.0,0,0,0,無,無,4494200,2359,,0.0,0,,RPVNMLQKRHJGFAG09DA,0.0,0.0,0.0,無,
羅東鎮,房地(土地+建物)+車位,宜蘭縣羅東鎮中山路一段１４９號,22.71,,特定農業區,甲種建築用地,1130814,土地1建物1車位1,一層，夾層,九層,華廈(10層含以下有電梯),住家用,鋼筋混凝土造,0850216,110.94,3,2,2,有,有,5980000,53903,坡道平面,0.0,0,夾層；,RPWNMLQKRHJGFAG56DA,59.9,0.0,0.0,有,
羅東鎮,房地(土地+建物)+車位,宜蘭縣羅東鎮純精路二段１號七樓之３,3.48,商,,,1130820,土地3建物1車位1,七層,十二層,住宅大樓(11層含以上有電梯),住家用,鋼筋混凝土造,0850830,46.3,1,0,1,有,有,2700000,58315,坡道平面,0.0,0,,RPRNMLRKRHJGFAG78DA,24.69,0.0,6.99,有,
礁溪鄉,土地,玉光一段128地號,2000.03,,特定農業區,農牧用地,1130803,土地1建物0車位0,,,其他,,,,0.0,0,0,0,無,無,7860000,3930,,0.0,0,,RPUNMLKLQHJGFBG48DA,0.0,0.0,0.0,無,
員山鄉,房地(土地+建物),宜蘭縣員山鄉尚惠路８號,1032.24,,特定農業區,農牧用地,1130801,土地2建物1車位0,全,二層,透天厝,農業用,鋼筋混凝土（ＲＣ）、鋼鐵〈骨〉造有牆,0990210,181.61,3,2,4,有,無,19300000,106272,,0.0,0,,RPVOMLKMQHJGFBG78DA,177.55,0.0,4.06,無,
宜蘭市,房地(土地+建物)+車位,宜蘭縣宜蘭市中華路３２巷８號九樓之一,45.11,住,,,1130817,土地2建物1車位1,九層,九層,華廈(10層含以下有電梯),住家用,鋼筋混凝土造,1121206,160.99,3,2,2,有,無,16320000,111832,坡道平面,28.47,1500000,,RPPNMLMJRHJGFBG08DA,80.24,0.0,8.52,有,
礁溪鄉,房地(土地+建物),宜蘭縣礁溪鄉大忠路１６１號二樓之六,17.2,住,,,1130818,土地1建物1車位0,二層,十層,華廈(10層含以下有電梯),住家用,鋼筋混凝土造,0970729,49.94,0,0,1,有,有,5200000,104125,,0.0,0,車位隨到隨停。,RPQNMLNKRHJGFBG38DA,25.77,0.0,3.56,有,
宜蘭市,房地(土地+建物)+車位,宜蘭縣宜蘭市吉祥路８８巷２號九樓之五,19.08,商,,,1130814,土地2建物1車位1,九層,十一層,住宅大樓(11層含以上有電梯),住家用,鋼筋混凝土造,1070123,110.0,2,1,1,有,有,9400000,85455,坡道平面,0.0,0,,RPQOMLNKRHJGFBG48DA,45.29,4.25,4.68,有,027
礁溪鄉,土地,白玉段213地號,675.0,,鄉村區,乙種建築用地,1130809,土地2建物0車位0,,,其他,,,,0.0,0,0,0,無,無,20820000,30844,,0.0,0,,RPUOMLNKRHJGFBG88DA,0.0,0.0,0.0,無,
礁溪鄉,土地,刺仔崙段16地號,9819.47,,一般農業區,農牧用地,1130814,土地1建物0車位0,,,其他,,,,0.0,0,0,0,無,無,19901546,2027,,0.0,0,,RPOOMLQKRHJGFBG58DA,0.0,0.0,0.0,無,
宜蘭市,房地(土地+建物),宜蘭縣宜蘭市延平路４２巷２弄３之４號,21.92,住,,,1130810,土地1建物1車位0,五層,七層,華廈(10層含以下有電梯),住家用,鋼筋混凝土造,0821231,115.75,3,2,2,有,有,6300000,54428,,0.0,0,,RPQOMLQKRHJGFBG78DA,83.94,0.0,8.8,有,028
礁溪鄉,房地(土地+建物),宜蘭縣礁溪鄉公園路７０巷３９弄９號四樓之三,28.21,都市：其他:健康休閒專用區一,,,1130809,土地1建物1車位0,四層,十一層,住宅大樓(11層含以上有電梯),辦公用,鋼筋混凝土造,1060628,85.64,1,1,1,有,有,8580000,100187,,0.0,0,夾層；,RPROMLQKRHJGFBG88DA,36.33,2.67,3.89,有,029
礁溪鄉,房地(土地+建物),宜蘭縣礁溪鄉仁愛路１９８號九樓之六,26.77,住,,,1130829,土地1建物1車位0,九層,十三層,住宅大樓(11層含以上有電梯),住家用,鋼筋混凝土造,1051108,143.45,2,2,1,有,有,18400000,128268,,0.0,0,,RPWOMLQKRHJGFBG76DA,71.75,0.0,10.2,有,030
大同鄉,土地,崙埤段1177地號,470.0,,山坡地保育區,農牧用地,1130822,土地1建物0車位0,,,其他,,,,0.0,0,0,0,無,無,360000,766,,0.0,0,親友、員工、共有人或其他特殊關係間之交易；,RPRNMLQKRHJGFAG78EA,0.0,0.0,0.0,無,031
宜蘭市,房地(土地+建物),宜蘭縣宜蘭市舊城北路８７號,43.68,商,,,1130805,土地1建物1車位0,全,一層,透天厝,住家用,磚造,,5.54,1,1,1,有,無,3900000,703971,,0.0,0,兄妹親友、員工、共有人或其他特殊關係間之交易；,RPPNMLQKRHJGFBG68EA,4.53,1.01,0.0,無,
五結鄉,土地,利工段1040地號,84.0,,工業區,丁種建築用地,1130811,土地1建物0車位0,,,其他,,,,0.0,0,0,0,無,無,1650000,19643,,0.0,0,,RPROMLLLQHJGFAG28DA,0.0,0.0,0.0,無,
冬山鄉,房地(土地+建物),宜蘭縣冬山鄉廣興路３７４巷１０號,78.63,,特定農業區,甲種建築用地,1130814,土地1建物1車位0,全,二層,透天厝,住家用,鋼筋混凝土加強磚造,0680615,105.72,3,2,2,有,無,5990000,56659,,0.0,0,增建:1.一樓後方鐵厝  2.三樓鐵厝其他增建；,RPQOMLLKRHJGFAG18DA,105.72,0.0,0.0,無,
五結鄉,土地,錦眾段241地號,1131.92,,風景區,農牧用地,1130817,土地1建物0車位0,,,其他,,,,0.0,0,0,0,無,無,2225600,1966,,0.0,0,,RPXOMLNKRHJGFAG09DA,0.0,0.0,0.0,無,
五結鄉,房地(土地+建物),宜蘭縣五結鄉傳藝路一段５６巷４６號,2107.67,,特定農業區,農牧用地,1130818,土地1建物1車位0,全,二層,透天厝,農業用,鋼筋混凝土造,1111110,339.25,5,3,6,有,無,32000000,94326,,0.0,0,,RPSNMLSKRHJGFAG98DA,320.51,0.0,18.74,無,
宜蘭市,房地(土地+建物)+車位,宜蘭縣宜蘭市中華路３２巷８號七樓之三,45.11,住,,,1130822,土地2建物1車位1,七層,九層,華廈(10層含以下有電梯),住家用,鋼筋混凝土造,1121206,160.96,3,2,2,有,無,15250000,103781,坡道平面,28.47,1500000,,RPQNMLMJRHJGFBG18DA,80.21,0.0,8.52,有,
宜蘭市,房地(土地+建物)+車位,宜蘭縣宜蘭市中華路３２巷３號五樓之三,45.11,住,,,1130823,土地2建物1車位1,五層,九層,華廈(10層含以下有電梯),住家用,鋼筋混凝土造,1121206,160.96,3,2,2,有,無,15200000,103404,坡道平面,28.47,1500000,,RPRNMLMJRHJGFBG28DA,80.21,0.0,8.52,有,
員山鄉,房地(土地+建物),宜蘭縣員山鄉隘界路５１巷２６弄２８號,431.27,,鄉村區,乙種建築用地,1130816,土地2建物1車位0,全,二層,透天厝,住家用,鋼筋混凝土加強磚造，鋼造,0670524,145.0,4,2,2,有,無,6920000,47724,,0.0,0,其他增建：陽台、雨遮其他增建；,RPPNMLLKRHJGFBG08DA,145.0,0.0,0.0,無,
壯圍鄉,土地,壯濱三段932地號,693.16,,一般農業區,農牧用地,1130808,土地1建物0車位0,,,其他,,,,0.0,0,0,0,無,無,2201640,3176,,0.0,0,,RPPOMLLKRHJGFBG18DA,0.0,0.0,0.0,無,
頭城鎮,房地(土地+建物),宜蘭縣頭城鎮文化路３７號,221.52,住,,,1130812,土地1建物1車位0,全,四層,透天厝,住家用,鋼筋混凝土造,1040805,270.64,6,2,6,有,無,22000000,81289,,0.0,0,,RPTOMLNKRHJGFBG78DA,250.51,0.0,20.13,有,
壯圍鄉,土地,功勞段978地號,1441.67,,特定農業區,農牧用地,1130710,土地1建物0車位0,,,其他,,,,0.0,0,0,0,無,無,4270000,2962,,0.0,0,父子間交易親友、員工、共有人或其他特殊關係間之交易；,RPRNMLTJRHJGFBG98DA,0.0,0.0,0.0,無,032
礁溪鄉,土地,新塭段107地號,4823.74,,一般農業區,農牧用地,1130716,土地1建物0車位0,,,其他,,,,0.0,0,0,0,無,無,39900000,8272,,0.0,0,,RPTNMLKKRHJGFBG48EA,0.0,0.0,0.0,無,033
羅東鎮,房地(土地+建物),宜蘭縣羅東鎮陽明路１４號四樓,30.23,住,,,1130725,土地1建物1車位0,四層,六層,華廈(10層含以下有電梯),住家用,鋼筋混凝土造,0830122,143.9,4,2,2,有,無,7500000,52120,,0.0,0,,RPTNMLQLQHJGFAG88DA,108.94,0.0,0.0,有,
羅東鎮,房地(土地+建物),宜蘭縣羅東鎮中山西街６７號二樓之３,12.66,商,,,1130728,土地2建物1車位0,二層,五層,華廈(10層含以下有電梯),住家用,鋼筋混凝土造,1110504,41.769999999999996,1,1,1,有,有,3130000,74934,,0.0,0,包含公共設施保留地用地；,RPPNMLQJRHJGFAG38DA,24.66,0.0,0.0,有,034
五結鄉,房地(土地+建物),宜蘭縣五結鄉成功路２巷６弄２１號,73.53,,工業區,丁種建築用地,1130719,土地1建物1車位0,全,三層,透天厝,住家用,鋼筋混凝土造,1040115,159.17,4,2,3,有,無,8180000,51392,,0.0,0,,RPOPMLTJRHJGFAG78DA,144.27,0.0,14.9,無,035
五結鄉,土地,加新段1206-1地號,1300.3,,鄉村區,乙種建築用地,1130716,土地2建物0車位0,,,其他,,,,0.0,0,0,0,無,無,27530000,21172,,0.0,0,,RPWOMLLKRHJGFAG78DA,0.0,0.0,0.0,無,
壯圍鄉,土地,中興段387地號,105.0,,特定農業區,甲種建築用地,1130713,土地1建物0車位0,,,其他,,,,0.0,0,0,0,無,無,1588125,15125,,0.0,0,,RPTOMLTJRHJGFBG66DA,0.0,0.0,0.0,無,
礁溪鄉,房地(土地+建物),宜蘭縣礁溪鄉健康路６６號十樓之十一,15.82,都市：其他:健康休閒專用區四,,,1130723,土地1建物1車位0,十層,十四層,住宅大樓(11層含以上有電梯),住家用,鋼筋混凝土造,1040923,103.32,2,1,1,有,有,12600000,121951,,0.0,0,車位先到先停,RPOPMLTJRHJGFBG88DA,48.35,0.0,4.47,有,036
礁溪鄉,房地(土地+建物),宜蘭縣礁溪鄉礁溪路七段１０３巷１０號五樓,27.96,,一般農業區,甲種建築用地,1130727,土地1建物1車位0,五層,五層,公寓(5樓含以下無電梯),住家用,鋼筋混凝土造,0830207,80.78999999999999,2,2,1,有,無,4000000,49511,,0.0,0,,RPWNMLKKRHJGFBG68DA,68.11,0.0,7.96,無,037
蘇澳鎮,房地(土地+建物),宜蘭縣蘇澳鎮中山路二段１６０巷１６號二樓,41.26,住,,,1130708,土地1建物1車位0,二層,五層,華廈(10層含以下有電梯),住家用,鋼筋混凝土造,0840801,134.35,3,2,2,有,無,2600000,19352,,0.0,0,,RPXNMLSLQHJGFAG86DA,106.61,7.89,0.0,有,
羅東鎮,房地(土地+建物),宜蘭縣羅東鎮天津路５０巷９之１號,31.0,商,,,1130728,土地1建物1車位0,二層,四層,公寓(5樓含以下無電梯),住家用,鋼筋混凝土加強磚造,,98.55,3,2,2,有,無,5150000,52258,,0.0,0,,RPPNMLPJRHJGFAG28DA,98.55,0.0,0.0,無,
蘇澳鎮,房地(土地+建物),宜蘭縣蘇澳鎮龍祥二路５巷７７號三樓之３,20.71,,工業區,丁種建築用地,1130723,土地1建物1車位0,三層,五層,華廈(10層含以下有電梯),住家用,鋼筋混凝土造,1120505,77.6,2,2,1,有,有,4950000,63789,,0.0,0,,RPWNMLKKRHJGFAG58DA,47.34,0.0,7.31,有,
宜蘭市,房地(土地+建物),宜蘭縣宜蘭市中山路一段５巷３５弄９號,88.79,農,,,1130704,土地4建物1車位0,全,三層,透天厝,住家用,鋼筋混凝土造,1130529,136.83,3,1,3,有,無,8500000,62121,,0.0,0,親友、員工、共有人或其他特殊關係間之交易；,RPWRMLLLQHJGFBG56DA,123.51,0.0,13.32,無,
宜蘭市,土地,茭白段408地號,1203.36,農,,,1130731,土地1建物0車位0,,,其他,,,,0.0,0,0,0,無,無,5460000,4537,,0.0,0,,RPUNMLPJRHJGFBG88DA,0.0,0.0,0.0,無,
礁溪鄉,房地(土地+建物),宜蘭縣礁溪鄉和平路９１號七樓之一,14.48,住,,,1130721,土地1建物1車位0,七層,七層,華廈(10層含以下有電梯),住家用,鋼筋混凝土造,0830628,78.75999999999999,2,1,1,有,無,4550000,57770,,0.0,0,,RPSNMLTJRHJGFBG09DA,58.53,0.0,3.83,有,038
礁溪鄉,房地(土地+建物)+車位,宜蘭縣礁溪鄉成功路１５１號二樓之一,32.82,都市：其他:住宅區,,,1130719,土地2建物1車位1,二層,八層,華廈(10層含以下有電梯),住家用,鋼筋混凝土造,1110124,122.34,2,2,1,有,有,10850000,103175,坡道平面,28.81,1200000,包含公共設施保留地用地；,RPVNMLKKRHJGFBG58DA,56.83,0.0,6.48,有,
礁溪鄉,土地,常興段404地號,1275.5,,一般農業區,農牧用地,1130717,土地1建物0車位0,,,其他,,,,0.0,0,0,0,無,無,4000000,3136,,0.0,0,,RPVNMLLKRHJGFBG68DA,0.0,0.0,0.0,無,
宜蘭市,房地(土地+建物),宜蘭縣宜蘭市進士路二段３８９號,96.76,住,,,1130715,土地2建物1車位0,全,二層,透天厝,住商用,鋼筋混凝土加強磚造,0660118,147.24,3,1,2,有,無,18000000,122249,,0.0,0,壹樓空地增建頂樓加蓋；其他增建；,RPVOMLMKRHJGFBG88DA,147.24,0.0,0.0,無,
蘇澳鎮,房地(土地+建物),宜蘭縣蘇澳鎮福德西巷６５號,89.16,,特定農業區,甲種建築用地,1130721,土地1建物1車位0,全,三層,透天厝,住家用,鋼筋混凝土造,0850516,137.21,4,1,2,有,無,4700000,34254,,0.0,0,頂樓加蓋；其他增建；,RPUNMLKKRHJGFAG38DA,108.54,28.67,0.0,無,
羅東鎮,房地(土地+建物),宜蘭縣羅東鎮豐年路１１９巷３弄８６號,113.0,住,,,1130731,土地1建物1車位0,全,四層,透天厝,住家用,鋼筋混凝土造,1030304,293.68,4,2,6,有,無,25000000,85127,,0.0,0,一樓增建沿著加蓋其他增建；,RPTNMLMKRHJGFAG48DA,262.49,0.0,31.19,有,039
冬山鄉,土地,梅山段391地號,1212.31,,特定農業區,農牧用地,1130705,土地1建物0車位0,,,其他,,,,0.0,0,0,0,無,無,4150000,3423,,0.0,0,,RPUNMLMKRHJGFAG58DA,0.0,0.0,0.0,無,
宜蘭市,房地(土地+建物),宜蘭縣宜蘭市東港路二段４６８號,47.27,住,,,1130729,土地1建物1車位0,全,二層,透天厝,住商用,鋼筋混凝土加強磚造,0670201,69.76,4,1,4,有,無,13800000,197821,,0.0,0,壹樓空地增建頂樓加蓋；其他增建；,RPWOMLMKRHJGFBG98DA,69.76,0.0,0.0,無,
羅東鎮,房地(土地+建物),宜蘭縣羅東鎮向榮路３０巷１０號,112.05,工,,,1130723,土地1建物1車位0,全,三層,透天厝,辦公用,鋼筋混凝土造,0821223,263.49,0,0,3,有,無,17000000,64519,,0.0,0,1.如因買賣需繳納回饋金由買方負擔。2.一樓後面鐵皮屋增建。其他增建；,RPVNMLNKRHJGFAG78DA,233.1,14.99,15.4,無,
員山鄉,土地,阿蘭城段10地號,369.3,,鄉村區,乙種建築用地,1130710,土地1建物0車位0,,,其他,,,,0.0,0,0,0,無,無,15420000,41755,,0.0,0,,RPQPMLPJQHJGFBG58DA,0.0,0.0,0.0,無,040
礁溪鄉,房地(土地+建物)+車位,宜蘭縣礁溪鄉龍泉路８０巷６號二樓之二,37.87,住,,,1130721,土地1建物1車位1,二層,五層,華廈(10層含以下有電梯),住家用,鋼筋混凝土造,1100916,87.14,1,1,1,有,有,8000000,91806,一樓平面,0.0,0,,RPUNMLTKQHJGFBG66DA,55.5,0.0,5.73,有,041
礁溪鄉,房地(土地+建物),宜蘭縣礁溪鄉德陽路２３１巷１４弄２２號十三樓,10.47,住,,,1130729,土地1建物1車位0,十三層,十四層,住宅大樓(11層含以上有電梯),住家用,鋼筋混凝土造,0831212,58.64,1,1,1,有,有,3100000,52865,,0.0,0,依土地法第34條之1第1項至第3項規定辦理,RPVNMLNKRHJGFBG88DA,33.9,0.0,4.62,有,042
礁溪鄉,房地(土地+建物),宜蘭縣礁溪鄉瑪僯路１９之２０號,203.03,,特定農業區,甲種建築用地,1130728,土地2建物1車位0,全,四層,透天厝,住家用,鋼筋混凝土造,1111207,253.91,4,2,3,有,無,14700000,57895,,0.0,0,,RPPOMLNKRHJGFBG38DA,207.62,0.0,46.29,無,043
冬山鄉,房地(土地+建物),宜蘭縣冬山鄉光明路３６８巷１號二樓,41.99,,特定農業區,甲種建築用地,1130714,土地1建物1車位0,二層,五層,華廈(10層含以下有電梯),住家用,鋼筋混凝土造,0840613,116.75999999999999,3,2,2,有,無,5200000,44536,,0.0,0,二親等買賣。陽台加裝鋁窗。親友、員工、共有人或其他特殊關係間之交易；其他增建；,RPTNMLKMQHJGFAG38DA,99.4,0.0,13.34,有,
五結鄉,房地(土地+建物)+車位,宜蘭縣五結鄉季水路清水三巷１之３號,57.73,,鄉村區,乙種建築用地,1130711,土地1建物1車位1,一層，二層,五層,華廈(10層含以下有電梯),商業用,鋼筋混凝土造,0870602,186.75,2,2,2,有,無,4200000,22490,坡道平面,0.0,0,親友、員工、共有人或其他特殊關係間之交易；,RPUNMLQKRHJGFAG98DA,122.02,0.0,7.74,有,
南澳鄉,房地(土地+建物),宜蘭縣南澳鄉中正路１０巷２０之２號,251.82,住,,,1130723,土地1建物1車位0,全,二層,透天厝,住家用,鋼筋混凝土造,1030918,157.2,4,2,2,有,無,5700000,36260,,0.0,0,,RPSNMLRKRHJGFAG88DA,157.2,0.0,0.0,無,
頭城鎮,房地(土地+建物),宜蘭縣頭城鎮復興路１６８號二樓之三,16.2,住,,,1130714,土地1建物1車位0,二層,二十三層,住宅大樓(11層含以上有電梯),住家用,鋼筋混凝土造,1070427,84.00999999999999,0,0,0,無,有,6700000,79752,,0.0,0,部分汽車車位為共同使用，車位隨到隨停。,RPSQMLSLQHJGFBG76DA,42.74,0.0,4.91,有,044
頭城鎮,房地(土地+建物),宜蘭縣頭城鎮復興路１６８號三樓之七,16.2,住,,,1130716,土地1建物1車位0,三層,二十三層,住宅大樓(11層含以上有電梯),住家用,鋼筋混凝土造,1070427,84.00999999999999,0,0,0,無,有,6800000,80943,,0.0,0,部分汽車車位為共同使用，車位隨到隨停。,RPTQMLSLQHJGFBG86DA,42.74,0.0,4.91,有,045
宜蘭市,房地(土地+建物),宜蘭縣宜蘭市農權路三段８７巷９號,94.63,住,,,1130723,土地2建物1車位0,全,二層,透天厝,住家用,鋼筋混凝土加強磚造,0691017,112.8,4,2,2,有,無,10100000,89539,,0.0,0,,RPPNMLPKRHJGFBG48DA,112.8,0.0,0.0,無,
礁溪鄉,房地(土地+建物),宜蘭縣礁溪鄉健康一街８７號六樓之十九,14.46,都市：其他:健康休閒專用區四,,,1130727,土地1建物1車位0,六層,九層,華廈(10層含以下有電梯),辦公用,鋼筋混凝土造,1000527,77.52,1,1,1,有,有,10600000,136739,,0.0,0,車位先到先停夾層；,RPUOMLQKRHJGFBG56DA,38.1,3.35,4.35,有,046
礁溪鄉,房地(土地+建物),宜蘭縣礁溪鄉大坡路９０巷９號,90.99,住,,,1130722,土地1建物1車位0,全,三層,透天厝,住商用,鋼筋混凝土造,0860715,183.81,4,2,3,有,無,7000000,38083,,0.0,0,親友、員工、共有人或其他特殊關係間之交易；,RPSNMLNLPHJGFBG48DA,151.93,10.3,21.58,無,
礁溪鄉,房地(土地+建物),宜蘭縣礁溪鄉十六結路三城巷３５之１號二樓,31.81,,鄉村區,乙種建築用地,1130728,土地1建物1車位0,二層,五層,公寓(5樓含以下無電梯),住家用,鋼筋混凝土造,0851108,90.86000000000001,4,2,2,有,無,3940000,43359,,0.0,0,1母子買賣，其中新台幣244萬免除給付。2法定空地有增建。親友、員工、共有人或其他特殊關係間之交易；其他增建；,RPXOMLQKRHJGFBG86DA,70.19,0.0,8.74,無,
宜蘭市,房地(土地+建物),宜蘭縣宜蘭市中山路一段４４５號,116.25,住,,,1130725,土地2建物1車位0,全,四層,透天厝,住商用,鋼筋混凝土造,1000805,264.12,4,2,4,有,無,20880000,79055,,0.0,0,,RPTOMLSKRHJGFBG66DA,225.54,0.0,38.58,無,
礁溪鄉,土地,實踐一段911地號,213.62,,特定農業區,農牧用地,1130720,土地1建物0車位0,,,其他,,,,0.0,0,0,0,無,無,1360000,6366,,0.0,0,,RPPOMLTKRHJGFBG98DA,0.0,0.0,0.0,無,
蘇澳鎮,土地,永愛段449地號,250.76,住,,,1130717,土地3建物0車位0,,,其他,,,,0.0,0,0,0,無,無,7677025,30615,,0.0,0,政府機關標讓售；,RPPNMLSKRHJGFAG78EA,0.0,0.0,0.0,無,
羅東鎮,房地(土地+建物),宜蘭縣羅東鎮西安街９８號,104.03,,鄉村區,乙種建築用地,1130718,土地3建物1車位0,全,二層,透天厝,住家用,鋼筋混凝土加強磚造,0660118,125.16,4,1,2,有,無,8000000,63918,,0.0,0,買賣雙方係母子關係親友、員工、共有人或其他特殊關係間之交易；,RPQNMLSKRHJGFAG88EA,125.16,0.0,0.0,無,
礁溪鄉,房地(土地+建物)+車位,宜蘭縣礁溪鄉公園路８３號十樓之三,15.66,都市：其他:健康休閒專用區三,,,1130708,土地1建物1車位1,十層,十五層,住宅大樓(11層含以上有電梯),住家用,鋼筋混凝土造,1040108,85.43,0,0,0,無,有,8600000,100667,坡道平面,0.0,0,,RPSNMLMKRHJGFBG58EA,38.65,1.2,6.06,有,
三星鄉,土地,長埤湖段101地號,14320.21,,山坡地保育區,農牧用地,1130621,土地1建物0車位0,,,其他,,,,0.0,0,0,0,無,無,5220000,365,,0.0,0,,RPQNMLMLQHJGFAG18DA,0.0,0.0,0.0,無,
羅東鎮,房地(土地+建物),宜蘭縣羅東鎮林森路１５４號,96.0,住,,,1130627,土地1建物1車位0,全,三層,透天厝,住家用,鋼筋混凝土加強磚造,0630903,195.24,0,0,3,有,無,15100000,77341,,0.0,0,增建，約40坪。1-3樓空地.頂樓,RPROMLTJRHJGFAG98DA,195.24,0.0,0.0,無,
五結鄉,房地(土地+建物),宜蘭縣五結鄉利澤路１７號,123.64,,鄉村區,乙種建築用地,1130626,土地1建物2車位0,全,三層,透天厝,住家用,鋼筋混凝土加強磚造,0691120,288.33,4,2,3,有,無,8350000,28960,,0.0,0,原買賣成交價為855萬元，因購買建物佔用之鄰地價格20萬元，故扣除後買賣總價為835萬元,RPPOMLKMQHJGFAG08DA,234.18,54.15,0.0,無,
五結鄉,土地,孝威二段176地號,2.98,,特定農業區,甲種建築用地,1130604,土地1建物0車位0,,,其他,,,,0.0,0,0,0,無,無,74699,25067,,0.0,0,,RPSNMLTJRHJGFAG09EA,0.0,0.0,0.0,無,047
宜蘭市,房地(土地+建物),宜蘭縣宜蘭市公園路４７號,318.0,農,,,1130627,土地1建物1車位0,全,二層,透天厝,農業用,鋼筋混凝土造,1030704,79.89,0,0,0,有,無,15800000,197772,,0.0,0,,RPUNMLTJRHJGFBG66DA,70.57,0.0,9.32,無,
五結鄉,土地,孝威二段176地號,9.75,,特定農業區,甲種建築用地,1130604,土地1建物0車位0,,,其他,,,,0.0,0,0,0,無,無,244716,25099,,0.0,0,,RPRNMLTJRHJGFAG98EA,0.0,0.0,0.0,無,047
宜蘭市,土地,金七結段882地號,13.22,都市：其他:道路用地,,,1130609,土地1建物0車位0,,,其他,,,,0.0,0,0,0,無,無,199996,15128,,0.0,0,以每坪5萬元計價親友、員工、共有人或其他特殊關係間之交易；包含公共設施保留地用地；,RPUNMLPJQHJGFBG78DA,0.0,0.0,0.0,無,
員山鄉,土地,外員段731地號,84.98,住,,,1130612,土地2建物0車位0,,,其他,,,,0.0,0,0,0,無,無,2282470,26859,,0.0,0,依土地法第34條之1第1.2.3項規定辦理,RPWOMLQJQHJGFBG56DA,0.0,0.0,0.0,無,
壯圍鄉,房地(土地+建物),宜蘭縣壯圍鄉永美路一段１７９巷２９號,111.92,,特定農業區,甲種建築用地,1130629,土地2建物1車位0,全,三層,透天厝,住家用,鋼筋混凝土造,0821009,183.8,5,2,4,有,無,7500000,40805,,0.0,0,1買賣雙方為母子關係。2法定空地有增建。親友、員工、共有人或其他特殊關係間之交易；其他增建；,RPROMLNKRHJGFBG58DA,157.62,12.77,13.41,無,049
礁溪鄉,房地(土地+建物),宜蘭縣礁溪鄉化龍街４３之１號,119.0,住,,,1130611,土地1建物1車位0,全,二層,透天厝,住家用,鋼筋混凝土加強磚造,0760528,136.18,6,2,3,有,無,12500000,91790,,0.0,0,增建：三樓未登記建物；,RPVOMLNKRHJGFBG98DA,126.58,9.6,0.0,無,
頭城鎮,土地,大里段949-1地號,59.35,住,,,1130614,土地1建物0車位0,,,其他,,,,0.0,0,0,0,無,無,1795000,30244,,0.0,0,,RPVOMLQKRHJGFBG66DA,0.0,0.0,0.0,無,
頭城鎮,房地(土地+建物),宜蘭縣頭城鎮文雅路９０號,105.97,住,,,1130613,土地3建物1車位0,全,四層,透天厝,住家用,鋼筋混凝土造,1121025,206.91,3,3,4,有,無,18300000,88444,,0.0,0,,RPRNMLSKRHJGFBG98DA,197.01,0.0,9.9,有,
礁溪鄉,房地(土地+建物),宜蘭縣礁溪鄉礁溪路四段９３巷１０號,20.2,住,,,1130530,土地2建物1車位0,一層，二層,五層,公寓(5樓含以下無電梯),住家用,鋼筋混凝土造,0700717,73.33,2,1,2,有,無,5000000,68185,,0.0,0,父女間交易親友、員工、共有人或其他特殊關係間之交易；,RPPOMLOJRHJGFBG38DA,73.33,0.0,0.0,無,050
員山鄉,土地,阿蘭城段15地號,600.67,,鄉村區,乙種建築用地,1130527,土地1建物0車位0,,,其他,,,,0.0,0,0,0,無,無,22349000,37207,,0.0,0,,RPSNMLNKRHJGFBG58DA,0.0,0.0,0.0,無,
員山鄉,土地,阿蘭城段13地號,328.48,,鄉村區,乙種建築用地,1130527,土地1建物0車位0,,,其他,,,,0.0,0,0,0,無,無,12716800,38714,,0.0,0,,RPTNMLNKRHJGFBG68DA,0.0,0.0,0.0,無,
五結鄉,土地,鎮安段304地號,426.94,住,,,1130520,土地3建物0車位0,,,其他,,,,0.0,0,0,0,無,無,17430000,40825,,0.0,0,未登記建物；包含公共設施保留地用地；,RPWNMLLJPHJGFAG38DA,0.0,0.0,0.0,無,
宜蘭市,房地(土地+建物),宜蘭縣宜蘭市進士路二段３８７巷３弄１９號,102.06,住,,,1130430,土地1建物1車位0,全,二層,透天厝,住家用,鋼筋混凝土加強磚造,0650916,96.88,2,2,2,有,無,10000000,103220,,0.0,0,直系親屬間買賣包括增建部分及裝潢家具俱全及電器設備等全部出售。親友、員工、共有人或其他特殊關係間之交易；陽台外推；頂樓加蓋；其他增建；未登記建物；,RPPOMLNJPHJGFBG08DA,96.88,0.0,0.0,無,
宜蘭市,房地(土地+建物),宜蘭縣宜蘭市陽明三路１６０巷２６弄５號二樓,41.65,住,,,1130405,土地1建物1車位0,二層,四層,華廈(10層含以下有電梯),住家用,鋼筋混凝土造,1010821,115.92,2,2,2,有,無,8100000,69876,,0.0,0,其他增建:陽台有做鐵窗,RPSOMLPJRHJGFBG78DA,75.0,0.0,8.03,有,051
羅東鎮,土地,竹林一段233地號,185.99,,特定農業區,甲種建築用地,1130404,土地1建物0車位0,,,其他,,,,0.0,0,0,0,無,無,15500000,83338,,0.0,0,,RPPNMLQLQHJGFAG48DA,0.0,0.0,0.0,無,
冬山鄉,房地(土地+建物),宜蘭縣冬山鄉冬山路一段６６０號,459.06,工,,,1130405,土地2建物1車位0,全,一層,透天厝,工業用,鋼筋混凝土造,1061025,230.15,1,0,1,有,無,18500000,80382,,0.0,0,夾層；,RPROMLNKRHJGFAG48DA,230.15,0.0,0.0,無,
宜蘭市,房地(土地+建物),宜蘭縣宜蘭市泰山路３１９號,164.99,住,,,1130430,土地1建物2車位0,全,一層,透天厝,住家用,有牆鋼鐵造,0790808,99.0,0,0,0,無,無,15000000,151515,,0.0,0,,RPXPMLNJRHJGFBG56DA,99.0,0.0,0.0,無,
宜蘭市,房地(土地+建物),宜蘭縣宜蘭市縣政二街２０５號,753.32,農,,,1130324,土地1建物1車位0,全,三層,透天厝,農業用,鋼筋混凝土造,1110427,221.96,4,2,5,有,無,26125000,117701,,0.0,0,,RPTNMLKKRHJGFBG38DA,221.96,0.0,0.0,無,052
羅東鎮,房地(土地+建物)+車位,宜蘭縣羅東鎮站前北路６１號九樓,80.5,商,,,1130314,土地2建物1車位2,九層,十三層,住宅大樓(11層含以上有電梯),住家用,鋼筋混凝土造,1090515,398.26,3,2,3,有,有,27000000,78941,坡道平面,91.7,2800000,,RPPOMLNLQHJGFAG28DA,180.59,13.17,16.24,有,
冬山鄉,土地,義成七段344地號,3400.49,農,,,1130227,土地3建物0車位0,,,其他,,,,0.0,0,0,0,無,無,123437787,36300,,0.0,0,,RPRNMLNJRHJGFAG28DA,0.0,0.0,0.0,無,
壯圍鄉,土地,大福一段571地號,410.08,,一般農業區,農牧用地,1121207,土地1建物0車位0,,,其他,,,,0.0,0,0,0,無,無,1271300,3100,,0.0,0,地清或未辦繼承標售；,RPUNMLKKRHJGFBG58EA,0.0,0.0,0.0,無,
蘇澳鎮,土地,隘城段1040地號,7389.88,工,,,1121105,土地5建物0車位0,,,其他,,,,0.0,0,0,0,無,無,123057000,16652,,0.0,0,1041地號為溝渠用地每坪以2.5萬元計價1031103210331040地號等4筆乙種工業區每坪以6萬元計價,RPWNMLQKQHJGFAG09DA,0.0,0.0,0.0,無,
員山鄉,房地(土地+建物)+車位,宜蘭縣員山鄉永金路２０號三樓之一,57.81,住,,,1121128,土地1建物1車位1,三層,五層,華廈(10層含以下有電梯),住家用,鋼筋混凝土造,1130722,131.51,3,2,2,有,無,8500000,64634,一樓平面,14.84,0,預售屋、或土地及建物分件登記案件；,RPQOMLPKRHJGFBG68DA,82.16,0.0,12.43,有,
壯圍鄉,房地(土地+建物),宜蘭縣壯圍鄉永美路二段１８８巷２１弄１８號,147.73,,特定農業區,農牧用地,1121004,土地3建物1車位0,全,三層,透天厝,住家用,鋼筋混凝土造,1130424,148.12,4,2,4,有,無,9300000,62787,,0.0,0,其他：含農地交易:價金37萬預售屋、或土地及建物分件登記案件；,RPOOMLTJRHJGFBG78DA,135.79,0.0,12.33,無,
壯圍鄉,房地(土地+建物),宜蘭縣壯圍鄉順和路７之３０號,1218.0,,特定農業區,農牧用地,1120626,土地1建物1車位0,全,三層,透天厝,農業用,鋼筋混凝土造,1130716,274.2,5,2,6,有,無,5158000,18811,,0.0,0,地上建物由買方出資興建,RPUNMLLKRHJGFBG58DA,244.83,0.0,29.37,無,
員山鄉,房地(土地+建物)+車位,宜蘭縣員山鄉永金路２０號三樓之三,37.85,住,,,1120428,土地1建物1車位1,三層,五層,華廈(10層含以下有電梯),住家用,鋼筋混凝土造,1130722,93.34,2,2,1,有,無,6780000,72638,一樓平面,14.84,0,預售屋、或土地及建物分件登記案件；,RPOOMLPKRHJGFBG48DA,55.88,0.0,5.94,有,
壯圍鄉,房地(土地+建物),宜蘭縣壯圍鄉永美路二段１８８巷２１弄８號,147.71,,特定農業區,農牧用地,1120401,土地3建物1車位0,全,三層,透天厝,住家用,鋼筋混凝土造,1130424,154.76,4,2,4,有,無,9600000,62032,,0.0,0,其他：含農地交易:價金38萬預售屋、或土地及建物分件登記案件；,RPWNMLSKRHJGFBG86DA,144.32,0.0,10.44,無,
壯圍鄉,房地(土地+建物),宜蘭縣壯圍鄉永美路二段１８８巷２１弄７號,146.63,,特定農業區,農牧用地,1120216,土地3建物1車位0,全,三層,透天厝,住家用,鋼筋混凝土造,1130424,143.5,4,2,4,有,無,8680000,60488,,0.0,0,預售屋、或土地及建物分件登記案件；,RPXNMLTJRHJGFBG96DA,133.43,0.0,10.07,無,
壯圍鄉,房地(土地+建物),宜蘭縣壯圍鄉永美路二段１８８巷２１弄９號,146.63,,特定農業區,農牧用地,1120203,土地3建物1車位0,全,三層,透天厝,住家用,鋼筋混凝土造,1130424,143.5,4,2,4,有,無,8700000,60627,,0.0,0,其他：含農地交易:價金37萬預售屋、或土地及建物分件登記案件；,RPPOMLTJRHJGFBG88DA,133.43,0.0,10.07,無,
壯圍鄉,房地(土地+建物),宜蘭縣壯圍鄉永美路二段１８８巷２１弄３號,175.82,,特定農業區,農牧用地,1120221,土地3建物1車位0,全,三層,透天厝,住家用,鋼筋混凝土造,1130424,149.45,4,2,5,有,無,9700000,64905,,0.0,0,預售屋、或土地及建物分件登記案件；,RPQOMLTJRHJGFBG98DA,140.07,0.0,9.38,無,
員山鄉,房地(土地+建物)+車位,宜蘭縣員山鄉永金路２０號四樓之三,37.85,住,,,1120214,土地1建物1車位1,四層,五層,華廈(10層含以下有電梯),住家用,鋼筋混凝土造,1130722,93.34,2,1,1,有,無,6790000,72745,一樓平面,14.84,0,預售屋、或土地及建物分件登記案件；,RPOPMLPKRHJGFBG58DA,55.88,0.0,5.94,有,
壯圍鄉,房地(土地+建物),宜蘭縣壯圍鄉永美路二段１８８巷２１弄６號,169.37,,特定農業區,農牧用地,1120225,土地3建物1車位0,全,三層,透天厝,住家用,鋼筋混凝土造,1130424,164.56,4,2,5,有,無,10230000,62166,,0.0,0,其他：含農地交易:價金45萬預售屋、或土地及建物分件登記案件；,RPXNMLSKRHJGFBG96DA,154.45,0.0,10.11,無,
宜蘭市,房地(土地+建物),宜蘭縣宜蘭市中山路一段５巷３５弄１８號,89.55,農,,,1111223,土地4建物1車位0,全,三層,透天厝,住家用,鋼筋混凝土造,1130529,137.97,3,1,3,有,無,8300000,60158,,0.0,0,預售屋、或土地及建物分件登記案件；,RPPSMLLLQHJGFBG58DA,123.51,0.0,14.46,無,
員山鄉,房地(土地+建物)+車位,宜蘭縣員山鄉永金路２０號二樓之三,37.85,住,,,1111215,土地1建物1車位1,二層,五層,華廈(10層含以下有電梯),住家用,鋼筋混凝土造,1130722,93.34,2,2,1,有,無,6430000,68888,一樓平面,14.84,0,預售屋、或土地及建物分件登記案件；,RPSOMLPKRHJGFBG88DA,55.88,0.0,5.94,有,
壯圍鄉,房地(土地+建物),宜蘭縣壯圍鄉永美路二段１８８巷２１弄２號,303.37,,特定農業區,農牧用地,1111029,土地3建物1車位0,全,三層,透天厝,住家用,鋼筋混凝土造,1130424,187.16,4,2,5,有,無,12500000,66788,,0.0,0,含農地交易:價金97萬預售屋、或土地及建物分件登記案件；,RPWNMLTJRHJGFBG86DA,180.76,0.0,6.4,無,
壯圍鄉,房地(土地+建物),宜蘭縣壯圍鄉永美路二段１８８巷２１弄１３號,155.97,,特定農業區,甲種建築用地,1111017,土地3建物1車位0,全,三層,透天厝,住家用,鋼筋混凝土造,1130424,155.65,4,2,4,有,無,9500000,61034,,0.0,0,其他：含農地交易:價金37萬預售屋、或土地及建物分件登記案件；,RPROMLTJRHJGFBG09DA,144.44,0.0,11.21,無,
礁溪鄉,房地(土地+建物),宜蘭縣礁溪鄉茅埔二路９８號三樓之一,36.85,,特定農業區,甲種建築用地,1110928,土地1建物1車位0,三層,四層,華廈(10層含以下有電梯),住家用,鋼筋混凝土造,1130207,90.72999999999999,3,2,1,有,有,5200000,57313,,0.0,0,預售屋、或土地及建物分件登記案件；,RPWOMLTJRHJGFBG96DA,56.2,0.0,8.4,有,
員山鄉,房地(土地+建物)+車位,宜蘭縣員山鄉永金路２０號二樓之五,48.31,住,,,1110901,土地1建物1車位1,二層,五層,華廈(10層含以下有電梯),住家用,鋼筋混凝土造,1130722,115.33000000000001,3,2,2,有,無,7580000,65724,一樓平面,14.84,0,預售屋、或土地及建物分件登記案件；,RPROMLPKRHJGFBG78DA,72.48,0.0,6.5,有,
員山鄉,房地(土地+建物)+車位,宜蘭縣員山鄉永金路２０號二樓之二,41.68,住,,,1110920,土地1建物1車位1,二層,五層,華廈(10層含以下有電梯),住家用,鋼筋混凝土造,1130722,98.56,2,2,1,有,無,6650000,67472,一樓平面,14.84,0,預售屋、或土地及建物分件登記案件；,RPQNMLQKRHJGFBG68DA,62.56,0.0,5.49,有,
員山鄉,房地(土地+建物)+車位,宜蘭縣員山鄉永金路２０號四樓之二,41.68,住,,,1110806,土地1建物1車位1,四層,五層,華廈(10層含以下有電梯),住家用,鋼筋混凝土造,1130722,98.56,2,2,1,有,無,6900000,70008,一樓平面,14.84,0,預售屋、或土地及建物分件登記案件；,RPXOMLPKRHJGFBG76DA,62.56,0.0,5.49,有,
宜蘭市,房地(土地+建物),宜蘭縣宜蘭市中山路一段５巷３５弄６號,90.32,農,,,1110731,土地4建物1車位0,全,三層,透天厝,住家用,鋼筋混凝土造,1130529,137.97,3,1,3,有,無,8000000,57984,,0.0,0,預售屋、或土地及建物分件登記案件；,RPOSMLLLQHJGFBG48DA,123.51,0.0,14.46,無,
宜蘭市,房地(土地+建物),宜蘭縣宜蘭市中山路一段５巷３５弄８號,89.84,農,,,1110731,土地4建物1車位0,全,三層,透天厝,住家用,鋼筋混凝土造,1130529,137.97,4,1,3,有,無,8000000,57984,,0.0,0,預售屋、或土地及建物分件登記案件；,RPWQMLLLQHJGFBG09DA,123.51,0.0,14.46,無,
員山鄉,房地(土地+建物)+車位,宜蘭縣員山鄉永金路２０號三樓之二,41.68,住,,,1110716,土地1建物1車位1,三層,五層,華廈(10層含以下有電梯),住家用,鋼筋混凝土造,1130722,98.56,2,2,1,有,無,6700000,67979,一樓平面,14.84,0,預售屋、或土地及建物分件登記案件；,RPPOMLPKRHJGFBG58DA,62.56,0.0,5.49,有,
員山鄉,房地(土地+建物)+車位,宜蘭縣員山鄉永金路２０號二樓之一,57.81,住,,,1110717,土地1建物1車位1,二層,五層,華廈(10層含以下有電梯),住家用,鋼筋混凝土造,1130722,131.51,3,2,2,有,無,8100000,61592,一樓平面,14.84,0,預售屋、或土地及建物分件登記案件；,RPUOMLPKRHJGFBG09DA,82.16,0.0,12.43,有,
員山鄉,房地(土地+建物)+車位,宜蘭縣員山鄉永金路２０號三樓之五,48.31,住,,,1110728,土地1建物1車位1,三層,五層,華廈(10層含以下有電梯),住家用,鋼筋混凝土造,1130722,115.33000000000001,3,2,2,有,無,7750000,67198,一樓平面,14.84,0,預售屋、或土地及建物分件登記案件；,RPVOMLPKRHJGFBG56DA,72.48,0.0,6.5,有,
員山鄉,房地(土地+建物)+車位,宜蘭縣員山鄉永金路２０號四樓之一,57.81,住,,,1110709,土地1建物1車位1,四層,五層,華廈(10層含以下有電梯),住家用,鋼筋混凝土造,1130722,131.51,3,2,2,有,無,8300000,63113,一樓平面,14.84,0,預售屋、或土地及建物分件登記案件；,RPWOMLPKRHJGFBG66DA,82.16,0.0,12.43,有,
員山鄉,房地(土地+建物)+車位,宜蘭縣員山鄉永金路２０號四樓之五,48.31,住,,,1110718,土地1建物1車位1,四層,五層,華廈(10層含以下有電梯),住家用,鋼筋混凝土造,1130722,115.33000000000001,3,2,2,有,無,7780000,67459,一樓平面,14.84,0,預售屋、或土地及建物分件登記案件；,RPPPMLPKRHJGFBG68DA,72.48,0.0,6.5,有,
員山鄉,房地(土地+建物)+車位,宜蘭縣員山鄉永金路２０號五樓之一,57.81,住,,,1110723,土地1建物1車位1,五層,五層,華廈(10層含以下有電梯),住家用,鋼筋混凝土造,1130722,131.51,3,2,2,有,無,8400000,63873,一樓平面,14.84,0,預售屋、或土地及建物分件登記案件；,RPQPMLPKRHJGFBG78DA,82.16,0.0,12.43,有,
宜蘭市,房地(土地+建物),宜蘭縣宜蘭市中山路一段５巷３５弄１１號,88.31,農,,,1110619,土地4建物1車位0,全,三層,透天厝,住家用,鋼筋混凝土造,1130529,137.97,3,1,3,有,無,8500000,61608,,0.0,0,預售屋、或土地及建物分件登記案件；,RPXRMLLLQHJGFBG66DA,123.51,0.0,14.46,無,
宜蘭市,房地(土地+建物),宜蘭縣宜蘭市中山路一段５巷３５弄７號,89.27,農,,,1110528,土地4建物1車位0,全,三層,透天厝,住家用,鋼筋混凝土造,1130529,137.97,4,1,3,有,無,8500000,61608,,0.0,0,預售屋、或土地及建物分件登記案件；,RPPQMLLLQHJGFBG38DA,123.51,0.0,14.46,無,
宜蘭市,房地(土地+建物),宜蘭縣宜蘭市中山路一段５巷３５弄１２號,88.89,農,,,1110528,土地4建物1車位0,全,三層,透天厝,住家用,鋼筋混凝土造,1130529,137.97,4,1,3,有,無,8500000,61608,,0.0,0,預售屋、或土地及建物分件登記案件；,RPORMLLLQHJGFBG38DA,123.51,0.0,14.46,無,
宜蘭市,房地(土地+建物),宜蘭縣宜蘭市中山路一段５巷３５弄１３號,106.4,農,,,1110430,土地4建物1車位0,全,三層,透天厝,住家用,鋼筋混凝土造,1130529,159.92,4,1,3,有,無,8500000,53152,,0.0,0,預售屋、或土地及建物分件登記案件；,RPSQMLLLQHJGFBG68DA,144.93,0.0,14.99,無,
宜蘭市,房地(土地+建物),宜蘭縣宜蘭市中山路一段５巷３５弄１５號,129.68,農,,,1110423,土地4建物1車位0,全,三層,透天厝,住家用,鋼筋混凝土造,1130529,140.16,4,1,3,有,無,8500000,60645,,0.0,0,預售屋、或土地及建物分件登記案件；,RPTQMLLLQHJGFBG78DA,125.4,0.0,14.76,無,
宜蘭市,房地(土地+建物),宜蘭縣宜蘭市中山路一段５巷３５弄５號,89.75,農,,,1110427,土地4建物1車位0,全,三層,透天厝,住家用,鋼筋混凝土造,1130529,136.83,4,1,3,有,無,8300000,60659,,0.0,0,預售屋、或土地及建物分件登記案件；,RPOQMLLLQHJGFBG28DA,123.51,0.0,13.32,無,
宜蘭市,房地(土地+建物),宜蘭縣宜蘭市中山路一段５巷３５弄２號,86.72,農,,,1110427,土地4建物1車位0,全,三層,透天厝,住家用,鋼筋混凝土造,1130529,132.28,4,1,3,有,無,8500000,64258,,0.0,0,預售屋、或土地及建物分件登記案件；,RPUQMLLLQHJGFBG88DA,119.09,0.0,13.19,無,
宜蘭市,房地(土地+建物),宜蘭縣宜蘭市中山路一段５巷３５弄３號,90.23,農,,,1110424,土地4建物1車位0,全,三層,透天厝,住家用,鋼筋混凝土造,1130529,137.97,3,1,3,有,無,8300000,60158,,0.0,0,預售屋、或土地及建物分件登記案件；,RPVRMLLLQHJGFBG09DA,123.51,0.0,14.46,無,
宜蘭市,房地(土地+建物),宜蘭縣宜蘭市健康路二段４９巷１號五樓之二,18.62,商,,,1110415,土地1建物1車位0,五層,五層,華廈(10層含以下有電梯),住家用,鋼筋混凝土造,1130624,68.48,2,0,2,有,有,6200000,90537,,0.0,0,預售屋、或土地及建物分件登記案件；,RPTOMLLMQHJGFBG68DA,39.57,0.0,4.29,有,
宜蘭市,房地(土地+建物),宜蘭縣宜蘭市中山路一段５巷３５弄１０號,89.37,農,,,1110421,土地4建物1車位0,全,三層,透天厝,住家用,鋼筋混凝土造,1130529,136.83,4,1,3,有,無,8400000,61390,,0.0,0,預售屋、或土地及建物分件登記案件；,RPXQMLLLQHJGFBG56DA,123.51,0.0,13.32,無,
宜蘭市,房地(土地+建物),宜蘭縣宜蘭市中山路一段５巷３５弄１６號,88.41,農,,,1110430,土地4建物1車位0,全,三層,透天厝,住家用,鋼筋混凝土造,1130529,136.83,4,1,3,有,無,8500000,62121,,0.0,0,預售屋、或土地及建物分件登記案件；,RPQRMLLLQHJGFBG58DA,123.51,0.0,13.32,無,
宜蘭市,房地(土地+建物),宜蘭縣宜蘭市中山路一段５巷３５弄２０號,93.75,農,,,1110429,土地4建物1車位0,全,三層,透天厝,住家用,鋼筋混凝土造,1130529,139.31,3,1,3,有,無,8500000,61015,,0.0,0,預售屋、或土地及建物分件登記案件；,RPURMLLLQHJGFBG98DA,126.12,0.0,13.19,無,
宜蘭市,房地(土地+建物),宜蘭縣宜蘭市健康路二段４９巷１號五樓之一,17.88,商,,,1110321,土地1建物1車位0,五層,五層,華廈(10層含以下有電梯),住家用,鋼筋混凝土造,1130624,65.75999999999999,2,0,2,有,有,5760000,87591,,0.0,0,預售屋、或土地及建物分件登記案件；,RPROMLLMQHJGFBG48DA,37.83,0.0,4.29,有,
宜蘭市,房地(土地+建物),宜蘭縣宜蘭市健康路二段４９巷１號,21.41,商,,,1110224,土地1建物1車位0,一層,五層,華廈(10層含以下有電梯),住家用,鋼筋混凝土造,1130624,78.73,2,0,2,有,有,6500000,82561,,0.0,0,預售屋、或土地及建物分件登記案件；,RPVNMLLMQHJGFBG78DA,45.25,0.0,5.18,有,
宜蘭市,房地(土地+建物),宜蘭縣宜蘭市健康路二段４９巷１號二樓之二,18.62,商,,,1110226,土地1建物1車位0,二層,五層,華廈(10層含以下有電梯),住家用,鋼筋混凝土造,1130624,68.48,2,0,2,有,有,5800000,84696,,0.0,0,預售屋、或土地及建物分件登記案件；,RPXNMLLMQHJGFBG98DA,39.57,0.0,4.29,有,
宜蘭市,房地(土地+建物),宜蘭縣宜蘭市健康路二段４９巷１號二樓之一,17.88,商,,,1110226,土地1建物1車位0,二層,五層,華廈(10層含以下有電梯),住家用,鋼筋混凝土造,1130624,65.75999999999999,2,0,2,有,有,5800000,88200,,0.0,0,預售屋、或土地及建物分件登記案件；,RPSOMLLMQHJGFBG58DA,37.83,0.0,4.29,有,
宜蘭市,房地(土地+建物)+車位,宜蘭縣宜蘭市中山路五段１９０號五樓之五,21.84,都市：其他:住宅區,,,1100522,土地2建物1車位1,五層,六層,華廈(10層含以下有電梯),住家用,鋼筋混凝土造,1130514,105.83,2,2,1,有,無,5250000,65624,坡道平面,40.0,930000,包含公共設施保留地用地；預售屋、或土地及建物分件登記案件；,RPXOMLQKQHJGFBG76DA,42.21,0.0,4.46,有,
員山鄉,土地,深福段73地號,1100.08,,特定農業區,甲種建築用地,1100516,土地3建物0車位0,,,其他,,,,0.0,0,0,0,無,無,27421600,24927,,0.0,0,,RPPNMLNKRHJGFBG28DA,0.0,0.0,0.0,無,
宜蘭市,房地(土地+建物)+車位,宜蘭縣宜蘭市中山路五段１８８號,25.94,都市：其他:住宅區,,,1091117,土地2建物1車位1,一層,六層,華廈(10層含以下有電梯),住家用,鋼筋混凝土造,1130514,120.61,3,2,2,有,無,7280000,78154,坡道平面,40.0,980000,包含公共設施保留地用地；預售屋、或土地及建物分件登記案件；,RPSNMLMLQHJGFBG48DA,57.14,0.0,0.0,有,
宜蘭市,房地(土地+建物)+車位,宜蘭縣宜蘭市中山路五段１９０號二樓之一,28.31,都市：其他:住宅區,,,1091119,土地2建物1車位1,二層,六層,華廈(10層含以下有電梯),住家用,鋼筋混凝土造,1130514,129.12,3,2,2,有,無,6880000,66203,坡道平面,40.0,980000,包含公共設施保留地用地；預售屋、或土地及建物分件登記案件；,RPTNMLMLQHJGFBG58DA,57.56,0.0,5.59,有,
宜蘭市,房地(土地+建物)+車位,宜蘭縣宜蘭市中山路五段１９０號四樓之一,28.3,都市：其他:住宅區,,,1091118,土地2建物1車位1,四層,六層,華廈(10層含以下有電梯),住家用,鋼筋混凝土造,1130514,129.10999999999999,3,2,2,有,無,6950000,67333,坡道平面,40.0,950000,包含公共設施保留地用地；預售屋、或土地及建物分件登記案件；,RPOOMLTLQHJGFBG88DA,57.56,0.0,5.59,有,
