﻿編號,土地位置,土地移轉面積平方公尺,使用分區或編定,權利人持分分母,權利人持分分子,移轉情形,地號
The serial number, land position,land shifting area square meter,the use zoning or compiles and checks,,,,land parcel
RPVNMLMKQHJGFDH98CB,東勢段上庄子小段,22.29,非都市：特定農業區 ; 非都市編定：甲種建築用地,10000,387,持分移轉,04300000
RPUSMLOKQHJGFBH76CB,豐興段,24.48,都市：住,100000,811,持分移轉,02150000
RPPNMLLKQHJGFDH28CB,上湖段,14.52,非都市：特定農業區 ; 非都市編定：甲種建築用地,100000,513,持分移轉,18050000
RPPNMLLKQHJGFDH28CB,上湖段,4.19,非都市：特定農業區 ; 非都市編定：甲種建築用地,100000,513,持分移轉,18050004
RPPNMLLKQHJGFDH28CB,上湖段,1.10,非都市：特定農業區 ; 非都市編定：甲種建築用地,100000,513,持分移轉,18050006
RPPNMLLKQHJGFDH28CB,上湖段,1.64,非都市：特定農業區 ; 非都市編定：甲種建築用地,100000,513,持分移轉,18050007
RPPNMLLKQHJGFDH28CB,上湖段,.31,非都市：特定農業區 ; 非都市編定：甲種建築用地,100000,513,持分移轉,18050008
RPSNMLQKQHJGFBH88CB,青溪段,11.56,都市：住,100000,540,持分移轉,05680001
RPSNMLQKQHJGFBH88CB,青溪段,17.38,都市：住,100000,540,持分移轉,05680002
RPSNMLQKQHJGFBH88CB,青溪段,2.41,都市：住,100000,540,持分移轉,05710000
RPRNMLOKQHJGFEH88CB,客運二段,32.07,都市：住,1000000,3456,持分移轉,00680000
RPSNMLQKQHJGFBH88CB,青溪段,10.11,都市：住,100000,540,持分移轉,05720000
RPSNMLQKQHJGFBH88CB,青溪段,2.66,都市：住,100000,540,持分移轉,05730000
RPSNMLQKQHJGFBH88CB,青溪段,3.81,都市：住,100000,540,持分移轉,05740000
RPVTMLOKQHJGFBH96CB,草新段,3.94,都市：住,100000,328,持分移轉,02100000
RPVTMLOKQHJGFBH96CB,草新段,5.25,都市：住,100000,328,持分移轉,02110000
RPVTMLOKQHJGFBH96CB,草新段,4.10,都市：住,100000,328,持分移轉,02120000
RPVTMLOKQHJGFBH96CB,草新段,4.05,都市：住,100000,328,持分移轉,02130000
RPWNMLMKQHJGFDH09CB,和平段,26.50,非都市：特定農業區 ; 非都市編定：甲種建築用地,100000,2429,持分移轉,08710000
RPTNMLQKQHJGFEH66CB,新鼻段,17.66,都市：住,100000,942,持分移轉,01330000
RPWNMLMKQHJGFDH09CB,和平段,7.20,非都市：特定農業區 ; 非都市編定：甲種建築用地,100000,2429,持分移轉,08710010
RPWNMLMKQHJGFDH09CB,和平段,43.99,非都市：特定農業區 ; 非都市編定：甲種建築用地,100000,2429,持分移轉,08710015
RPQTMLOKQHJGFBH09CB,豐興段,24.48,都市：住,100000,811,持分移轉,02150000
RPPNMLPKQHJGFBH68EB,甘泉段,22.81,都市：住,100000,950,持分移轉,03290000
RPTNMLRKQHJGFEH76CB,新鼻段,15.42,都市：住,10000,21,持分移轉,00390000
RPOOMLRKQHJGFBH68CB,富溪段,31.21,都市：住,10000,517,持分移轉,03490000
RPWNMLRKQHJGFBH76CB,富溪段,31.21,都市：住,10000,517,持分移轉,03490000
RPPNMLQKQHJGFBH68DB,富溪段,23.08,都市：住,115920,4355,持分移轉,05760000
RPPNMLRKQHJGFEH98CB,新鼻段,22.77,都市：住,10000,31,持分移轉,00390000
RPROMLRKQHJGFBH98CB,富溪段,31.21,都市：住,10000,517,持分移轉,03490000
RPRNMLRKQHJGFEH56CB,新鼻段,15.42,都市：住,10000,21,持分移轉,00390000
RPQNMLRKQHJGFEH09CB,新鼻段,27.17,都市：住,10000,37,持分移轉,00390000
RPSNMLRKQHJGFEH66CB,新鼻段,15.42,都市：住,10000,21,持分移轉,00390000
RPXNMLSKQHJGFBH96CB,雙嶺段,23.59,都市：住,100000,495,持分移轉,14780000
RPUNMLRKQHJGFEH86CB,新鼻段,19.09,都市：住,10000,26,持分移轉,00390000
RPQOMLSKQHJGFAH88CB,中路一段,46.63,都市：住,1000000,5560,持分移轉,00560000
RPXQMLSKQHJGFAH17CB,龍祥段,18.13,都市：住,100000,675,持分移轉,06180000
RPWQMLSKQHJGFAH07CB,龍祥段,14.18,都市：住,100000,528,持分移轉,06180000
RPRNMLSKQHJGFDH66DB,員富段,22.35,都市：住,100000,3112,持分移轉,02350000
RPPNMLTKQHJGFAH78CB,三民段,28.50,都市：住,100000,1008,持分移轉,02230000
RPQPMLTKQHJGFAH09CB,水汴頭段,22.20,都市：住,10000,75,持分移轉,01760000
RPSNMLTKQHJGFAH09CB,三民段,16.20,都市：住,100000,573,持分移轉,02230000
RPRNMLTKQHJGFAH98CB,三民段,16.20,都市：住,100000,573,持分移轉,02230000
RPWNMLTKQHJGFAH86CB,中路二段,14.57,都市：住,100000,677,持分移轉,03310000
RPWNMLTKQHJGFAH86CB,中路二段,21.01,都市：住,100000,677,持分移轉,03320000
RPRPMLTKQHJGFAH56CB,中路三段,22.72,都市：住,100000,596,持分移轉,06900000
RPSOMLTKQHJGFBH66CB,忠愛段,37.62,非都市：特定農業區 ; 非都市編定：甲種建築用地,1000000,23407,持分移轉,08900000
RPRNMLTKQHJGFBH09CB,山下段,33.77,非都市：特定農業區 ; 非都市編定：甲種建築用地,10000,102,持分移轉,06170000
RPWNNLTKQHJGFBH07CB,豐興段,20.60,都市：住,100000,524,持分移轉,02490000
RPXOMLTKQHJGFBH17CB,忠愛段,25.60,非都市：特定農業區 ; 非都市編定：甲種建築用地,1000000,15933,持分移轉,08900000
RPOPMLTKQHJGFBH98CB,青溪段,26.79,都市：住,100000,1143,持分移轉,02960000
RPQONLTKQHJGFBH56CB,豐興段,20.56,都市：住,100000,523,持分移轉,02490000
RPOONLTKQHJGFBH98CB,豐興段,17.65,都市：住,100000,449,持分移轉,02490000
RPPONLTKQHJGFBH09CB,豐興段,16.43,都市：住,100000,418,持分移轉,02490000
RPXNNLTKQHJGFBH17CB,豐興段,20.60,都市：住,100000,524,持分移轉,02490000
RPSONLTKQHJGFBH76CB,豐興段,16.20,都市：住,100000,412,持分移轉,02490000
RPUONLTKQHJGFBH96CB,豐興段,20.09,都市：住,100000,511,持分移轉,02490000
RPVONLTKQHJGFBH07CB,豐興段,20.09,都市：住,100000,511,持分移轉,02490000
RPRONLTKQHJGFBH66CB,豐興段,16.12,都市：住,100000,410,持分移轉,02490000
RPTONLTKQHJGFBH86CB,豐興段,16.20,都市：住,100000,412,持分移轉,02490000
RPWONLTKQHJGFBH17CB,豐興段,20.09,都市：住,100000,511,持分移轉,02490000
RPOPNLTKQHJGFBH09CB,豐興段,16.20,都市：住,100000,412,持分移轉,02490000
RPPPNLTKQHJGFBH56CB,豐興段,16.20,都市：住,100000,412,持分移轉,02490000
RPRPNLTKQHJGFBH76CB,豐興段,16.20,都市：住,100000,412,持分移轉,02490000
RPXONLTKQHJGFBH27CB,豐興段,20.13,都市：住,100000,512,持分移轉,02490000
RPQPNLTKQHJGFBH66CB,豐興段,16.20,都市：住,100000,412,持分移轉,02490000
RPTPNLTKQHJGFBH96CB,豐興段,16.20,都市：住,100000,412,持分移轉,02490000
RPUPNLTKQHJGFBH07CB,豐興段,21.78,都市：住,100000,554,持分移轉,02490000
RPVPNLTKQHJGFBH17CB,豐興段,21.78,都市：住,100000,554,持分移轉,02490000
RPSPNLTKQHJGFBH86CB,豐興段,16.20,都市：住,100000,412,持分移轉,02490000
RPXPNLTKQHJGFBH37CB,豐興段,24.02,都市：住,100000,611,持分移轉,02490000
RPWPNLTKQHJGFBH27CB,豐興段,16.20,都市：住,100000,412,持分移轉,02490000
RPOQNLTKQHJGFBH56CB,豐興段,20.84,都市：住,100000,530,持分移轉,02490000
RPPNMLTKQHJGFDH09CB,新洲段,21.11,都市：住,100000,705,持分移轉,03920000
RPQNMLTKQHJGFEH66CB,客運二段,26.94,都市：住,100000,1083,持分移轉,01520001
RPXRMLTKQHJGFEH77CB,客運二段,26.94,都市：住,100000,1083,持分移轉,01520001
RPPNMLKLQHJGFAH97CB,水汴頭段,31.13,都市：住,100000,1336,持分移轉,02410000
RPTSMLTKQHJGFEH47CB,客運一段,25.93,都市：住,10000,226,持分移轉,01480000
RPRNMLKLQHJGFAH18CB,龍祥段,18.15,都市：住,100000,676,持分移轉,06180000
RPQNMLKLQHJGFAH08CB,水汴頭段,27.26,都市：住,100000,1170,持分移轉,02410000
RPSNMLKLQHJGFAH28CB,中路二段,6.69,都市：住,100000,499,持分移轉,00090000
RPSNMLKLQHJGFAH28CB,中路二段,25.43,都市：住,100000,499,持分移轉,00090001
RPTNMLKLQHJGFAH38CB,水汴頭段,14.01,都市：商,100000,421,持分移轉,00320000
RPSNMLKLQHJGFBH38CB,觀新段,29.32,非都市：一般農業區 ; 非都市編定：甲種建築用地,10000,554,持分移轉,15490000
RPPPMLKLQHJGFEH58CB,客運一段,21.57,都市：商,1000000,8047,持分移轉,00700000
RPUNMLKLQHJGFGH09CB,廣豐段,25.78,都市：住,100000,1118,持分移轉,05660000
RPVNMLKLQHJGFGH56CB,廣豐段,27.26,都市：住,100000,1182,持分移轉,05660000
RPRPMLKLQHJGFEH78CB,新鼻段,14.60,都市：住,10000,37,持分移轉,02580000
RPTPMLKLQHJGFEH98CB,新鼻段,17.76,都市：住,10000,45,持分移轉,02580000
RPSPMLKLQHJGFEH88CB,新鼻段,19.34,都市：住,10000,49,持分移轉,02580000
RPOOMLKLQHJGFGH58CB,廣豐段,27.26,都市：住,100000,1182,持分移轉,05660000
RPTNMLKLQHJGFGH98CB,廣豐段,20.68,都市：住,100000,897,持分移轉,05660000
RPPNMLKLQHJGFHH68CB,善捷段,21.20,都市：商,1000000,2485,持分移轉,00470000
RPROMLKLQHJGFGH88CB,廣豐段,27.26,都市：住,100000,1182,持分移轉,05660000
RPQNMLKLQHJGFHH78CB,善捷段,19.59,都市：商,1000000,2296,持分移轉,00470000
RPSNMLLLQHJGFBH48CB,草福段,17.71,都市：住,100000,1055,持分移轉,02480000
RPXNMLLLQHJGFDH56CB,員富段,17.93,都市：住,100000,412,持分移轉,03100000
RPVNMLLLQHJGFDH98CB,田心段,32.23,非都市：特定農業區 ; 非都市編定：甲種建築用地,10000,277,持分移轉,00250020
RPVNMLLLQHJGFDH98CB,田心段,4.14,非都市：特定農業區 ; 非都市編定：甲種建築用地,10000,277,持分移轉,00300001
RPVNMLLLQHJGFDH98CB,田心段,3.12,非都市：特定農業區 ; 非都市編定：甲種建築用地,2304,16,持分移轉,00250019
RPRNMLLLQHJGFEH68CB,客運一段,19.63,都市：商,100000,263,持分移轉,00570000
RPOOMLLLQHJGFDH38CB,員富段,18.36,都市：住,100000,422,持分移轉,03100000
RPTNMLLLQHJGFEH88CB,新鼻段,40.98,都市：住,10000,102,持分移轉,01750000
RPUNMLLLQHJGFEH98CB,新鼻段,16.89,都市：住,10000,23,持分移轉,00390000
RPWNMLLLQHJGFEH56CB,新鼻段,15.42,都市：住,10000,21,持分移轉,00390000
RPVNMLLLQHJGFEH09CB,新鼻段,28.64,都市：住,10000,39,持分移轉,00390000
RPXNMLLLQHJGFEH66CB,新鼻段,16.16,都市：住,10000,22,持分移轉,00390000
RPXNMLLLQHJGFHH96CB,樂捷段,22.88,都市：住,100000,612,持分移轉,00770000
RPVNMLMLQHJGFAH78CB,中路二段,23.63,都市：住,100000,392,持分移轉,00010000
RPVNMLMLQHJGFAH78CB,中路二段,.78,都市：住,100000,392,持分移轉,00010001
RPOOMLLLQHJGFEH48CB,新鼻段,27.17,都市：住,10000,37,持分移轉,00390000
RPPNMLNLQHJGFAH28CB,中路二段,12.60,都市：住,100000,209,持分移轉,00010000
RPPNMLNLQHJGFAH28CB,中路二段,.42,都市：住,100000,209,持分移轉,00010001
RPWOMLNLQHJGFBH56CB,青溪段,19.13,都市：住,10000,35,持分移轉,02260000
RPTNMLNLQHJGFAH68CB,中路二段,24.71,都市：住,100000,410,持分移轉,00010000
RPTNMLNLQHJGFAH68CB,中路二段,.81,都市：住,100000,410,持分移轉,00010001
RPQNMLNLQHJGFAH38CB,中路二段,13.80,都市：住,100000,229,持分移轉,00010000
RPQNMLNLQHJGFAH38CB,中路二段,.45,都市：住,100000,229,持分移轉,00010001
RPVNMLNLQHJGFAH88CB,中路二段,21.52,都市：住,100000,357,持分移轉,00010000
RPVNMLNLQHJGFAH88CB,中路二段,.71,都市：住,100000,357,持分移轉,00010001
RPXOMLNLQHJGFBH66CB,青溪段,19.13,都市：住,10000,35,持分移轉,02260000
RPPPMLNLQHJGFBH58CB,青溪段,19.13,都市：住,10000,35,持分移轉,02260000
RPRNMLNLQHJGFDH78CB,大金山下段大金山下小段,11.94,都市：住,1000000,2075,持分移轉,00730000
RPSNMLNLQHJGFDH88CB,和平段,26.26,非都市：特定農業區 ; 非都市編定：甲種建築用地,100000,2407,持分移轉,08710000
RPSNMLNLQHJGFDH88CB,和平段,7.13,非都市：特定農業區 ; 非都市編定：甲種建築用地,100000,2407,持分移轉,08710010
RPSNMLNLQHJGFDH88CB,和平段,43.59,非都市：特定農業區 ; 非都市編定：甲種建築用地,100000,2407,持分移轉,08710015
RPWNOLNLQHJGFEH96CB,公埔段,25.95,都市：住,100000,1485,持分移轉,07240000
RPTNMLNLQHJGFFH56CB,興仁段,22.40,都市：住,100000,406,持分移轉,03890000
RPQNMLNLQHJGFGH98CB,金龍段,20.09,非都市：特定農業區 ; 非都市編定：甲種建築用地,1000000,8827,持分移轉,04060000
RPRNMLNLQHJGFGH09CB,金龍段,20.09,非都市：特定農業區 ; 非都市編定：甲種建築用地,1000000,8827,持分移轉,04060000
RPUNMLNLQHJGFFH66CB,興仁段,21.52,都市：住,100000,390,持分移轉,03890000
RPSNMLNLQHJGFGH56CB,金龍段,20.09,非都市：特定農業區 ; 非都市編定：甲種建築用地,1000000,8827,持分移轉,04060000
RPPNMLNLQHJGFGH88CB,金龍段,28.97,非都市：特定農業區 ; 非都市編定：甲種建築用地,1000000,12729,持分移轉,04060000
RPUNMLNLQHJGFGH76CB,金龍段,31.10,非都市：特定農業區 ; 非都市編定：甲種建築用地,1000000,13666,持分移轉,04060000
RPVNMLNLQHJGFGH86CB,金龍段,20.09,非都市：特定農業區 ; 非都市編定：甲種建築用地,1000000,8827,持分移轉,04060000
RPWNMLNLQHJGFGH96CB,金龍段,28.97,非都市：特定農業區 ; 非都市編定：甲種建築用地,1000000,12729,持分移轉,04060000
RPTNMLNLQHJGFGH66CB,金龍段,20.77,非都市：特定農業區 ; 非都市編定：甲種建築用地,1000000,9128,持分移轉,04060000
RPPNMLNLQHJGFDH68DB,員富段,22.51,都市：住,100000,3134,持分移轉,02350000
RPTNMLOLQHJGFBH88CB,前寮段,25.80,都市：住,100000,572,持分移轉,14760000
RPXNMLOLQHJGFBH66CB,前寮段,22.92,都市：住,100000,508,持分移轉,14760000
RPVNMLOLQHJGFBH09CB,前寮段,25.80,都市：住,100000,572,持分移轉,14760000
RPOOMLOLQHJGFBH48CB,前寮段,17.55,都市：住,100000,389,持分移轉,14760000
RPROMLOLQHJGFBH78CB,前寮段,18.27,都市：住,100000,405,持分移轉,14760000
RPQOMLOLQHJGFBH68CB,前寮段,22.96,都市：住,100000,509,持分移轉,14760000
RPSOMLOLQHJGFBH88CB,前寮段,22.92,都市：住,100000,508,持分移轉,14760000
RPUOMLOLQHJGFBH09CB,廣青段,25.20,都市：農,1000000,7970,持分移轉,01390000
RPUOMLOLQHJGFBH09CB,廣青段,2.46,都市：農,126,1,持分移轉,01160010
RPTOMLOLQHJGFBH98CB,廣青段,25.76,都市：農,1000000,8150,持分移轉,01390000
RPTOMLOLQHJGFBH98CB,廣青段,2.46,都市：農,126,1,持分移轉,01160010
RPXOMLOLQHJGFBH76CB,廣青段,23.90,都市：農,1000000,7560,持分移轉,01390000
RPXOMLOLQHJGFBH76CB,廣青段,2.46,都市：農,126,1,持分移轉,01160010
RPPPMLOLQHJGFBH68CB,廣青段,25.20,都市：農,1000000,7970,持分移轉,01390000
RPPPMLOLQHJGFBH68CB,廣青段,2.46,都市：農,126,1,持分移轉,01160010
RPSPMLOLQHJGFBH98CB,廣青段,23.90,都市：農,1000000,7560,持分移轉,01390000
RPSPMLOLQHJGFBH98CB,廣青段,2.46,都市：農,126,1,持分移轉,01160010
RPOPMLOLQHJGFBH58CB,廣青段,23.90,都市：農,1000000,7560,持分移轉,01390000
RPOPMLOLQHJGFBH58CB,廣青段,2.46,都市：農,126,1,持分移轉,01160010
RPRPMLOLQHJGFBH88CB,廣青段,25.20,都市：農,1000000,7970,持分移轉,01390000
RPRPMLOLQHJGFBH88CB,廣青段,2.46,都市：農,126,1,持分移轉,01160010
RPTPMLOLQHJGFBH09CB,廣青段,23.90,都市：農,1000000,7560,持分移轉,01390000
RPTPMLOLQHJGFBH09CB,廣青段,2.46,都市：農,126,1,持分移轉,01160010
RPPNMLOLQHJGFCH58CB,石門段,8.47,都市：商,100000,159,持分移轉,03100000
RPPNMLOLQHJGFDH68CB,中華段,71.35,非都市：特定農業區 ; 非都市編定：甲種建築用地,100000,5686,持分移轉,08680000
RPUPMLOLQHJGFBH56CB,廣青段,23.90,都市：農,1000000,7560,持分移轉,01390000
RPUPMLOLQHJGFBH56CB,廣青段,2.46,都市：農,126,1,持分移轉,01160010
RPPNMLOLQHJGFEH78CB,新鼻段,27.32,都市：住,10000,210,持分移轉,03090000
RPRNMLOLQHJGFEH98CB,新鼻段,28.63,都市：住,10000,220,持分移轉,03090000
RPUNMLOLQHJGFEH66CB,新鼻段,25.89,都市：住,10000,199,持分移轉,03090000
RPTNMLOLQHJGFEH56CB,新鼻段,27.32,都市：住,10000,210,持分移轉,03090000
RPSNMLOLQHJGFEH09CB,新鼻段,28.63,都市：住,10000,220,持分移轉,03090000
RPSNMLPLQHJGFBH88CB,月眉段,27.14,非都市：特定農業區 ; 非都市編定：甲種建築用地,10000,521,持分移轉,17080000
RPVNMLPLQHJGFBH56CB,月眉段,27.14,非都市：特定農業區 ; 非都市編定：甲種建築用地,10000,521,持分移轉,17080000
RPPOMLPLQHJGFBH68CB,月眉段,21.88,非都市：特定農業區 ; 非都市編定：甲種建築用地,10000,420,持分移轉,17080000
RPUNMLPLQHJGFBH09CB,月眉段,21.10,非都市：特定農業區 ; 非都市編定：甲種建築用地,10000,405,持分移轉,17080000
RPOOMLPLQHJGFBH58CB,月眉段,19.64,非都市：特定農業區 ; 非都市編定：甲種建築用地,10000,377,持分移轉,17080000
RPWNMLPLQHJGFBH66CB,月眉段,19.80,非都市：特定農業區 ; 非都市編定：甲種建築用地,10000,380,持分移轉,17080000
RPQOMLPLQHJGFBH78CB,月眉段,21.88,非都市：特定農業區 ; 非都市編定：甲種建築用地,10000,420,持分移轉,17080000
RPROMLPLQHJGFBH88CB,月眉段,22.09,非都市：特定農業區 ; 非都市編定：甲種建築用地,10000,424,持分移轉,17080000
RPSOMLPLQHJGFBH98CB,月眉段,22.09,非都市：特定農業區 ; 非都市編定：甲種建築用地,10000,424,持分移轉,17080000
RPUOMLPLQHJGFBH56CB,月眉段,19.80,非都市：特定農業區 ; 非都市編定：甲種建築用地,10000,380,持分移轉,17080000
RPVOMLPLQHJGFBH66CB,月眉段,23.03,非都市：特定農業區 ; 非都市編定：甲種建築用地,10000,442,持分移轉,17080000
RPXOMLPLQHJGFBH86CB,月眉段,23.03,非都市：特定農業區 ; 非都市編定：甲種建築用地,10000,442,持分移轉,17080000
RPPPMLPLQHJGFBH78CB,月眉段,23.03,非都市：特定農業區 ; 非都市編定：甲種建築用地,10000,442,持分移轉,17080000
RPOPMLPLQHJGFBH68CB,月眉段,22.09,非都市：特定農業區 ; 非都市編定：甲種建築用地,10000,424,持分移轉,17080000
RPWOMLPLQHJGFBH76CB,月眉段,23.03,非都市：特定農業區 ; 非都市編定：甲種建築用地,10000,442,持分移轉,17080000
RPQPMLPLQHJGFBH88CB,月眉段,21.88,非都市：特定農業區 ; 非都市編定：甲種建築用地,10000,420,持分移轉,17080000
RPRPMLPLQHJGFBH98CB,月眉段,21.88,非都市：特定農業區 ; 非都市編定：甲種建築用地,10000,420,持分移轉,17080000
RPQNMLPLQHJGFDH88CB,上湖段,24.58,非都市：特定農業區 ; 非都市編定：甲種建築用地,100000,5924,持分移轉,00590006
RPSPMLQLQHJGFAH09CB,中路二段,22.32,都市：住,100000,1214,持分移轉,02620000
RPTPMLQLQHJGFAH56CB,三民段,22.82,都市：商,100000,1082,持分移轉,00970000
RPPNMLPLQHJGFEH88CB,青峰段,27.56,都市：住,100000,1040,持分移轉,03310000
RPUPMLQLQHJGFAH66CB,水汴頭段,9.49,都市：商,10000,70,持分移轉,00020000
RPVPMLQLQHJGFAH76CB,中路二段,16.66,都市：住,100000,435,持分移轉,00850000
RPUOMLQLQHJGFBH66CB,月眉段,90.00,非都市：特定農業區 ; 非都市編定：甲種建築用地,1,1,全筆移轉,09000010
RPXOMLQLQHJGFBH96CB,雙嶺段,17.68,都市：住,100000,371,持分移轉,14780000
RPOPMLQLQHJGFBH78CB,忠愛段,19.97,非都市：特定農業區 ; 非都市編定：甲種建築用地,1000000,12426,持分移轉,08900000
RPPPMLQLQHJGFBH88CB,雙嶺段,19.45,都市：住,100000,408,持分移轉,14780000
RPQPMLQLQHJGFBH98CB,雙嶺段,23.50,都市：住,100000,493,持分移轉,14780000
RPPNMLQLQHJGFDH88CB,頭重溪段,88.86,都市：住,10000,216,持分移轉,02040143
RPTNMLQLQHJGFEH76CB,客運二段,21.55,都市：住,1000000,2322,持分移轉,00680000
RPPNMLQLQHJGFCH78CB,石門段,9.00,都市：商,100000,169,持分移轉,03100000
RPPNMLQLQHJGFEH98CB,大新段,3.54,都市：商,100000,332,持分移轉,02380000
RPPNMLQLQHJGFEH98CB,大新段,6.07,都市：商,100000,332,持分移轉,02390000
RPPNMLQLQHJGFEH98CB,大新段,4.76,都市：商,100000,332,持分移轉,02400000
RPPNMLQLQHJGFEH98CB,大新段,.25,都市：商,100000,332,持分移轉,02400002
RPOOMLQLQHJGFEH98CB,客運一段,20.55,都市：商,10000,71,持分移轉,00710000
RPUNMLQLQHJGFEH86CB,客運二段,105.01,都市：住,1000000,11315,持分移轉,00680000
RPVNMLQLQHJGFEH96CB,客運二段,23.31,都市：住,1000000,2512,持分移轉,00680000
RPTNMLQLQHJGFFH86CB,茄苳段,24.24,都市：住,100000,265,持分移轉,04260000
RPQNMLQLQHJGFFH56CB,茄苳段,14.00,都市：住,100000,153,持分移轉,04260000
RPUNMLQLQHJGFFH96CB,茄苳段,19.21,都市：住,100000,210,持分移轉,04260000
RPOPMLQLQHJGFFH56CB,茄苳段,13.17,都市：住,100000,144,持分移轉,04260000
RPQOMLQLQHJGFFH66CB,茄苳段,24.06,都市：住,100000,263,持分移轉,04260000
RPQPMLQLQHJGFFH76CB,茄苳段,13.26,都市：住,100000,162,持分移轉,04210011
RPUPMLQLQHJGFFH17CB,茄苳段,20.55,都市：住,100000,251,持分移轉,04210011
RPRPMLQLQHJGFFH86CB,茄苳段,17.93,都市：住,100000,219,持分移轉,04210011
RPPNMLQLQHJGFHH66CB,樂捷段,15.98,都市：其他:第二種產業專用區,100000,128,持分移轉,00610000
RPPNMLQLQHJGFHH66CB,樂捷段,4.00,都市：其他:第二種產業專用區,100000,128,持分移轉,00610001
RPPQMLQLQHJGFFH76CB,茄苳段,23.90,都市：住,100000,292,持分移轉,04210011
RPQQMLQLQHJGFFH86CB,茄苳段,15.39,都市：住,100000,188,持分移轉,04210011
RPPNMLRLQHJGFAH68CB,中路二段,21.52,都市：住,100000,357,持分移轉,00010000
RPPNMLRLQHJGFAH68CB,中路二段,.71,都市：住,100000,357,持分移轉,00010001
RPSNMLRLQHJGFBH09CB,青平段,28.29,都市：住,10000,364,持分移轉,03710000
RPPNMLRLQHJGFDH98CB,員富段,23.93,都市：住,10000,230,持分移轉,01720000
RPRNMLRLQHJGFFH76CB,茄苳段,14.16,都市：住,100000,173,持分移轉,04210011
RPRNMLRLQHJGFGH86CB,鎮興段,78.87,非都市：特定農業區 ; 非都市編定：甲種建築用地,100000,2842,持分移轉,11530000
RPQNMLRLQHJGFGH76CB,鎮興段,10.05,非都市：特定農業區 ; 非都市編定：甲種建築用地,100000,362,持分移轉,11530000
RPUNMLRLQHJGFFH07CB,茄苳段,15.39,都市：住,100000,188,持分移轉,04210011
RPTNMLRLQHJGFFH96CB,茄苳段,23.90,都市：住,100000,292,持分移轉,04210011
RPWNMLRLQHJGFFH27CB,茄苳段,20.55,都市：住,100000,251,持分移轉,04210011
RPTOMLRLQHJGFFH07CB,茄苳段,13.26,都市：住,100000,145,持分移轉,04260000
RPQNMLRLQHJGFHH86CB,新路段,22.93,都市：住,1000000,23426,持分移轉,03600000
RPQNMLRLQHJGFHH86CB,新路段,.45,都市：住,1000000,23426,持分移轉,03020005
RPSNMLRLQHJGFGH96CB,鎮興段,58.69,非都市：特定農業區 ; 非都市編定：甲種建築用地,100000,2115,持分移轉,11530000
RPTNMLRLQHJGFDH86DB,新明段,69.41,都市：住,1,1,全筆移轉,10390117
RPTNMLRLQHJGFDH86DB,新明段,.51,都市：住,100000,2381,持分移轉,10390120
RPTNMLRLQHJGFDH86DB,新明段,.33,都市：住,100000,2381,持分移轉,10390078
RPTNMLRLQHJGFDH86DB,新明段,17.17,都市：住,100000,6250,持分移轉,10390000
RPUNMLRLQHJGFDH96DB,新明段,76.89,都市：住,1,1,全筆移轉,10390085
RPUNMLRLQHJGFDH96DB,新明段,.51,都市：住,100000,2381,持分移轉,10390120
RPUNMLRLQHJGFDH96DB,新明段,.33,都市：住,100000,2381,持分移轉,10390078
RPVNMLSLQHJGFBH86CB,廣青段,27.00,都市：農,1000000,8540,持分移轉,01390000
RPVNMLSLQHJGFBH86CB,廣青段,2.46,都市：農,126,1,持分移轉,01160010
RPUNMLSLQHJGFBH76CB,廣青段,27.00,都市：農,1000000,8540,持分移轉,01390000
RPUNMLSLQHJGFBH76CB,廣青段,2.46,都市：農,126,1,持分移轉,01160010
RPWNMLRLQHJGFDH17DB,新明段,8.27,都市：住,1,1,全筆移轉,10340010
RPWNMLRLQHJGFDH17DB,新明段,66.43,都市：住,1,1,全筆移轉,10390107
RPPNMLSLQHJGFAH78CB,水汴頭段,8.00,都市：商,10000,59,持分移轉,00020000
RPWNMLRLQHJGFDH17DB,新明段,.51,都市：住,100000,2381,持分移轉,10390120
RPWNMLRLQHJGFDH17DB,新明段,.33,都市：住,100000,2381,持分移轉,10390078
RPTNMLSLQHJGFBH66CB,廣青段,23.90,都市：農,1000000,7560,持分移轉,01390000
RPTNMLSLQHJGFBH66CB,廣青段,2.46,都市：農,126,1,持分移轉,01160010
RPOOMLSLQHJGFBH88CB,富溪段,23.49,都市：住,10000,53,持分移轉,00110000
RPPOMLSLQHJGFBH98CB,富溪段,22.16,都市：住,10000,50,持分移轉,00110000
RPQOMLSLQHJGFBH09CB,富溪段,22.60,都市：住,10000,51,持分移轉,00110000
RPQNMLSLQHJGFDH56CB,新洲段,23.38,都市：住,10000,40,持分移轉,04890000
RPPNMLSLQHJGFDH09CB,新洲段,26.31,都市：住,10000,45,持分移轉,04890000
RPUNMLSLQHJGFDH96CB,富岡段,63.00,非都市：特定農業區 ; 非都市編定：甲種建築用地,1,1,全筆移轉,10150028
RPUNMLSLQHJGFDH96CB,富岡段,33.56,非都市：特定農業區 ; 非都市編定：甲種建築用地,9,1,持分移轉,10150000
RPWNMLSLQHJGFEH27CB,客運二段,6.46,都市：住,100000,768,持分移轉,01490000
RPWNMLSLQHJGFEH27CB,客運二段,16.58,都市：住,100000,768,持分移轉,01500000
RPTNMLSLQHJGFDH86CB,富岡段,110.00,非都市：特定農業區 ; 非都市編定：甲種建築用地,1,1,全筆移轉,10150038
RPRNMLSLQHJGFEH76CB,客運二段,22.32,都市：住,100000,983,持分移轉,01230000
RPTNMLSLQHJGFDH86CB,富岡段,19.33,非都市：特定農業區 ; 非都市編定：甲種建築用地,21,1,持分移轉,10150002
RPTNMLSLQHJGFDH86CB,富岡段,1.24,非都市：特定農業區 ; 非都市編定：甲種建築用地,21,1,持分移轉,10150003
RPRNMLSLQHJGFFH86CB,竹園段,23.10,非都市：鄉村區 ; 非都市編定：乙種建築用地,10000,411,持分移轉,07290000
RPRNMLSLQHJGFFH86CB,竹園段,4.11,非都市：鄉村區 ; 非都市編定：乙種建築用地,10000,411,持分移轉,07290001
RPSNMLSLQHJGFDH76CB,新洲段,17.54,都市：住,10000,30,持分移轉,04890000
RPRNMLSLQHJGFFH86CB,竹園段,1.67,非都市：特定農業區 ; 非都市編定：農牧用地,29,1,持分移轉,07350000
RPQNMLSLQHJGFFH76CB,竹園段,15.12,非都市：鄉村區 ; 非都市編定：乙種建築用地,10000,269,持分移轉,07290000
RPQNMLSLQHJGFFH76CB,竹園段,2.69,非都市：鄉村區 ; 非都市編定：乙種建築用地,10000,269,持分移轉,07290001
RPQNMLSLQHJGFFH76CB,竹園段,1.67,非都市：特定農業區 ; 非都市編定：農牧用地,29,1,持分移轉,07350000
RPSNMLSLQHJGFFH96CB,竹園段,16.13,非都市：鄉村區 ; 非都市編定：乙種建築用地,10000,287,持分移轉,07290000
RPSNMLSLQHJGFFH96CB,竹園段,2.87,非都市：鄉村區 ; 非都市編定：乙種建築用地,10000,287,持分移轉,07290001
RPSNMLSLQHJGFFH96CB,竹園段,1.67,非都市：特定農業區 ; 非都市編定：農牧用地,29,1,持分移轉,07350000
RPTNMLSLQHJGFFH07CB,竹園段,16.13,非都市：鄉村區 ; 非都市編定：乙種建築用地,10000,287,持分移轉,07290000
RPTNMLSLQHJGFFH07CB,竹園段,2.87,非都市：鄉村區 ; 非都市編定：乙種建築用地,10000,287,持分移轉,07290001
RPTNMLSLQHJGFFH07CB,竹園段,1.67,非都市：特定農業區 ; 非都市編定：農牧用地,29,1,持分移轉,07350000
RPUNMLSLQHJGFFH17CB,竹園段,23.10,非都市：鄉村區 ; 非都市編定：乙種建築用地,10000,411,持分移轉,07290000
RPUNMLSLQHJGFFH17CB,竹園段,4.11,非都市：鄉村區 ; 非都市編定：乙種建築用地,10000,411,持分移轉,07290001
RPUNMLSLQHJGFFH17CB,竹園段,1.67,非都市：特定農業區 ; 非都市編定：農牧用地,29,1,持分移轉,07350000
RPRNMLSLQHJGFFH96DB,福興段,17.12,都市：住,100000,507,持分移轉,04290000
RPTPMLTLQHJGFBH96CB,山上段,23.27,非都市：特定農業區 ; 非都市編定：甲種建築用地,100000,1178,持分移轉,00960001
RPSOMLTLQHJGFBH76CB,青平段,30.51,都市：商,100000,493,持分移轉,01090000
RPPNMLTLQHJGFEH66CB,五塊厝段大埔小段,29.40,非都市：一般農業區 ; 非都市編定：甲種建築用地,100000,3206,持分移轉,14100000
RPXPMLTLQHJGFBH37CB,啟文段,26.01,非都市：特定農業區 ; 非都市編定：甲種建築用地,100000,597,持分移轉,07360000
RPPNMLTLQHJGFDH56CB,員富段,24.72,都市：住,100000,568,持分移轉,03100000
RPRNMLTLQHJGFEH86CB,五塊厝段大埔小段,29.40,非都市：一般農業區 ; 非都市編定：甲種建築用地,100000,3206,持分移轉,14100000
RPSNMLTLQHJGFFH07CB,竹園段,16.13,非都市：鄉村區 ; 非都市編定：乙種建築用地,10000,287,持分移轉,07290000
RPSNMLTLQHJGFFH07CB,竹園段,2.87,非都市：鄉村區 ; 非都市編定：乙種建築用地,10000,287,持分移轉,07290001
RPSNMLTLQHJGFFH07CB,竹園段,1.67,非都市：特定農業區 ; 非都市編定：農牧用地,29,1,持分移轉,07350000
RPTNMLKMQHJGFAH48CB,中路二段,23.63,都市：住,100000,392,持分移轉,00010000
RPTNMLKMQHJGFAH48CB,中路二段,.78,都市：住,100000,392,持分移轉,00010001
RPRNMLKMQHJGFAH28CB,中路二段,21.46,都市：住,100000,356,持分移轉,00010000
RPRNMLKMQHJGFAH28CB,中路二段,.71,都市：住,100000,356,持分移轉,00010001
RPUNMLKMQHJGFAH58CB,中路二段,21.46,都市：住,100000,356,持分移轉,00010000
RPUNMLKMQHJGFAH58CB,中路二段,.71,都市：住,100000,356,持分移轉,00010001
RPOOMLKMQHJGFAH08CB,大樹林段,18.60,都市：住,100000,544,持分移轉,06680010
RPTNMLKMQHJGFBH58CB,豐興段,21.30,都市：住,100000,1288,持分移轉,02230000
RPVOMLKMQHJGFAH78CB,埔子段埔子小段,.37,都市：住,100000,867,持分移轉,20390006
RPVOMLKMQHJGFAH78CB,埔子段埔子小段,.43,都市：住,100000,867,持分移轉,20390008
RPVOMLKMQHJGFAH78CB,埔子段埔子小段,.88,都市：住,100000,867,持分移轉,20390062
RPVOMLKMQHJGFAH78CB,埔子段埔子小段,18.22,都市：住,100000,867,持分移轉,20390227
RPVOMLKMQHJGFAH78CB,埔子段埔子小段,3.41,都市：住,100000,867,持分移轉,20400000
RPPOMLKMQHJGFAH18CB,大樹林段,18.60,都市：住,100000,544,持分移轉,06680010
RPVNMLKMQHJGFBH78CB,豐興段,21.75,都市：住,100000,1315,持分移轉,02230000
RPQOMLKMQHJGFAH28CB,大樹林段,11.70,都市：住,100000,342,持分移轉,06680010
RPWNMLKMQHJGFBH88CB,豐興段,21.75,都市：住,100000,1315,持分移轉,02230000
RPXNMLKMQHJGFBH98CB,豐興段,21.75,都市：住,100000,1315,持分移轉,02230000
RPUOMLKMQHJGFBH78CB,草新段,23.91,都市：住,100000,814,持分移轉,01220002
RPSNMLKMQHJGFEH78CB,客運二段,23.21,都市：住,100000,522,持分移轉,01190000
RPQNMLKMQHJGFEH58CB,客運二段,21.43,都市：住,100000,482,持分移轉,01190000
RPTNMLKMQHJGFEH88CB,客運二段,27.12,都市：住,100000,610,持分移轉,01190000
RPRNMLKMQHJGFEH68CB,客運二段,21.12,都市：住,100000,475,持分移轉,01190000
RPVNMLKMQHJGFEH09CB,客運二段,27.12,都市：住,100000,610,持分移轉,01190000
RPWNMLKMQHJGFEH56CB,客運二段,25.70,都市：住,100000,578,持分移轉,01190000
RPUNMLKMQHJGFEH98CB,客運二段,27.12,都市：住,100000,610,持分移轉,01190000
RPOOMLKMQHJGFEH48CB,客運二段,20.81,都市：住,100000,468,持分移轉,01190000
RPUNMLKMQHJGFFH09CB,前程段,17.06,都市：住,10000,53,持分移轉,03000000
RPXNMLKMQHJGFEH66CB,客運二段,18.76,都市：住,100000,422,持分移轉,01190000
RPPOMLKMQHJGFEH58CB,客運二段,20.81,都市：住,100000,468,持分移轉,01190000
RPQNMLLMQHJGFAH28CB,三民段,15.66,都市：住,100000,1274,持分移轉,00990000
RPQNMLLMQHJGFAH28CB,三民段,12.45,都市：住,100000,1274,持分移轉,01000000
RPQOMLLMQHJGFAH38CB,三民段,15.66,都市：住,100000,1274,持分移轉,00990000
RPQOMLLMQHJGFAH38CB,三民段,12.45,都市：住,100000,1274,持分移轉,01000000
RPTNMLLMQHJGFAH58CB,三民段,15.66,都市：住,100000,1274,持分移轉,00990000
RPTNMLLMQHJGFAH58CB,三民段,12.45,都市：住,100000,1274,持分移轉,01000000
RPOPMLLMQHJGFAH28CB,三民段,11.02,都市：住,100000,897,持分移轉,00990000
RPOPMLLMQHJGFAH28CB,三民段,8.76,都市：住,100000,897,持分移轉,01000000
RPVOMLLMQHJGFAH88CB,三民段,11.02,都市：住,100000,897,持分移轉,00990000
RPVOMLLMQHJGFAH88CB,三民段,8.76,都市：住,100000,897,持分移轉,01000000
RPTOMLLMQHJGFAH68CB,三民段,11.02,都市：住,100000,897,持分移轉,00990000
RPTOMLLMQHJGFAH68CB,三民段,8.76,都市：住,100000,897,持分移轉,01000000
RPSQMLLMQHJGFAH78CB,三民段,15.66,都市：住,100000,1274,持分移轉,00990000
RPSQMLLMQHJGFAH78CB,三民段,12.45,都市：住,100000,1274,持分移轉,01000000
RPXQMLLMQHJGFAH66CB,中路二段,1.90,都市：住,100000,847,持分移轉,02080000
RPXQMLLMQHJGFAH66CB,中路二段,5.26,都市：住,100000,847,持分移轉,02120000
RPXQMLLMQHJGFAH66CB,中路二段,7.89,都市：住,100000,847,持分移轉,02130000
RPXQMLLMQHJGFAH66CB,中路二段,1.59,都市：住,100000,847,持分移轉,02150000
RPORMLLMQHJGFAH48CB,中路二段,1.90,都市：住,100000,847,持分移轉,02080000
RPWQMLLMQHJGFAH56CB,三民段,11.10,都市：住,100000,903,持分移轉,00990000
RPORMLLMQHJGFAH48CB,中路二段,5.26,都市：住,100000,847,持分移轉,02120000
RPWQMLLMQHJGFAH56CB,三民段,8.82,都市：住,100000,903,持分移轉,01000000
RPORMLLMQHJGFAH48CB,中路二段,7.89,都市：住,100000,847,持分移轉,02130000
RPORMLLMQHJGFAH48CB,中路二段,1.59,都市：住,100000,847,持分移轉,02150000
RPPRMLLMQHJGFAH58CB,中路二段,1.90,都市：住,100000,847,持分移轉,02080000
RPPRMLLMQHJGFAH58CB,中路二段,5.26,都市：住,100000,847,持分移轉,02120000
RPPRMLLMQHJGFAH58CB,中路二段,7.89,都市：住,100000,847,持分移轉,02130000
RPPRMLLMQHJGFAH58CB,中路二段,1.59,都市：住,100000,847,持分移轉,02150000
RPPPMLLMQHJGFAH38CB,三民段,11.02,都市：住,100000,897,持分移轉,00990000
RPPPMLLMQHJGFAH38CB,三民段,8.76,都市：住,100000,897,持分移轉,01000000
RPTRMLLMQHJGFAH98CB,中路二段,1.90,都市：住,100000,847,持分移轉,02080000
RPTRMLLMQHJGFAH98CB,中路二段,5.26,都市：住,100000,847,持分移轉,02120000
RPTRMLLMQHJGFAH98CB,中路二段,7.89,都市：住,100000,847,持分移轉,02130000
RPTRMLLMQHJGFAH98CB,中路二段,1.59,都市：住,100000,847,持分移轉,02150000
RPURMLLMQHJGFAH09CB,中路二段,2.51,都市：住,100000,1120,持分移轉,02080000
RPURMLLMQHJGFAH09CB,中路二段,6.95,都市：住,100000,1120,持分移轉,02120000
RPRRMLLMQHJGFAH78CB,中路二段,1.90,都市：住,100000,847,持分移轉,02080000
RPURMLLMQHJGFAH09CB,中路二段,10.43,都市：住,100000,1120,持分移轉,02130000
RPRRMLLMQHJGFAH78CB,中路二段,5.26,都市：住,100000,847,持分移轉,02120000
RPRRMLLMQHJGFAH78CB,中路二段,7.89,都市：住,100000,847,持分移轉,02130000
RPURMLLMQHJGFAH09CB,中路二段,2.10,都市：住,100000,1120,持分移轉,02150000
RPRRMLLMQHJGFAH78CB,中路二段,1.59,都市：住,100000,847,持分移轉,02150000
RPQSMLLMQHJGFAH78CB,中路二段,2.51,都市：住,100000,1120,持分移轉,02080000
RPQSMLLMQHJGFAH78CB,中路二段,6.95,都市：住,100000,1120,持分移轉,02120000
RPQSMLLMQHJGFAH78CB,中路二段,10.43,都市：住,100000,1120,持分移轉,02130000
RPQSMLLMQHJGFAH78CB,中路二段,2.10,都市：住,100000,1120,持分移轉,02150000
RPXRMLLMQHJGFAH76CB,中路二段,2.51,都市：住,100000,1120,持分移轉,02080000
RPXRMLLMQHJGFAH76CB,中路二段,6.95,都市：住,100000,1120,持分移轉,02120000
RPXRMLLMQHJGFAH76CB,中路二段,10.43,都市：住,100000,1120,持分移轉,02130000
RPXRMLLMQHJGFAH76CB,中路二段,2.10,都市：住,100000,1120,持分移轉,02150000
RPOTMLLMQHJGFAH68CB,中路二段,2.61,都市：住,100000,1166,持分移轉,02080000
RPOTMLLMQHJGFAH68CB,中路二段,7.24,都市：住,100000,1166,持分移轉,02120000
RPOTMLLMQHJGFAH68CB,中路二段,10.86,都市：住,100000,1166,持分移轉,02130000
RPOTMLLMQHJGFAH68CB,中路二段,2.19,都市：住,100000,1166,持分移轉,02150000
RPTSMLLMQHJGFAH09CB,中路二段,2.61,都市：住,100000,1166,持分移轉,02080000
RPTSMLLMQHJGFAH09CB,中路二段,7.24,都市：住,100000,1166,持分移轉,02120000
RPVSMLLMQHJGFAH66CB,中路二段,2.61,都市：住,100000,1166,持分移轉,02080000
RPVSMLLMQHJGFAH66CB,中路二段,7.24,都市：住,100000,1166,持分移轉,02120000
RPVSMLLMQHJGFAH66CB,中路二段,10.86,都市：住,100000,1166,持分移轉,02130000
RPVSMLLMQHJGFAH66CB,中路二段,2.19,都市：住,100000,1166,持分移轉,02150000
RPTSMLLMQHJGFAH09CB,中路二段,10.86,都市：住,100000,1166,持分移轉,02130000
RPTSMLLMQHJGFAH09CB,中路二段,2.19,都市：住,100000,1166,持分移轉,02150000
RPQTMLLMQHJGFAH88CB,中路二段,2.61,都市：住,100000,1166,持分移轉,02080000
RPQTMLLMQHJGFAH88CB,中路二段,7.24,都市：住,100000,1166,持分移轉,02120000
RPQTMLLMQHJGFAH88CB,中路二段,10.86,都市：住,100000,1166,持分移轉,02130000
RPQTMLLMQHJGFAH88CB,中路二段,2.19,都市：住,100000,1166,持分移轉,02150000
RPUSMLLMQHJGFAH56CB,中路二段,2.61,都市：住,100000,1166,持分移轉,02080000
RPUSMLLMQHJGFAH56CB,中路二段,7.24,都市：住,100000,1166,持分移轉,02120000
RPUSMLLMQHJGFAH56CB,中路二段,10.86,都市：住,100000,1166,持分移轉,02130000
RPUSMLLMQHJGFAH56CB,中路二段,2.19,都市：住,100000,1166,持分移轉,02150000
RPVTMLLMQHJGFAH76CB,中路二段,1.90,都市：住,100000,847,持分移轉,02080000
RPVTMLLMQHJGFAH76CB,中路二段,5.26,都市：住,100000,847,持分移轉,02120000
RPVTMLLMQHJGFAH76CB,中路二段,7.89,都市：住,100000,847,持分移轉,02130000
RPVTMLLMQHJGFAH76CB,中路二段,1.59,都市：住,100000,847,持分移轉,02150000
RPQUMLLMQHJGFAH98CB,中路二段,2.52,都市：住,100000,1125,持分移轉,02080000
RPQUMLLMQHJGFAH98CB,中路二段,6.98,都市：住,100000,1125,持分移轉,02120000
RPQUMLLMQHJGFAH98CB,中路二段,10.48,都市：住,100000,1125,持分移轉,02130000
RPQUMLLMQHJGFAH98CB,中路二段,2.11,都市：住,100000,1125,持分移轉,02150000
RPSUMLLMQHJGFAH56CB,中路二段,2.52,都市：住,100000,1125,持分移轉,02080000
RPSUMLLMQHJGFAH56CB,中路二段,6.98,都市：住,100000,1125,持分移轉,02120000
RPSUMLLMQHJGFAH56CB,中路二段,10.48,都市：住,100000,1125,持分移轉,02130000
RPSUMLLMQHJGFAH56CB,中路二段,2.11,都市：住,100000,1125,持分移轉,02150000
RPPNMLLMQHJGFBH38DB,青芝段,3.23,都市：住,100000,486,持分移轉,00930000
RPPNMLLMQHJGFBH38DB,青芝段,10.00,都市：住,100000,486,持分移轉,00940000
RPPNMLLMQHJGFBH38DB,青芝段,9.21,都市：住,100000,486,持分移轉,00950000
RPVNMLLMQHJGFEH56CB,客運一段,21.92,都市：住,100000,676,持分移轉,03060000
RPTUMLLMQHJGFAH66CB,中路二段,2.52,都市：住,100000,1125,持分移轉,02080000
RPTUMLLMQHJGFAH66CB,中路二段,6.98,都市：住,100000,1125,持分移轉,02120000
RPTUMLLMQHJGFAH66CB,中路二段,10.48,都市：住,100000,1125,持分移轉,02130000
RPTUMLLMQHJGFAH66CB,中路二段,2.11,都市：住,100000,1125,持分移轉,02150000
RPSNMLLJRHJGFEH68CB,五塊厝段大埔小段,26.62,非都市：一般農業區 ; 非都市編定：甲種建築用地,100000,1045,持分移轉,12680000
RPRNMLMJRHJGFAH28CB,中路二段,1.90,都市：住,100000,847,持分移轉,02080000
RPRNMLMJRHJGFAH28CB,中路二段,5.26,都市：住,100000,847,持分移轉,02120000
RPRNMLMJRHJGFAH28CB,中路二段,7.89,都市：住,100000,847,持分移轉,02130000
RPRNMLLMQHJGFBH58DB,青芝段,2.59,都市：住,100000,390,持分移轉,00930000
RPRNMLMJRHJGFAH28CB,中路二段,1.59,都市：住,100000,847,持分移轉,02150000
RPRNMLLMQHJGFBH58DB,青芝段,8.02,都市：住,100000,390,持分移轉,00940000
RPRNMLLMQHJGFBH58DB,青芝段,7.39,都市：住,100000,390,持分移轉,00950000
RPPNMLMJRHJGFAH08CB,埔子段埔子小段,.21,都市：住,100000,486,持分移轉,20390006
RPPNMLMJRHJGFAH08CB,埔子段埔子小段,.24,都市：住,100000,486,持分移轉,20390008
RPPNMLMJRHJGFAH08CB,埔子段埔子小段,.49,都市：住,100000,486,持分移轉,20390062
RPPNMLMJRHJGFAH08CB,埔子段埔子小段,10.22,都市：住,100000,486,持分移轉,20390227
RPPNMLMJRHJGFAH08CB,埔子段埔子小段,1.91,都市：住,100000,486,持分移轉,20400000
RPPNMLMJRHJGFDH38CB,東勢段上庄子小段,22.18,非都市：特定農業區 ; 非都市編定：甲種建築用地,10000,385,持分移轉,04300000
RPRNMLMJRHJGFDH58CB,東勢段上庄子小段,22.29,非都市：特定農業區 ; 非都市編定：甲種建築用地,10000,387,持分移轉,04300000
RPRNMLMJRHJGFEH68CB,客運一段,19.10,都市：商,100000,256,持分移轉,00570000
RPQNMLMJRHJGFEH58CB,客運一段,23.36,都市：商,100000,313,持分移轉,00570000
RPSNMLMJRHJGFEH78CB,客運一段,18.13,都市：商,100000,243,持分移轉,00570000
RPTNMLMJRHJGFEH88CB,客運一段,19.10,都市：商,100000,256,持分移轉,00570000
RPUNMLMJRHJGFEH98CB,客運一段,20.90,都市：商,100000,280,持分移轉,00570000
RPWNMLMJRHJGFEH56CB,客運一段,18.13,都市：商,100000,243,持分移轉,00570000
RPVNMLMJRHJGFEH09CB,客運一段,20.00,都市：商,100000,268,持分移轉,00570000
RPXNMLMJRHJGFEH66CB,客運一段,18.13,都市：商,100000,243,持分移轉,00570000
RPOOMLMJRHJGFEH48CB,客運一段,19.63,都市：商,100000,263,持分移轉,00570000
RPPOMLMJRHJGFEH58CB,客運一段,19.10,都市：商,100000,256,持分移轉,00570000
RPQOMLMJRHJGFEH68CB,客運一段,19.10,都市：商,100000,256,持分移轉,00570000
RPROMLMJRHJGFEH78CB,客運一段,16.42,都市：商,100000,220,持分移轉,00570000
RPSOMLMJRHJGFEH88CB,客運一段,23.36,都市：商,100000,313,持分移轉,00570000
RPTOMLMJRHJGFEH98CB,客運一段,17.24,都市：商,100000,231,持分移轉,00570000
RPUOMLMJRHJGFEH09CB,客運一段,15.37,都市：商,100000,206,持分移轉,00570000
RPVOMLMJRHJGFEH56CB,客運一段,17.24,都市：商,100000,231,持分移轉,00570000
RPWOMLMJRHJGFEH66CB,客運一段,19.63,都市：商,100000,263,持分移轉,00570000
RPQPMLMJRHJGFEH78CB,客運一段,20.00,都市：商,100000,268,持分移轉,00570000
RPXOMLMJRHJGFEH76CB,客運一段,17.24,都市：商,100000,231,持分移轉,00570000
RPOPMLMJRHJGFEH58CB,客運一段,19.63,都市：商,100000,263,持分移轉,00570000
RPPPMLMJRHJGFEH68CB,客運一段,19.10,都市：商,100000,256,持分移轉,00570000
RPTPMLMJRHJGFEH09CB,大新段,14.78,都市：商,100000,432,持分移轉,07040000
RPRPMLMJRHJGFEH88CB,大新段,15.12,都市：商,100000,442,持分移轉,07040000
RPVPMLMJRHJGFEH66CB,客運二段,29.82,都市：住,100000,856,持分移轉,01180000
RPOQMLMJRHJGFEH68CB,客運二段,20.69,都市：住,100000,594,持分移轉,01180000
RPPQMLMJRHJGFEH78CB,客運二段,20.69,都市：住,100000,594,持分移轉,01180000
RPPNMLMJRHJGFFH58CB,興豐段,22.14,非都市：鄉村區 ; 非都市編定：乙種建築用地,100000,280,持分移轉,09990000
RPTQMLMJRHJGFEH56CB,新鼻段,17.76,都市：住,10000,45,持分移轉,02580000
RPRQMLMJRHJGFEH98CB,新鼻段,15.78,都市：住,10000,40,持分移轉,02580000
RPSQMLMJRHJGFEH09CB,新鼻段,14.99,都市：住,10000,38,持分移轉,02580000
RPQQMLMJRHJGFEH88CB,客運二段,21.84,都市：住,100000,627,持分移轉,01180000
RPPNMLMJRHJGFDH48DB,高洲段,26.54,都市：住,10000,104,持分移轉,11860000
RPRNMLMJRHJGFFH78CB,興豐段,23.01,非都市：鄉村區 ; 非都市編定：乙種建築用地,100000,291,持分移轉,09990000
RPQNMLMJRHJGFDH58DB,高洲段,26.54,都市：住,10000,104,持分移轉,11860000
RPRNMLMJRHJGFDH68DB,高洲段,26.54,都市：住,10000,104,持分移轉,11860000
RPQOMLNJRHJGFDH68CB,啟文段,30.00,非都市：特定農業區 ; 非都市編定：甲種建築用地,100000,1141,持分移轉,14110000
RPPOMLNJRHJGFDH58CB,啟文段,23.50,非都市：特定農業區 ; 非都市編定：甲種建築用地,100000,894,持分移轉,14110000
RPROMLNJRHJGFDH78CB,啟文段,30.00,非都市：特定農業區 ; 非都市編定：甲種建築用地,100000,1141,持分移轉,14110000
RPPNMLNJRHJGFAH18CB,龍鳳段,.90,都市：住,100000,378,持分移轉,09140000
RPPNMLNJRHJGFAH18CB,龍鳳段,.52,都市：住,100000,378,持分移轉,09370000
RPPNMLNJRHJGFAH18CB,龍鳳段,.82,都市：住,100000,378,持分移轉,09200000
RPPNMLNJRHJGFAH18CB,龍鳳段,12.25,都市：住,100000,378,持分移轉,09100000
RPUOMLNJRHJGFDH09CB,頭重溪段,33.72,都市：住,100000,2114,持分移轉,01660002
RPRNMLNJRHJGFEH78CB,客運二段,20.69,都市：住,100000,594,持分移轉,01180000
RPRWMLNJRHJGFEH07CB,大新段,2.67,都市：商,100000,250,持分移轉,02380000
RPTOMLNJRHJGFDH98CB,頭重溪段,45.22,都市：住,100000,2835,持分移轉,01660002
RPRWMLNJRHJGFEH07CB,大新段,4.57,都市：商,100000,250,持分移轉,02390000
RPRWMLNJRHJGFEH07CB,大新段,3.58,都市：商,100000,250,持分移轉,02400000
RPRWMLNJRHJGFEH07CB,大新段,.19,都市：商,100000,250,持分移轉,02400002
RPVNMLNJRHJGFBH88CB,中工段,62.76,非都市：工業區 ; 非都市編定：丁種建築用地,100000,909,持分移轉,02410000
RPSWMLNJRHJGFEH17CB,大新段,4.53,都市：商,100000,425,持分移轉,02380000
RPSWMLNJRHJGFEH17CB,大新段,7.77,都市：商,100000,425,持分移轉,02390000
RPSWMLNJRHJGFEH17CB,大新段,6.09,都市：商,100000,425,持分移轉,02400000
RPSWMLNJRHJGFEH17CB,大新段,.33,都市：商,100000,425,持分移轉,02400002
RPTWMLNJRHJGFEH27CB,大新段,3.67,都市：商,100000,344,持分移轉,02380000
RPTWMLNJRHJGFEH27CB,大新段,6.29,都市：商,100000,344,持分移轉,02390000
RPTWMLNJRHJGFEH27CB,大新段,4.93,都市：商,100000,344,持分移轉,02400000
RPTWMLNJRHJGFEH27CB,大新段,.26,都市：商,100000,344,持分移轉,02400002
RPPNMLOJRHJGFBH38CB,青昇段,54.96,都市：商,100000,787,持分移轉,04200000
RPSNMLOJRHJGFFH09CB,豐田段,23.57,都市：住,100000,477,持分移轉,14630000
RPPNMLNJRHJGFDH58DB,新明段,4.34,都市：住,1,1,全筆移轉,10340011
RPPNMLNJRHJGFDH58DB,新明段,67.79,都市：住,1,1,全筆移轉,10390108
RPPNMLNJRHJGFDH58DB,新明段,.51,都市：住,100000,2381,持分移轉,10390120
RPPNMLNJRHJGFDH58DB,新明段,.33,都市：住,100000,2381,持分移轉,10390078
RPRNMLOJRHJGFFH98CB,豐田段,23.57,都市：住,100000,477,持分移轉,14630000
RPUWMLNJRHJGFEH37CB,大新段,3.73,都市：商,100000,350,持分移轉,02380000
RPUWMLNJRHJGFEH37CB,大新段,6.40,都市：商,100000,350,持分移轉,02390000
RPUWMLNJRHJGFEH37CB,大新段,5.02,都市：商,100000,350,持分移轉,02400000
RPUWMLNJRHJGFEH37CB,大新段,.27,都市：商,100000,350,持分移轉,02400002
RPPNMLOJRHJGFHH98CB,樂捷段,19.34,都市：住,100000,332,持分移轉,00860000
RPVNMLOJRHJGFFH76CB,豐田段,17.14,都市：住,100000,347,持分移轉,14630000
RPQNMLPJRHJGFDH78CB,番婆坟段,117.72,非都市：特定農業區 ; 非都市編定：甲種建築用地,100000,1566,持分移轉,00050005
RPRNMLPJRHJGFDH88CB,番婆坟段,117.72,非都市：特定農業區 ; 非都市編定：甲種建築用地,100000,1566,持分移轉,00050005
RPPNMLPJRHJGFEH78CB,客運一段,16.86,都市：商,100000,123,持分移轉,00540000
RPQNMLPJRHJGFEH88CB,客運一段,11.38,都市：商,100000,83,持分移轉,00540000
RPSNMLPJRHJGFEH09CB,客運一段,14.94,都市：商,100000,109,持分移轉,00540000
RPRNMLPJRHJGFEH98CB,客運一段,18.78,都市：商,100000,137,持分移轉,00540000
RPVNMLPJRHJGFEH76CB,客運一段,13.98,都市：商,100000,102,持分移轉,00540000
RPTNMLPJRHJGFEH56CB,客運一段,11.65,都市：商,100000,85,持分移轉,00540000
RPWNMLPJRHJGFEH86CB,客運一段,11.65,都市：商,100000,85,持分移轉,00540000
RPUNMLPJRHJGFEH66CB,客運一段,11.38,都市：商,100000,83,持分移轉,00540000
RPOOMLPJRHJGFEH78CB,客運一段,11.52,都市：商,100000,84,持分移轉,00540000
RPPOMLPJRHJGFEH88CB,客運一段,17.96,都市：商,100000,131,持分移轉,00540000
RPXNMLPJRHJGFEH96CB,客運一段,19.33,都市：商,100000,141,持分移轉,00540000
RPROMLPJRHJGFEH09CB,客運一段,11.65,都市：商,100000,85,持分移轉,00540000
RPQOMLPJRHJGFEH98CB,客運一段,13.98,都市：商,100000,102,持分移轉,00540000
RPSOMLPJRHJGFEH56CB,客運一段,13.98,都市：商,100000,102,持分移轉,00540000
RPTOMLPJRHJGFEH66CB,客運一段,16.45,都市：商,100000,120,持分移轉,00540000
RPWOMLPJRHJGFEH96CB,客運一段,11.65,都市：商,100000,85,持分移轉,00540000
RPXOMLPJRHJGFEH07CB,客運一段,16.73,都市：商,100000,122,持分移轉,00540000
RPVOMLPJRHJGFEH86CB,客運一段,10.15,都市：商,100000,74,持分移轉,00540000
RPUOMLPJRHJGFEH76CB,客運一段,11.65,都市：商,100000,85,持分移轉,00540000
RPOPMLPJRHJGFEH88CB,客運一段,11.65,都市：商,100000,85,持分移轉,00540000
RPPPMLPJRHJGFEH98CB,客運一段,16.45,都市：商,100000,120,持分移轉,00540000
RPQPMLPJRHJGFEH09CB,客運一段,11.38,都市：商,100000,83,持分移轉,00540000
RPRPMLPJRHJGFEH56CB,客運一段,11.52,都市：商,100000,84,持分移轉,00540000
RPTPMLPJRHJGFEH76CB,客運一段,16.86,都市：商,100000,123,持分移轉,00540000
RPSPMLPJRHJGFEH66CB,客運一段,13.98,都市：商,100000,102,持分移轉,00540000
RPVPMLPJRHJGFEH96CB,客運一段,13.98,都市：商,100000,102,持分移轉,00540000
RPUPMLPJRHJGFEH86CB,客運一段,16.18,都市：商,100000,118,持分移轉,00540000
RPXPMLPJRHJGFEH17CB,客運一段,19.33,都市：商,100000,141,持分移轉,00540000
RPWPMLPJRHJGFEH07CB,客運一段,16.45,都市：商,100000,120,持分移轉,00540000
RPPQMLPJRHJGFEH09CB,客運一段,16.86,都市：商,100000,123,持分移轉,00540000
RPOQMLPJRHJGFEH98CB,客運一段,11.65,都市：商,100000,85,持分移轉,00540000
RPQQMLPJRHJGFEH56CB,客運一段,14.40,都市：商,100000,105,持分移轉,00540000
RPSQMLPJRHJGFEH76CB,客運一段,11.38,都市：商,100000,83,持分移轉,00540000
RPRQMLPJRHJGFEH66CB,客運一段,15.49,都市：商,100000,113,持分移轉,00540000
RPTQMLPJRHJGFEH86CB,客運一段,10.15,都市：商,100000,74,持分移轉,00540000
RPVQMLPJRHJGFEH07CB,客運一段,10.15,都市：商,100000,74,持分移轉,00540000
RPUQMLPJRHJGFEH96CB,客運一段,13.98,都市：商,100000,102,持分移轉,00540000
RPWQMLPJRHJGFEH17CB,客運一段,10.15,都市：商,100000,74,持分移轉,00540000
RPXQMLPJRHJGFEH27CB,客運一段,11.38,都市：商,100000,83,持分移轉,00540000
RPORMLPJRHJGFEH09CB,客運一段,11.38,都市：商,100000,83,持分移轉,00540000
RPRRMLPJRHJGFEH76CB,客運一段,13.98,都市：商,100000,102,持分移轉,00540000
RPSRMLPJRHJGFEH86CB,客運一段,11.38,都市：商,100000,83,持分移轉,00540000
RPPRMLPJRHJGFEH56CB,客運一段,14.94,都市：商,100000,109,持分移轉,00540000
RPQRMLPJRHJGFEH66CB,客運一段,18.23,都市：商,100000,133,持分移轉,00540000
RPTRMLPJRHJGFEH96CB,客運一段,16.18,都市：商,100000,118,持分移轉,00540000
RPURMLPJRHJGFEH07CB,客運一段,11.52,都市：商,100000,84,持分移轉,00540000
RPVRMLPJRHJGFEH17CB,客運一段,11.38,都市：商,100000,83,持分移轉,00540000
RPWRMLPJRHJGFEH27CB,客運一段,11.52,都市：商,100000,84,持分移轉,00540000
RPOSMLPJRHJGFEH56CB,客運一段,15.49,都市：商,100000,113,持分移轉,00540000
RPXRMLPJRHJGFEH37CB,客運一段,11.52,都市：商,100000,84,持分移轉,00540000
RPPSMLPJRHJGFEH66CB,客運一段,11.65,都市：商,100000,85,持分移轉,00540000
RPSSMLPJRHJGFEH96CB,客運一段,14.94,都市：商,100000,109,持分移轉,00540000
RPRSMLPJRHJGFEH86CB,客運一段,15.90,都市：商,100000,116,持分移轉,00540000
RPTSMLPJRHJGFEH07CB,客運一段,14.81,都市：商,100000,108,持分移轉,00540000
RPQSMLPJRHJGFEH76CB,客運一段,11.65,都市：商,100000,85,持分移轉,00540000
RPUSMLPJRHJGFEH17CB,客運一段,11.52,都市：商,100000,84,持分移轉,00540000
RPROMLQJRHJGFAH78CB,中路二段,23.17,都市：住,100000,1278,持分移轉,02730000
RPUOMLQJRHJGFAH09CB,法政段,32.01,都市：住,10000,179,持分移轉,07730000
RPRNMLRJRHJGFBH88CB,山下段,19.25,非都市：特定農業區 ; 非都市編定：甲種建築用地,100000,487,持分移轉,22740001
RPQNMLQJRHJGFEH98CB,客運二段,11.89,都市：住,100000,1375,持分移轉,01540000
RPQNMLQJRHJGFEH98CB,客運二段,21.77,都市：住,100000,1375,持分移轉,01550000
RPRNMLRJRHJGFAH78CB,三民段,11.02,都市：住,100000,897,持分移轉,00990000
RPRNMLRJRHJGFAH78CB,三民段,8.76,都市：住,100000,897,持分移轉,01000000
RPRNMLQJRHJGFEH09CB,客運二段,11.89,都市：住,100000,1375,持分移轉,01540000
RPRNMLQJRHJGFEH09CB,客運二段,21.77,都市：住,100000,1375,持分移轉,01550000
RPQNMLRJRHJGFBH78CB,山下段,19.25,非都市：特定農業區 ; 非都市編定：甲種建築用地,100000,487,持分移轉,22740001
RPUNMLRJRHJGFBH56CB,廣青段,23.90,都市：農,1000000,7560,持分移轉,01390000
RPUNMLRJRHJGFBH56CB,廣青段,2.46,都市：農,126,1,持分移轉,01160010
RPTNMLRJRHJGFBH09CB,廣青段,23.90,都市：農,1000000,7560,持分移轉,01390000
RPVNMLRJRHJGFBH66CB,廣青段,25.20,都市：農,1000000,7970,持分移轉,01390000
RPTNMLRJRHJGFBH09CB,廣青段,2.46,都市：農,126,1,持分移轉,01160010
RPVNMLRJRHJGFBH66CB,廣青段,2.46,都市：農,126,1,持分移轉,01160010
RPOOMLRJRHJGFBH68CB,雙嶺段,11.79,都市：商,100000,220,持分移轉,14110000
RPXOMLRJRHJGFBH96CB,埔頂段,22.97,非都市：一般農業區 ; 非都市編定：甲種建築用地,100000,1210,持分移轉,06050000
RPOPMLRJRHJGFBH78CB,埔頂段,17.39,非都市：一般農業區 ; 非都市編定：甲種建築用地,100000,916,持分移轉,06050000
RPSPMLRJRHJGFBH56CB,埔頂段,16.87,非都市：一般農業區 ; 非都市編定：甲種建築用地,100000,889,持分移轉,06050000
RPRPMLRJRHJGFBH09CB,埔頂段,21.16,非都市：一般農業區 ; 非都市編定：甲種建築用地,100000,1115,持分移轉,06050000
RPTPMLRJRHJGFBH66CB,埔頂段,26.23,非都市：一般農業區 ; 非都市編定：甲種建築用地,100000,1382,持分移轉,06050000
RPQNMLSJRHJGFBH88CB,埔頂段,16.87,非都市：一般農業區 ; 非都市編定：甲種建築用地,100000,889,持分移轉,06050000
RPRNMLSJRHJGFBH98CB,埔頂段,26.23,非都市：一般農業區 ; 非都市編定：甲種建築用地,100000,1382,持分移轉,06050000
RPQNMLSJRHJGFAH78CB,埔子段埔子小段,.30,都市：住,100000,687,持分移轉,20390006
RPQNMLSJRHJGFAH78CB,埔子段埔子小段,.34,都市：住,100000,687,持分移轉,20390008
RPQNMLSJRHJGFAH78CB,埔子段埔子小段,.69,都市：住,100000,687,持分移轉,20390062
RPQNMLSJRHJGFAH78CB,埔子段埔子小段,14.44,都市：住,100000,687,持分移轉,20390227
RPQNMLSJRHJGFAH78CB,埔子段埔子小段,2.70,都市：住,100000,687,持分移轉,20400000
RPTNMLSJRHJGFBH56CB,埔頂段,17.82,非都市：一般農業區 ; 非都市編定：甲種建築用地,100000,939,持分移轉,06050000
RPUNMLSJRHJGFBH66CB,埔頂段,17.82,非都市：一般農業區 ; 非都市編定：甲種建築用地,100000,939,持分移轉,06050000
RPRNMLSJRHJGFAH88CB,埔子段埔子小段,.30,都市：住,100000,687,持分移轉,20390006
RPRNMLSJRHJGFAH88CB,埔子段埔子小段,.34,都市：住,100000,687,持分移轉,20390008
RPRNMLSJRHJGFAH88CB,埔子段埔子小段,.69,都市：住,100000,687,持分移轉,20390062
RPRNMLSJRHJGFAH88CB,埔子段埔子小段,14.44,都市：住,100000,687,持分移轉,20390227
RPRNMLSJRHJGFAH88CB,埔子段埔子小段,2.70,都市：住,100000,687,持分移轉,20400000
RPXNMLSJRHJGFBH96CB,埔頂段,17.76,非都市：一般農業區 ; 非都市編定：甲種建築用地,100000,936,持分移轉,06050000
RPVNMLSJRHJGFBH76CB,埔頂段,20.82,非都市：一般農業區 ; 非都市編定：甲種建築用地,100000,1097,持分移轉,06050000
RPOOMLSJRHJGFBH78CB,埔頂段,26.93,非都市：一般農業區 ; 非都市編定：甲種建築用地,100000,1419,持分移轉,06050000
RPWNMLSJRHJGFBH86CB,埔頂段,20.82,非都市：一般農業區 ; 非都市編定：甲種建築用地,100000,1097,持分移轉,06050000
RPSOMLSJRHJGFBH56CB,埔頂段,21.77,非都市：一般農業區 ; 非都市編定：甲種建築用地,100000,1147,持分移轉,06050000
RPROMLSJRHJGFBH09CB,埔頂段,21.77,非都市：一般農業區 ; 非都市編定：甲種建築用地,100000,1147,持分移轉,06050000
RPPOMLSJRHJGFBH88CB,埔頂段,16.80,非都市：一般農業區 ; 非都市編定：甲種建築用地,100000,885,持分移轉,06050000
RPTOMLSJRHJGFBH66CB,埔頂段,25.53,非都市：一般農業區 ; 非都市編定：甲種建築用地,100000,1345,持分移轉,06050000
RPWOMLSJRHJGFBH96CB,埔頂段,34.83,非都市：一般農業區 ; 非都市編定：甲種建築用地,100000,1835,持分移轉,06050000
RPXOMLSJRHJGFBH07CB,埔頂段,20.82,非都市：一般農業區 ; 非都市編定：甲種建築用地,100000,1097,持分移轉,06050000
RPOPMLSJRHJGFBH88CB,埔頂段,17.76,非都市：一般農業區 ; 非都市編定：甲種建築用地,100000,936,持分移轉,06050000
RPPPMLSJRHJGFBH98CB,埔頂段,17.82,非都市：一般農業區 ; 非都市編定：甲種建築用地,100000,939,持分移轉,06050000
RPRPMLSJRHJGFBH56CB,埔頂段,17.82,非都市：一般農業區 ; 非都市編定：甲種建築用地,100000,939,持分移轉,06050000
RPQPMLSJRHJGFBH09CB,埔頂段,17.82,非都市：一般農業區 ; 非都市編定：甲種建築用地,100000,939,持分移轉,06050000
RPPNMLTJRHJGFBH88CB,甘泉段,27.12,都市：住,100000,1107,持分移轉,08360000
RPTPMLSJRHJGFBH76CB,埔頂段,26.93,非都市：一般農業區 ; 非都市編定：甲種建築用地,100000,1419,持分移轉,06050000
RPQNMLTJRHJGFCH09CB,仁善段,24.50,都市：住,100000,650,持分移轉,12970000
RPSPMLSJRHJGFBH66CB,埔頂段,17.82,非都市：一般農業區 ; 非都市編定：甲種建築用地,100000,939,持分移轉,06050000
RPTNMLTJRHJGFAH56CB,中路二段,14.59,都市：住,100000,381,持分移轉,00850000
RPUPMLSJRHJGFBH86CB,埔頂段,26.93,非都市：一般農業區 ; 非都市編定：甲種建築用地,100000,1419,持分移轉,06050000
RPQNMLTJRHJGFDH56CB,東勢段上庄子小段,80.13,非都市：特定農業區 ; 非都市編定：甲種建築用地,10000,259,持分移轉,07830000
RPRNMLTJRHJGFDH66CB,東勢段上庄子小段,80.44,非都市：特定農業區 ; 非都市編定：甲種建築用地,10000,260,持分移轉,07830000
RPSNMLTJRHJGFDH76CB,東勢段上庄子小段,115.72,非都市：特定農業區 ; 非都市編定：甲種建築用地,10000,374,持分移轉,07830000
RPSNMLTJRHJGFDH76CB,東勢段上庄子小段,73.26,非都市：特定農業區 ; 非都市編定：農牧用地,100000,17077,持分移轉,07850000
RPUNMLTJRHJGFDH96CB,頭重溪段,44.79,都市：住,100000,2808,持分移轉,01660002
RPUNMLTJRHJGFEH07CB,新鼻段,25.85,都市：住,100000,419,持分移轉,03230000
RPPNMLKKRHJGFAH97CB,龍鳳段,.87,都市：住,100000,364,持分移轉,09140000
RPPNMLKKRHJGFAH97CB,龍鳳段,.50,都市：住,100000,364,持分移轉,09370000
RPPNMLKKRHJGFAH97CB,龍鳳段,.79,都市：住,100000,364,持分移轉,09200000
RPPNMLKKRHJGFAH97CB,龍鳳段,11.80,都市：住,100000,364,持分移轉,09100000
RPTNMLKKRHJGFAH38CB,中路二段,3.46,都市：住,100000,1542,持分移轉,02080000
RPTNMLKKRHJGFAH38CB,中路二段,9.57,都市：住,100000,1542,持分移轉,02120000
RPTNMLKKRHJGFAH38CB,中路二段,14.36,都市：住,100000,1542,持分移轉,02130000
RPTNMLKKRHJGFAH38CB,中路二段,2.89,都市：住,100000,1542,持分移轉,02150000
RPTNMLKKRHJGFBH48CB,中工段,46.19,非都市：工業區 ; 非都市編定：丁種建築用地,100000,669,持分移轉,02410000
RPRNMLTJRHJGFDH76DB,員富段,22.51,都市：住,100000,3134,持分移轉,02350000
RPUNMLKKRHJGFBH58CB,中工段,46.19,非都市：工業區 ; 非都市編定：丁種建築用地,100000,669,持分移轉,02410000
RPQNMLTJRHJGFEH66CB,新鼻段,31.83,都市：住,100000,516,持分移轉,03230000
RPXNMLKKRHJGFBH88CB,豐興段,15.47,都市：住,100000,1385,持分移轉,03120000
RPXNMLKKRHJGFBH88CB,豐興段,10.22,都市：住,100000,1385,持分移轉,03130000
RPOOMLKKRHJGFBH08CB,豐興段,15.47,都市：住,100000,1385,持分移轉,03120000
RPOOMLKKRHJGFBH08CB,豐興段,10.22,都市：住,100000,1385,持分移轉,03130000
RPPOMLKKRHJGFBH18CB,豐興段,14.82,都市：住,100000,1326,持分移轉,03120000
RPPOMLKKRHJGFBH18CB,豐興段,9.78,都市：住,100000,1326,持分移轉,03130000
RPPNMLKKRHJGFDH38DB,頭重溪段,28.46,都市：住,100000,2660,持分移轉,00330046
RPSNMLLKRHJGFBH48CB,埔頂段,26.23,非都市：一般農業區 ; 非都市編定：甲種建築用地,100000,1382,持分移轉,06050000
RPTNMLLKRHJGFBH58CB,埔頂段,17.82,非都市：一般農業區 ; 非都市編定：甲種建築用地,100000,939,持分移轉,06050000
RPOOMLLKRHJGFBH18CB,埔頂段,17.71,非都市：一般農業區 ; 非都市編定：甲種建築用地,100000,933,持分移轉,06050000
RPUNMLLKRHJGFBH68CB,青芝段,32.73,都市：住,100000,1091,持分移轉,00670000
RPQOMLLKRHJGFBH38CB,觀新段,28.58,都市：住,100000,2323,持分移轉,07850000
RPPOMLLKRHJGFBH28CB,埔頂段,17.71,非都市：一般農業區 ; 非都市編定：甲種建築用地,100000,933,持分移轉,06050000
RPROMLLKRHJGFBH48CB,觀新段,28.58,都市：住,100000,2323,持分移轉,07850000
RPUOMLLKRHJGFBH78CB,青昇段,2.78,都市：商,1000000,2670,持分移轉,04100000
RPUOMLLKRHJGFBH78CB,青昇段,9.09,都市：商,1000000,2670,持分移轉,04100001
RPUOMLLKRHJGFBH78CB,青昇段,1.77,都市：商,1000000,2670,持分移轉,04100002
RPXOMLLKRHJGFBH09CB,內壢段,26.90,非都市：一般農業區 ; 非都市編定：甲種建築用地,1000000,36544,持分移轉,34350001
RPVOMLLKRHJGFBH88CB,青昇段,2.85,都市：商,1000000,2733,持分移轉,04100000
RPVOMLLKRHJGFBH88CB,青昇段,9.31,都市：商,1000000,2733,持分移轉,04100001
RPVOMLLKRHJGFBH88CB,青昇段,1.81,都市：商,1000000,2733,持分移轉,04100002
RPSNMLMKRHJGFAH48CB,三民段,11.02,都市：住,100000,897,持分移轉,00990000
RPSNMLMKRHJGFAH48CB,三民段,8.76,都市：住,100000,897,持分移轉,01000000
RPPNMLLKRHJGFEH48CB,新福段,1.97,非都市：特定農業區 ; 非都市編定：甲種建築用地,100000,988,持分移轉,02060000
RPPNMLLKRHJGFEH48CB,新福段,18.74,非都市：特定農業區 ; 非都市編定：甲種建築用地,100000,988,持分移轉,02070000
RPPNMLLKRHJGFEH48CB,新福段,28.23,非都市：特定農業區 ; 非都市編定：農牧用地,100000,860,持分移轉,02090000
RPPNMLLKRHJGFEH48CB,新福段,9.02,非都市：特定農業區 ; 非都市編定：農牧用地,85,1,持分移轉,02090002
RPTNMLMKRHJGFAH58CB,三民段,24.48,都市：住,100000,866,持分移轉,02230000
RPXOMLMKRHJGFBH56CB,埔頂段,16.70,非都市：一般農業區 ; 非都市編定：甲種建築用地,100000,880,持分移轉,06050000
RPPOMLMKRHJGFBH38CB,廣青段,25.20,都市：農,1000000,7970,持分移轉,01390000
RPPOMLMKRHJGFBH38CB,廣青段,2.46,都市：農,126,1,持分移轉,01160010
RPPNMLMKRHJGFBH28CB,內壢段,26.70,非都市：一般農業區 ; 非都市編定：甲種建築用地,1000000,36271,持分移轉,34350001
RPVOMLMKRHJGFBH98CB,埔頂段,21.33,非都市：一般農業區 ; 非都市編定：甲種建築用地,100000,1124,持分移轉,06050000
RPPPMLMKRHJGFBH48CB,埔頂段,16.70,非都市：一般農業區 ; 非都市編定：甲種建築用地,100000,880,持分移轉,06050000
RPROMLMKRHJGFEH88CB,客運二段,17.62,都市：住,100000,506,持分移轉,01180000
RPVOMLMKRHJGFEH66CB,新鼻段,29.93,都市：住,10000,230,持分移轉,03090000
RPUNMLMKRHJGFHH76CB,善捷段,10.19,都市：住,10000,48,持分移轉,00340000
RPRNMLMKRHJGFHH09CB,善捷段,10.19,都市：住,10000,48,持分移轉,00340000
RPOOMLMKRHJGFHH88CB,善捷段,15.29,都市：住,10000,72,持分移轉,00340000
RPTNMLNKRHJGFEH09CB,大新段,4.53,都市：商,100000,425,持分移轉,02380000
RPTNMLNKRHJGFEH09CB,大新段,7.77,都市：商,100000,425,持分移轉,02390000
RPTNMLNKRHJGFEH09CB,大新段,6.09,都市：商,100000,425,持分移轉,02400000
RPTNMLNKRHJGFEH09CB,大新段,.33,都市：商,100000,425,持分移轉,02400002
RPVNMLMKRHJGFHH86CB,善捷段,12.32,都市：住,10000,58,持分移轉,00340000
RPQOMLMKRHJGFHH09CB,善捷段,15.29,都市：住,10000,72,持分移轉,00340000
RPSNMLNKRHJGFEH98CB,大新段,5.45,都市：商,100000,511,持分移轉,02380000
RPSNMLNKRHJGFEH98CB,大新段,9.34,都市：商,100000,511,持分移轉,02390000
RPSNMLNKRHJGFEH98CB,大新段,7.32,都市：商,100000,511,持分移轉,02400000
RPSNMLNKRHJGFEH98CB,大新段,.39,都市：商,100000,511,持分移轉,02400002
RPTNMLNKRHJGFFH56CB,興仁段,15.56,都市：住,100000,282,持分移轉,03890000
RPQNMLNKRHJGFBH48CB,青芝段,2.33,都市：住,100000,350,持分移轉,00930000
RPQNMLNKRHJGFBH48CB,青芝段,7.20,都市：住,100000,350,持分移轉,00940000
RPQNMLNKRHJGFBH48CB,青芝段,6.64,都市：住,100000,350,持分移轉,00950000
RPSNMLNKRHJGFFH09CB,興仁段,22.35,都市：住,100000,405,持分移轉,03890000
RPUNMLNKRHJGFFH66CB,興仁段,15.56,都市：住,100000,282,持分移轉,03890000
RPVNMLNKRHJGFFH76CB,興仁段,22.40,都市：住,100000,406,持分移轉,03890000
RPXNMLNKRHJGFFH96CB,興仁段,21.96,都市：住,100000,398,持分移轉,03890000
RPRQMLNKRHJGFFH66CB,茄苳段,13.26,都市：住,100000,145,持分移轉,04260000
RPOOMLNKRHJGFFH78CB,興仁段,21.96,都市：住,100000,398,持分移轉,03890000
RPUOMLNKRHJGFFH76CB,茄苳段,20.40,都市：住,100000,223,持分移轉,04260000
RPQPMLNKRHJGFFH09CB,茄苳段,12.90,都市：住,100000,141,持分移轉,04260000
RPWPMLNKRHJGFFH07CB,茄苳段,20.31,都市：住,100000,222,持分移轉,04260000
RPQNMLNKRHJGFHH09CB,樂捷段,13.98,都市：其他:第二種產業專用區,100000,112,持分移轉,00610000
RPQNMLNKRHJGFHH09CB,樂捷段,3.50,都市：其他:第二種產業專用區,100000,112,持分移轉,00610001
RPSOMLOKRHJGFAH78CB,三民段,7.55,都市：住,100000,614,持分移轉,00990000
RPSOMLOKRHJGFAH78CB,三民段,6.00,都市：住,100000,614,持分移轉,01000000
RPTOMLOKRHJGFAH88CB,三民段,7.55,都市：住,100000,614,持分移轉,00990000
RPTOMLOKRHJGFAH88CB,三民段,6.00,都市：住,100000,614,持分移轉,01000000
RPVOMLOKRHJGFAH09CB,三民段,7.18,都市：住,100000,584,持分移轉,00990000
RPWOMLOKRHJGFAH56CB,三民段,7.48,都市：住,100000,609,持分移轉,00990000
RPVOMLOKRHJGFAH09CB,三民段,5.70,都市：住,100000,584,持分移轉,01000000
RPWOMLOKRHJGFAH56CB,三民段,5.95,都市：住,100000,609,持分移轉,01000000
RPOOMLQKRHJGFBH68CB,甘泉段,26.41,都市：住,100000,1078,持分移轉,08360000
RPUNMLOKRHJGFBH98CB,青平段,27.34,都市：住,100000,1532,持分移轉,01350000
RPRNMLOKRHJGFDH88CB,下田心子段赤牛欄小段,23.63,非都市：特定農業區 ; 非都市編定：甲種建築用地,100000,601,持分移轉,08310000
RPRNMLOKRHJGFDH88CB,下田心子段赤牛欄小段,1.41,非都市：特定農業區 ; 非都市編定：農牧用地,1000000,1167,持分移轉,08330000
RPTPMLQKRHJGFBH66CB,埔頂段,21.16,非都市：一般農業區 ; 非都市編定：甲種建築用地,100000,1115,持分移轉,06050000
RPPNMLPKRHJGFBH58CB,豐興段,24.48,都市：住,100000,811,持分移轉,02150000
RPPPMLQKRHJGFBH88CB,青溪段,22.10,都市：住,100000,1864,持分移轉,05770000
RPOPMLQKRHJGFBH78CB,青溪段,22.10,都市：住,100000,1864,持分移轉,05770000
RPUPMLQKRHJGFBH76CB,埔頂段,21.14,非都市：一般農業區 ; 非都市編定：甲種建築用地,100000,1114,持分移轉,06050000
RPVPMLQKRHJGFBH86CB,埔頂段,16.87,非都市：一般農業區 ; 非都市編定：甲種建築用地,100000,889,持分移轉,06050000
RPWPMLQKRHJGFBH96CB,埔頂段,17.82,非都市：一般農業區 ; 非都市編定：甲種建築用地,100000,939,持分移轉,06050000
RPSQMLQKRHJGFBH66CB,埔頂段,17.82,非都市：一般農業區 ; 非都市編定：甲種建築用地,100000,939,持分移轉,06050000
RPOQMLQKRHJGFBH88CB,埔頂段,15.11,非都市：一般農業區 ; 非都市編定：甲種建築用地,100000,796,持分移轉,06050000
RPQQMLQKRHJGFBH09CB,埔頂段,17.54,非都市：一般農業區 ; 非都市編定：甲種建築用地,100000,924,持分移轉,06050000
RPWQMLQKRHJGFBH07CB,埔頂段,15.26,非都市：一般農業區 ; 非都市編定：甲種建築用地,100000,804,持分移轉,06050000
RPPNMLKLRHJGFBH18CB,山上段,22.42,非都市：特定農業區 ; 非都市編定：甲種建築用地,100000,1135,持分移轉,00960001
RPVNMLKLRHJGFBH78CB,埔頂段,17.82,非都市：一般農業區 ; 非都市編定：甲種建築用地,100000,939,持分移轉,06050000
RPWNMLSKRHJGFBH96CB,雙嶺段,14.64,都市：商,100000,273,持分移轉,14110000
RPPNMLSKRHJGFAH88DB,中路二段,29.78,都市：住,100000,1985,持分移轉,01270000
RPWNMLKLRHJGFBH88CB,埔頂段,21.77,非都市：一般農業區 ; 非都市編定：甲種建築用地,100000,1147,持分移轉,06050000
RPPNMLKLRHJGFDH38CB,員富段,24.85,都市：住,100000,571,持分移轉,03100000
