﻿編號,屋齡,建物移轉面積平方公尺,主要用途,主要建材,建築完成日期,總層數,建物分層,移轉情形
The serial number,room age,building shifting area square meter,the main use,main building materials,construction completes the date,total layer,building lamination,
RPTNMLTJRHJGFAI66DA,34,334.77,住商用,鋼筋混凝土造,80年2月25日,九層,一層 二層 三層 陽台 平台 騎樓 地下層,全筆移轉
RPTNMLTJRHJGFAI66DA,34,67.58,共有部份,鋼筋混凝土造,80年2月25日,九層,,持分移轉
RPQOMLLKRHJGFAI38DA,1,60.71,集合住宅,鋼筋混凝土造,112年10月2日,十層,八層 陽台,全筆移轉
RPQOMLLKRHJGFAI38DA,1,30.95,本共有部分之項目有公共空間、停車空間、防空避難室兼停車空間、管委會使用空間、門廊及交誼空間等６項,鋼筋混凝土造,112年10月2日,十層,,持分移轉
RPQOMLLKRHJGFAI38DA,1,11.35,本共有部分之項目有安全梯、戶外安全梯、管道間、昇降機道、梯廳、蓄水池、昇降機機械房及樓梯間等８項,鋼筋混凝土造,112年10月2日,十層,,持分移轉
RPQOMLLKRHJGFAI38DA,1,6.26,本共有部分之項目有梯廳等１項,鋼筋混凝土造,112年10月2日,十層,,持分移轉
RPUOMLQKRHJGFAI66DA,31,5.74,共有部份,鋼筋混凝土造,82年6月9日,十六層,,持分移轉
RPUOMLQKRHJGFAI66DA,31,7.51,共有部份,鋼筋混凝土造,82年6月9日,十六層,,持分移轉
RPUOMLQKRHJGFAI66DA,31,34.87,住家用,鋼筋混凝土造,82年6月9日,十六層,八層 陽台,全筆移轉
RPPNMLNKRHJGFAI38DA,20,114.80,住家用,鋼筋混凝土造,93年10月29日,十四層,二層 陽台,全筆移轉
RPPNMLKKRHJGFAI08DA,45,121.20,住家用,鋼筋混凝土加強磚造,69年1月31日,四層,一層 二層 三層 四層,全筆移轉
RPPNMLNKRHJGFAI38DA,20,70.78,共有部份,鋼筋混凝土造,93年10月29日,十四層,,持分移轉
RPUNMLNJRHJGFAI78DA,33,63.33,住家用,鋼筋混凝土造,80年6月27日,十五層,八層 陽台,全筆移轉
RPUNMLNJRHJGFAI78DA,33,5.73,停車場、避難室,鋼筋混凝土造,80年6月27日,十五層,地下層,持分移轉
RPUNMLNJRHJGFAI78DA,33,10.02,共有部份,鋼筋混凝土造,80年6月27日,十五層,,持分移轉
RPUNMLNJRHJGFAI78DA,33,.39,共有部份,鋼筋混凝土造,80年6月27日,十五層,,持分移轉
RPRNMLPJRHJGFAI68DA,1,.08,集合住宅,鋼筋混凝土造,113年1月5日,七層,一層,持分移轉
RPRNMLPJRHJGFAI68DA,1,72.50,集合住宅,鋼筋混凝土造,113年1月5日,七層,三層 陽台,全筆移轉
RPRNMLPJRHJGFAI68DA,1,.02,本共有部分之項目有停車空間（兼防空避難室）及管理委員會使用空間等２項。,鋼筋混凝土造,113年1月5日,七層,,持分移轉
RPRNMLPJRHJGFAI68DA,1,29.13,本共有部分之項目有停車空間（兼防空避難室）及管理委員會使用空間等２項。,鋼筋混凝土造,113年1月5日,七層,,持分移轉
RPRNMLPJRHJGFAI68DA,1,.02,本共有部分之項目有梯廳、昇降機、戶外安全梯、無障礙樓梯及樓梯間等５項。,鋼筋混凝土造,113年1月5日,七層,,持分移轉
RPRNMLPJRHJGFAI68DA,1,16.79,本共有部分之項目有梯廳、昇降機、戶外安全梯、無障礙樓梯及樓梯間等５項。,鋼筋混凝土造,113年1月5日,七層,,持分移轉
RPRNMLMJRHJGFAI38DA,56,104.38,住家用,鋼筋混凝土加強磚造,58年1月7日,二層,一層 二層 電梯樓梯間,全筆移轉
RPPNMLTJRHJGFAI88DA,32,72.78,住家用,鋼筋混凝土造,81年12月21日,六層,三層 陽台 花台,全筆移轉
RPPNMLTJRHJGFAI88DA,32,21.82,共有部份,鋼筋混凝土造,81年12月21日,六層,,持分移轉
RPRNMLTJRHJGFAI09DA,32,100.46,住家用,鋼筋混凝土造,81年9月23日,七層,七層 陽台,全筆移轉
RPRNMLTJRHJGFAI09DA,32,48.59,住家用,鋼筋混凝土造,81年9月23日,七層,,持分移轉
RPOOMLQJRHJGFAI58DA,30,100.05,住家用,鋼筋混凝土造,83年7月23日,十一層,四層 陽台 露台,全筆移轉
RPOOMLQJRHJGFAI58DA,30,22.04,共有部份,鋼筋混凝土造,83年7月23日,十一層,,持分移轉
RPQOMLQJRHJGFAI78DA,36,142.27,住商用,鋼筋混凝土造,77年8月13日,三層,一層 二層 三層 電梯樓梯間 見使用執照,全筆移轉
RPVNMLTJRHJGFAI86DA,20,128.94,住家用,鋼筋混凝土造,93年10月29日,十四層,十三層 陽台,全筆移轉
RPVNMLTJRHJGFAI86DA,20,85.04,共有部份,鋼筋混凝土造,93年10月29日,十四層,,持分移轉
RPTOMLLKRHJGFAI68DA,15,259.49,停車空間、店舖、住宅,鋼筋混凝土構造,98年3月11日,四層,一層 二層 三層 四層 陽台 見其他登記事項,全筆移轉
RPVNMLKKRHJGFAI68DA,35,243.48,住家用,鋼筋混凝土造,78年4月24日,四層,一層 二層 三層 四層 見使用執照,全筆移轉
RPQNMLKKRHJGFAI18DA,41,27.41,住家用,鋼筋混凝土造,73年1月26日,十二層,十層,全筆移轉
RPQNMLKKRHJGFAI18DA,41,8.80,共有部份,鋼筋混凝土造,73年1月26日,十二層,,持分移轉
RPPNMLMKRHJGFAI38EA,28,36.53,住家用,鋼筋混凝土造,85年3月11日,二十層,十九層 陽台,全筆移轉
RPPNMLMKRHJGFAI38EA,28,16.57,共有部份,鋼筋混凝土造,85年3月11日,二十層,,持分移轉
RPVNMLLKRHJGFAI78DA,3,223.49,店舖、集合住宅、停車空間,鋼筋混凝土構造,110年3月16日,四層,一層 二層 三層 四層 陽台,全筆移轉
RPVNMLLKRHJGFAI78DA,3,.24,本共有部分之項目有管理維護空間等１項,鋼筋混凝土構造,110年3月16日,一層,,持分移轉
RPSOMLLKRHJGFAI58DA,28,65.40,住家用,鋼筋混凝土造,86年1月31日,十四層,十四層 陽台,全筆移轉
RPSOMLLKRHJGFAI58DA,28,11.77,共有部份,鋼筋混凝土造,86年1月31日,十四層,,持分移轉
RPSOMLLKRHJGFAI58DA,28,7.46,共有部份,鋼筋混凝土造,86年1月31日,十四層,,持分移轉
RPRNMLLKRHJGFAI38DA,29,33.32,住家用,鋼筋混凝土造,84年10月13日,八層,六層 陽台 雨遮,全筆移轉
RPRNMLLKRHJGFAI38DA,29,9.35,共有部份,鋼筋混凝土造,84年10月13日,八層,,持分移轉
RPPOMLLKRHJGFAI28DA,25,67.11,住家用,鋼筋混凝土造,88年7月17日,十一層,十層 陽台,全筆移轉
RPPOMLLKRHJGFAI28DA,25,9.30,共有部份,鋼筋混凝土造,88年7月17日,十一層,,持分移轉
RPPOMLLKRHJGFAI28DA,25,9.32,共有部份,鋼筋混凝土造,88年7月17日,十二層,,持分移轉
RPWNMLMJRHJGFAI88DA,20,108.26,住家用,鋼筋混凝土造,93年11月3日,十四層,七層 陽台,全筆移轉
RPUOMLLKRHJGFAI78DA,30,93.08,住家用,鋼筋混凝土造,83年6月6日,十層,六層 陽台,全筆移轉
RPWNMLMJRHJGFAI88DA,20,75.38,共有部份,鋼筋混凝土造,93年11月3日,十四層,,持分移轉
RPUOMLLKRHJGFAI78DA,30,12.43,共有部份,鋼筋混凝土造,83年6月6日,十層,,持分移轉
RPUOMLLKRHJGFAI78DA,30,4.52,共有部份,鋼筋混凝土造,83年6月6日,十層,,持分移轉
RPXNMLQLQHJGFAI86DA,14,207.33,店舖、住宅、樓梯間,鋼筋混凝土構造,99年11月8日,四層,一層 二層 三層 四層 陽台 雨遮 見其他登記事項,全筆移轉
RPUNMLLKRHJGFAI68DA,30,70.40,住家用,鋼筋混凝土造,83年5月30日,十六層,八層 陽台,全筆移轉
RPUNMLLKRHJGFAI68DA,30,22.66,共有部份,鋼筋混凝土造,83年5月30日,十六層,,持分移轉
RPOOMLMKRHJGFAI28DA,54,39.90,住家用,木造,59年6月19日,二層,一層 二層,全筆移轉
RPTNMLMLQHJGFAI68DA,1,69.57,集合住宅,鋼筋混凝土造,113年1月3日,五層,五層 陽台,全筆移轉
RPTNMLMLQHJGFAI68DA,1,19.60,本共有部分之項目有停車空間、電信室空間及管委會空間等３項,鋼筋混凝土造,113年1月3日,五層,,持分移轉
RPTNMLMLQHJGFAI68DA,1,24.93,本共有部分之項目有公共空間、走廊、機房空間及樓梯間等４項,鋼筋混凝土造,113年1月3日,五層,,持分移轉
RPPNMLLKQHJGFAI08DA,30,88.33,住家用,鋼筋混凝土造,84年2月11日,七層,七層 陽台,全筆移轉
RPPNMLLKQHJGFAI08DA,30,35.69,共有部份,鋼筋混凝土造,84年2月11日,七層,,持分移轉
RPTNMLQKRHJGFAI09DA,11,200.00,停車空間、住宅、樓梯間,鋼筋混凝土構造,102年10月16日,三層,一層 二層 三層 陽台 見其他登記事項,全筆移轉
RPVNMLNKRHJGFAI98DA,48,76.08,住家用,木造,65年9月16日,二層,一層 二層,全筆移轉
RPQNMLSKRHJGFAI98DA,,235.77,住宅,鋼筋混凝土造,113年5月9日,四層,一層 二層 三層 四層 陽台,全筆移轉
RPPOMLSKRHJGFAI98DA,51,97.48,住家用,鋼筋混凝土加強磚造,62年3月20日,二層,一層 二層 騎樓,全筆移轉
RPRNMLTKRHJGFAI56DA,31,11.72,共有部份,鋼筋混凝土造,82年6月9日,十六層,,持分移轉
RPRNMLTKRHJGFAI56DA,31,18.00,共有部份,鋼筋混凝土造,82年6月9日,十六層,,持分移轉
RPRNMLTKRHJGFAI56DA,31,71.38,住家用,鋼筋混凝土造,82年6月9日,十六層,十三層 陽台,全筆移轉
RPRNMLKKRHJGFAI28DA,28,28.36,住家用,鋼筋混凝土造,85年6月18日,九層,三層 陽台,全筆移轉
RPRNMLKKRHJGFAI28DA,28,11.00,共有部份,鋼筋混凝土造,85年6月18日,九層,,持分移轉
RPTNMLKKRHJGFAI48DA,39,8.70,共有部份,鋼筋混凝土造,74年8月21日,五層,,持分移轉
RPTNMLKKRHJGFAI48DA,39,6.61,共有部份,鋼筋混凝土造,74年8月21日,五層,,持分移轉
RPTNMLKKRHJGFAI48DA,39,83.52,住家用,鋼筋混凝土造,74年8月21日,五層,一層 平台,全筆移轉
RPSNMLNJRHJGFAI58DA,19,203.36,停車空間，住房，屋頂平台,鋼筋混凝土造,94年5月13日,四層,一層 二層 三層 四層 陽台 見其他登記事項,全筆移轉
RPWNMLLKRHJGFAI88DA,29,30.53,住家用,鋼筋混凝土造,84年6月17日,八層,五層 陽台,全筆移轉
RPWNMLLKRHJGFAI88DA,29,12.61,共有部份,鋼筋混凝土造,84年6月17日,八層,,持分移轉
RPSNMLKKRHJGFAI38DA,11,275.92,店舖、住宅、樓梯間,鋼筋混凝土構造,102年11月1日,三層,一層 二層 三層 陽台 見其他登記事項,全筆移轉
RPTOMLTJPHJGFAI56DA,39,108.07,住家用,加強磚造,74年7月12日,二層,一層 二層 電梯樓梯間,全筆移轉
RPOOMLLKRHJGFAI18DA,26,324.73,住宅、補習班,鋼筋混凝土造,87年8月5日,五層,一層 二層 三層 四層 五層 陽台,全筆移轉
RPSNMLLKRHJGFAI48DA,28,102.23,住家用,鋼筋混凝土造,85年3月11日,二十層,十一層 陽台,全筆移轉
RPSNMLLKRHJGFAI48DA,28,28.61,共有部份,鋼筋混凝土造,85年3月11日,二十層,,持分移轉
RPWNMLMKRHJGFAI98DA,,84.23,集合住宅,鋼筋混凝土造,113年3月12日,五層,三層 陽台,全筆移轉
RPWNMLMKRHJGFAI98DA,,33.66,本共有部分之項目有停車空間、梯廳、昇降機、樓梯間及管理委員會使用空間等５項,鋼筋混凝土造,113年3月12日,五層,,持分移轉
RPVNMLMKRHJGFAI88DA,,82.84,集合住宅,鋼筋混凝土造,113年3月12日,五層,四層 陽台,全筆移轉
RPVNMLMKRHJGFAI88DA,,33.66,本共有部分之項目有停車空間、梯廳、昇降機、樓梯間及管理委員會使用空間等５項,鋼筋混凝土造,113年3月12日,五層,,持分移轉
RPTNMLNKRHJGFAI78DA,47,99.00,住家用,鋼筋混凝土加強磚造,66年6月16日,二層,一層 二層,全筆移轉
RPQNMLMKRHJGFAI48EA,39,8.69,共有部份,鋼筋混凝土造,74年8月21日,五層,,持分移轉
RPQNMLMKRHJGFAI48EA,39,6.61,共有部份,鋼筋混凝土造,74年8月21日,五層,,持分移轉
RPQNMLMKRHJGFAI48EA,39,83.52,住家用,鋼筋混凝土造,74年8月21日,五層,五層 陽台,全筆移轉
RPWNMLPJRHJGFAI56DA,,82.98,集合住宅,鋼筋混凝土造,113年5月28日,四層,四層 陽台,全筆移轉
RPWNMLPJRHJGFAI56DA,,49.94,本共有部分之項目有停車空間、安全梯、昇降機、梯廳、電信室、台電配電室、發電機室、管理維護空間、昇降機房、水箱、水表室及電梯機房等１２項,鋼筋混凝土造,113年5月28日,四層,,持分移轉
RPQNMLLKRHJGFAI28DA,4,207.00,住宅、樓梯間,鋼筋混凝土構造,110年1月5日,三層,一層 二層 三層 陽台 見其他登記事項,全筆移轉
RPPOMLMKRHJGFAI38DA,33,63.72,住家用,鋼筋混凝土造,80年3月22日,七層,五層 陽台,全筆移轉
RPPOMLMKRHJGFAI38DA,33,12.34,共有部份,鋼筋混凝土造,80年3月22日,七層,,持分移轉
RPWNMLTJRHJGFAI96DA,29,136.56,住家用,鋼筋混凝土造,84年8月16日,十九層,十六層 陽台 花台,全筆移轉
RPWNMLTJRHJGFAI96DA,29,15.58,共有部份,鋼筋混凝土造,84年8月16日,十九層,,持分移轉
RPXNMLLKRHJGFAI98DA,16,105.24,住宿房間,鋼筋混凝土構造,97年2月5日,十一層,三層 陽台,全筆移轉
RPWNMLTJRHJGFAI96DA,29,45.80,共有部份,鋼筋混凝土造,84年8月16日,十九層,,持分移轉
RPXNMLLKRHJGFAI98DA,16,.11,住宿房間,鋼筋混凝土構造,97年2月5日,十一層,二層,持分移轉
RPXNMLLKRHJGFAI98DA,16,22.02,共有部份,鋼筋混凝土構造,97年2月5日,十一層,,持分移轉
RPXNMLLKRHJGFAI98DA,16,.02,共有部份,鋼筋混凝土構造,97年2月5日,十一層,,持分移轉
RPXNMLLKRHJGFAI98DA,16,16.26,共有部份,鋼筋混凝土構造,97年2月5日,十一層,,持分移轉
RPXNMLLKRHJGFAI98DA,16,.34,共有部份,鋼筋混凝土構造,97年2月5日,十一層,,持分移轉
RPXOMLQKRHJGFAI96DA,28,95.92,住家用,鋼筋混凝土造,85年6月18日,九層,九層 陽台,全筆移轉
RPXOMLQKRHJGFAI96DA,28,50.44,共有部份,鋼筋混凝土造,85年6月18日,九層,,持分移轉
RPPNMLRKRHJGFAI78DA,20,103.08,住家用,鋼筋混凝土造,93年11月3日,十四層,十二層 陽台,全筆移轉
RPPNMLRKRHJGFAI78DA,20,66.24,共有部份,鋼筋混凝土造,93年11月3日,十四層,,持分移轉
RPOOMLPJRHJGFAI48DA,52,57.19,住家用,鋼筋混凝土加強磚造,61年10月24日,一層,一層 電梯樓梯間,全筆移轉
RPPNMLKKRHJGFAI18EA,38,34.75,住家用,鋼筋混凝土造,74年11月29日,五層,四層 陽台,全筆移轉
RPPNMLKKRHJGFAI18EA,38,6.42,共有部份,鋼筋混凝土造,74年11月29日,五層,,持分移轉
RPPNMLKKRHJGFAI18EA,38,2.51,共有部份,鋼筋混凝土造,74年11月29日,五層,,持分移轉
RPSOMLMKRHJGFAI68DA,,185.82,住宅、樓梯間,鋼筋混凝土造,113年5月20日,三層,一層 二層 三層 陽台 見其他登記事項,全筆移轉
RPSNMLNKRHJGFAI68DA,,185.81,住宅、樓梯間,鋼筋混凝土造,113年5月20日,三層,一層 二層 三層 陽台 見其他登記事項,全筆移轉
RPTOMLMKRHJGFAI78DA,,311.39,住宅,鋼筋混凝土造,113年5月20日,四層,一層 二層 三層 四層 陽台,全筆移轉
RPQNMLQKRHJGFAI78DA,2,126.90,集合住宅、樓梯間,鋼筋混凝土構造,111年8月29日,五層,一層 二層 陽台 見其他登記事項,全筆移轉
RPQNMLQKRHJGFAI78DA,2,.21,本共有部分之項目有電信室等一項,鋼筋混凝土構造,111年8月29日,五層,,持分移轉
RPQNMLQKRHJGFAI78DA,2,.07,本共有部分之項目有管理室等一項,鋼筋混凝土構造,111年8月29日,五層,,持分移轉
RPQOMLMKRHJGFAI48DA,,167.86,住宅、樓梯間,鋼筋混凝土造,113年5月20日,三層,一層 二層 三層 陽台 見其他登記事項,全筆移轉
RPROMLMKRHJGFAI58DA,,176.74,住宅、樓梯間,鋼筋混凝土造,113年5月20日,三層,一層 二層 三層 陽台 見其他登記事項,全筆移轉
RPWNMLKLQHJGFAI78DA,,92.31,集合住宅,鋼筋混凝土造,113年3月15日,十層,八層 陽台,全筆移轉
RPWNMLKLQHJGFAI78DA,,59.73,本共有部分之項目有防空避難室兼停車空間、梯廳、台電配電室、消防機房、昇降機、電信室、安全梯、停車空間、管理委員會使用空間及樓梯間等１０項。,鋼筋混凝土造,113年3月15日,十層,,持分移轉
RPRNMLKLPHJGFAI18DA,,102.15,集合住宅,鋼筋混凝土造,113年4月23日,五層,二層 陽台,全筆移轉
RPRNMLKLPHJGFAI18DA,,11.81,本共有部分之項目有一般昇降機、樓梯間、梯廳、戶外安全梯等４項,鋼筋混凝土造,113年4月23日,五層,,持分移轉
RPRNMLKLPHJGFAI18DA,,31.35,本共有部分之項目有梯廳、管委會空間、停車空間、車道、機械室、水箱等６項,鋼筋混凝土造,113年4月23日,五層,,持分移轉
RPRQMLTKQHJGFAI76DA,,39.33,集合住宅,鋼筋混凝土造,113年5月10日,十層,五層 陽台,全筆移轉
RPRQMLTKQHJGFAI76DA,,20.19,本共有部分之項目有防空避難室兼停車空間、車道、消防機械室、電信室、電表區、電梯間、管委會使用空間、昇降機間、梯廳、安全梯、設備空間、電梯機械室、水塔間及梯間等１４項,鋼筋混凝土造,113年5月10日,十層,,持分移轉
RPSPMLTKQHJGFAI76DA,,56.67,集合住宅,鋼筋混凝土造,113年5月10日,十層,二層 陽台,全筆移轉
RPSPMLTKQHJGFAI76DA,,53.05,本共有部分之項目有防空避難室兼停車空間、車道、消防機械室、電信室、電表區、電梯間、管委會使用空間、昇降機間、梯廳、安全梯、設備空間、電梯機械室、水塔間及梯間等１４項,鋼筋混凝土造,113年5月10日,十層,,持分移轉
