﻿鄉鎮市區,交易標的,土地位置建物門牌,土地移轉總面積平方公尺,都市土地使用分區,非都市土地使用分區,非都市土地使用編定,交易年月日,交易筆棟數,移轉層次,總樓層數,建物型態,主要用途,主要建材,建築完成年月,建物移轉總面積平方公尺,建物現況格局-房,建物現況格局-廳,建物現況格局-衛,建物現況格局-隔間,有無管理組織,總價元,單價元平方公尺,車位類別,車位移轉總面積平方公尺,車位總價元,備註,編號,主建物面積,附屬建物面積,陽台面積,電梯,移轉編號
The villages and towns urban district,transaction sign,land sector position building sector house number plate,land shifting total area square meter,the use zoning or compiles and checks,the non-metropolis land use district,non-metropolis land use,transaction year month and day,transaction pen number,shifting level,total floor number,building state,main use,main building materials,construction to complete the years,building shifting total area,Building present situation pattern - room,building present situation pattern - hall,building present situation pattern - health,building present situation pattern - compartmented,Whether there is manages the organization,total price NTD,the unit price (NTD / square meter),the berth category,berth shifting total area square meter,the berth total price NTD,the note,serial number,main building area,auxiliary building area,balcony area,elevator,transaction number
嘉義市,房地(土地+建物),嘉義市嘉義市興雅路１８號,56.65,商,,,1130902,土地1建物1車位0,一層，二層，三層，騎樓，地下層,九層,華廈(10層含以下有電梯),住商用,鋼筋混凝土造,0800225,402.34999999999997,6,3,3,有,有,13000000,32310,,0.0,0,含裝潢費；含傢俱設備費；,RPTNMLTJRHJGFAI66DA,318.75,3.37,12.65,有,01
嘉義市,房地(土地+建物)+車位,嘉義市嘉義市健康十街１４１號八樓之５,17.84,商,,,1130903,土地1建物1車位1,八層,十層,華廈(10層含以下有電梯),住家用,鋼筋混凝土造,1121002,109.27000000000001,2,2,2,有,有,8000000,73213,坡道機械,0.0,0,,RPQOMLLKRHJGFAI38DA,55.12,0.0,5.59,有,02
嘉義市,土地,新厝段441地號,268.0,農,,,1130909,土地2建物0車位0,,,其他,,,,0.0,0,0,0,無,無,17370000,64813,,0.0,0,未登記建物；,RPQNMLMKRHJGFAI38DA,0.0,0.0,0.0,無,
嘉義市,土地,北社尾段663-2地號,140.0,住,,,1130910,土地1建物0車位0,,,其他,,,,0.0,0,0,0,無,無,11250000,80357,,0.0,0,,RPSOMLSKRHJGFAI66DA,0.0,0.0,0.0,無,
嘉義市,土地,新興段394地號,25.17,,,,1130902,土地1建物0車位0,,,其他,,,,0.0,0,0,0,無,無,193486,7687,,0.0,0,協議價購；,RPPNMLSKRHJGFAI98EA,0.0,0.0,0.0,無,
嘉義市,房地(土地+建物),嘉義市嘉義市芳安路３３５巷１１號,65.0,住,,,1130903,土地2建物1車位0,全,四層,透天厝,住家用,鋼筋混凝土加強磚造,0690131,121.2,4,2,2,有,無,7200000,59406,,0.0,0,增建位置：天井 廚房 頂樓 防火巷其他增建；,RPPNMLKKRHJGFAI08DA,121.2,0.0,0.0,無,
嘉義市,房地(土地+建物)+車位,嘉義市嘉義市仁愛路２４０巷１５號二樓,35.0,住,,,1130904,土地1建物1車位1,二層,十四層,住宅大樓(11層含以上有電梯),住家用,鋼筋混凝土造,0931029,185.57999999999998,3,2,2,有,有,11500000,61968,坡道平面,0.0,0,,RPPNMLNKRHJGFAI38DA,101.88,0.0,12.92,有,
嘉義市,房地(土地+建物),嘉義市嘉義市小雅路２０１號八樓１０,5.71,住,,,1130907,土地1建物1車位0,八層,十六層,住宅大樓(11層含以上有電梯),住家用,鋼筋混凝土造,0820609,48.12,1,1,1,有,有,2000000,41563,,0.0,0,土地價款140萬元整建物價款60萬元整,RPUOMLQKRHJGFAI66DA,30.09,0.0,4.78,有,
嘉義市,土地,溪東段462地號,2066.6,農,,,1130903,土地1建物0車位0,,,其他,,,,0.0,0,0,0,無,無,13020000,6300,,0.0,0,,RPVPMLSKRHJGFAI07DA,0.0,0.0,0.0,無,
嘉義市,房地(土地+建物),嘉義市嘉義市興村街６２號八樓之４,9.4,商,,,1130821,土地1建物1車位0,八層,十五層,住宅大樓(11層含以上有電梯),住家用,鋼筋混凝土造,0800627,79.47,2,2,1,有,有,4500000,56625,,0.0,0,,RPUNMLNJRHJGFAI78DA,58.49,0.0,10.57,有,03
嘉義市,房地(土地+建物)+車位,嘉義市嘉義市健康十一街１９６號三樓之１,36.93,住,,,1130803,土地1建物1車位1,三層,七層,華廈(10層含以下有電梯),住家用,鋼筋混凝土造,1130105,118.53999999999999,3,2,2,有,有,10100000,85203,坡道平面,0.0,0,,RPRNMLPJRHJGFAI68DA,68.27,0.0,4.31,有,04
嘉義市,房地(土地+建物),嘉義市嘉義市福州一街６９號３樓４,18.51,住,,,1130813,土地1建物1車位0,三層,六層,華廈(10層含以下有電梯),住家用,鋼筋混凝土造,0811221,94.6,2,2,1,有,有,4700000,49683,,0.0,0,,RPPNMLTJRHJGFAI88DA,60.02,3.13,9.63,有,
嘉義市,房地(土地+建物)+車位,嘉義市嘉義市永福三街１５號７樓３,25.69,住,,,1130824,土地1建物1車位1,七層,七層,華廈(10層含以下有電梯),住家用,鋼筋混凝土造,0810923,149.05,3,2,2,有,有,6800000,45622,坡道平面,0.0,0,,RPRNMLTJRHJGFAI09DA,89.39,0.0,11.07,有,
嘉義市,房地(土地+建物),嘉義市嘉義市蘭井街３號之２,68.0,住,,,1130806,土地1建物1車位0,全,二層,透天厝,住家用,鋼筋混凝土加強磚造,0580107,104.38,4,2,2,有,無,11500000,110174,,0.0,0,頂樓加蓋；其他增建；,RPRNMLMJRHJGFAI38DA,100.82,3.56,0.0,無,
嘉義市,房地(土地+建物),嘉義市嘉義市義教街６２３號４樓３,18.67,住,,,1130816,土地1建物1車位0,四層,十一層,住宅大樓(11層含以上有電梯),住家用,鋼筋混凝土造,0830723,122.09,3,1,2,有,有,6100000,49963,,0.0,0,,RPOOMLQJRHJGFAI58DA,73.6,20.0,6.45,有,
嘉義市,房地(土地+建物),嘉義市嘉義市台林街１９７號,89.0,住,,,1130821,土地1建物1車位0,全,三層,透天厝,住商用,鋼筋混凝土造,0770813,142.27,4,2,3,有,無,17000000,119491,,0.0,0,其他增建；,RPQOMLQJRHJGFAI78DA,133.66,8.61,0.0,無,
嘉義市,房地(土地+建物)+車位,嘉義市嘉義市新榮路３５巷５號十三樓,38.0,住,,,1130824,土地1建物1車位1,十三層,十四層,住宅大樓(11層含以上有電梯),住家用,鋼筋混凝土造,0931029,213.98000000000002,4,2,2,有,有,12700000,59351,坡道平面,0.0,0,,RPVNMLTJRHJGFAI86DA,117.36,0.0,11.58,有,
嘉義市,房地(土地+建物),嘉義市嘉義市林森西路１１號１０樓之１,1.93,商,,,1130807,土地1建物1車位0,十層,十二層,住宅大樓(11層含以上有電梯),住家用,鋼筋混凝土造,0730126,36.21,1,1,1,有,有,2300000,63518,,0.0,0,,RPQNMLKKRHJGFAI18DA,27.41,0.0,0.0,有,05
嘉義市,房地(土地+建物),嘉義市嘉義市吳鳳南路１７巷４號,66.04,住,,,1130803,土地2建物1車位0,全,四層,透天厝,住家用,鋼筋混凝土造,0780424,243.48,8,3,4,有,無,13000000,53392,,0.0,0,其他增建；,RPVNMLKKRHJGFAI68DA,190.44,53.04,0.0,無,
嘉義市,房地(土地+建物),嘉義市嘉義市自強街１９５巷３３－１５號６樓４,5.22,商,,,1130828,土地1建物1車位0,六層,八層,華廈(10層含以下有電梯),住家用,鋼筋混凝土造,0841013,42.67,1,1,1,有,有,1850000,43356,,0.0,0,,RPRNMLLKRHJGFAI38DA,26.92,1.37,5.03,有,06
嘉義市,房地(土地+建物),嘉義市嘉義市台斗街５７－３號１０樓之２,14.96,住,,,1130825,土地2建物1車位0,十層,十一層,住宅大樓(11層含以上有電梯),住家用,鋼筋混凝土造,0880717,85.73,2,2,2,有,有,5600000,65321,,0.0,0,包含公共設施保留地用地；,RPPOMLLKRHJGFAI28DA,61.24,0.0,5.87,有,07
嘉義市,房地(土地+建物),嘉義市嘉義市興達路１０２號,100.0,住,,,1130819,土地2建物1車位0,全,四層,透天厝,住商用,鋼筋混凝土構造,0980311,259.49,5,2,6,有,無,30780000,118617,,0.0,0,包含公共設施保留地用地；,RPTOMLLKRHJGFAI68DA,240.97,0.0,18.52,無,
嘉義市,土地,黑金段25-6地號,33.0,商,,,1130828,土地2建物0車位0,,,其他,,,,0.0,0,0,0,無,無,3850000,116667,,0.0,0,未登記建物；,RPRNMLMKRHJGFAI48DA,0.0,0.0,0.0,無,
嘉義市,房地(土地+建物),嘉義市嘉義市彌陀路１４５號１９樓１,3.79,住,,,1130816,土地1建物1車位0,十九層,二十層,住宅大樓(11層含以上有電梯),住家用,鋼筋混凝土造,0850311,53.1,1,1,1,有,有,2265000,42655,,0.0,0,,RPPNMLMKRHJGFAI38EA,32.86,0.0,3.67,有,
嘉義市,房地(土地+建物),嘉義市嘉義市劉厝路１０８號,122.85,住,,,1130801,土地10建物1車位0,全,四層,透天厝,住商用,鋼筋混凝土構造,1100316,223.73000000000002,4,2,4,有,無,23880000,106736,,0.0,0,土地價款1194萬元整建物價款1194萬元整,RPVNMLLKRHJGFAI78DA,206.87,0.0,16.62,無,
嘉義市,房地(土地+建物),嘉義市嘉義市溪興街１０５巷３０號１４樓３,10.1,商,,,1130803,土地1建物1車位0,十四層,十四層,住宅大樓(11層含以上有電梯),住家用,鋼筋混凝土造,0860131,84.63000000000001,2,2,1,有,有,4420000,52227,,0.0,0,,RPSOMLLKRHJGFAI58DA,60.23,0.0,5.17,有,
嘉義市,房地(土地+建物),嘉義市嘉義市北港路２４８－７號６樓２,17.42,住,,,1130813,土地1建物1車位0,六層,十層,華廈(10層含以下有電梯),住家用,鋼筋混凝土造,0830606,110.03,3,2,2,有,有,6300000,57257,,0.0,0,,RPUOMLLKRHJGFAI78DA,83.23,0.0,9.85,有,
嘉義市,房地(土地+建物)+車位,嘉義市嘉義市志昇街４１號七樓,37.78,都市：其他:住宅區,,,1130824,土地3建物1車位1,七層,十四層,住宅大樓(11層含以上有電梯),住家用,鋼筋混凝土造,0931103,183.64,3,2,2,有,有,10500000,57177,坡道平面,0.0,0,,RPWNMLMJRHJGFAI88DA,96.19,0.0,12.07,有,
嘉義市,房地(土地+建物),嘉義市嘉義市自由路５０６號八樓之１,7.89,住,,,1130810,土地1建物1車位0,八層,十六層,住宅大樓(11層含以上有電梯),住家用,鋼筋混凝土造,0830530,93.06,2,2,1,有,有,4600000,49430,,0.0,0,含傢俱設備費；,RPUNMLLKRHJGFAI68DA,60.08,0.0,10.32,有,
嘉義市,房地(土地+建物),嘉義市嘉義市永吉一街６８號７樓７,22.91,住,,,1130811,土地1建物1車位0,七層,七層,華廈(10層含以下有電梯),住家用,鋼筋混凝土造,0840211,124.02,2,2,2,有,有,5650000,45557,,0.0,0,,RPPNMLLKQHJGFAI08DA,81.36,0.0,6.97,有,
嘉義市,房地(土地+建物)+車位,嘉義市嘉義市彌陀路２２５巷１００號五樓之２,39.96,住,,,1130817,土地1建物1車位1,五層,五層,華廈(10層含以下有電梯),住家用,鋼筋混凝土造,1130103,114.1,2,2,2,有,有,11000000,96407,一樓平面,0.0,0,,RPTNMLMLQHJGFAI68DA,62.42,0.0,7.15,有,08
嘉義市,房地(土地+建物),嘉義市嘉義市保安二路１０２之１號,66.0,住,,,1130814,土地1建物1車位0,全,四層,透天厝,住商用,鋼筋混凝土構造,0991108,207.33,4,3,6,有,無,19600000,94535,,0.0,0,土地價金1800萬元，房屋價金160萬元。,RPXNMLQLQHJGFAI86DA,164.53,9.22,33.58,無,
嘉義市,房地(土地+建物),嘉義市嘉義市芳興街１０７巷１０號,31.48,住,,,1130810,土地1建物1車位0,全,二層,透天厝,住家用,木造,0590619,39.9,1,1,1,有,無,1800000,45113,,0.0,0,,RPOOMLMKRHJGFAI28DA,39.9,0.0,0.0,無,09
嘉義市,房地(土地+建物),嘉義市嘉義市大雅路一段２８８巷１１６弄１８號,129.57,住,,,1130806,土地3建物1車位0,全,三層,透天厝,住家用,鋼筋混凝土構造,1021016,200.0,3,3,3,有,有,16200000,81000,,0.0,0,其他增建；,RPTNMLQKRHJGFAI09DA,192.3,0.0,7.7,無,10
嘉義市,房地(土地+建物),嘉義市嘉義市重慶二街２１２巷１１號,65.0,住,,,1130803,土地1建物1車位0,全,二層,透天厝,住家用,木造,0650916,76.08,4,2,1,有,無,6400000,84122,,0.0,0,,RPVNMLNKRHJGFAI98DA,76.08,0.0,0.0,無,
嘉義市,房地(土地+建物),嘉義市嘉義市健康十街５９０號,131.55,住,,,1130827,土地1建物1車位0,全,四層,透天厝,住家用,鋼筋混凝土造,1130509,235.77,4,3,4,有,無,22000000,93311,,0.0,0,土地價款14200000元、建物價款7800000元,RPQNMLSKRHJGFAI98DA,223.95,0.0,11.82,無,
嘉義市,房地(土地+建物),嘉義市嘉義市芳安路４１２號,55.19,住,,,1130810,土地3建物1車位0,全,二層,透天厝,住家用,鋼筋混凝土加強磚造,0620320,97.48,3,2,3,有,無,11380000,116742,,0.0,0,,RPPOMLSKRHJGFAI98DA,97.48,0.0,0.0,無,
嘉義市,房地(土地+建物),嘉義市嘉義市小雅路１９３號１３樓１,12.03,住,,,1130809,土地1建物1車位0,十三層,十六層,住宅大樓(11層含以上有電梯),住家用,鋼筋混凝土造,0820609,101.1,2,2,1,有,有,5400000,53412,,0.0,0,,RPRNMLTKRHJGFAI56DA,65.51,0.0,5.87,有,
嘉義市,土地,湖內段461地號,254.0,住,,,1130813,土地2建物0車位0,,,其他,,,,0.0,0,0,0,無,無,15000000,59055,,0.0,0,親友、員工、共有人或其他特殊關係間之交易；,RPPNMLTKRHJGFAI09EA,0.0,0.0,0.0,無,
嘉義市,房地(土地+建物),嘉義市嘉義市文雅街１４０巷２號３樓３,5.97,住,,,1130708,土地1建物1車位0,三層,九層,華廈(10層含以下有電梯),住家用,鋼筋混凝土造,0850618,39.36,1,1,1,有,有,1790000,45478,,0.0,0,,RPRNMLKKRHJGFAI28DA,25.14,0.0,3.22,有,
嘉義市,房地(土地+建物),嘉義市嘉義市博愛路二段３１８號,131.0,住,,,1130701,土地2建物1車位0,全,三層,透天厝,住商用,鋼筋混凝土構造,1021101,275.92,3,3,6,有,無,39200000,142070,,0.0,0,159-14地號價金1786萬，159-15地號價金1870萬，房屋價金264萬,RPSNMLKKRHJGFAI38DA,258.58,0.0,17.34,無,
嘉義市,房地(土地+建物),嘉義市嘉義市民生南路６０８巷１８１號,26.76,住,,,1130715,土地1建物1車位0,一層,五層,公寓(5樓含以下無電梯),住家用,鋼筋混凝土造,0740821,98.83,3,2,1,有,無,5150000,52110,,0.0,0,,RPTNMLKKRHJGFAI48DA,71.42,12.1,0.0,無,
嘉義市,房地(土地+建物),嘉義市嘉義市北榮街１２７－２號５樓９,5.48,商,,,1130706,土地1建物1車位0,五層,八層,華廈(10層含以下有電梯),住家用,鋼筋混凝土造,0840617,43.14,1,1,1,有,有,3000000,69541,,0.0,0,,RPWNMLLKRHJGFAI88DA,26.82,0.0,3.71,有,
嘉義市,房地(土地+建物),嘉義市嘉義市上海路１６巷１８號,83.0,住,,,1130705,土地2建物1車位0,全,二層,透天厝,住家用,加強磚造,0740712,108.07,4,1,2,有,無,6800000,62922,,0.0,0,頂樓加蓋；,RPTOMLTJPHJGFAI56DA,103.52,4.55,0.0,無,
嘉義市,房地(土地+建物),嘉義市嘉義市溪興街２１巷２弄５號,103.52,住,,,1130731,土地2建物1車位0,全,四層,透天厝,其他,鋼筋混凝土造,0940513,203.36,6,2,4,有,有,13800000,67860,,0.0,0,,RPSNMLNJRHJGFAI58DA,176.15,0.0,27.21,無,11
嘉義市,房地(土地+建物),嘉義市嘉義市彌陀路１３７號十一樓５,9.74,住,,,1130713,土地1建物1車位0,十一層,二十層,住宅大樓(11層含以上有電梯),住家用,鋼筋混凝土造,0850311,130.84,3,2,2,有,有,6000000,45858,,0.0,0,,RPSNMLLKRHJGFAI48DA,89.77,0.0,12.46,有,
嘉義市,房地(土地+建物),嘉義市嘉義市五福街１６１巷１號,182.0,住,,,1130730,土地1建物1車位0,全,五層,透天厝,住家用,鋼筋混凝土造,0870805,324.73,7,2,5,有,無,17500000,53891,,0.0,0,,RPOOMLLKRHJGFAI18DA,296.39,0.0,28.34,無,
嘉義市,房地(土地+建物)+車位,嘉義市嘉義市大華路１３０號四樓之１,38.62,住,,,1130706,土地1建物1車位1,四層,五層,公寓(5樓含以下無電梯),住家用,鋼筋混凝土造,1130312,116.5,3,2,2,有,無,12000000,103004,一樓平面,0.0,0,,RPVNMLMKRHJGFAI88DA,75.42,0.0,7.42,無,
嘉義市,房地(土地+建物)+車位,嘉義市嘉義市大華路１３０號三樓之２,38.62,住,,,1130706,土地1建物1車位1,三層,五層,華廈(10層含以下有電梯),住家用,鋼筋混凝土造,1130312,117.89,3,2,2,有,有,11950000,101366,一樓平面,0.0,0,,RPWNMLMKRHJGFAI98DA,76.78,0.0,7.45,有,
嘉義市,房地(土地+建物),嘉義市嘉義市民生南路６０８巷１８５號五樓之２,25.45,住,,,1130728,土地1建物1車位0,五層,五層,公寓(5樓含以下無電梯),住家用,鋼筋混凝土造,0740821,98.82,5,2,3,有,無,3150000,31876,,0.0,0,,RPQNMLMKRHJGFAI48EA,71.42,0.0,12.1,無,
嘉義市,房地(土地+建物)+車位,嘉義市嘉義市德明路７３號１６樓１,17.45,住,,,1130716,土地1建物1車位1,十六層,十九層,住宅大樓(11層含以上有電梯),住家用,鋼筋混凝土造,0840816,197.94,5,2,2,有,有,11800000,59614,坡道平面,0.0,0,,RPWNMLTJRHJGFAI96DA,120.57,0.97,15.02,有,12
嘉義市,房地(土地+建物)+車位,嘉義市嘉義市盧厝４５之５號四樓之１１,51.13,農,,,1130705,土地1建物1車位1,四層,四層,華廈(10層含以下有電梯),住家用,鋼筋混凝土造,1130528,132.92000000000002,3,1,2,有,有,7240000,58028,一樓平面,21.94,800000,,RPWNMLPJRHJGFAI56DA,72.97,0.0,10.01,有,
嘉義市,房地(土地+建物)+車位,嘉義市嘉義市雅竹路９號三樓之２,26.31,商,,,1130730,土地1建物1車位1,三層,十一層,住宅大樓(11層含以上有電梯),其他,鋼筋混凝土構造,0970205,143.99,3,2,2,有,有,12180000,84589,坡道機械,0.0,0,,RPXNMLLKRHJGFAI98DA,94.77,0.0,10.58,有,
嘉義市,房地(土地+建物),嘉義市嘉義市民樂街７２之１號５樓１,14.15,住,,,1130730,土地1建物1車位0,五層,七層,華廈(10層含以下有電梯),住家用,鋼筋混凝土造,0800322,76.06,2,1,1,有,有,4890000,64291,,0.0,0,,RPPOMLMKRHJGFAI38DA,55.52,0.0,8.2,有,
嘉義市,房地(土地+建物),嘉義市嘉義市林森東路２６９巷１６８號,73.0,住,,,1130719,土地1建物1車位0,全,二層,透天厝,住家用,鋼筋混凝土加強磚造,0660616,99.0,3,2,2,有,無,6300000,63636,,0.0,0,其他增建；,RPTNMLNKRHJGFAI78DA,99.0,0.0,0.0,無,
嘉義市,房地(土地+建物),嘉義市嘉義市荖藤宅６０之２０號,114.0,住,,,1130709,土地1建物1車位0,全,三層,透天厝,住家用,鋼筋混凝土構造,1100105,207.0,4,2,4,有,無,16000000,77295,,0.0,0,頂樓加蓋；其他增建；,RPQNMLLKRHJGFAI28DA,190.13,0.0,16.87,無,
嘉義市,房地(土地+建物)+車位,嘉義市嘉義市文雅街１１６巷１３號９樓２,23.35,住,,,1130717,土地1建物1車位1,九層,九層,華廈(10層含以下有電梯),住家用,鋼筋混凝土造,0850618,146.36,2,2,2,有,有,8200000,56026,坡道平面,0.0,0,,RPXOMLQKRHJGFAI96DA,83.13,0.0,12.79,有,
嘉義市,房地(土地+建物)+車位,嘉義市嘉義市興業西路１８１號十二樓,30.69,住,,,1130707,土地1建物1車位1,十二層,十四層,住宅大樓(11層含以上有電梯),住家用,鋼筋混凝土造,0931103,169.32,3,2,2,有,有,10390000,61363,坡道平面,0.0,0,,RPPNMLRKRHJGFAI78DA,90.23,0.0,12.85,有,
嘉義市,土地,新富段一小段11地號,99.0,商,,,1130612,土地1建物0車位0,,,其他,,,,0.0,0,0,0,無,無,13200000,133333,,0.0,0,,RPTNMLTLPHJGFAI66DA,0.0,0.0,0.0,無,
嘉義市,房地(土地+建物),嘉義市嘉義市仁愛路２２７巷３０號,65.58,住,,,1130615,土地1建物1車位0,全,一層,透天厝,住家用,鋼筋混凝土加強磚造,0611024,57.19,2,2,1,有,無,7200000,125896,,0.0,0,頂樓加蓋；其他增建；,RPOOMLPJRHJGFAI48DA,57.19,0.0,0.0,無,
嘉義市,土地,何庄段647-40地號,330.14,,,,1130628,土地1建物0車位0,,,其他,,,,0.0,0,0,0,無,無,3200000,9693,,0.0,0,,RPRNMLQJRHJGFAI78DA,0.0,0.0,0.0,無,
嘉義市,土地,鳥岫段369地號,2198.22,農,,,1130605,土地1建物0車位0,,,其他,,,,0.0,0,0,0,無,無,41000000,18651,,0.0,0,農作物；,RPWNMLKKRHJGFAI78DA,0.0,0.0,0.0,無,13
嘉義市,房地(土地+建物),嘉義市嘉義市盧厝里東洋新３４２號４樓３,10.86,住,,,1130507,土地1建物1車位0,四層,五層,華廈(10層含以下有電梯),住家用,鋼筋混凝土造,0741129,43.68,1,1,1,有,有,1500000,34341,,0.0,0,,RPPNMLKKRHJGFAI18EA,31.15,0.0,3.6,有,
嘉義市,房地(土地+建物),嘉義市嘉義市大雅路一段３６８巷２２弄３７號,99.3,住,,,1130417,土地7建物1車位0,一層，二層，見其他登記事項,五層,公寓(5樓含以下無電梯),住家用,鋼筋混凝土構造,1110829,127.18,3,2,3,有,無,14800000,116370,,0.0,0,土地價款新台幣843萬元整；建物價款新台幣637萬元整,RPQNMLQKRHJGFAI78DA,117.71,0.0,9.19,無,
嘉義市,土地,車店段430地號,393.0,住,,,1130201,土地2建物0車位0,,,其他,,,,0.0,0,0,0,無,無,27500000,69975,,0.0,0,,RPVOMLQKRHJGFAI76DA,0.0,0.0,0.0,無,
嘉義市,房地(土地+建物),嘉義市嘉義市民生南路８５０巷９１弄７號,273.33,住,,,1101123,土地3建物1車位0,全,四層,透天厝,住家用,鋼筋混凝土造,1130520,311.39,5,2,6,有,無,24100000,77395,,0.0,0,土地價款964萬元整。建物價款1446萬元整。預售屋、或土地及建物分件登記案件；,RPTOMLMKRHJGFAI78DA,290.91,0.0,20.48,無,
嘉義市,房地(土地+建物),嘉義市嘉義市民生南路８５０巷９１弄９號,170.74,住,,,1100911,土地3建物1車位0,全,三層,透天厝,住家用,鋼筋混凝土造,1130520,185.82,3,2,3,有,無,14200000,76418,,0.0,0,土地價款568萬元整。建物價款852萬元整。預售屋、或土地及建物分件登記案件；,RPSOMLMKRHJGFAI68DA,177.24,0.0,8.58,無,
嘉義市,房地(土地+建物),嘉義市嘉義市民生南路８５０巷９１弄１３號,164.0,住,,,1100809,土地3建物1車位0,全,三層,透天厝,住家用,鋼筋混凝土造,1130520,185.81,3,2,3,有,無,14100000,75884,,0.0,0,土地價款564萬元整。建物價款846萬元整。預售屋、或土地及建物分件登記案件；,RPSNMLNKRHJGFAI68DA,175.03,0.0,10.78,無,
嘉義市,房地(土地+建物),嘉義市嘉義市民生南路８５０巷９１弄１９號,141.75,住,,,1100724,土地3建物1車位0,全,三層,透天厝,住家用,鋼筋混凝土造,1130520,167.86,3,2,2,有,無,11500000,68509,,0.0,0,土地價款460萬元整。建物價款690萬元整。預售屋、或土地及建物分件登記案件；,RPQOMLMKRHJGFAI48DA,162.98,0.0,4.88,無,
嘉義市,房地(土地+建物),嘉義市嘉義市民生南路８５０巷９１弄１７號,153.73,住,,,1100728,土地3建物1車位0,全,三層,透天厝,住家用,鋼筋混凝土造,1130520,176.74,3,2,3,有,無,14800000,83739,,0.0,0,土地價款592萬元整。建物價款888萬元整。預售屋、或土地及建物分件登記案件；,RPROMLMKRHJGFAI58DA,164.42,0.0,12.32,無,
嘉義市,房地(土地+建物)+車位,嘉義市嘉義市德陽街１號八樓之１,31.36,商,,,1100628,土地1建物1車位1,八層,十層,華廈(10層含以下有電梯),住家用,鋼筋混凝土造,1130315,152.04,3,1,2,有,有,10180000,66956,坡道平面,0.0,1200000,增加面積增補價款40330元.,RPWNMLKLQHJGFAI78DA,85.09,0.0,7.22,有,
嘉義市,房地(土地+建物)+車位,嘉義市嘉義市大雅路二段４３３巷２８弄６３號二樓之５,20.13,商,,,1100331,土地5建物1車位1,二層,十層,華廈(10層含以下有電梯),住家用,鋼筋混凝土造,1130510,109.72,2,2,1,有,有,6500000,61829,坡道平面,24.0,1200000,預售屋、或土地及建物分件登記案件；,RPSPMLTKQHJGFAI76DA,52.18,0.0,4.49,有,
嘉義市,房地(土地+建物),嘉義市嘉義市大雅路二段４３３巷２８弄６３號五樓之１,14.0,商,,,1091011,土地5建物1車位0,五層,十層,華廈(10層含以下有電梯),住家用,鋼筋混凝土造,1130510,59.519999999999996,2,2,1,有,有,3580000,60148,,0.0,0,預售屋、或土地及建物分件登記案件；,RPRQMLTKQHJGFAI76DA,36.34,0.0,2.99,有,
嘉義市,房地(土地+建物)+車位,嘉義市嘉義市健康十六街９０號二樓之１,42.41,住,,,1090521,土地1建物1車位1,二層,五層,華廈(10層含以下有電梯),住家用,鋼筋混凝土造,1130423,145.32,3,2,2,有,有,7560000,52023,一樓平面,0.0,0,本案依據建設公司提供之預售契約書登載，買賣總價新台幣756萬元，土地售價新台幣378萬元，房屋售價新台幣378萬元。,RPRNMLKLPHJGFAI18DA,98.19,0.0,3.96,有,
