﻿編號,土地位置,土地移轉面積平方公尺,使用分區或編定,權利人持分分母,權利人持分分子,移轉情形,地號
The serial number, land position,land shifting area square meter,the use zoning or compiles and checks,,,,land parcel
RPTNMLTJRHJGFAI66DA,竹圍子段中興小段,56.65,都市：其他:商業區,20000,4478,持分移轉,01400000
RPPNMLSKRHJGFAI98EA,新興段,25.17,,60000,3918,持分移轉,03940000
RPQNMLMKRHJGFAI38DA,新厝段,117.00,都市：其他:農業區,1,1,全筆移轉,04380000
RPQNMLMKRHJGFAI38DA,新厝段,151.00,都市：其他:農業區,1,1,全筆移轉,04410000
RPQOMLLKRHJGFAI38DA,湖子內段湖美小段,17.84,都市：其他:商業區,100000,654,持分移轉,01220000
RPVPMLSKRHJGFAI07DA,溪東段,2066.60,都市：其他:農業區,1,1,全筆移轉,04620000
RPSOMLSKRHJGFAI66DA,北社尾段,140.00,都市：其他:住宅區,1,1,全筆移轉,06630002
RPUOMLQKRHJGFAI66DA,短竹段,5.71,都市：其他:住宅區,50000,48,持分移轉,09120071
RPPNMLNKRHJGFAI38DA,培元段,35.00,都市：其他:住宅區,100000,706,持分移轉,08300000
RPPNMLKKRHJGFAI08DA,下路頭段,44.00,都市：其他:住宅區,1,1,全筆移轉,02960128
RPPNMLKKRHJGFAI08DA,下路頭段,21.00,都市：其他:住宅區,1,1,全筆移轉,02960147
RPUNMLNJRHJGFAI78DA,興村段,9.40,都市：其他:商業區,17750,94,持分移轉,01490001
RPRNMLPJRHJGFAI68DA,湖子內段新民小段,36.93,都市：其他:第二種住宅區,6400000,107578,持分移轉,00100000
RPRNMLMJRHJGFAI38DA,東門段六小段,68.00,都市：其他:住宅區,1,1,全筆移轉,00850007
RPPNMLTJRHJGFAI88DA,車店段車店小段,18.51,都市：其他:住宅區,10000,308,持分移轉,06760000
RPRNMLTJRHJGFAI09DA,港子坪段港坪小段,25.69,都市：其他:住宅區,1000,35,持分移轉,01770000
RPOOMLQJRHJGFAI58DA,頂庄段,18.67,都市：其他:住宅區,90000,602,持分移轉,04200000
RPQOMLQJRHJGFAI78DA,中庄段,89.00,都市：其他:住宅區,1,1,全筆移轉,03600000
RPVNMLTJRHJGFAI86DA,新白川段,38.00,都市：其他:住宅區,100000,747,持分移轉,00100000
RPTOMLLKRHJGFAI68DA,埤子頭段,69.00,都市：其他:住宅區,1,1,全筆移轉,03710028
RPTOMLLKRHJGFAI68DA,埤子頭段,31.00,都市：其他:道路用地,1,1,全筆移轉,03710074
RPVNMLKKRHJGFAI68DA,南田段,62.22,都市：其他:住宅區,1,1,全筆移轉,02300000
RPVNMLKKRHJGFAI68DA,南田段,3.82,都市：其他:道路用地,1,1,全筆移轉,02370000
RPQNMLKKRHJGFAI18DA,檜段四小段,1.93,都市：其他:商業區,10000,55,持分移轉,00020000
RPRNMLMKRHJGFAI48DA,黑金段,23.00,都市：其他:商業區,1,1,全筆移轉,00250006
RPRNMLMKRHJGFAI48DA,黑金段,10.00,都市：其他:商業區,1,1,全筆移轉,00260008
RPPNMLMKRHJGFAI38EA,草地尾段,3.79,都市：其他:住宅區,10000,7,持分移轉,13830000
RPVNMLLKRHJGFAI78DA,陳厝段,.90,都市：其他:住宅區,12,2,持分移轉,01850000
RPVNMLLKRHJGFAI78DA,陳厝段,2.68,都市：其他:住宅區,12,2,持分移轉,01850006
RPVNMLLKRHJGFAI78DA,陳厝段,1.97,都市：其他:住宅區,12,2,持分移轉,01850007
RPVNMLLKRHJGFAI78DA,陳厝段,.18,都市：其他:住宅區,12,2,持分移轉,01850009
RPVNMLLKRHJGFAI78DA,陳厝段,86.41,都市：其他:住宅區,1,1,全筆移轉,01850010
RPVNMLLKRHJGFAI78DA,陳厝段,28.35,都市：其他:住宅區,12,2,持分移轉,01850011
RPVNMLLKRHJGFAI78DA,陳厝段,1.36,都市：其他:住宅區,12,2,持分移轉,01850012
RPVNMLLKRHJGFAI78DA,陳厝段,.17,都市：其他:住宅區,12,2,持分移轉,01850013
RPVNMLLKRHJGFAI78DA,陳厝段,.42,都市：其他:住宅區,12,2,持分移轉,01850014
RPVNMLLKRHJGFAI78DA,陳厝段,.42,都市：其他:住宅區,12,2,持分移轉,01850015
RPSOMLLKRHJGFAI58DA,興村段,10.10,都市：其他:商業區,18130,101,持分移轉,01340000
RPRNMLLKRHJGFAI38DA,劉厝段劉厝小段,5.22,都市：其他:商業區,10000,54,持分移轉,03160002
RPPOMLLKRHJGFAI28DA,台斗坑段,14.96,都市：其他:住宅區,10000,39,持分移轉,04540002
RPPOMLLKRHJGFAI28DA,台斗坑段,.01,都市：其他:住宅區,10000,39,持分移轉,04540023
RPWNMLMJRHJGFAI88DA,新白川段,3.27,都市：其他:住宅區,100000,293,持分移轉,00190000
RPUOMLLKRHJGFAI78DA,竹圍子段,17.42,都市：其他:住宅區,10000,63,持分移轉,02450006
RPWNMLMJRHJGFAI88DA,車店段,34.47,都市：其他:住宅區,100000,293,持分移轉,00620000
RPWNMLMJRHJGFAI88DA,車店段,.05,都市：其他:公園道用地,100000,293,持分移轉,00620007
RPXNMLQLQHJGFAI86DA,埤子頭段新厝小段,66.00,都市：其他:住宅區,1,1,全筆移轉,04150003
RPUNMLLKRHJGFAI68DA,北社尾段保安小段,7.89,都市：其他:住宅區,10000,36,持分移轉,08480000
RPOOMLMKRHJGFAI28DA,草地尾段,31.48,都市：其他:住宅區,1,1,全筆移轉,09930000
RPTNMLMLQHJGFAI68DA,草地尾段,39.96,都市：其他:住宅區,40000,1188,持分移轉,05740000
RPPNMLLKQHJGFAI08DA,北社尾段保安小段,22.91,都市：其他:住宅區,10000,159,持分移轉,01980000
RPTNMLQKRHJGFAI09DA,盧東段,13.22,都市：其他:住宅區,200000,4446,持分移轉,04360000
RPTNMLQKRHJGFAI09DA,盧東段,116.28,都市：其他:住宅區,1,1,全筆移轉,04360018
RPTNMLQKRHJGFAI09DA,盧東段,.07,都市：其他:農業區,144,2,持分移轉,04700004
RPVNMLNKRHJGFAI98DA,湖子內段湖內小段,65.00,都市：其他:住宅區,1,1,全筆移轉,01410021
RPPNMLTKRHJGFAI09EA,湖內段,194.00,都市：其他:住宅區,1,1,全筆移轉,04610000
RPQNMLSKRHJGFAI98DA,湖子內段新民小段,131.55,都市：其他:住宅區,1,1,全筆移轉,00220006
RPPNMLTKRHJGFAI09EA,湖內段,60.00,都市：其他:住宅區,1,1,全筆移轉,04650000
RPPOMLSKRHJGFAI98DA,興業段,4.33,都市：其他:住宅區,1,1,全筆移轉,08190000
RPPOMLSKRHJGFAI98DA,興業段,46.81,都市：其他:住宅區,1,1,全筆移轉,08200000
RPRNMLTKRHJGFAI56DA,短竹段,12.03,都市：其他:住宅區,50000,101,持分移轉,09120071
RPPOMLSKRHJGFAI98DA,興業段,4.05,都市：其他:住宅區,1,1,全筆移轉,08210000
RPRNMLKKRHJGFAI28DA,盧厝段,5.97,都市：其他:住宅區,10000,11,持分移轉,02600004
RPTNMLKKRHJGFAI48DA,湖內段,26.76,都市：其他:住宅區,14030,267,持分移轉,06070000
RPSNMLKKRHJGFAI38DA,竹圍子段,64.00,都市：其他:住宅區,1,1,全筆移轉,01590014
RPSNMLNJRHJGFAI58DA,興村段,73.00,都市：其他:住宅區,1,1,全筆移轉,01150097
RPWNMLLKRHJGFAI88DA,榮段二小段,5.48,都市：其他:商業區,10000,134,持分移轉,00540000
RPSNMLNJRHJGFAI58DA,興村段,30.52,都市：其他:住宅區,129800,3052,持分移轉,01150137
RPSNMLKKRHJGFAI38DA,竹圍子段,67.00,都市：其他:住宅區,1,1,全筆移轉,01590015
RPTOMLTJPHJGFAI56DA,車店段車店小段,69.00,都市：其他:住宅區,1,1,全筆移轉,07230007
RPTOMLTJPHJGFAI56DA,車店段車店小段,14.00,都市：其他:住宅區,1,1,全筆移轉,07240002
RPOOMLLKRHJGFAI18DA,長竹段,182.00,都市：其他:住宅區,1,1,全筆移轉,05640000
RPSNMLLKRHJGFAI48DA,草地尾段,9.74,都市：其他:住宅區,10000,18,持分移轉,13830000
RPWNMLMKRHJGFAI98DA,港子坪段港坪小段,38.62,都市：其他:住宅區,8,1,持分移轉,01480000
RPVNMLMKRHJGFAI88DA,港子坪段港坪小段,38.62,都市：其他:住宅區,8,1,持分移轉,01480000
RPTNMLNKRHJGFAI78DA,盧厝段,73.00,都市：其他:住宅區,1,1,全筆移轉,06440098
RPQNMLMKRHJGFAI48EA,湖內段,25.45,都市：其他:住宅區,14030,254,持分移轉,06070000
RPWNMLPJRHJGFAI56DA,盧東段,51.13,都市：其他:農業區,10000,387,持分移轉,08980000
RPQNMLLKRHJGFAI28DA,荖藤段,114.00,都市：其他:住宅區,1,1,全筆移轉,03400007
RPPOMLMKRHJGFAI38DA,中山段六小段,14.15,都市：其他:住宅區,10000,309,持分移轉,00510003
RPXNMLLKRHJGFAI98DA,短竹段,26.31,都市：其他:旅館區,1000000,14032,持分移轉,02480000
RPWNMLTJRHJGFAI96DA,竹圍子段二小段,17.45,都市：其他:住宅區,10000,42,持分移轉,01120000
RPXOMLQKRHJGFAI96DA,盧厝段,23.35,都市：其他:住宅區,10000,43,持分移轉,02600004
RPTNMLTLPHJGFAI66DA,新富段一小段,99.00,都市：其他:商業區,1,1,全筆移轉,00110000
RPPNMLRKRHJGFAI78DA,車店段車店小段,30.69,都市：其他:住宅區,100000,680,持分移轉,01220000
RPOOMLPJRHJGFAI48DA,垂楊段,65.58,都市：其他:住宅區,1,1,全筆移轉,09510000
RPRNMLQJRHJGFAI78DA,何庄段,330.14,,1,1,全筆移轉,06470040
RPPNMLKKRHJGFAI18EA,盧厝段,10.86,都市：其他:住宅區,10000,37,持分移轉,02490005
RPVOMLQKRHJGFAI76DA,車店段,252.00,都市：其他:住宅區,1,1,全筆移轉,04300000
RPVOMLQKRHJGFAI76DA,車店段,141.00,都市：其他:住宅區,1,1,全筆移轉,04310000
RPWNMLKKRHJGFAI78DA,鳥岫段,2198.22,都市：其他:農業區,1,1,全筆移轉,03690000
RPSOMLMKRHJGFAI68DA,湖內段,69.60,都市：其他:住宅區,8370,696,持分移轉,06190000
RPSOMLMKRHJGFAI68DA,湖內段,1.14,都市：其他:住宅區,10000,1140,持分移轉,06190029
RPSNMLNKRHJGFAI68DA,湖內段,66.90,都市：其他:住宅區,8370,669,持分移轉,06190000
RPSOMLMKRHJGFAI68DA,湖內段,100.00,都市：其他:住宅區,1,1,全筆移轉,06390004
RPTOMLMKRHJGFAI78DA,湖內段,111.50,都市：其他:住宅區,8370,1115,持分移轉,06190000
RPSNMLNKRHJGFAI68DA,湖內段,1.09,都市：其他:住宅區,10000,1095,持分移轉,06190029
RPSNMLNKRHJGFAI68DA,湖內段,96.00,都市：其他:住宅區,1,1,全筆移轉,06390002
RPTOMLMKRHJGFAI78DA,湖內段,1.83,都市：其他:住宅區,10000,1826,持分移轉,06190029
RPTOMLMKRHJGFAI78DA,湖內段,160.00,都市：其他:住宅區,1,1,全筆移轉,06390005
RPQNMLQKRHJGFAI78DA,盧東段,6.96,都市：其他:住宅區,35000,500,持分移轉,02200002
RPQNMLQKRHJGFAI78DA,盧東段,3.18,都市：其他:住宅區,35000,450,持分移轉,03050000
RPQNMLQKRHJGFAI78DA,盧東段,84.00,都市：其他:住宅區,1,1,全筆移轉,03060008
RPQNMLQKRHJGFAI78DA,盧東段,.23,都市：其他:住宅區,21,1,持分移轉,03060026
RPQNMLQKRHJGFAI78DA,盧東段,.84,都市：其他:住宅區,21,1,持分移轉,03060027
RPQNMLQKRHJGFAI78DA,盧東段,.07,都市：其他:住宅區,21,1,持分移轉,03060034
RPQNMLQKRHJGFAI78DA,盧東段,4.01,都市：其他:古蹟保存區,35000,200,持分移轉,03690001
RPQOMLMKRHJGFAI48DA,湖內段,57.80,都市：其他:住宅區,8370,578,持分移轉,06190000
RPQOMLMKRHJGFAI48DA,湖內段,.95,都市：其他:住宅區,10000,946,持分移轉,06190029
RPQOMLMKRHJGFAI48DA,湖內段,83.00,都市：其他:住宅區,1,1,全筆移轉,06390006
RPROMLMKRHJGFAI58DA,湖內段,62.70,都市：其他:住宅區,8370,627,持分移轉,06190000
RPROMLMKRHJGFAI58DA,湖內段,1.03,都市：其他:住宅區,10000,1026,持分移轉,06190029
RPROMLMKRHJGFAI58DA,湖內段,90.00,都市：其他:住宅區,1,1,全筆移轉,06390000
RPWNMLKLQHJGFAI78DA,竹圍子段二小段,31.36,都市：其他:商業區,100000,2160,持分移轉,00220000
RPRNMLKLPHJGFAI18DA,湖子內段湖美小段,42.41,都市：其他:第一種住宅區,323396,4241,持分移轉,00050000
RPRQMLTKQHJGFAI76DA,短竹段,7.63,都市：其他:商業區,100000,2545,持分移轉,04830001
RPRQMLTKQHJGFAI76DA,短竹段,.87,都市：其他:商業區,100000,2545,持分移轉,04830005
RPRQMLTKQHJGFAI76DA,短竹段,2.24,都市：其他:商業區,100000,2545,持分移轉,04840005
RPRQMLTKQHJGFAI76DA,短竹段,1.60,都市：其他:商業區,100000,2545,持分移轉,04840006
RPRQMLTKQHJGFAI76DA,短竹段,1.65,都市：其他:商業區,100000,2545,持分移轉,04840007
RPSPMLTKQHJGFAI76DA,短竹段,10.98,都市：其他:商業區,100000,3660,持分移轉,04830001
RPSPMLTKQHJGFAI76DA,短竹段,1.24,都市：其他:商業區,100000,3660,持分移轉,04830005
RPSPMLTKQHJGFAI76DA,短竹段,3.22,都市：其他:商業區,100000,3660,持分移轉,04840005
RPSPMLTKQHJGFAI76DA,短竹段,2.31,都市：其他:商業區,100000,3660,持分移轉,04840006
RPSPMLTKQHJGFAI76DA,短竹段,2.38,都市：其他:商業區,100000,3660,持分移轉,04840007
