﻿編號,土地位置,土地移轉面積平方公尺,使用分區或編定,權利人持分分母,權利人持分分子,移轉情形,地號
The serial number, land position,land shifting area square meter,the use zoning or compiles and checks,,,,land parcel
RPSNMLQKQHJGFBJ09CB,溝貝段,23.19,非都市：特定農業區 ; 非都市編定：甲種建築用地,100000,4539,持分移轉,11210000
RPRNMLPKQHJGFDJ09CB,汶山段,26.54,非都市：特定農業區 ; 非都市編定：甲種建築用地,100000,2424,持分移轉,02180000
RPSNMLPKQHJGFDJ56CB,汶山段,26.54,非都市：特定農業區 ; 非都市編定：甲種建築用地,100000,2424,持分移轉,02180000
RPPNMLQKQHJGFCJ88CB,中員段,72.04,非都市：特定農業區 ; 非都市編定：甲種建築用地,1,1,全筆移轉,10040015
RPPNMLQKQHJGFCJ88CB,中員段,18.40,非都市：特定農業區 ; 非都市編定：甲種建築用地,16,1,持分移轉,10040000
RPRNMLQKQHJGFBJ98CB,溝貝段,22.37,非都市：特定農業區 ; 非都市編定：甲種建築用地,100000,4378,持分移轉,11210000
RPROMLQKQHJGFDJ66CB,中興段中興小段,23.05,非都市：工業區 ; 非都市編定：丁種建築用地,100000,976,持分移轉,02060000
RPSNMLQKQHJGFDJ66CB,中崙段,31.52,非都市：特定農業區 ; 非都市編定：甲種建築用地,100000,371,持分移轉,04560000
RPSNMLQKQHJGFDJ66CB,中崙段,2.75,非都市：特定農業區 ; 非都市編定：農牧用地,325,1,持分移轉,04590000
RPUOMLQKQHJGFDJ96CB,中興段中興小段,23.05,非都市：工業區 ; 非都市編定：丁種建築用地,100000,976,持分移轉,02060000
RPPNMLQKQHJGFBJ88DB,國義段,23.06,都市：住,10000,106,持分移轉,01620000
RPUNMLQKQHJGFDJ86CB,中崙段,27.61,非都市：特定農業區 ; 非都市編定：甲種建築用地,100000,325,持分移轉,04560000
RPUNMLQKQHJGFDJ86CB,中崙段,2.75,非都市：特定農業區 ; 非都市編定：農牧用地,325,1,持分移轉,04590000
RPSNMLKLQHJGFDJ78CB,榮華段,30.45,非都市：一般農業區 ; 非都市編定：甲種建築用地,100000,342,持分移轉,06630000
RPPNMLLLQHJGFDJ58CB,三元段,20.57,都市：住,100000,843,持分移轉,11290000
RPTNMLTKQHJGFDJ07CB,坪頂段,18.94,都市：住,100000,1187,持分移轉,11510000
RPSNMLLLQHJGFDJ88CB,中崙段,31.52,非都市：特定農業區 ; 非都市編定：甲種建築用地,100000,371,持分移轉,04560000
RPSNMLLLQHJGFDJ88CB,中崙段,2.75,非都市：特定農業區 ; 非都市編定：農牧用地,325,1,持分移轉,04590000
RPRNMLLLQHJGFDJ78CB,綠園段,117.07,非都市：特定農業區 ; 非都市編定：甲種建築用地,1,1,全筆移轉,02790168
RPRNMLLLQHJGFDJ78CB,綠園段,1.02,非都市：特定農業區 ; 非都市編定：甲種建築用地,4,1,持分移轉,02790169
RPQNMLLLQHJGFDJ68CB,綠園段,79.70,非都市：特定農業區 ; 非都市編定：甲種建築用地,1,1,全筆移轉,02870061
RPQNMLLLQHJGFDJ68CB,綠園段,14.27,非都市：特定農業區 ; 非都市編定：甲種建築用地,20,1,持分移轉,02870062
RPQNMLLLQHJGFDJ68CB,綠園段,1.03,非都市：特定農業區 ; 非都市編定：甲種建築用地,20,1,持分移轉,02870063
RPPNMLSKQHJGFDJ56CB,信勢段,29.91,都市：住,100000,6238,持分移轉,11130003
RPPNMLSKQHJGFDJ56CB,信勢段,.51,都市：其他:道路用地(公設保留地),100000,6238,持分移轉,11130006
RPPNMLSKQHJGFDJ56CB,信勢段,.52,都市：其他:道路用地(公設保留地),100000,6238,持分移轉,11130007
RPVNMLLLQHJGFDJ56CB,中崙段,20.56,非都市：特定農業區 ; 非都市編定：甲種建築用地,100000,242,持分移轉,04560000
RPVNMLLLQHJGFDJ56CB,中崙段,2.75,非都市：特定農業區 ; 非都市編定：農牧用地,325,1,持分移轉,04590000
RPTNMLLLQHJGFDJ98CB,中崙段,31.52,非都市：特定農業區 ; 非都市編定：甲種建築用地,100000,371,持分移轉,04560000
RPTNMLLLQHJGFDJ98CB,中崙段,2.75,非都市：特定農業區 ; 非都市編定：農牧用地,325,1,持分移轉,04590000
RPQNMLMLQHJGFBJ58CB,溝貝段,44.00,非都市：特定農業區 ; 非都市編定：甲種建築用地,1,1,全筆移轉,03900004
RPQNMLMLQHJGFBJ58CB,溝貝段,1.25,非都市：特定農業區 ; 非都市編定：甲種建築用地,8,1,持分移轉,03900009
RPQNMLMLQHJGFBJ58CB,溝貝段,4.62,非都市：特定農業區 ; 非都市編定：甲種建築用地,8,1,持分移轉,03900015
RPQNMLMLQHJGFBJ58CB,溝貝段,17.75,非都市：特定農業區 ; 非都市編定：甲種建築用地,8,1,持分移轉,03900012
RPRNMLMLQHJGFDJ88CB,中興段中興小段,23.03,非都市：工業區 ; 非都市編定：丁種建築用地,100000,975,持分移轉,02060000
RPSNMLOLQHJGFDJ56CB,榮華段,22.62,非都市：一般農業區 ; 非都市編定：甲種建築用地,100000,254,持分移轉,06630000
RPPNMLNLQHJGFBJ58CB,下寮段,12.03,非都市：山坡地保育區 ; 非都市編定：丙種建築用地,36,1,持分移轉,00170000
RPPNMLNLQHJGFBJ58CB,下寮段,7.80,非都市：山坡地保育區 ; 非都市編定：丙種建築用地,36,1,持分移轉,00170001
RPPNMLNLQHJGFBJ58CB,下寮段,7.01,非都市：山坡地保育區 ; 非都市編定：丙種建築用地,36,1,持分移轉,00170002
RPPNMLNLQHJGFBJ58CB,下寮段,4.80,非都市：山坡地保育區 ; 非都市編定：丙種建築用地,36,1,持分移轉,00170003
RPPNMLNLQHJGFBJ58CB,下寮段,2.62,非都市：山坡地保育區 ; 非都市編定：丙種建築用地,36,1,持分移轉,00180000
RPPNMLNLQHJGFBJ58CB,下寮段,7.98,非都市：山坡地保育區 ; 非都市編定：丙種建築用地,36,1,持分移轉,00110000
RPPNMLNLQHJGFBJ58CB,下寮段,2.48,非都市：山坡地保育區 ; 非都市編定：丙種建築用地,36,1,持分移轉,00180001
RPPNMLNLQHJGFBJ58CB,下寮段,150.20,非都市：山坡地保育區 ; 非都市編定：丙種建築用地,1,1,全筆移轉,00580006
RPTNMLOLQHJGFDJ66CB,榮華段,29.65,非都市：一般農業區 ; 非都市編定：甲種建築用地,100000,333,持分移轉,06630000
RPVNMLOLQHJGFDJ86CB,榮華段,21.73,非都市：一般農業區 ; 非都市編定：甲種建築用地,100000,244,持分移轉,06630000
RPUNMLOLQHJGFDJ76CB,榮華段,29.47,非都市：一般農業區 ; 非都市編定：甲種建築用地,100000,331,持分移轉,06630000
RPPNMLPLQHJGFDJ98CB,長威段,68.64,非都市：鄉村區 ; 非都市編定：乙種建築用地,1,1,全筆移轉,17510007
RPPNMLPLQHJGFCJ88CB,至善段,15.32,都市：住,10000,47,持分移轉,00170000
RPOOMLOLQHJGFDJ88CB,中義段,32.10,都市：住,100000,809,持分移轉,07100000
RPPNMLQLQHJGFBJ88CB,北山段,33.66,都市：住,10000,108,持分移轉,02100000
RPVNMLQLQHJGFDJ07CB,三元段,27.81,都市：住,100000,1140,持分移轉,11290000
RPOOMLQLQHJGFDJ09CB,中崙段,58.00,非都市：特定農業區 ; 非都市編定：甲種建築用地,1,1,全筆移轉,16720038
RPOOMLQLQHJGFDJ09CB,中崙段,20.18,非都市：特定農業區 ; 非都市編定：甲種建築用地,22,1,持分移轉,16720000
RPOOMLQLQHJGFDJ09CB,中崙段,19.00,非都市：特定農業區 ; 非都市編定：農牧用地,2564,19,持分移轉,16730001
RPUNMLQLQHJGFDJ96CB,三元段,27.86,都市：住,100000,1142,持分移轉,11290000
RPXNMLQLQHJGFDJ27CB,三元段,27.81,都市：住,100000,1140,持分移轉,11290000
RPSNMLRLQHJGFBJ66CB,隘興段,25.61,都市：住,100000,695,持分移轉,02420000
RPQNMLRLQHJGFBJ09CB,府前段,2.06,都市：住,100000,2048,持分移轉,00470003
RPQNMLRLQHJGFBJ09CB,府前段,20.82,都市：住,100000,2048,持分移轉,00520000
RPQNMLRLQHJGFBJ09CB,府前段,2.93,都市：住,100000,2048,持分移轉,00500003
RPQNMLRLQHJGFBJ09CB,府前段,2.90,都市：住,100000,2048,持分移轉,00500004
RPQNMLRLQHJGFBJ09CB,府前段,2.88,都市：住,100000,2048,持分移轉,00500005
RPQNMLRLQHJGFBJ09CB,府前段,2.43,都市：住,100000,2048,持分移轉,00500006
RPXNMLRLQHJGFBJ17CB,隘興段,39.94,都市：住,100000,1084,持分移轉,02420000
RPWNMLRLQHJGFBJ07CB,隘興段,39.94,都市：住,100000,1084,持分移轉,02420000
RPOOMLRLQHJGFBJ98CB,隘興段,39.94,都市：住,100000,1084,持分移轉,02420000
RPPOMLRLQHJGFBJ09CB,隘興段,31.72,都市：住,100000,861,持分移轉,02420000
RPTNMLRLQHJGFBJ76CB,隘興段,28.81,都市：住,100000,782,持分移轉,02420000
RPUOMLRLQHJGFBJ96CB,隘興段,31.72,都市：住,100000,861,持分移轉,02420000
RPWOMLRLQHJGFBJ17CB,隘興段,39.94,都市：住,100000,1084,持分移轉,02420000
RPVOMLRLQHJGFBJ07CB,隘興段,31.72,都市：住,100000,861,持分移轉,02420000
RPSOMLRLQHJGFBJ76CB,隘興段,31.72,都市：住,100000,861,持分移轉,02420000
RPTOMLRLQHJGFBJ86CB,隘興段,31.72,都市：住,100000,861,持分移轉,02420000
RPXOMLRLQHJGFBJ27CB,隘興段,39.94,都市：住,100000,1084,持分移轉,02420000
RPPNMLSLQHJGFDJ66CB,光華段,26.93,都市：住,100000,853,持分移轉,06930000
RPWNMLRLQHJGFDJ27CB,綠園段,2.57,非都市：特定農業區 ; 非都市編定：甲種建築用地,100000,415,持分移轉,02790000
RPWNMLRLQHJGFDJ27CB,綠園段,2.03,非都市：特定農業區 ; 非都市編定：甲種建築用地,100000,415,持分移轉,02790094
RPRNMLSLQHJGFDJ86CB,崁頭段,23.67,非都市：特定農業區 ; 非都市編定：甲種建築用地,100000,1713,持分移轉,04330003
RPWNMLRLQHJGFDJ27CB,綠園段,14.36,非都市：特定農業區 ; 非都市編定：甲種建築用地,100000,415,持分移轉,02790020
RPSNMLRLQHJGFDJ86CB,中崙段,56.00,非都市：特定農業區 ; 非都市編定：甲種建築用地,1,1,全筆移轉,16720033
RPSNMLRLQHJGFDJ86CB,中崙段,20.18,非都市：特定農業區 ; 非都市編定：甲種建築用地,22,1,持分移轉,16720000
RPSNMLRLQHJGFDJ86CB,中崙段,19.00,非都市：特定農業區 ; 非都市編定：農牧用地,2564,19,持分移轉,16730001
RPTNMLSLQHJGFDJ07CB,崁頭段,23.67,非都市：特定農業區 ; 非都市編定：甲種建築用地,100000,1713,持分移轉,04330003
RPUNMLSLQHJGFDJ17CB,崁頭段,23.67,非都市：特定農業區 ; 非都市編定：甲種建築用地,100000,1713,持分移轉,04330003
RPVNMLTLQHJGFDJ47DB,福興段十一股小段,56.00,非都市：特定農業區 ; 非都市編定：甲種建築用地,1,1,全筆移轉,07600015
RPVNMLTLQHJGFDJ47DB,福興段十一股小段,9.31,非都市：特定農業區 ; 非都市編定：甲種建築用地,10000,289,持分移轉,07600023
RPSNMLSLQHJGFDJ96CB,崁頭段,23.67,非都市：特定農業區 ; 非都市編定：甲種建築用地,100000,1713,持分移轉,04330003
RPPOMLTLQHJGFDJ96DB,福興段十一股小段,80.00,非都市：特定農業區 ; 非都市編定：甲種建築用地,1,1,全筆移轉,07600024
RPPOMLTLQHJGFDJ96DB,福興段十一股小段,24.44,非都市：特定農業區 ; 非都市編定：甲種建築用地,10000,759,持分移轉,07600023
RPRNMLLMQHJGFCJ78CB,光武段,.80,都市：商,100000,273,持分移轉,00010000
RPRNMLLMQHJGFCJ78CB,光武段,.24,都市：商,100000,273,持分移轉,00020000
RPRNMLLMQHJGFCJ78CB,光武段,.24,都市：商,100000,273,持分移轉,00030000
RPPNMLLMQHJGFCJ58CB,光武段,.81,都市：商,100000,274,持分移轉,00010000
RPPNMLLMQHJGFCJ58CB,光武段,.24,都市：商,100000,274,持分移轉,00020000
RPRNMLLMQHJGFCJ78CB,光武段,.20,都市：商,100000,273,持分移轉,00040000
RPPNMLLMQHJGFCJ58CB,光武段,.24,都市：商,100000,274,持分移轉,00030000
RPRNMLLMQHJGFCJ78CB,光武段,2.36,都市：住,100000,273,持分移轉,00120000
RPPNMLLMQHJGFCJ58CB,光武段,.20,都市：商,100000,274,持分移轉,00040000
RPRNMLLMQHJGFCJ78CB,光武段,6.12,都市：住,100000,273,持分移轉,00130000
RPPNMLLMQHJGFCJ58CB,光武段,2.37,都市：住,100000,274,持分移轉,00120000
RPRNMLLMQHJGFCJ78CB,光武段,3.48,都市：商,100000,273,持分移轉,00150000
RPPNMLLMQHJGFCJ58CB,光武段,6.14,都市：住,100000,274,持分移轉,00130000
RPPNMLLMQHJGFCJ58CB,光武段,3.50,都市：商,100000,274,持分移轉,00150000
RPRNMLLMQHJGFCJ78CB,光武段,1.97,都市：商,100000,273,持分移轉,00160000
RPPNMLLMQHJGFCJ58CB,光武段,1.98,都市：商,100000,274,持分移轉,00160000
RPRNMLLMQHJGFCJ78CB,光武段,.96,都市：商,100000,273,持分移轉,00170000
RPPNMLLMQHJGFCJ58CB,光武段,.96,都市：商,100000,274,持分移轉,00170000
RPSNMLLMQHJGFCJ88CB,光武段,.59,都市：商,100000,201,持分移轉,00010000
RPSNMLLMQHJGFCJ88CB,光武段,.18,都市：商,100000,201,持分移轉,00020000
RPSNMLLMQHJGFCJ88CB,光武段,.17,都市：商,100000,201,持分移轉,00030000
RPSNMLLMQHJGFCJ88CB,光武段,.15,都市：商,100000,201,持分移轉,00040000
RPSNMLLMQHJGFCJ88CB,光武段,1.74,都市：住,100000,201,持分移轉,00120000
RPSNMLLMQHJGFCJ88CB,光武段,4.51,都市：住,100000,201,持分移轉,00130000
RPSNMLLMQHJGFCJ88CB,光武段,2.56,都市：商,100000,201,持分移轉,00150000
RPSNMLLMQHJGFCJ88CB,光武段,1.45,都市：商,100000,201,持分移轉,00160000
RPTNMLLMQHJGFCJ98CB,光武段,.81,都市：商,100000,275,持分移轉,00010000
RPSNMLLMQHJGFCJ88CB,光武段,.71,都市：商,100000,201,持分移轉,00170000
RPTNMLLMQHJGFCJ98CB,光武段,.24,都市：商,100000,275,持分移轉,00020000
RPTNMLLMQHJGFCJ98CB,光武段,.24,都市：商,100000,275,持分移轉,00030000
RPTNMLLMQHJGFCJ98CB,光武段,.20,都市：商,100000,275,持分移轉,00040000
RPTNMLLMQHJGFCJ98CB,光武段,2.38,都市：住,100000,275,持分移轉,00120000
RPTNMLLMQHJGFCJ98CB,光武段,6.16,都市：住,100000,275,持分移轉,00130000
RPTNMLLMQHJGFCJ98CB,光武段,3.51,都市：商,100000,275,持分移轉,00150000
RPUNMLLMQHJGFCJ09CB,光武段,.80,都市：商,100000,273,持分移轉,00010000
RPUNMLLMQHJGFCJ09CB,光武段,.24,都市：商,100000,273,持分移轉,00020000
RPUNMLLMQHJGFCJ09CB,光武段,.24,都市：商,100000,273,持分移轉,00030000
RPTNMLLMQHJGFCJ98CB,光武段,1.99,都市：商,100000,275,持分移轉,00160000
RPTNMLLMQHJGFCJ98CB,光武段,.97,都市：商,100000,275,持分移轉,00170000
RPUNMLLMQHJGFCJ09CB,光武段,.20,都市：商,100000,273,持分移轉,00040000
RPUNMLLMQHJGFCJ09CB,光武段,2.36,都市：住,100000,273,持分移轉,00120000
RPUNMLLMQHJGFCJ09CB,光武段,6.12,都市：住,100000,273,持分移轉,00130000
RPUNMLLMQHJGFCJ09CB,光武段,3.48,都市：商,100000,273,持分移轉,00150000
RPUNMLLMQHJGFCJ09CB,光武段,1.97,都市：商,100000,273,持分移轉,00160000
RPUNMLLMQHJGFCJ09CB,光武段,.96,都市：商,100000,273,持分移轉,00170000
RPPNMLLMQHJGFDJ68CB,綠園段,73.01,非都市：特定農業區 ; 非都市編定：甲種建築用地,1,1,全筆移轉,02870049
RPPNMLLMQHJGFDJ68CB,綠園段,14.27,非都市：特定農業區 ; 非都市編定：甲種建築用地,20,1,持分移轉,02870062
RPPNMLLMQHJGFDJ68CB,綠園段,1.03,非都市：特定農業區 ; 非都市編定：甲種建築用地,20,1,持分移轉,02870063
RPRNMLNJRHJGFBJ68CB,溪洲段,27.24,非都市：特定農業區 ; 非都市編定：甲種建築用地,100000,876,持分移轉,07500001
RPSNMLNJRHJGFBJ78CB,溪洲段,24.01,非都市：特定農業區 ; 非都市編定：甲種建築用地,100000,772,持分移轉,07500001
RPVNMLLMQHJGFCJ56CB,光武段,.68,都市：商,100000,232,持分移轉,00010000
RPVNMLLMQHJGFCJ56CB,光武段,.20,都市：商,100000,232,持分移轉,00020000
RPVNMLLMQHJGFCJ56CB,光武段,.20,都市：商,100000,232,持分移轉,00030000
RPUNMLNJRHJGFBJ98CB,舊港段漁寮小段,26.21,非都市：鄉村區 ; 非都市編定：乙種建築用地,100000,1805,持分移轉,05230000
RPVNMLLMQHJGFCJ56CB,光武段,.17,都市：商,100000,232,持分移轉,00040000
RPUNMLNJRHJGFBJ98CB,舊港段漁寮小段,.04,非都市：鄉村區 ; 非都市編定：乙種建築用地,45,1,持分移轉,05230002
RPUNMLNJRHJGFBJ98CB,舊港段漁寮小段,5.51,非都市：特定農業區 ; 非都市編定：農牧用地,57,1,持分移轉,02250001
RPVNMLLMQHJGFCJ56CB,光武段,2.00,都市：住,100000,232,持分移轉,00120000
RPVNMLLMQHJGFCJ56CB,光武段,5.20,都市：住,100000,232,持分移轉,00130000
RPVNMLLMQHJGFCJ56CB,光武段,2.96,都市：商,100000,232,持分移轉,00150000
RPVNMLLMQHJGFCJ56CB,光武段,1.68,都市：商,100000,232,持分移轉,00160000
RPVNMLLMQHJGFCJ56CB,光武段,.82,都市：商,100000,232,持分移轉,00170000
RPQNMLNJRHJGFDJ78CB,綠園段,76.80,非都市：特定農業區 ; 非都市編定：甲種建築用地,1,1,全筆移轉,02910035
RPQNMLNJRHJGFDJ78CB,綠園段,15.42,非都市：特定農業區 ; 非都市編定：甲種建築用地,37,1,持分移轉,02910037
RPQNMLNJRHJGFDJ78CB,綠園段,.85,非都市：特定農業區 ; 非都市編定：甲種建築用地,37,1,持分移轉,02910038
RPQNMLNJRHJGFDJ78CB,綠園段,1.09,非都市：特定農業區 ; 非都市編定：甲種建築用地,37,1,持分移轉,02910039
RPQNMLNJRHJGFDJ78CB,綠園段,1.03,非都市：特定農業區 ; 非都市編定：甲種建築用地,37,1,持分移轉,02910040
RPPNMLNJRHJGFDJ68CB,綠園段,76.84,非都市：特定農業區 ; 非都市編定：甲種建築用地,1,1,全筆移轉,02910023
RPPNMLNJRHJGFDJ68CB,綠園段,15.42,非都市：特定農業區 ; 非都市編定：甲種建築用地,37,1,持分移轉,02910037
RPPNMLNJRHJGFDJ68CB,綠園段,.85,非都市：特定農業區 ; 非都市編定：甲種建築用地,37,1,持分移轉,02910038
RPPNMLNJRHJGFDJ68CB,綠園段,1.09,非都市：特定農業區 ; 非都市編定：甲種建築用地,37,1,持分移轉,02910039
RPPNMLNJRHJGFDJ68CB,綠園段,1.03,非都市：特定農業區 ; 非都市編定：甲種建築用地,37,1,持分移轉,02910040
RPRNMLPJRHJGFDJ56DB,青埔子段,53.00,非都市：特定農業區 ; 非都市編定：甲種建築用地,1,1,全筆移轉,05170006
RPRNMLPJRHJGFDJ56DB,青埔子段,11.46,非都市：特定農業區 ; 非都市編定：甲種建築用地,24,1,持分移轉,05170010
RPQNMLPJRHJGFDJ98CB,湖新段,30.15,非都市：特定農業區 ; 非都市編定：甲種建築用地,100000,2352,持分移轉,14500000
RPPNMLLKRHJGFDJ58CB,大埔段,89.51,都市：住,1,1,全筆移轉,04940002
RPQNMLPJRHJGFDJ09DB,青埔子段,54.00,非都市：特定農業區 ; 非都市編定：甲種建築用地,1,1,全筆移轉,05170002
RPQNMLPJRHJGFDJ09DB,青埔子段,11.46,非都市：特定農業區 ; 非都市編定：甲種建築用地,24,1,持分移轉,05170010
RPRNMLNKRHJGFDJ98CB,湖南段,1.72,非都市：特定農業區 ; 非都市編定：甲種建築用地,100000,1321,持分移轉,14660000
RPRNMLNKRHJGFDJ98CB,湖南段,1.23,非都市：特定農業區 ; 非都市編定：甲種建築用地,100000,1321,持分移轉,14660001
RPRNMLNKRHJGFDJ98CB,湖南段,.55,非都市：特定農業區 ; 非都市編定：甲種建築用地,100000,1321,持分移轉,14660002
RPRNMLNKRHJGFDJ98CB,湖南段,7.79,非都市：特定農業區 ; 非都市編定：甲種建築用地,100000,1321,持分移轉,14670000
RPRNMLNKRHJGFDJ98CB,湖南段,3.62,非都市：特定農業區 ; 非都市編定：甲種建築用地,100000,1321,持分移轉,14670001
RPRNMLNKRHJGFDJ98CB,湖南段,4.41,非都市：特定農業區 ; 非都市編定：甲種建築用地,100000,1321,持分移轉,14670002
RPRNMLNKRHJGFDJ98CB,湖南段,1.23,非都市：特定農業區 ; 非都市編定：甲種建築用地,100000,1321,持分移轉,14680000
RPQNMLNKRHJGFDJ88CB,湖南段,1.72,非都市：特定農業區 ; 非都市編定：甲種建築用地,100000,1321,持分移轉,14660000
RPQNMLNKRHJGFDJ88CB,湖南段,1.23,非都市：特定農業區 ; 非都市編定：甲種建築用地,100000,1321,持分移轉,14660001
RPQNMLNKRHJGFDJ88CB,湖南段,.55,非都市：特定農業區 ; 非都市編定：甲種建築用地,100000,1321,持分移轉,14660002
RPQNMLNKRHJGFDJ88CB,湖南段,7.79,非都市：特定農業區 ; 非都市編定：甲種建築用地,100000,1321,持分移轉,14670000
RPQNMLNKRHJGFDJ88CB,湖南段,3.62,非都市：特定農業區 ; 非都市編定：甲種建築用地,100000,1321,持分移轉,14670001
RPQNMLNKRHJGFDJ88CB,湖南段,4.41,非都市：特定農業區 ; 非都市編定：甲種建築用地,100000,1321,持分移轉,14670002
RPQNMLNKRHJGFDJ88CB,湖南段,1.23,非都市：特定農業區 ; 非都市編定：甲種建築用地,100000,1321,持分移轉,14680000
