﻿編號,土地位置,土地移轉面積平方公尺,使用分區或編定,權利人持分分母,權利人持分分子,移轉情形,地號
The serial number, land position,land shifting area square meter,the use zoning or compiles and checks,,,,land parcel
RPVOMLSLQHJGFBJ17DA,竹仁段,.93,都市：其他:道路用地,60,2,持分移轉,05420000
RPVOMLSLQHJGFBJ17DA,竹仁段,.47,都市：其他:道路用地,60,2,持分移轉,05420004
RPPNMLQLQHJGFBJ88DA,竹仁段,3.73,都市：其他:道路用地,60,8,持分移轉,05420000
RPPNMLQLQHJGFBJ88DA,竹仁段,1.87,都市：其他:道路用地,60,8,持分移轉,05420004
RPWNMLTLQHJGFBJ27DA,東安段,90.71,都市：其他:住宅區,1,1,全筆移轉,03500000
RPOOMLQJRHJGFDJ98DA,和興段,1850.00,非都市：特定農業區 ; 非都市編定：農牧用地,1,1,全筆移轉,16560000
RPSNMLTJRHJGFCJ86DA,上山貳段,.02,非都市：山坡地保育區 ; 非都市編定：農牧用地,10000,32,持分移轉,03100000
RPSNMLTJRHJGFCJ86DA,上山貳段,3.11,非都市：山坡地保育區 ; 非都市編定：農牧用地,10000,32,持分移轉,03760000
RPSNMLTJRHJGFCJ86DA,上山貳段,6.08,非都市：山坡地保育區 ; 非都市編定：水利用地,10000,32,持分移轉,03770000
RPSNMLTJRHJGFCJ86DA,上山貳段,.52,非都市：山坡地保育區 ; 非都市編定：農牧用地,567000,986,持分移轉,03820000
RPSNMLTJRHJGFCJ86DA,上山貳段,11.65,非都市：山坡地保育區 ; 非都市編定：農牧用地,10000,32,持分移轉,03890000
RPSNMLTJRHJGFCJ86DA,上山貳段,15.18,非都市：山坡地保育區 ; 非都市編定：農牧用地,10000,29,持分移轉,03990000
RPSNMLTJRHJGFCJ86DA,上山貳段,159.08,非都市：山坡地保育區 ; 非都市編定：丙種建築用地,1,1,全筆移轉,05590000
RPQNMLTJRHJGFCJ76EA,那羅段,21255.00,非都市：山坡地保育區 ; 非都市編定：林業用地,1,1,全筆移轉,03060000
RPQNMLTJRHJGFCJ76EA,那羅段,3835.00,非都市：山坡地保育區 ; 非都市編定：農牧用地,1,1,全筆移轉,03060002
RPQOMLMJRHJGFBJ58DA,莊敬段,13.90,都市：其他:第二種商業區,100000,365,持分移轉,02720000
RPQNMLQJRHJGFDJ09DA,中義段,15.69,都市：其他:商業區(一),100000,537,持分移轉,03060000
RPPNMLQJRHJGFCJ98EA,福林段,1396.15,非都市：山坡地保育區 ; 非都市編定：林業用地,6,1,持分移轉,00210000
RPPNMLQJRHJGFCJ98EA,福林段,139.62,非都市：山坡地保育區 ; 非都市編定：農牧用地,6,1,持分移轉,00250000
RPPNMLQJRHJGFCJ98EA,福林段,88.18,非都市：山坡地保育區 ; 非都市編定：農牧用地,6,1,持分移轉,00330000
RPPNMLQJRHJGFCJ98EA,福林段,59.10,非都市：山坡地保育區 ; 非都市編定：農牧用地,6,1,持分移轉,00340000
RPPNMLQJRHJGFCJ98EA,福林段,112.81,非都市：山坡地保育區 ; 非都市編定：農牧用地,6,1,持分移轉,00580000
RPPNMLQJRHJGFCJ98EA,福林段,24.34,非都市：山坡地保育區 ; 非都市編定：農牧用地,6,1,持分移轉,00660000
RPPNMLQJRHJGFCJ98EA,福林段,1047.34,非都市：山坡地保育區 ; 非都市編定：林業用地,6,1,持分移轉,00670000
RPPNMLQJRHJGFCJ98EA,福林段,369.71,非都市：山坡地保育區 ; 非都市編定：農牧用地,6,1,持分移轉,00680000
RPPNMLQJRHJGFCJ98EA,福林段,482.04,非都市：山坡地保育區 ; 非都市編定：農牧用地,6,1,持分移轉,00690000
RPPNMLQJRHJGFCJ98EA,福林段,232.10,非都市：山坡地保育區 ; 非都市編定：林業用地,6,1,持分移轉,00900000
RPPNMLQJRHJGFCJ98EA,福林段,109.09,非都市：山坡地保育區 ; 非都市編定：林業用地,6,1,持分移轉,00910000
RPPNMLQJRHJGFCJ98EA,福林段,2931.30,非都市：山坡地保育區 ; 非都市編定：農牧用地,6,1,持分移轉,01050000
RPPNMLQJRHJGFCJ98EA,福林段,51.47,非都市：山坡地保育區 ; 非都市編定：農牧用地,6,1,持分移轉,01060000
RPPNMLQJRHJGFCJ98EA,福林段,10.91,非都市：山坡地保育區 ; 非都市編定：農牧用地,6,1,持分移轉,01070000
RPPNMLQJRHJGFCJ98EA,福林段,30.09,非都市：山坡地保育區 ; 非都市編定：農牧用地,6,1,持分移轉,01590000
RPPNMLQJRHJGFCJ98EA,福林段,128.45,非都市：山坡地保育區 ; 非都市編定：農牧用地,6,1,持分移轉,01600000
RPSNMLSJRHJGFBJ66DA,台科段,18.67,都市：其他:第一種住宅區,20000,62,持分移轉,00560000
RPPNMLKKRHJGFBJ38EA,東安段,11.53,都市：其他:住宅區,1,1,全筆移轉,01020001
RPPNMLQJRHJGFBJ88EA,竹北段,118.59,非都市：鄉村區 ; 非都市編定：乙種建築用地,1,1,全筆移轉,06950000
RPPNMLQJRHJGFBJ88EA,竹北段,118.60,非都市：鄉村區 ; 非都市編定：乙種建築用地,1,1,全筆移轉,06960000
RPUNMLTJRHJGFBJ96DA,縣華段,5.82,都市：其他:第二種商業區,10000,152,持分移轉,00300000
RPWNMLTJRHJGFCJ37EA,那羅段,14000.00,非都市：山坡地保育區 ; 非都市編定：林業用地,1,1,全筆移轉,03050000
RPTOMLKLQHJGFBJ78DA,公園段,1.38,都市：其他:第二種商業區,10000,2,持分移轉,04700000
RPRNMLTKQHJGFBJ66DA,華興段,28.21,都市：其他:第二種住宅區,4,1,持分移轉,01500000
RPUOMLKLQHJGFBJ88DA,公園段,.69,都市：其他:第二種商業區,10000000,1000,持分移轉,04700000
RPTQMLOJRHJGFBJ66DA,台科段,13.47,都市：其他:第一種商業區,500000,1343,持分移轉,02220000
RPSOMLMJRHJGFBJ78DA,義民段,122.00,非都市：特定農業區 ; 非都市編定：甲種建築用地,1,1,全筆移轉,08970000
RPOTNLLLQHJGFCJ09DA,頭重埔段,132.35,都市：其他:工業區,100000,421,持分移轉,02370073
RPPTNLLLQHJGFCJ56DA,頭重埔段,71.99,都市：其他:工業區,100000,229,持分移轉,02370073
RPSTNLLLQHJGFCJ86DA,寶山段沙湖壢小段,33.07,非都市：山坡地保育區 ; 非都市編定：林業用地,10000,630,持分移轉,09170001
RPSTNLLLQHJGFCJ86DA,寶山段沙湖壢小段,717.00,非都市：山坡地保育區 ; 非都市編定：林業用地,1,1,全筆移轉,09170004
RPUNMLRLQHJGFCJ96DA,雙龍段,118.69,都市：其他:道路用地,16,5,持分移轉,00340000
RPUNMLRLQHJGFCJ96DA,雙龍段,58.18,都市：其他:道路用地,16,5,持分移轉,00350001
RPUNMLRLQHJGFCJ96DA,雙龍段,.30,都市：其他:道路用地,16,5,持分移轉,00360001
RPUNMLRLQHJGFCJ96DA,雙龍段,3.38,都市：其他:道路用地,48,19,持分移轉,00410000
RPUNMLRLQHJGFCJ96DA,雙龍段,15.85,都市：其他:道路用地,16,5,持分移轉,00430000
RPUNMLRLQHJGFCJ96DA,雙龍段,13.90,都市：其他:道路用地,16,5,持分移轉,00440001
RPTNMLSLQHJGFCJ96DA,三叉凸段,298.18,非都市：山坡地保育區 ; 非都市編定：丙種建築用地,1,1,全筆移轉,22690000
RPQNMLKMQHJGFCJ58DA,大鄉段,672.63,非都市：山坡地保育區 ; 非都市編定：農牧用地,132718,67263,持分移轉,09740034
RPXNMLTLQHJGFDJ57DA,中義段,130.26,都市：其他:住(一),1,1,全筆移轉,01620000
RPPNMLTJRHJGFBJ56EA,斗崙段頂斗崙小段,.36,都市：其他:道路用地,25200,36,持分移轉,01190004
RPPNMLTJRHJGFBJ56EA,斗崙段頂斗崙小段,.35,都市：其他:道路用地,25200,36,持分移轉,01190006
RPSNMLPJRHJGFBJ09EA,福德段,44.58,都市：其他:第二種住宅區,10000,1008,持分移轉,04550004
RPPNMLPJRHJGFDJ98EA,長威段,129.47,非都市：鄉村區 ; 非都市編定：乙種建築用地,1,1,全筆移轉,13740000
RPVNMLLKRHJGFCJ56EA,寶山段沙湖壢小段,82.64,非都市：山坡地保育區 ; 非都市編定：林業用地,12100,8264,持分移轉,09170018
RPVNMLLKRHJGFCJ56EA,寶山段沙湖壢小段,468.00,非都市：山坡地保育區 ; 非都市編定：林業用地,1,1,全筆移轉,09170020
RPVNMLLKRHJGFCJ56EA,寶山段沙湖壢小段,877.00,非都市：山坡地保育區 ; 非都市編定：林業用地,1,1,全筆移轉,09170025
RPPOMLTLQHJGFDJ86DA,中美段,10.82,都市：其他:農業區,1,1,全筆移轉,08270000
RPPOMLTLQHJGFDJ86DA,中美段,60.07,非都市：特定農業區 ; 非都市編定：甲種建築用地,1,1,全筆移轉,08280000
RPUNMLMKRHJGFDJ56DA,建興段鳳凰小段,10.83,非都市：工業區 ; 非都市編定：丁種建築用地,29,1,持分移轉,02270002
RPWNMLQKRHJGFCJ07DA,園區段,34.59,都市：其他:保護區,1,1,全筆移轉,05810003
RPRNMLQJRHJGFCJ56EA,柿山段,6794.00,非都市：山坡地保育區 ; 非都市編定：林業用地,1,1,全筆移轉,03580000
RPRNMLQJRHJGFCJ56EA,柿山段,716.00,非都市：山坡地保育區 ; 非都市編定：林業用地,1,1,全筆移轉,03580001
RPWNMLKKRHJGFDJ56DA,汶山段,52.77,非都市：鄉村區 ; 非都市編定：乙種建築用地,1,1,全筆移轉,03450000
RPTNMLLKRHJGFDJ98DA,長威段,90.99,非都市：鄉村區 ; 非都市編定：乙種建築用地,1,1,全筆移轉,16370019
RPWNMLQJRHJGFCJ96DA,旭光段,25.96,都市：其他:科技商務服務專用區,100000,141,持分移轉,01900000
RPPNMLQKRHJGFCJ09EA,旭光段,27.74,都市：其他:科技商務服務專用區,100000,115,持分移轉,00750000
RPPOMLKMQHJGFCJ58DA,志學段,16.64,都市：其他:住一,10000,75,持分移轉,09440000
RPPOMLKMQHJGFCJ58DA,志學段,.26,都市：其他:住一,10000,75,持分移轉,09450000
RPPOMLKMQHJGFCJ58DA,志學段,.32,都市：其他:住一,10000,75,持分移轉,09460000
RPPOMLKMQHJGFCJ58DA,志學段,.15,都市：其他:住一,10000,75,持分移轉,09930000
RPPPMLOJQHJGFBJ68DA,省道段,340.48,都市：其他:機關用地,1,1,全筆移轉,09710000
RPVPMLKMPHJGFBJ09DA,縣福段,6.18,都市：其他:第二種商業區,4000,114,持分移轉,02270000
RPVPMLKMPHJGFBJ09DA,縣福段,12.83,都市：其他:第二種商業區,4000,114,持分移轉,02280000
RPVPMLKMPHJGFBJ09DA,縣福段,8.54,都市：其他:第二種商業區,4000,114,持分移轉,02290000
RPRNMLLJRHJGFBJ48DA,福田段,31.04,都市：其他:第一種住宅區,100000,1522,持分移轉,02980000
RPSNMLLJRHJGFBJ58DA,福田段,31.26,都市：其他:第一種住宅區,100000,1533,持分移轉,02980000
RPPPMLSJQHJGFBJ09DA,永興段,47.55,都市：其他:住宅區,200000,2886,持分移轉,04510000
RPTNMLMJRHJGFBJ78DA,縣福段,37.90,都市：其他:第二種住宅區,20000,572,持分移轉,06610000
RPRNMLLLQHJGFDJ78DA,南湖段,60.75,都市：其他:住宅區,1,1,全筆移轉,06470015
RPPNMLTJRHJGFCJ66EA,大平段,10018.00,非都市：山坡地保育區 ; 非都市編定：林業用地,1,1,全筆移轉,05980006
RPPNMLTJRHJGFCJ66EA,柿山段,34763.00,非都市：山坡地保育區 ; 非都市編定：林業用地,1,1,全筆移轉,06510000
RPRNMLSJRHJGFBJ56DA,寶鎮段,.55,非都市：山坡地保育區 ; 非都市編定：丙種建築用地,5000,19,持分移轉,09400000
RPPNMLTJRHJGFCJ66EA,柿山段,451.00,非都市：山坡地保育區 ; 非都市編定：林業用地,1,1,全筆移轉,06510001
RPRNMLSJRHJGFBJ56DA,寶鎮段,.44,非都市：山坡地保育區 ; 非都市編定：丙種建築用地,5000,19,持分移轉,09450000
RPRNMLSJRHJGFBJ56DA,寶鎮段,.24,非都市：山坡地保育區 ; 非都市編定：丙種建築用地,5000,19,持分移轉,09460000
RPRNMLSJRHJGFBJ56DA,寶鎮段,.40,非都市：山坡地保育區 ; 非都市編定：丙種建築用地,5000,19,持分移轉,09600000
RPRNMLSJRHJGFBJ56DA,寶鎮段,8.38,非都市：山坡地保育區 ; 非都市編定：丙種建築用地,5000,19,持分移轉,09610000
RPRNMLSJRHJGFBJ56DA,寶鎮段,30.77,非都市：山坡地保育區 ; 非都市編定：丙種建築用地,10000,200,持分移轉,09870000
RPROMLTJRHJGFBJ76DA,竹北段,21.27,非都市：鄉村區 ; 非都市編定：乙種建築用地,1000000,100652,持分移轉,07530006
RPROMLTJRHJGFBJ76DA,竹北段,75.66,非都市：鄉村區 ; 非都市編定：乙種建築用地,1,1,全筆移轉,07530011
RPSOMLNLQHJGFCJ09DA,資源段,111.00,都市：其他:住宅區,1,1,全筆移轉,04710000
RPSOMLNLQHJGFCJ09DA,資源段,115.00,都市：其他:住宅區,1,1,全筆移轉,04710001
RPUNMLNJRHJGFCJ09DA,寶山段沙湖壢小段,172.00,非都市：山坡地保育區 ; 非都市編定：農牧用地,1,1,全筆移轉,01980010
RPTNMLKMPHJGFBJ68DA,大學段,64.61,都市：其他:第一種住宅區,1,1,全筆移轉,07210001
RPOOMLNJRHJGFBJ48DA,自強段,44.24,都市：其他:第一種住宅區,10000,148,持分移轉,03500000
RPTNMLKMPHJGFBJ68DA,大學段,18.20,都市：其他:第一種住宅區,10000,1168,持分移轉,07210012
RPPNMLNLQHJGFBJ58DA,中興段,17.26,都市：其他:第二種住宅區,10000,53,持分移轉,00080000
RPWNMLNKQHJGFBJ56DA,站前段,17.28,都市：其他:第三種商業區,10000,77,持分移轉,05170000
RPPPMLKKRHJGFCJ58DA,雙峰段,14.88,非都市：山坡地保育區 ; 非都市編定：丙種建築用地,1,1,全筆移轉,00780003
RPPPMLKKRHJGFCJ58DA,雙峰段,2.02,非都市：山坡地保育區 ; 非都市編定：丙種建築用地,1,1,全筆移轉,00780004
RPROMLTLQHJGFCJ96DA,新樂段水田小段,2622.00,非都市：山坡地保育區 ; 非都市編定：農牧用地,1,1,全筆移轉,01330001
RPUNMLSKPHJGFCJ86DA,旭光段,30.16,都市：其他:科技商務服務專用區,100000,125,持分移轉,00750000
RPTNMLOJRHJGFCJ09DA,志學段,5.71,都市：其他:住一,1,1,全筆移轉,09940001
RPTNMLOJRHJGFCJ09DA,志學段,94.92,都市：其他:住一,1,1,全筆移轉,10510000
RPQPMLKKRHJGFCJ68DA,雙峰段,11.96,非都市：山坡地保育區 ; 非都市編定：丙種建築用地,1,1,全筆移轉,00760003
RPQPMLKKRHJGFCJ68DA,雙峰段,4.94,非都市：山坡地保育區 ; 非都市編定：丙種建築用地,1,1,全筆移轉,00760004
RPQOMLNJRHJGFDJ88DA,中興段復興小段,21.16,非都市：工業區 ; 非都市編定：丁種建築用地,10000,490,持分移轉,05820000
RPWNMLLKRHJGFCJ56DA,沙坑貳段,124.01,非都市：山坡地保育區 ; 非都市編定：農牧用地,8,1,持分移轉,02520014
RPWNMLLKRHJGFCJ56DA,沙坑貳段,1135.62,非都市：山坡地保育區 ; 非都市編定：農牧用地,1,1,全筆移轉,02520017
RPWNMLLKRHJGFCJ56DA,沙坑貳段,61.52,非都市：山坡地保育區 ; 非都市編定：農牧用地,2,1,持分移轉,02520020
RPUNMLLKRHJGFCJ09EA,橫華段,22.29,都市：其他:住宅區,25,1,持分移轉,01880000
RPUNMLLKRHJGFCJ09EA,橫華段,60.47,都市：其他:住宅區(附),1,1,全筆移轉,01880023
RPSNMLQJRHJGFCJ56DA,雙園段,167.15,都市：其他:保護區,40000,7274,持分移轉,07450006
RPSNMLQJRHJGFCJ56DA,雙園段,1569.50,都市：其他:保護區,1,1,全筆移轉,07450008
RPSNMLQJRHJGFCJ56DA,雙園段,784.75,都市：其他:保護區,1,1,全筆移轉,07450009
RPSNMLQJRHJGFCJ56DA,雙園段,784.75,都市：其他:保護區,1,1,全筆移轉,07450010
RPRNMLKKRHJGFCJ58DA,富興段,564.11,非都市：山坡地保育區 ; 非都市編定：農牧用地,1,1,全筆移轉,06020000
RPRNMLKKRHJGFCJ58DA,富興段,307.30,非都市：山坡地保育區 ; 非都市編定：農牧用地,1,1,全筆移轉,06040000
RPRNMLKKRHJGFCJ58DA,富興段,1001.39,非都市：山坡地保育區 ; 非都市編定：農牧用地,1,1,全筆移轉,06050000
RPRNMLKKRHJGFCJ58DA,富興段,207.01,非都市：山坡地保育區 ; 非都市編定：林業用地,1,1,全筆移轉,06670000
RPRNMLKKRHJGFCJ58DA,富興段,1018.55,非都市：山坡地保育區 ; 非都市編定：農牧用地,1,1,全筆移轉,06700000
RPUNMLTJQHJGFDJ07DA,中義段,79.15,都市：其他:住(一),1,1,全筆移轉,07280001
RPUNMLTJQHJGFDJ07DA,中義段,24.23,都市：其他:住(一),20,1,持分移轉,07280012
RPUNMLTJQHJGFDJ07DA,中義段,.04,都市：其他:住(一),38,1,持分移轉,07280041
RPPOMLLKRHJGFCJ58DA,桃山段,590.00,非都市：山坡地保育區 ; 非都市編定：農牧用地,1,1,全筆移轉,01950000
RPWNMLKMQHJGFDJ66DA,綠園段,9.40,非都市：鄉村區 ; 非都市編定：乙種建築用地,100000,388,持分移轉,08630023
RPTNMLLKRHJGFCJ98EA,東寧段,26.00,都市：其他:住宅區,1,1,全筆移轉,11620000
RPPOMLLMPHJGFCJ58DA,雙龍段,.12,都市：其他:河川區(排水使用),2880,9,持分移轉,02630001
RPPOMLLMPHJGFCJ58DA,雙龍段,.26,都市：其他:河川區(排水使用),2880,9,持分移轉,02640000
RPSNMLLKRHJGFDJ88DA,建興段鳳凰小段,31.40,非都市：工業區 ; 非都市編定：丁種建築用地,20,1,持分移轉,01280000
RPPOMLLMPHJGFCJ58DA,雙龍段,.34,都市：其他:河川區(排水使用),2880,9,持分移轉,02640002
RPROMLLMPHJGFCJ78DA,雙龍段,.24,都市：其他:河川區(排水使用),1440,9,持分移轉,02630001
RPROMLLMPHJGFCJ78DA,雙龍段,.52,都市：其他:河川區(排水使用),1440,9,持分移轉,02640000
RPROMLLMPHJGFCJ78DA,雙龍段,.69,都市：其他:河川區(排水使用),1440,9,持分移轉,02640002
RPSOMLLMPHJGFCJ88DA,雙龍段,.24,都市：其他:河川區(排水使用),1440,9,持分移轉,02630001
RPSOMLLMPHJGFCJ88DA,雙龍段,.52,都市：其他:河川區(排水使用),1440,9,持分移轉,02640000
RPSOMLLMPHJGFCJ88DA,雙龍段,.69,都市：其他:河川區(排水使用),1440,9,持分移轉,02640002
RPWOMLLMPHJGFCJ66DA,雙龍段,.12,都市：其他:河川區(排水使用),2880,9,持分移轉,02630001
RPWOMLLMPHJGFCJ66DA,雙龍段,.26,都市：其他:河川區(排水使用),2880,9,持分移轉,02640000
RPWOMLLMPHJGFCJ66DA,雙龍段,.34,都市：其他:河川區(排水使用),2880,9,持分移轉,02640002
RPUNMLQKRHJGFCJ86DA,旭光段,.54,都市：其他:科技商務服務專用區,200000,420,持分移轉,01900001
RPUNMLQKRHJGFCJ86DA,旭光段,32.53,都市：其他:科技商務服務專用區,200000,420,持分移轉,01900002
RPPOMLTJRHJGFBJ56DA,三崁店段水坑口小段,417.00,非都市：特定農業區 ; 非都市編定：農牧用地,1,1,全筆移轉,00320005
RPQNMLKMQHJGFBJ48DA,水瀧段,11.00,都市：其他:第三種商業區,100000,271,持分移轉,01010000
RPQOMLTJRHJGFBJ66DA,竹北段,21.27,非都市：鄉村區 ; 非都市編定：乙種建築用地,1000000,100652,持分移轉,07530006
RPQOMLTJRHJGFBJ66DA,竹北段,65.31,非都市：鄉村區 ; 非都市編定：乙種建築用地,1,1,全筆移轉,07530010
RPXNMLQLQHJGFBJ07DA,縣福段,30.84,都市：其他:第二種商業區,10000,196,持分移轉,02700000
RPOOMLQLQHJGFBJ88DA,縣福段,30.84,都市：其他:第二種商業區,10000,196,持分移轉,02700000
RPXOMLMJQHJGFBJ56DA,隘興段,20.15,都市：其他:住宅區,10000,99,持分移轉,06250000
RPRPMLKKPHJGFCJ58DA,頭重埔段,2571.00,都市：其他:工業區,1,1,全筆移轉,03180104
RPSNMLNLQHJGFBJ88DA,永興段,27.31,都市：其他:住宅區,20000,268,持分移轉,05440000
RPTNMLLKPHJGFBJ58DA,縣福段,23.11,都市：其他:第二種商業區,83280,2311,持分移轉,02300000
RPQOMLKMQHJGFBJ58DA,興崙段,14.11,都市：其他:第一種商業區,100000,1182,持分移轉,08620000
RPRVMLPJRHJGFBJ07DA,公園段,204.77,都市：其他:第一種住宅區,1,1,全筆移轉,02100000
RPSOMLRKPHJGFCJ66DA,楓橋段,26.18,非都市：山坡地保育區 ; 非都市編定：林業用地,199539,2618,持分移轉,00500000
RPSOMLRKPHJGFCJ66DA,楓橋段,38.10,非都市：山坡地保育區 ; 非都市編定：林業用地,1,1,全筆移轉,00500003
RPSOMLRKPHJGFCJ66DA,楓橋段,82.64,非都市：山坡地保育區 ; 非都市編定：林業用地,75714,8264,持分移轉,00990000
RPSOMLRKPHJGFCJ66DA,楓橋段,121.14,非都市：山坡地保育區 ; 非都市編定：林業用地,1,1,全筆移轉,01000002
RPSOMLRKPHJGFCJ66DA,楓橋段,441.20,非都市：山坡地保育區 ; 非都市編定：林業用地,1,1,全筆移轉,01010002
RPSOMLRKPHJGFCJ66DA,楓橋段,76.82,非都市：山坡地保育區 ; 非都市編定：林業用地,1,1,全筆移轉,01020019
RPSNMLNJRHJGFBJ78DA,自強段,42.24,都市：其他:第一種住宅區,100000,1549,持分移轉,00270000
RPTNMLKKRHJGFCJ78DA,富興段,626.40,非都市：山坡地保育區 ; 非都市編定：農牧用地,100,19,持分移轉,05970000
RPQNMLLKRHJGFBJ58EA,中興段,35.39,都市：其他:第二種住宅區,10000,337,持分移轉,00870000
RPQNMLLKRHJGFBJ58EA,中興段,.21,都市：其他:道路用地,10000,337,持分移轉,00870001
RPRNMLNKQHJGFCJ78DA,資源段,3.95,都市：其他:住宅區,10000,19,持分移轉,19400000
RPRNMLNKQHJGFCJ78DA,資源段,7.95,都市：其他:商業區,10000,19,持分移轉,19410000
RPQNMLOKQHJGFCJ78DA,柯子湖段,9.18,都市：其他:綠地用地,2324000,55569,持分移轉,00020083
RPQNMLOKQHJGFCJ78DA,二重埔段,12.18,都市：其他:工業區,3000,30,持分移轉,01910008
RPQNMLOKQHJGFCJ78DA,頭重埔段,330.59,都市：其他:工業區,100000,10030,持分移轉,02370033
RPQNMLOKQHJGFCJ78DA,頭重埔段,165.25,都市：其他:公園用地,4,1,持分移轉,02490007
RPROMLRKPHJGFCJ56DA,楓橋段,31.04,非都市：山坡地保育區 ; 非都市編定：林業用地,199539,3104,持分移轉,00500000
RPQNMLOKQHJGFCJ78DA,柯子湖段,21.64,都市：其他:工業區,1636096,16125,持分移轉,03340000
RPROMLRKPHJGFCJ56DA,楓橋段,13.68,非都市：山坡地保育區 ; 非都市編定：林業用地,100,66,持分移轉,00500001
RPROMLRKPHJGFCJ56DA,楓橋段,43.07,非都市：山坡地保育區 ; 非都市編定：林業用地,1,1,全筆移轉,00500004
RPROMLRKPHJGFCJ56DA,楓橋段,125.62,非都市：山坡地保育區 ; 非都市編定：林業用地,75714,12562,持分移轉,00990000
RPROMLRKPHJGFCJ56DA,楓橋段,803.06,非都市：山坡地保育區 ; 非都市編定：林業用地,1,1,全筆移轉,01000000
RPQNMLOKQHJGFCJ78DA,柯子湖段,26.15,都市：其他:綠地用地,46480,823,持分移轉,03430001
RPROMLRKPHJGFCJ56DA,楓橋段,11.48,非都市：山坡地保育區 ; 非都市編定：林業用地,1,1,全筆移轉,01000001
RPQNMLOKQHJGFCJ78DA,柯子湖段,20.62,都市：其他:工業區,53120,269,持分移轉,05090000
RPROMLRKPHJGFCJ56DA,楓橋段,5.57,非都市：山坡地保育區 ; 非都市編定：林業用地,100,66,持分移轉,01000003
RPROMLRKPHJGFCJ56DA,楓橋段,10.64,非都市：山坡地保育區 ; 非都市編定：林業用地,1,1,全筆移轉,01010003
RPROMLRKPHJGFCJ56DA,楓橋段,62.69,非都市：山坡地保育區 ; 非都市編定：林業用地,1,1,全筆移轉,01020016
RPRNMLQJRHJGFBJ98DA,老社寮段,3147.00,非都市：特定農業區 ; 非都市編定：農牧用地,1,1,全筆移轉,00480000
RPRNMLQJRHJGFBJ98DA,老社寮段,2134.00,非都市：特定農業區 ; 非都市編定：農牧用地,1,1,全筆移轉,03080001
RPRNMLQJRHJGFBJ98DA,老社寮段,218.00,非都市：特定農業區 ; 非都市編定：農牧用地,1,1,全筆移轉,03080002
RPROMLQJRHJGFBJ09DA,豆子埔段,9.49,都市：其他:第三種商業區,10000,36,持分移轉,08060000
RPQOMLTLQHJGFDJ96DA,中義段,.24,都市：其他:住(二),7,1,持分移轉,07110003
RPQOMLTLQHJGFDJ96DA,中義段,125.18,都市：其他:住(二),1,1,全筆移轉,07110006
RPPOMLKKRHJGFCJ48DA,新鳳段,45.52,非都市：特定農業區 ; 非都市編定：農牧用地,1,1,全筆移轉,05630001
RPPOMLKKRHJGFCJ48DA,新鳳段,668.50,非都市：特定農業區 ; 非都市編定：甲種建築用地,1,1,全筆移轉,05680000
RPQNMLQJRHJGFBJ88DA,老社寮段,611.00,非都市：特定農業區 ; 非都市編定：甲種建築用地,1,1,全筆移轉,00500000
RPQNMLQJRHJGFBJ88DA,老社寮段,975.00,非都市：特定農業區 ; 非都市編定：甲種建築用地,1,1,全筆移轉,00500001
RPWSOLLLQHJGFCJ27DA,下山段下山小段,10610.00,非都市：特定農業區 ; 非都市編定：農牧用地,1,1,全筆移轉,01080001
RPQNMLKKRHJGFCJ48DA,富興段,1084.19,非都市：山坡地保育區 ; 非都市編定：農牧用地,1,1,全筆移轉,05250000
RPQNMLKKRHJGFCJ48DA,富興段,242.77,非都市：山坡地保育區 ; 非都市編定：農牧用地,1,1,全筆移轉,05280000
RPQNMLKKRHJGFCJ48DA,富興段,1076.72,非都市：山坡地保育區 ; 非都市編定：農牧用地,1,1,全筆移轉,05290000
RPQNMLKKRHJGFCJ48DA,富興段,1670.30,非都市：山坡地保育區 ; 非都市編定：農牧用地,1,1,全筆移轉,05300000
RPQNMLKKRHJGFCJ48DA,富興段,1264.64,非都市：山坡地保育區 ; 非都市編定：農牧用地,1,1,全筆移轉,05310000
RPPOMLLJQHJGFDJ48DA,興湖段,107.00,都市：其他:住宅區,1,1,全筆移轉,03700000
RPSNMLKKRHJGFCJ68DA,富興段,223.00,非都市：山坡地保育區 ; 非都市編定：水利用地,4,1,持分移轉,06710000
RPOPMLKKRHJGFCJ48DA,旭光段,.38,都市：其他:科技商務服務專用區,100000,149,持分移轉,01900001
RPOPMLKKRHJGFCJ48DA,旭光段,23.08,都市：其他:科技商務服務專用區,100000,149,持分移轉,01900002
RPQPMLKKPHJGFBJ38DA,竹北段,99.04,非都市：鄉村區 ; 非都市編定：乙種建築用地,100000,13298,持分移轉,07280000
RPOOMLKLOHJGFBJ08DA,縣愛段,131.18,都市：其他:第二種住宅區,1,1,全筆移轉,00840000
RPOOMLKLOHJGFBJ08DA,縣愛段,128.13,都市：其他:第二種住宅區,1,1,全筆移轉,00840003
RPOTOLLLQHJGFCJ56DA,雞油凸段八分寮小段,1576.00,非都市：山坡地保育區 ; 非都市編定：農牧用地,1,1,全筆移轉,00700001
RPOTOLLLQHJGFCJ56DA,雞油凸段八分寮小段,60.00,非都市：山坡地保育區 ; 非都市編定：林業用地,1,1,全筆移轉,01280001
RPOTOLLLQHJGFCJ56DA,雞油凸段八分寮小段,223.00,非都市：山坡地保育區 ; 非都市編定：林業用地,1,1,全筆移轉,01290000
RPOTOLLLQHJGFCJ56DA,柑仔崎段,194.93,非都市：山坡地保育區 ; 非都市編定：交通用地,1,1,全筆移轉,05970000
RPOTOLLLQHJGFCJ56DA,柑仔崎段,112.50,非都市：山坡地保育區 ; 非都市編定：林業用地,1,1,全筆移轉,05980000
RPOTOLLLQHJGFCJ56DA,柑仔崎段,120.94,非都市：山坡地保育區 ; 非都市編定：交通用地,1,1,全筆移轉,05990000
RPOTOLLLQHJGFCJ56DA,柑仔崎段,481.00,非都市：山坡地保育區 ; 非都市編定：農牧用地,1,1,全筆移轉,06280000
RPOTOLLLQHJGFCJ56DA,柑仔崎段,3891.30,非都市：山坡地保育區 ; 非都市編定：農牧用地,1,1,全筆移轉,06290000
RPOTOLLLQHJGFCJ56DA,柑仔崎段,784.00,非都市：山坡地保育區 ; 非都市編定：農牧用地,1,1,全筆移轉,06310000
RPOTOLLLQHJGFCJ56DA,柑仔崎段,3027.89,非都市：山坡地保育區 ; 非都市編定：農牧用地,1,1,全筆移轉,06320000
RPOTOLLLQHJGFCJ56DA,柑仔崎段,388.66,非都市：山坡地保育區 ; 非都市編定：農牧用地,1,1,全筆移轉,06320001
RPPOMLSLOHJGFDJ56DA,坪頂段,26.38,都市：其他:住宅區,100000,798,持分移轉,11350000
RPVRMLLJPHJGFDJ66DA,坪頂段,20.04,都市：其他:住宅區,100000,606,持分移轉,11350000
RPUTMLOJQHJGFBJ96DA,福田段,29.24,都市：其他:第一種住宅區,100000,1434,持分移轉,02980000
RPPONLLJPHJGFDJ48DA,坪頂段,20.04,都市：其他:住宅區,100000,606,持分移轉,11350000
RPTVMLLJPHJGFDJ86DA,坪頂段,20.90,都市：其他:住宅區,100000,632,持分移轉,11350000
RPOONLLJPHJGFDJ38DA,坪頂段,20.04,都市：其他:住宅區,100000,606,持分移轉,11350000
RPWQMLLJPHJGFDJ66DA,坪頂段,20.04,都市：其他:住宅區,100000,606,持分移轉,11350000
RPWNMLQJRHJGFBJ86DA,東安段,16.58,都市：其他:住宅區,1000000,60192,持分移轉,04340020
RPQPMLLJPHJGFDJ58DA,坪頂段,19.90,都市：其他:住宅區,100000,602,持分移轉,11350000
RPWNMLQJRHJGFBJ86DA,東安段,68.72,都市：其他:住宅區,1,1,全筆移轉,04340029
RPWNMLQJRHJGFBJ86DA,東安段,5.42,都市：其他:住宅區,10,1,持分移轉,04340031
RPURMLLJPHJGFDJ56DA,坪頂段,20.04,都市：其他:住宅區,100000,606,持分移轉,11350000
RPUUMLLJPHJGFDJ86DA,坪頂段,24.53,都市：其他:住宅區,100000,742,持分移轉,11350000
RPWSMLLJPHJGFDJ86DA,坪頂段,24.10,都市：其他:住宅區,100000,729,持分移轉,11350000
RPRNMLTJPHJGFBJ09DA,東安段,16.58,都市：其他:住宅區,1000000,60192,持分移轉,04340020
RPRNMLTJPHJGFBJ09DA,東安段,59.73,都市：其他:住宅區,1,1,全筆移轉,04340021
RPRNMLTJPHJGFBJ09DA,東安段,5.42,都市：其他:住宅區,10,1,持分移轉,04340031
RPPNMLNKRHJGFCJ68DA,文昌段,12.15,都市：其他:商業區,10000,300,持分移轉,03430000
RPPNMLNKRHJGFCJ68DA,文昌段,1.20,都市：其他:住宅區,10000,300,持分移轉,03430001
RPPNMLNKRHJGFCJ68DA,文昌段,3.43,都市：其他:商業區,10000,300,持分移轉,03670000
RPPNMLNKRHJGFCJ68DA,文昌段,.77,都市：其他:住宅區,10000,300,持分移轉,03670001
RPSNMLTJPHJGFBJ56DA,東安段,16.58,都市：其他:住宅區,1000000,60192,持分移轉,04340020
RPQNMLTJPHJGFBJ98DA,東安段,66.15,都市：其他:住宅區,1,1,全筆移轉,04340013
RPSNMLTJPHJGFBJ56DA,東安段,62.70,都市：其他:住宅區,1,1,全筆移轉,04340022
RPQNMLTJPHJGFBJ98DA,東安段,16.58,都市：其他:住宅區,2000000,120384,持分移轉,04340020
RPVUMLLJPHJGFDJ96DA,坪頂段,24.53,都市：其他:住宅區,100000,742,持分移轉,11350000
RPQNMLTJPHJGFBJ98DA,東安段,5.42,都市：其他:住宅區,20,2,持分移轉,04340031
RPSNMLTJPHJGFBJ56DA,東安段,5.42,都市：其他:住宅區,10,1,持分移轉,04340031
RPWNMLTJPHJGFBJ96DA,東安段,16.58,都市：其他:住宅區,1000000,60192,持分移轉,04340020
RPWNMLTJPHJGFBJ96DA,東安段,73.25,都市：其他:住宅區,1,1,全筆移轉,04340025
RPWNMLTJPHJGFBJ96DA,東安段,5.42,都市：其他:住宅區,10,1,持分移轉,04340031
RPXNMLTJPHJGFBJ07DA,東安段,16.58,都市：其他:住宅區,1000000,60192,持分移轉,04340020
RPXNMLTJPHJGFBJ07DA,東安段,84.59,都市：其他:住宅區,1,1,全筆移轉,04340026
RPXNMLTJPHJGFBJ07DA,東安段,5.42,都市：其他:住宅區,10,1,持分移轉,04340031
RPTNMLTJPHJGFBJ66DA,東安段,16.58,都市：其他:住宅區,1000000,60192,持分移轉,04340020
RPTNMLTJPHJGFBJ66DA,東安段,63.99,都市：其他:住宅區,1,1,全筆移轉,04340023
RPTNMLTJPHJGFBJ66DA,東安段,5.42,都市：其他:住宅區,10,1,持分移轉,04340031
RPOOMLTJPHJGFBJ88DA,東安段,97.92,都市：其他:住宅區,1,1,全筆移轉,04340030
RPVUMLPJRHJGFBJ37DA,東安段,16.58,都市：其他:住宅區,1000000,60192,持分移轉,04340020
RPVUMLPJRHJGFBJ37DA,東安段,80.69,都市：其他:住宅區,1,1,全筆移轉,04340027
RPVUMLPJRHJGFBJ37DA,東安段,5.42,都市：其他:住宅區,10,1,持分移轉,04340031
RPXUMLPJRHJGFBJ57DA,東安段,16.58,都市：其他:住宅區,1000000,60192,持分移轉,04340020
RPXUMLPJRHJGFBJ57DA,東安段,70.65,都市：其他:住宅區,1,1,全筆移轉,04340028
RPXUMLPJRHJGFBJ57DA,東安段,5.42,都市：其他:住宅區,10,1,持分移轉,04340031
RPOQMLLJPHJGFDJ48DA,坪頂段,19.90,都市：其他:住宅區,100000,602,持分移轉,11350000
RPSOMLLJPHJGFDJ68DA,坪頂段,19.90,都市：其他:住宅區,100000,602,持分移轉,11350000
RPWOMLMKOHJGFBJ98DA,福田段,37.24,都市：其他:第一種住宅區,100000,1701,持分移轉,00820000
RPVNMLLJPHJGFDJ88DA,坪頂段,24.53,都市：其他:住宅區,100000,742,持分移轉,11350000
RPRSMLLJPHJGFDJ98DA,坪頂段,24.30,都市：其他:住宅區,100000,735,持分移轉,11350000
RPOSMLLJPHJGFDJ68DA,坪頂段,24.30,都市：其他:住宅區,100000,735,持分移轉,11350000
RPWNNLLJPHJGFDJ09DA,坪頂段,20.04,都市：其他:住宅區,100000,606,持分移轉,11350000
RPWPMLLJPHJGFDJ56DA,坪頂段,19.90,都市：其他:住宅區,100000,602,持分移轉,11350000
RPOOMLLJPHJGFDJ28DA,坪頂段,19.90,都市：其他:住宅區,100000,602,持分移轉,11350000
RPXOMLLJPHJGFDJ56DA,坪頂段,19.90,都市：其他:住宅區,100000,602,持分移轉,11350000
RPOOMLSLOHJGFDJ09DA,坪頂段,26.38,都市：其他:住宅區,100000,798,持分移轉,11350000
RPVPMLLJPHJGFDJ09DA,坪頂段,19.90,都市：其他:住宅區,100000,602,持分移轉,11350000
RPXUMLLJPHJGFDJ17DA,坪頂段,20.86,都市：其他:住宅區,100000,631,持分移轉,11350000
RPSPMLLJPHJGFDJ78DA,坪頂段,19.90,都市：其他:住宅區,100000,602,持分移轉,11350000
RPXTMLLJPHJGFDJ07DA,坪頂段,20.90,都市：其他:住宅區,100000,632,持分移轉,11350000
RPUVMLLJPHJGFDJ96DA,坪頂段,20.90,都市：其他:住宅區,100000,632,持分移轉,11350000
RPOUMLOJQHJGFBJ09DA,福田段,29.24,都市：其他:第一種住宅區,100000,1434,持分移轉,02980000
RPTNNLLJPHJGFDJ78DA,坪頂段,20.04,都市：其他:住宅區,100000,606,持分移轉,11350000
RPOTMLLJPHJGFDJ78DA,坪頂段,24.10,都市：其他:住宅區,100000,729,持分移轉,11350000
RPWTMLLJPHJGFDJ96DA,坪頂段,20.90,都市：其他:住宅區,100000,632,持分移轉,11350000
RPPSMLLJPHJGFDJ78DA,坪頂段,24.30,都市：其他:住宅區,100000,735,持分移轉,11350000
RPUNMLLJPHJGFDJ78DA,坪頂段,24.53,都市：其他:住宅區,100000,742,持分移轉,11350000
RPQUMLOJQHJGFBJ66DA,福田段,41.48,都市：其他:第一種住宅區,100000,2034,持分移轉,02980000
RPWUMLOJQHJGFBJ27DA,福田段,31.26,都市：其他:第一種住宅區,100000,1533,持分移轉,02980000
RPXRMLLJPHJGFDJ86DA,坪頂段,24.30,都市：其他:住宅區,100000,735,持分移轉,11350000
RPQQMLLJPHJGFDJ68DA,坪頂段,20.04,都市：其他:住宅區,100000,606,持分移轉,11350000
RPUSMLLJPHJGFDJ66DA,坪頂段,24.10,都市：其他:住宅區,100000,729,持分移轉,11350000
RPUQMLLJPHJGFDJ09DA,坪頂段,20.04,都市：其他:住宅區,100000,606,持分移轉,11350000
RPSVMLLJPHJGFDJ76DA,坪頂段,20.90,都市：其他:住宅區,100000,632,持分移轉,11350000
RPQOMLSLOHJGFDJ66DA,坪頂段,26.38,都市：其他:住宅區,100000,798,持分移轉,11350000
RPXTMLOJQHJGFBJ27DA,福田段,29.24,都市：其他:第一種住宅區,100000,1434,持分移轉,02980000
RPTOMLSLOHJGFDJ96DA,坪頂段,22.95,都市：其他:住宅區,100000,694,持分移轉,11350000
RPUOMLSLOHJGFDJ07DA,坪頂段,23.28,都市：其他:住宅區,100000,704,持分移轉,11350000
RPRRMLLJPHJGFDJ88DA,坪頂段,20.04,都市：其他:住宅區,100000,606,持分移轉,11350000
RPUPMLLJPHJGFDJ98DA,坪頂段,19.90,都市：其他:住宅區,100000,602,持分移轉,11350000
RPWOMLLJPHJGFDJ09DA,坪頂段,19.90,都市：其他:住宅區,100000,602,持分移轉,11350000
RPQSMLLJPHJGFDJ88DA,坪頂段,24.30,都市：其他:住宅區,100000,735,持分移轉,11350000
RPSTMLLJPHJGFDJ56DA,坪頂段,20.90,都市：其他:住宅區,100000,632,持分移轉,11350000
RPUTMLLJPHJGFDJ76DA,坪頂段,20.90,都市：其他:住宅區,100000,632,持分移轉,11350000
RPUWMLLJPHJGFDJ07DA,坪頂段,24.30,都市：其他:住宅區,100000,735,持分移轉,11350000
RPRNMLLJPHJGFDJ48DA,坪頂段,24.53,都市：其他:住宅區,100000,742,持分移轉,11350000
RPPOMLLJPHJGFDJ38DA,坪頂段,19.90,都市：其他:住宅區,100000,602,持分移轉,11350000
RPPNMLLJPHJGFDJ28DA,坪頂段,24.53,都市：其他:住宅區,100000,742,持分移轉,11350000
RPUNMLSLOHJGFDJ96DA,坪頂段,24.47,都市：其他:住宅區,100000,740,持分移轉,11350000
RPUOMLLJPHJGFDJ88DA,坪頂段,19.90,都市：其他:住宅區,100000,602,持分移轉,11350000
RPROMLLJPHJGFDJ58DA,坪頂段,19.90,都市：其他:住宅區,100000,602,持分移轉,11350000
RPVOMLLJPHJGFDJ98DA,坪頂段,19.90,都市：其他:住宅區,100000,602,持分移轉,11350000
RPXQMLLJPHJGFDJ76DA,坪頂段,20.04,都市：其他:住宅區,100000,606,持分移轉,11350000
RPRPMLLJPHJGFDJ68DA,坪頂段,19.90,都市：其他:住宅區,100000,602,持分移轉,11350000
RPSQMLLJPHJGFDJ88DA,坪頂段,20.04,都市：其他:住宅區,100000,606,持分移轉,11350000
RPSRMLLJPHJGFDJ98DA,坪頂段,20.04,都市：其他:住宅區,100000,606,持分移轉,11350000
RPPRMLLJPHJGFDJ68DA,坪頂段,20.04,都市：其他:住宅區,100000,606,持分移轉,11350000
RPQRMLLJPHJGFDJ78DA,坪頂段,20.04,都市：其他:住宅區,100000,606,持分移轉,11350000
RPWRMLLJPHJGFDJ76DA,坪頂段,20.04,都市：其他:住宅區,100000,606,持分移轉,11350000
RPTRMLLJPHJGFDJ09DA,坪頂段,20.04,都市：其他:住宅區,100000,606,持分移轉,11350000
RPXSMLLJPHJGFDJ96DA,坪頂段,24.10,都市：其他:住宅區,100000,729,持分移轉,11350000
RPVSMLLJPHJGFDJ76DA,坪頂段,24.10,都市：其他:住宅區,100000,729,持分移轉,11350000
RPTTMLLJPHJGFDJ66DA,坪頂段,20.90,都市：其他:住宅區,100000,632,持分移轉,11350000
RPVTMLLJPHJGFDJ86DA,坪頂段,20.90,都市：其他:住宅區,100000,632,持分移轉,11350000
RPPUMLLJPHJGFDJ98DA,坪頂段,24.53,都市：其他:住宅區,100000,742,持分移轉,11350000
RPSUMLLJPHJGFDJ66DA,坪頂段,24.53,都市：其他:住宅區,100000,742,持分移轉,11350000
RPPVMLLJPHJGFDJ09DA,坪頂段,20.90,都市：其他:住宅區,100000,632,持分移轉,11350000
RPQUMLLJPHJGFDJ09DA,坪頂段,24.53,都市：其他:住宅區,100000,742,持分移轉,11350000
RPRUMLLJPHJGFDJ56DA,坪頂段,24.53,都市：其他:住宅區,100000,742,持分移轉,11350000
RPWUMLLJPHJGFDJ07DA,坪頂段,24.53,都市：其他:住宅區,100000,742,持分移轉,11350000
RPVVMLLJPHJGFDJ07DA,坪頂段,24.10,都市：其他:住宅區,100000,729,持分移轉,11350000
RPRVMLLJPHJGFDJ66DA,坪頂段,20.90,都市：其他:住宅區,100000,632,持分移轉,11350000
RPXVMLLJPHJGFDJ27DA,坪頂段,24.10,都市：其他:住宅區,100000,729,持分移轉,11350000
RPWVMLLJPHJGFDJ17DA,坪頂段,24.10,都市：其他:住宅區,100000,729,持分移轉,11350000
RPPWMLLJPHJGFDJ56DA,坪頂段,24.10,都市：其他:住宅區,100000,729,持分移轉,11350000
RPROMLSLOHJGFDJ76DA,坪頂段,26.42,都市：其他:住宅區,100000,799,持分移轉,11350000
RPXWMLLJPHJGFDJ37DA,坪頂段,24.30,都市：其他:住宅區,100000,735,持分移轉,11350000
RPUNNLLJPHJGFDJ88DA,坪頂段,20.04,都市：其他:住宅區,100000,606,持分移轉,11350000
RPVWMLLJPHJGFDJ17DA,坪頂段,24.30,都市：其他:住宅區,100000,735,持分移轉,11350000
RPSOMLSLOHJGFDJ86DA,坪頂段,26.85,都市：其他:住宅區,100000,812,持分移轉,11350000
RPTNMLLJPHJGFDJ68DA,坪頂段,24.53,都市：其他:住宅區,100000,742,持分移轉,11350000
RPOPMLLJPHJGFDJ38DA,坪頂段,19.90,都市：其他:住宅區,100000,602,持分移轉,11350000
RPPQMLLJPHJGFDJ58DA,坪頂段,19.90,都市：其他:住宅區,100000,602,持分移轉,11350000
RPRQMLLJPHJGFDJ78DA,坪頂段,20.04,都市：其他:住宅區,100000,606,持分移轉,11350000
RPVQMLLJPHJGFDJ56DA,坪頂段,20.04,都市：其他:住宅區,100000,606,持分移轉,11350000
RPOVMLLJPHJGFDJ98DA,坪頂段,20.90,都市：其他:住宅區,100000,632,持分移轉,11350000
RPTQMLLJPHJGFDJ98DA,坪頂段,20.04,都市：其他:住宅區,100000,606,持分移轉,11350000
RPTSMLLJPHJGFDJ56DA,坪頂段,24.30,都市：其他:住宅區,100000,735,持分移轉,11350000
RPQVMLLJPHJGFDJ56DA,坪頂段,20.90,都市：其他:住宅區,100000,632,持分移轉,11350000
RPPNNLLJPHJGFDJ38DA,坪頂段,24.30,都市：其他:住宅區,100000,735,持分移轉,11350000
RPRWMLLJPHJGFDJ76DA,坪頂段,24.10,都市：其他:住宅區,100000,729,持分移轉,11350000
RPQWMLLJPHJGFDJ66DA,坪頂段,24.10,都市：其他:住宅區,100000,729,持分移轉,11350000
RPWWMLLJPHJGFDJ27DA,坪頂段,24.30,都市：其他:住宅區,100000,735,持分移轉,11350000
RPVNNLLJPHJGFDJ98DA,坪頂段,20.04,都市：其他:住宅區,100000,606,持分移轉,11350000
RPWQMLMKQHJGFBJ76DA,縣華段,2.60,都市：其他:第二種住宅區,100000,835,持分移轉,02470010
RPPRMLMKQHJGFBJ78DA,縣華段,2.60,都市：其他:第二種住宅區,100000,835,持分移轉,02470010
RPXQMLMKQHJGFBJ86DA,縣華段,2.60,都市：其他:第二種住宅區,100000,835,持分移轉,02470010
RPWQMLMKQHJGFBJ76DA,府前段,24.79,都市：其他:第二種住宅區,100000,835,持分移轉,04350000
RPPRMLMKQHJGFBJ78DA,府前段,24.79,都市：其他:第二種住宅區,100000,835,持分移轉,04350000
RPXQMLMKQHJGFBJ86DA,府前段,24.79,都市：其他:第二種住宅區,100000,835,持分移轉,04350000
RPXOMLQJQHJGFBJ96DA,縣華段,2.60,都市：其他:第二種住宅區,100000,834,持分移轉,02470010
RPTOMLNJQHJGFBJ88DA,縣華段,3.34,都市：其他:第二種住宅區,100000,1072,持分移轉,02470010
RPXOMLQJQHJGFBJ96DA,府前段,24.76,都市：其他:第二種住宅區,100000,834,持分移轉,04350000
RPTOMLNJQHJGFBJ88DA,府前段,31.83,都市：其他:第二種住宅區,100000,1072,持分移轉,04350000
RPVNMLKLQHJGFBJ88DA,縣華段,2.56,都市：其他:第二種住宅區,100000,822,持分移轉,02470010
RPWPMLNKQHJGFBJ76DA,縣華段,2.56,都市：其他:第二種住宅區,100000,822,持分移轉,02470010
RPVNMLKLQHJGFBJ88DA,府前段,24.40,都市：其他:第二種住宅區,100000,822,持分移轉,04350000
RPQPMLQJQHJGFBJ98DA,縣華段,2.60,都市：其他:第二種住宅區,100000,834,持分移轉,02470010
RPWPMLNKQHJGFBJ76DA,府前段,24.40,都市：其他:第二種住宅區,100000,822,持分移轉,04350000
RPQPMLQJQHJGFBJ98DA,府前段,24.76,都市：其他:第二種住宅區,100000,834,持分移轉,04350000
RPRRMLMKQHJGFBJ98DA,縣華段,2.60,都市：其他:第二種住宅區,100000,835,持分移轉,02470010
RPRRMLMKQHJGFBJ98DA,府前段,24.79,都市：其他:第二種住宅區,100000,835,持分移轉,04350000
RPQRMLMKQHJGFBJ88DA,縣華段,2.60,都市：其他:第二種住宅區,100000,835,持分移轉,02470010
RPQRMLMKQHJGFBJ88DA,府前段,24.79,都市：其他:第二種住宅區,100000,835,持分移轉,04350000
RPXQMLNKQHJGFBJ96DA,縣華段,2.56,都市：其他:第二種住宅區,100000,822,持分移轉,02470010
RPXQMLNKQHJGFBJ96DA,府前段,24.40,都市：其他:第二種住宅區,100000,822,持分移轉,04350000
RPVPMLNKQHJGFBJ66DA,縣華段,2.60,都市：其他:第二種住宅區,100000,835,持分移轉,02470010
RPVPMLNKQHJGFBJ66DA,府前段,24.79,都市：其他:第二種住宅區,100000,835,持分移轉,04350000
RPTPMLNKQHJGFBJ09DA,縣華段,2.60,都市：其他:第二種住宅區,100000,835,持分移轉,02470010
RPTPMLNKQHJGFBJ09DA,府前段,24.79,都市：其他:第二種住宅區,100000,835,持分移轉,04350000
RPQPMLNKQHJGFBJ78DA,縣華段,2.60,都市：其他:第二種住宅區,100000,835,持分移轉,02470010
RPQPMLNKQHJGFBJ78DA,府前段,24.79,都市：其他:第二種住宅區,100000,835,持分移轉,04350000
RPOOMLPKQHJGFBJ68DA,縣華段,2.60,都市：其他:第二種住宅區,100000,835,持分移轉,02470010
RPRNMLNJQHJGFBJ58DA,縣華段,3.34,都市：其他:第二種住宅區,100000,1072,持分移轉,02470010
RPOOMLPKQHJGFBJ68DA,府前段,24.79,都市：其他:第二種住宅區,100000,835,持分移轉,04350000
RPTOMLOJQHJGFBJ98DA,縣華段,2.61,都市：其他:第二種住宅區,100000,838,持分移轉,02470010
RPRNMLNJQHJGFBJ58DA,府前段,31.83,都市：其他:第二種住宅區,100000,1072,持分移轉,04350000
RPTOMLOJQHJGFBJ98DA,府前段,24.88,都市：其他:第二種住宅區,100000,838,持分移轉,04350000
RPOQMLNKQHJGFBJ68DA,縣華段,2.56,都市：其他:第二種住宅區,100000,822,持分移轉,02470010
RPOQMLNKQHJGFBJ68DA,府前段,24.40,都市：其他:第二種住宅區,100000,822,持分移轉,04350000
RPPNMLOJQHJGFBJ48DA,縣華段,2.60,都市：其他:第二種住宅區,100000,834,持分移轉,02470010
RPVOMLPKQHJGFBJ76DA,縣華段,2.60,都市：其他:第二種住宅區,100000,835,持分移轉,02470010
RPPNMLOJQHJGFBJ48DA,府前段,24.76,都市：其他:第二種住宅區,100000,834,持分移轉,04350000
RPVOMLPKQHJGFBJ76DA,府前段,24.79,都市：其他:第二種住宅區,100000,835,持分移轉,04350000
RPSNMLNJQHJGFBJ68DA,縣華段,3.34,都市：其他:第二種住宅區,100000,1072,持分移轉,02470010
RPSNMLNJQHJGFBJ68DA,府前段,31.83,都市：其他:第二種住宅區,100000,1072,持分移轉,04350000
RPWOMLOJQHJGFBJ66DA,縣華段,2.61,都市：其他:第二種住宅區,100000,838,持分移轉,02470010
RPWOMLOJQHJGFBJ66DA,府前段,24.88,都市：其他:第二種住宅區,100000,838,持分移轉,04350000
RPSQMLOJQHJGFBJ09DA,縣華段,2.61,都市：其他:第二種住宅區,200000,1676,持分移轉,02470010
RPXOMLNKQHJGFBJ76DA,縣華段,2.60,都市：其他:第二種住宅區,100000,835,持分移轉,02470010
RPOPMLOJQHJGFBJ58DA,縣華段,2.61,都市：其他:第二種住宅區,100000,838,持分移轉,02470010
RPSQMLOJQHJGFBJ09DA,府前段,24.88,都市：其他:第二種住宅區,200000,1676,持分移轉,04350000
RPXOMLNKQHJGFBJ76DA,府前段,24.79,都市：其他:第二種住宅區,100000,835,持分移轉,04350000
RPOPMLOJQHJGFBJ58DA,府前段,24.88,都市：其他:第二種住宅區,100000,838,持分移轉,04350000
RPXOMLTKQHJGFBJ37DA,縣華段,2.56,都市：其他:第二種住宅區,100000,822,持分移轉,02470010
RPXOMLTKQHJGFBJ37DA,府前段,24.40,都市：其他:第二種住宅區,100000,822,持分移轉,04350000
RPTQMLNKQHJGFBJ56DA,縣華段,2.56,都市：其他:第二種住宅區,100000,822,持分移轉,02470010
RPTQMLNKQHJGFBJ56DA,府前段,24.40,都市：其他:第二種住宅區,100000,822,持分移轉,04350000
RPTOMLMKQHJGFBJ88DA,縣華段,2.60,都市：其他:第二種住宅區,100000,834,持分移轉,02470010
RPTOMLMKQHJGFBJ88DA,府前段,24.76,都市：其他:第二種住宅區,100000,834,持分移轉,04350000
RPWNMLNJQHJGFBJ09DA,縣華段,3.34,都市：其他:第二種住宅區,100000,1072,持分移轉,02470010
RPWNMLNJQHJGFBJ09DA,府前段,31.83,都市：其他:第二種住宅區,100000,1072,持分移轉,04350000
RPVNMLNJQHJGFBJ98DA,縣華段,3.34,都市：其他:第二種住宅區,100000,1072,持分移轉,02470010
RPVNMLNJQHJGFBJ98DA,府前段,31.83,都市：其他:第二種住宅區,100000,1072,持分移轉,04350000
RPTNMLOJQHJGFBJ88DA,縣華段,2.60,都市：其他:第二種住宅區,100000,834,持分移轉,02470010
RPTNMLOJQHJGFBJ88DA,府前段,24.76,都市：其他:第二種住宅區,100000,834,持分移轉,04350000
RPSOMLOJQHJGFBJ88DA,縣華段,2.60,都市：其他:第二種住宅區,100000,834,持分移轉,02470010
RPSOMLOJQHJGFBJ88DA,府前段,24.76,都市：其他:第二種住宅區,100000,834,持分移轉,04350000
RPRPMLMKQHJGFBJ78DA,縣華段,2.60,都市：其他:第二種住宅區,100000,834,持分移轉,02470010
RPPQMLOJQHJGFBJ78DA,縣華段,2.61,都市：其他:第二種住宅區,100000,838,持分移轉,02470010
RPPQMLOJQHJGFBJ78DA,府前段,24.88,都市：其他:第二種住宅區,100000,838,持分移轉,04350000
RPRPMLMKQHJGFBJ78DA,府前段,24.76,都市：其他:第二種住宅區,100000,834,持分移轉,04350000
RPORMLOJQHJGFBJ78DA,縣華段,2.61,都市：其他:第二種住宅區,100000,838,持分移轉,02470010
RPVOMLMKQHJGFBJ09DA,縣華段,2.60,都市：其他:第二種住宅區,100000,834,持分移轉,02470010
RPORMLOJQHJGFBJ78DA,府前段,24.88,都市：其他:第二種住宅區,100000,838,持分移轉,04350000
RPVOMLMKQHJGFBJ09DA,府前段,24.76,都市：其他:第二種住宅區,100000,834,持分移轉,04350000
RPSPMLMKQHJGFBJ88DA,縣華段,2.60,都市：其他:第二種住宅區,100000,834,持分移轉,02470010
RPSPMLMKQHJGFBJ88DA,府前段,24.76,都市：其他:第二種住宅區,100000,834,持分移轉,04350000
RPQOMLTJQHJGFBJ56DA,縣華段,2.60,都市：其他:第二種住宅區,100000,834,持分移轉,02470010
RPQOMLTJQHJGFBJ56DA,府前段,24.76,都市：其他:第二種住宅區,100000,834,持分移轉,04350000
RPWOMLNKQHJGFBJ66DA,縣華段,2.60,都市：其他:第二種住宅區,200000,1670,持分移轉,02470010
RPWOMLNKQHJGFBJ66DA,府前段,24.79,都市：其他:第二種住宅區,200000,1670,持分移轉,04350000
RPTPMLMKQHJGFBJ98DA,縣華段,2.60,都市：其他:第二種住宅區,100000,834,持分移轉,02470010
RPTPMLMKQHJGFBJ98DA,府前段,24.76,都市：其他:第二種住宅區,100000,834,持分移轉,04350000
RPOSMLNKQHJGFBJ88DA,縣華段,2.56,都市：其他:第二種住宅區,100000,822,持分移轉,02470010
RPOSMLNKQHJGFBJ88DA,府前段,24.40,都市：其他:第二種住宅區,100000,822,持分移轉,04350000
RPSNMLOKQHJGFBJ88DA,縣華段,2.56,都市：其他:第二種住宅區,100000,822,持分移轉,02470010
RPSNMLOKQHJGFBJ88DA,府前段,24.40,都市：其他:第二種住宅區,100000,822,持分移轉,04350000
RPWNMLOKQHJGFBJ66DA,縣華段,2.56,都市：其他:第二種住宅區,100000,822,持分移轉,02470010
RPWNMLOKQHJGFBJ66DA,府前段,24.40,都市：其他:第二種住宅區,100000,822,持分移轉,04350000
RPVOMLOKQHJGFBJ66DA,縣華段,2.56,都市：其他:第二種住宅區,100000,822,持分移轉,02470010
RPVOMLTKQHJGFBJ17DA,縣華段,2.56,都市：其他:第二種住宅區,100000,822,持分移轉,02470010
RPRPMLTKQHJGFBJ86DA,縣華段,2.56,都市：其他:第二種住宅區,100000,822,持分移轉,02470010
RPVOMLOKQHJGFBJ66DA,府前段,24.40,都市：其他:第二種住宅區,100000,822,持分移轉,04350000
RPRPMLTKQHJGFBJ86DA,府前段,24.40,都市：其他:第二種住宅區,100000,822,持分移轉,04350000
RPVOMLTKQHJGFBJ17DA,府前段,24.40,都市：其他:第二種住宅區,100000,822,持分移轉,04350000
RPUNMLNJQHJGFBJ88DA,縣華段,3.34,都市：其他:第二種住宅區,200000,2144,持分移轉,02470010
RPUNMLNJQHJGFBJ88DA,府前段,31.83,都市：其他:第二種住宅區,200000,2144,持分移轉,04350000
RPQNMLKLQHJGFBJ38DA,縣華段,2.56,都市：其他:第二種住宅區,100000,822,持分移轉,02470010
RPQNMLKLQHJGFBJ38DA,府前段,24.40,都市：其他:第二種住宅區,100000,822,持分移轉,04350000
RPVNMLOJQHJGFBJ09DA,縣華段,2.60,都市：其他:第二種住宅區,100000,834,持分移轉,02470010
RPVNMLOJQHJGFBJ09DA,府前段,24.76,都市：其他:第二種住宅區,100000,834,持分移轉,04350000
RPPOMLOJQHJGFBJ58DA,縣華段,2.60,都市：其他:第二種住宅區,100000,834,持分移轉,02470010
RPQOMLNJQHJGFBJ58DA,縣華段,3.34,都市：其他:第二種住宅區,100000,1072,持分移轉,02470010
RPPOMLOJQHJGFBJ58DA,府前段,24.76,都市：其他:第二種住宅區,100000,834,持分移轉,04350000
RPQOMLNJQHJGFBJ58DA,府前段,31.83,都市：其他:第二種住宅區,100000,1072,持分移轉,04350000
RPOOMLNJQHJGFBJ38DA,縣華段,3.34,都市：其他:第二種住宅區,100000,1072,持分移轉,02470010
RPOOMLNJQHJGFBJ38DA,府前段,31.83,都市：其他:第二種住宅區,100000,1072,持分移轉,04350000
RPROMLNJQHJGFBJ68DA,縣華段,3.34,都市：其他:第二種住宅區,100000,1072,持分移轉,02470010
RPROMLNJQHJGFBJ68DA,府前段,31.83,都市：其他:第二種住宅區,100000,1072,持分移轉,04350000
RPRNMLOJQHJGFBJ68DA,縣華段,2.60,都市：其他:第二種住宅區,100000,834,持分移轉,02470010
RPTOMLPKQHJGFBJ56DA,縣華段,2.60,都市：其他:第二種住宅區,100000,835,持分移轉,02470010
RPTOMLPKQHJGFBJ56DA,府前段,24.79,都市：其他:第二種住宅區,100000,835,持分移轉,04350000
RPPOMLPKQHJGFBJ78DA,縣華段,2.60,都市：其他:第二種住宅區,100000,835,持分移轉,02470010
RPRNMLOJQHJGFBJ68DA,府前段,24.76,都市：其他:第二種住宅區,100000,834,持分移轉,04350000
RPPOMLPKQHJGFBJ78DA,府前段,24.79,都市：其他:第二種住宅區,100000,835,持分移轉,04350000
RPQQMLNKQHJGFBJ88DA,縣華段,2.56,都市：其他:第二種住宅區,100000,822,持分移轉,02470010
RPQQMLNKQHJGFBJ88DA,府前段,24.40,都市：其他:第二種住宅區,100000,822,持分移轉,04350000
RPUOMLPKQHJGFBJ66DA,縣華段,2.60,都市：其他:第二種住宅區,100000,835,持分移轉,02470010
RPUOMLPKQHJGFBJ66DA,府前段,24.79,都市：其他:第二種住宅區,100000,835,持分移轉,04350000
RPRNMLRKQHJGFBJ09DA,縣華段,2.60,都市：其他:第二種住宅區,100000,835,持分移轉,02470010
RPUNMLOKQHJGFBJ09DA,縣華段,2.56,都市：其他:第二種住宅區,100000,822,持分移轉,02470010
RPRNMLRKQHJGFBJ09DA,府前段,24.79,都市：其他:第二種住宅區,100000,835,持分移轉,04350000
RPUNMLOKQHJGFBJ09DA,府前段,24.40,都市：其他:第二種住宅區,100000,822,持分移轉,04350000
RPUNMLRKQHJGFBJ76DA,縣華段,2.60,都市：其他:第二種住宅區,100000,835,持分移轉,02470010
RPUNMLRKQHJGFBJ76DA,府前段,24.79,都市：其他:第二種住宅區,100000,835,持分移轉,04350000
RPPNMLKLQHJGFBJ28DA,縣華段,2.56,都市：其他:第二種住宅區,100000,822,持分移轉,02470010
RPPNMLKLQHJGFBJ28DA,府前段,24.40,都市：其他:第二種住宅區,100000,822,持分移轉,04350000
RPTNMLKLQHJGFBJ68DA,縣華段,2.56,都市：其他:第二種住宅區,100000,822,持分移轉,02470010
RPTNMLKLQHJGFBJ68DA,府前段,24.40,都市：其他:第二種住宅區,100000,822,持分移轉,04350000
RPPOMLKLQHJGFBJ38DA,縣華段,2.56,都市：其他:第二種住宅區,100000,822,持分移轉,02470010
RPPOMLKLQHJGFBJ38DA,府前段,24.40,都市：其他:第二種住宅區,100000,822,持分移轉,04350000
RPROMLKLQHJGFBJ58DA,縣華段,2.56,都市：其他:第二種住宅區,100000,822,持分移轉,02470010
RPROMLKLQHJGFBJ58DA,府前段,24.40,都市：其他:第二種住宅區,100000,822,持分移轉,04350000
RPWNMLKLQHJGFBJ98DA,縣華段,2.56,都市：其他:第二種住宅區,100000,822,持分移轉,02470010
RPWNMLKLQHJGFBJ98DA,府前段,24.40,都市：其他:第二種住宅區,100000,822,持分移轉,04350000
RPPRMLPKNHJGFBJ78DA,世興段,25.65,都市：其他:第二種商業區,10000,40,持分移轉,00120000
RPVSMLOKNHJGFBJ76DA,世興段,13.47,都市：其他:第二種商業區,10000,21,持分移轉,00120000
