﻿編號,土地位置,土地移轉面積平方公尺,使用分區或編定,權利人持分分母,權利人持分分子,移轉情形,地號
The serial number, land position,land shifting area square meter,the use zoning or compiles and checks,,,,land parcel
RPSNMLTJRHJGFAK76DA,高熊段,2430.00,非都市：山坡地保育區 ; 非都市編定：農牧用地,1,1,全筆移轉,12350000
RPSNMLTJRHJGFAK76DA,高熊段,420.00,非都市：山坡地保育區 ; 非都市編定：農牧用地,1,1,全筆移轉,12350001
RPSNMLTJRHJGFFK27DA,興隆段上埔小段,137.58,都市：其他:道路用地,132,13,持分移轉,00010002
RPQNMLOJRHJGFAK68DA,大寮段,90.28,都市：其他:住宅區,1,1,全筆移轉,02560000
RPQNMLPJRHJGFBK88DA,聯大段,81.70,非都市：山坡地保育區 ; 非都市編定：丙種建築用地,243638,24001,持分移轉,04110000
RPQNMLPJRHJGFBK88DA,聯大段,240.01,非都市：山坡地保育區 ; 非都市編定：丙種建築用地,1,1,全筆移轉,04110014
RPQNMLPJRHJGFBK88DA,聯大段,5.91,非都市：山坡地保育區 ; 非都市編定：丙種建築用地,243638,24001,持分移轉,04110017
RPPNMLQJRHJGFCK98DA,芎蕉坑段,145.00,非都市：山坡地保育區 ; 非都市編定：農牧用地,1,1,全筆移轉,00150000
RPOOMLKKRHJGFBK38DA,鶴子岡段,166.00,非都市：特定農業區 ; 非都市編定：甲種建築用地,1,1,全筆移轉,08390001
RPSNMLKKRHJGFFK09DA,下興段,25.52,非都市：特定農業區 ; 非都市編定：甲種建築用地,15,1,持分移轉,10580000
RPPNMLNKRHJGFCK78DA,城南溪南段,1153.28,非都市：一般農業區 ; 非都市編定：農牧用地,1,1,全筆移轉,02240000
RPPNMLRJRHJGFBK98DA,勝利段,18.34,都市：其他:住宅區,100000,1001,持分移轉,27470124
RPTNMLNKRHJGFDK66DA,龍西段,86.00,都市：其他:住宅區,1,1,全筆移轉,06130003
RPQNMLTJRHJGFEK96DA,東田洋段,3.71,,1,1,全筆移轉,01500001
RPPNMLKKRHJGFBK48EA,南勢段,9.92,非都市：山坡地保育區 ; 非都市編定：農牧用地,96,1,持分移轉,00080000
RPVOMLLKRHJGFDK76DA,新博愛段,9.62,都市：其他:住宅區,10000,61,持分移轉,10000000
RPSNMLNJRHJGFFK66DA,蟠桃段忠孝小段,77.00,都市：其他:住宅區,1,1,全筆移轉,04580002
RPUNMLNKRHJGFDK76DA,鹽館前段山子坪小段,1559.67,都市：其他:農業區,12,4,持分移轉,01630009
RPUNMLNKRHJGFDK76DA,鹽館前段山子坪小段,499.00,都市：其他:農業區,3,1,持分移轉,01630010
RPUNMLNKRHJGFDK76DA,鹽館前段山子坪小段,1180.67,都市：其他:農業區,3,1,持分移轉,01630012
RPUNMLNKRHJGFDK76DA,鹽館前段山子坪小段,210.00,都市：其他:農業區,12,4,持分移轉,01630016
RPUNMLNKRHJGFDK76DA,鹽館前段山子坪小段,72.67,都市：其他:農業區,3,1,持分移轉,01630019
RPUNMLNKRHJGFDK76DA,鹽館前段山子坪小段,78.47,都市：其他:農業區,15,1,持分移轉,01630027
RPUNMLNKRHJGFDK76DA,鹽館前段山子坪小段,1.87,都市：其他:農業區,15,1,持分移轉,01630028
RPPNMLKKRHJGFAK28DA,新湖段,22.16,都市：其他:商業區,1,1,全筆移轉,06740000
RPRNMLQLQHJGFBK56DA,縣府段,5.41,都市：其他:住宅區,10000,161,持分移轉,12010000
RPSNMLLLQHJGFBK78DA,豐年段,14.58,都市：其他:住宅區,100000,853,持分移轉,15060000
RPSNMLLLQHJGFBK78DA,豐年段,1.14,都市：其他:農業區,100000,853,持分移轉,15070000
RPOOMLMJRHJGFBK48DA,聯合段,31.45,都市：其他:住宅區,10000,195,持分移轉,06440000
RPXNMLSLQHJGFCK47DA,北勢窩段,818.00,非都市：山坡地保育區 ; 非都市編定：丁種建築用地,1,1,全筆移轉,12260002
RPQNMLLJQHJGFDK58DA,廣源段,127.58,非都市：山坡地保育區 ; 非都市編定：丙種建築用地,1,1,全筆移轉,07280000
RPWOMLNLQHJGFDK07DA,新生段,40.21,都市：其他:住宅區,10000,226,持分移轉,06440000
RPWOMLNLQHJGFDK07DA,新生段,.41,都市：其他:住宅區,53,1,持分移轉,06440009
RPPNMLSJQHJGFDK56DA,藝文段,16.98,都市：其他:商業區,1,1,全筆移轉,00440001
RPSOMLPJRHJGFDK76DA,崎頂段,167.60,非都市：一般農業區 ; 非都市編定：農牧用地,100,20,持分移轉,01710000
RPWNMLSLQHJGFCK37DA,北勢窩段,7489.00,非都市：山坡地保育區 ; 非都市編定：丁種建築用地,1,1,全筆移轉,12250001
RPVPMLRLQHJGFDK47DA,龍東段,9.50,都市：其他:住宅區,2,1,持分移轉,02030009
RPUNMLQJRHJGFDK96DA,龍鳳西段,3.39,都市：其他:住宅區,5,1,持分移轉,08710006
RPUNMLQJRHJGFDK96DA,龍鳳西段,3.39,都市：其他:住宅區,5,1,持分移轉,08710006
RPUNMLQJRHJGFDK96DA,龍鳳西段,3.39,都市：其他:住宅區,5,1,持分移轉,08710006
RPUNMLQJRHJGFDK96DA,龍鳳西段,3.39,都市：其他:住宅區,5,1,持分移轉,08710006
RPUNMLQJRHJGFDK96DA,龍鳳西段,3.39,都市：其他:住宅區,5,1,持分移轉,08710006
RPVPMLRLQHJGFDK47DA,龍東段,1.55,都市：其他:住宅區,242,11,持分移轉,02030034
RPVPMLRLQHJGFDK47DA,龍北段,28.00,都市：其他:住宅區,2,1,持分移轉,06020014
RPRNMLQJRHJGFDK66DA,廣源段,34.12,非都市：特定農業區 ; 非都市編定：農牧用地,50,5,持分移轉,10070000
RPRNMLQJRHJGFDK66DA,廣源段,38.17,非都市：特定農業區 ; 非都市編定：農牧用地,50,5,持分移轉,10080000
RPRNMLQJRHJGFDK66DA,廣源段,22.30,非都市：特定農業區 ; 非都市編定：交通用地,50,5,持分移轉,11080000
RPRNMLQJRHJGFDK66DA,廣源段,3.42,非都市：特定農業區 ; 非都市編定：交通用地,50,5,持分移轉,11100000
RPRNMLQJRHJGFDK66DA,廣源段,6.95,非都市：特定農業區 ; 非都市編定：交通用地,50,5,持分移轉,11110000
RPRNMLQJRHJGFDK66DA,廣源段,65.43,非都市：特定農業區 ; 非都市編定：交通用地,50,5,持分移轉,11120000
RPRNMLQJRHJGFDK66DA,廣源段,499.00,非都市：一般農業區 ; 非都市編定：農牧用地,50,5,持分移轉,11400000
RPRNMLQJRHJGFDK66DA,廣源段,39.42,非都市：一般農業區 ; 非都市編定：農牧用地,50,5,持分移轉,11410000
RPRNMLQJRHJGFDK66DA,廣源段,.90,非都市：一般農業區 ; 非都市編定：農牧用地,50,5,持分移轉,11430000
RPRNMLQJRHJGFDK66DA,廣源段,1.14,非都市：一般農業區 ; 非都市編定：農牧用地,50,5,持分移轉,11440000
RPRNMLQJRHJGFDK66DA,廣源段,7.70,非都市：一般農業區 ; 非都市編定：甲種建築用地,50,5,持分移轉,11490000
RPRNMLQJRHJGFDK66DA,廣源段,145.37,非都市：一般農業區 ; 非都市編定：水利用地,15099494400,113664000,持分移轉,13260000
RPOPMLSLQHJGFFK07DA,九份寮段,1260.90,非都市：山坡地保育區 ; 非都市編定：農牧用地,1,1,全筆移轉,03070000
RPPNMLOJRHJGFAK58DA,富興段,16.00,都市：其他:住宅區,32416,1600,持分移轉,03260000
RPPNMLOJRHJGFAK58DA,富興段,50.61,都市：其他:住宅區,1,1,全筆移轉,03260001
RPPNMLOJRHJGFAK58DA,富興段,15.00,都市：其他:住宅區,16325,1500,持分移轉,03400000
RPPNMLOJRHJGFAK58DA,富興段,55.02,都市：其他:住宅區,1,1,全筆移轉,03400005
RPQNMLRLQHJGFBK56DA,尖山段,64.00,非都市：特定農業區 ; 非都市編定：農牧用地,165,64,持分移轉,07630001
RPWNMLTLQHJGFFK77DA,上興段,25.54,非都市：山坡地保育區 ; 非都市編定：丙種建築用地,100000,332,持分移轉,10790000
RPRNMLPJRHJGFCK09DA,西海段,1607.00,非都市：特定農業區 ; 非都市編定：農牧用地,1,1,全筆移轉,10660000
RPRNMLRKQHJGFDK76DA,苦苓腳段,1822.00,非都市：特定農業區 ; 非都市編定：農牧用地,1,1,全筆移轉,45500000
RPRNMLQLQHJGFCK66DA,苑北段,102.97,都市：其他:住宅區,1,1,全筆移轉,04950001
RPOOMLSLQHJGFDK76DA,牛欄湖段,11714.00,非都市：山坡地保育區 ; 非都市編定：農牧用地,1,1,全筆移轉,07620000
RPOOMLSLQHJGFDK76DA,牛欄湖段,155.00,非都市：山坡地保育區 ; 非都市編定：殯葬用地,1,1,全筆移轉,07630000
RPWNMLQJRHJGFEK27DA,重河段,48.48,都市：其他:住宅區,1,1,全筆移轉,04230000
RPWNMLQJRHJGFEK27DA,重河段,20.80,都市：其他:住宅區,1,1,全筆移轉,04240000
RPWNMLQJRHJGFEK27DA,重河段,68.29,都市：其他:住宅區,1,1,全筆移轉,04300000
RPUNMLTLPHJGFFK47DA,義民段,31.19,都市：其他:道路用地,4,1,持分移轉,02080000
RPROMLTLQHJGFFK37DA,湳湖段,538.84,都市：其他:農業區,1,1,全筆移轉,04950004
RPROMLTLQHJGFFK37DA,湳湖段,244.80,都市：其他:農業區,1,1,全筆移轉,05130002
RPROMLTLQHJGFFK37DA,湳湖段,84.02,都市：其他:農業區,1,1,全筆移轉,05130004
RPWNMLTLPHJGFFK67DA,永貞段,1.83,都市：其他:道路用地,120,30,持分移轉,02350000
RPWNMLTLPHJGFFK67DA,自強段,31.11,都市：其他:道路用地,1,1,全筆移轉,20910000
RPSNMLQLQHJGFBK66DA,外獅潭段,1690.00,都市：其他:農業區,1,1,全筆移轉,13690000
RPVNMLRLQHJGFFK47DA,中山段,115.62,都市：其他:住宅區,1,1,全筆移轉,03690000
RPVNMLRLQHJGFFK47DA,中山段,14.68,都市：其他:住宅區,1,1,全筆移轉,03830000
RPQNMLTJRHJGFAK56DA,新厝段,15.42,都市：其他:住宅區,12,1,持分移轉,03120000
RPQNMLTJRHJGFAK56DA,新厝段,8.17,都市：其他:道路用地,12,1,持分移轉,03120001
RPPNMLOJRHJGFBK68DA,巨蛋段,5.17,都市：其他:住宅區,1000,47,持分移轉,01000000
RPPNMLOJRHJGFBK68DA,巨蛋段,15.61,都市：其他:商業區,1000,47,持分移轉,01010000
RPQNMLLKRHJGFCK68DA,白沙段,54.56,非都市：鄉村區 ; 非都市編定：乙種建築用地,1,1,全筆移轉,10420000
RPPNMLPJRHJGFBK88EA,尖山段,8.00,非都市：特定農業區 ; 非都市編定：甲種建築用地,1,1,全筆移轉,07630010
RPRNMLTJRHJGFBK76DA,文昌段,5.30,都市：其他:商業區,1,1,全筆移轉,17410001
RPTNMLMKRHJGFCK09DA,中山段,2865.92,非都市：山坡地保育區 ; 非都市編定：農牧用地,1,1,全筆移轉,06630000
RPUNMLMKRHJGFCK56DA,西海段,206.52,非都市：鄉村區 ; 非都市編定：乙種建築用地,135,34,持分移轉,10090000
RPUNMLTLPHJGFEK37DA,聖王段,270.75,非都市：特定農業區 ; 非都市編定：農牧用地,60,17,持分移轉,12780002
RPXNMLTLPHJGFEK67DA,聖王段,156.30,非都市：特定農業區 ; 非都市編定：農牧用地,2,1,持分移轉,12700000
RPXNMLLLQHJGFDK86DA,后厝段,3.15,都市：其他:住宅區,50000,4453,持分移轉,08170000
RPPNMLMJRHJGFDK68DA,仁德段,38.18,都市：其他:住宅區,1,1,全筆移轉,00470000
RPXNMLLLQHJGFDK86DA,后厝段,.85,都市：其他:住宅區,50000,4453,持分移轉,08180000
RPXNMLLLQHJGFDK86DA,后厝段,30.87,都市：其他:住宅區,50000,4453,持分移轉,08190000
RPPNMLMJRHJGFDK68DA,成功段,143.35,都市：其他:住宅區,1,1,全筆移轉,08850000
RPROMLTLPHJGFEK17DA,聖王段,21.82,非都市：特定農業區 ; 非都市編定：農牧用地,1,1,全筆移轉,12800003
RPPNMLSJRHJGFFK86DA,南下林坪段,114.47,非都市：山坡地保育區 ; 非都市編定：農牧用地,29,1,持分移轉,08840000
RPPNMLSJRHJGFFK86DA,南下林坪段,2941.30,非都市：山坡地保育區 ; 非都市編定：農牧用地,1,1,全筆移轉,08980000
RPPOMLTLPHJGFEK96DA,聖王段,264.03,非都市：特定農業區 ; 非都市編定：農牧用地,1,1,全筆移轉,12710001
RPPPMLNKQHJGFFK56DA,湳湖段,647.29,都市：其他:農業區,64,18,持分移轉,03750000
RPPPMLNKQHJGFFK56DA,湳湖段,1.60,都市：其他:農業區,20,3,持分移轉,03780000
RPQNMLQJRHJGFEK66DA,育英段,2535.18,非都市：山坡地保育區 ; 非都市編定：農牧用地,1,1,全筆移轉,04850000
RPPNMLKKRHJGFFK88EA,南銅鏡段,2500.03,非都市：山坡地保育區 ; 非都市編定：農牧用地,1,1,全筆移轉,07880000
RPTNMLNJRHJGFBK98DA,聯大段,2013.70,非都市：山坡地保育區 ; 非都市編定：農牧用地,1,1,全筆移轉,12230000
RPPNMLNLQHJGFBK68DA,華清段,22.41,都市：其他:住宅區,10000,221,持分移轉,05190000
RPSNMLKKRHJGFAK58DA,南湖段,862.00,非都市：山坡地保育區 ; 非都市編定：林業用地,1,1,全筆移轉,13340101
RPSNMLKKRHJGFAK58DA,南湖段,2000.00,非都市：山坡地保育區 ; 非都市編定：林業用地,1,1,全筆移轉,13340186
RPSNMLSLQHJGFBK86DA,勝利段,133.00,非都市：特定農業區 ; 非都市編定：甲種建築用地,1,1,全筆移轉,08140000
RPUNMLLKRHJGFBK98DA,二岡坪段二岡坪小段,15.00,非都市：山坡地保育區 ; 非都市編定：交通用地,3,1,持分移轉,02970009
RPUNMLLKRHJGFBK98DA,二岡坪段二岡坪小段,13.00,非都市：山坡地保育區 ; 非都市編定：交通用地,5,1,持分移轉,02970011
RPRNMLNKRHJGFCK98DA,致民段,99.69,非都市：特定農業區 ; 非都市編定：甲種建築用地,1,1,全筆移轉,07000000
RPRNMLNKRHJGFCK98DA,致民段,68.78,非都市：特定農業區 ; 非都市編定：甲種建築用地,1,1,全筆移轉,07010000
RPSNMLNKRHJGFCK09DA,舊社段,848.00,非都市：特定農業區 ; 非都市編定：農牧用地,1,1,全筆移轉,05870000
RPSNMLMKRHJGFBK88DA,文昌段,3.74,都市：其他:商業區,10000,146,持分移轉,16370000
RPSNMLMKRHJGFBK88DA,文昌段,12.52,都市：其他:住宅區,10000,146,持分移轉,16380000
RPSNMLMKRHJGFBK88DA,文昌段,.09,都市：其他:商業區,10000,146,持分移轉,16390000
RPTNMLNKRHJGFCK56DA,慈護段,.94,非都市：鄉村區 ; 非都市編定：乙種建築用地,1,1,全筆移轉,08390002
RPPOMLKKRHJGFDK68DA,環市段,27.03,都市：其他:住宅區,1,1,全筆移轉,02530000
RPPOMLKKRHJGFDK68DA,環市段,77.38,都市：其他:住宅區,1,1,全筆移轉,02590000
RPWNMLTJRHJGFDK47DA,后厝段,5.23,都市：其他:道路用地,100,19,持分移轉,06350001
RPPNMLOLQHJGFDK98DA,下浮尾段,99.57,都市：其他:農業區,2,1,持分移轉,02170000
RPPOMLNJRHJGFFK09DA,北獅里興段北獅里興小段,1674.00,非都市：山坡地保育區 ; 非都市編定：林業用地,1,1,全筆移轉,00990076
RPSOMLKKRHJGFDK98DA,天聲段,95.87,都市：其他:住宅區,1,1,全筆移轉,06940000
RPQNMLQLQHJGFEK76DA,樟樹段,414.66,非都市：特定農業區 ; 非都市編定：農牧用地,304207,41466,持分移轉,07560002
RPUNMLKKRHJGFFK66DA,自強段,20.60,都市：其他:住宅區,10000,260,持分移轉,24490000
RPPNMLLKRHJGFDK78EA,龍鳳西段,119.39,都市：其他:道路用地,2,1,持分移轉,11300000
RPPNMLLKRHJGFDK78EA,龍鳳西段,119.39,都市：其他:道路用地,2,1,持分移轉,11300000
RPPNMLLKRHJGFDK78EA,龍鳳西段,75.36,都市：其他:道路用地,2,1,持分移轉,11390000
RPPNMLLKRHJGFDK78EA,龍鳳西段,75.36,都市：其他:道路用地,2,1,持分移轉,11390000
RPQNMLLKRHJGFBK58DA,外獅潭段,594.00,都市：其他:農業區,1,1,全筆移轉,13330000
RPQNMLQJRHJGFBK98DA,華清段,80.51,都市：其他:住宅區,1,1,全筆移轉,04080000
RPQNMLRKQHJGFDK66DA,苦苓腳段,1617.00,非都市：特定農業區 ; 非都市編定：農牧用地,1,1,全筆移轉,45490000
RPRNMLSLQHJGFDK96DA,龍頂段,1944.04,都市：其他:農業區,1,1,全筆移轉,00380000
RPRNMLLKRHJGFBK68DA,外獅潭段,346.00,都市：其他:農業區,1,1,全筆移轉,13340007
RPOOMLTJRHJGFDK76DA,平安段,163.00,非都市：山坡地保育區 ; 非都市編定：農牧用地,1,1,全筆移轉,05780000
RPWOMLKMQHJGFDK86DA,龍南段,.67,都市：其他:道路用地,432,24,持分移轉,08750000
RPWOMLKMQHJGFDK86DA,龍南段,8.22,都市：其他:商業區,432,24,持分移轉,08760000
RPWOMLKMQHJGFDK86DA,龍南段,2.28,都市：其他:住宅區,450,25,持分移轉,08760001
RPWOMLKMQHJGFDK86DA,龍南段,6.72,都市：其他:住宅區,450,25,持分移轉,08770000
RPWNMLTLPHJGFEK57DA,聖王段,56.88,非都市：特定農業區 ; 非都市編定：農牧用地,420,25,持分移轉,12780002
RPVNMLTLPHJGFEK47DA,聖王段,47.78,非都市：特定農業區 ; 非都市編定：農牧用地,20,1,持分移轉,12780002
RPQOMLLKRHJGFDK88DA,新生段,12.01,都市：其他:商業區,250,1,持分移轉,08360000
RPSNMLOJRHJGFDK56DA,苦苓腳段,18.06,非都市：特定農業區 ; 非都市編定：甲種建築用地,16,1,持分移轉,12920007
RPSNMLMLQHJGFEK56DA,銅鑼段銅鑼工業區小段,248.00,非都市：工業區 ; 非都市編定：丁種建築用地,1,1,全筆移轉,00950000
RPSNMLOJRHJGFDK56DA,苦苓腳段,18.88,非都市：特定農業區 ; 非都市編定：甲種建築用地,16,1,持分移轉,12920017
RPRNMLMKRHJGFEK09DA,重河段,82.99,都市：其他:道路用地,1,1,全筆移轉,01230000
RPQNMLMKRHJGFEK98DA,重河段,.13,都市：其他:道路用地,100,1,持分移轉,01240000
RPQNMLMKRHJGFEK98DA,重河段,1.20,都市：其他:道路用地,100,16,持分移轉,01250000
RPQNMLMKRHJGFEK98DA,重河段,3.26,都市：其他:道路用地,20,1,持分移轉,01260000
RPQNMLMKRHJGFEK98DA,重河段,163.53,都市：其他:人行步道用地,1,1,全筆移轉,01720000
RPSNMLMKRHJGFEK56DA,福安段,915.24,非都市：特定農業區 ; 非都市編定：農牧用地,1,1,全筆移轉,10310000
RPSNMLMKRHJGFEK56DA,福安段,915.00,非都市：特定農業區 ; 非都市編定：農牧用地,1,1,全筆移轉,10340000
RPRNMLQKQHJGFFK86DA,南埔段,9.75,非都市：鄉村區 ; 非都市編定：乙種建築用地,1,1,全筆移轉,02040000
RPRNMLQKQHJGFFK86DA,南埔段,88.52,非都市：鄉村區 ; 非都市編定：乙種建築用地,1,1,全筆移轉,02060000
RPQNMLSKRHJGFAK56DA,明湖段,188.59,都市：其他:住宅區,1,1,全筆移轉,02970000
RPQNMLSKRHJGFAK56DA,明湖段,77.37,都市：其他:住宅區,1,1,全筆移轉,02980000
RPVNMLQKQHJGFFK27DA,東民段,59.90,都市：其他:住宅區,2,1,持分移轉,04310000
RPQNMLSKRHJGFAK56DA,明湖段,82.37,都市：其他:住宅區,1,1,全筆移轉,03100000
RPQNMLSKRHJGFAK56DA,明湖段,455.84,都市：其他:住宅區,1,1,全筆移轉,03130000
RPRNMLMJRHJGFFK09DA,親民段,16.08,非都市：山坡地保育區 ; 非都市編定：丙種建築用地,10000,78,持分移轉,00600000
RPRNMLMJRHJGFFK09DA,親民段,51.06,非都市：山坡地保育區 ; 非都市編定：丙種建築用地,20,1,持分移轉,00700000
RPQNMLNLQHJGFBK78DA,館陽段,76.11,都市：其他:道路用地,1,1,全筆移轉,02500000
RPXNMLLKRHJGFBK66DA,建功段,31.79,都市：其他:住宅區,1,1,全筆移轉,12380000
RPXNMLLKRHJGFBK66DA,建功段,42.07,都市：其他:住宅區,1,1,全筆移轉,12390000
RPXNMLLKRHJGFBK66DA,建功段,37.73,都市：其他:住宅區,1,1,全筆移轉,12400000
RPPQMLQKQHJGFDK76DA,二張犁段,1164.00,都市：其他:農業區,1,1,全筆移轉,07350000
RPPNMLNJRHJGFCK68DA,中正段,74.80,都市：其他:住宅區,1,1,全筆移轉,02270018
RPPNMLNJRHJGFCK68DA,中正段,25.60,都市：其他:住宅區,6,1,持分移轉,02270021
RPPNMLNJRHJGFCK68DA,中正段,.75,都市：其他:住宅區,6,1,持分移轉,02280008
RPTNMLRKQHJGFDK96DA,新港段埔頂小段,1200.00,都市：其他:農業區,1,1,全筆移轉,11700001
RPPOMLNLQHJGFBK78DA,出礦坑段,1609.00,非都市：山坡地保育區 ; 非都市編定：農牧用地,1,1,全筆移轉,01880002
RPRNMLKLQHJGFDK78DA,東崎頂段,180.22,非都市：鄉村區 ; 非都市編定：乙種建築用地,1,1,全筆移轉,01370000
RPSOMLKMQHJGFDK09DA,大同段,52.65,都市：其他:第一種住宅區,2,1,持分移轉,13160022
RPSOMLKMQHJGFDK09DA,大同段,52.65,都市：其他:第一種住宅區,2,1,持分移轉,13160022
RPSOMLKMQHJGFDK09DA,大同段,.69,都市：其他:第一種住宅區,26,1,持分移轉,13160028
RPSOMLKMQHJGFDK09DA,大同段,.69,都市：其他:第一種住宅區,26,1,持分移轉,13160028
RPPQMLRLQHJGFDK96DA,龍東段,96.88,都市：其他:住宅區,1,1,全筆移轉,02050037
RPXNMLKKRHJGFDK76DA,營盤邊段山寮小段,76.00,非都市：特定農業區 ; 非都市編定：甲種建築用地,1,1,全筆移轉,03410023
RPPQMLRLQHJGFDK96DA,龍東段,10.00,都市：其他:道路用地,1,1,全筆移轉,02050052
RPPNMLNKRHJGFDK88DA,二張犁段,1709.00,都市：其他:農業區,1,1,全筆移轉,06880000
RPRNMLNKRHJGFDK09DA,天聲段,6.47,非都市：特定農業區 ; 非都市編定：農牧用地,36,11,持分移轉,03020000
RPRNMLNKRHJGFDK09DA,天聲段,1154.09,非都市：特定農業區 ; 非都市編定：農牧用地,36,11,持分移轉,03040000
RPPNMLLKRHJGFFK88DA,信義段,18.55,都市：其他:農業區,1,1,全筆移轉,00300004
RPPNMLLKRHJGFFK88DA,信義段,64.16,都市：其他:農業區,1,1,全筆移轉,00400003
RPQOMLNKQHJGFFK56DA,四灣段,2631.00,非都市：山坡地保育區 ; 非都市編定：農牧用地,1,1,全筆移轉,02970000
RPSNMLNKRHJGFFK76DA,崁頂寮段,122.00,非都市：山坡地保育區 ; 非都市編定：農牧用地,1,1,全筆移轉,00820024
RPVNMLPKQHJGFFK17DA,八德段,25.41,都市：其他:住宅區,4800000,96175,持分移轉,03030000
SPUNMLMKRHJGFBK56DA,聯合段,20.87,非都市：山坡地保育區 ; 非都市編定：交通用地,6,1,持分移轉,12300000
SPUNMLMKRHJGFBK56DA,聯合段,62.47,非都市：山坡地保育區 ; 非都市編定：交通用地,6,1,持分移轉,12320000
RPVNMLPKQHJGFFK17DA,八德段,9.73,都市：其他:道路用地,48,1,持分移轉,03040000
RPUNMLMKRHJGFBK09DA,聯合段,6.83,非都市：山坡地保育區 ; 非都市編定：交通用地,6,1,持分移轉,12220000
RPWNMLTJRHJGFBK27DA,高苗段,88.32,非都市：鄉村區 ; 非都市編定：乙種建築用地,1,1,全筆移轉,08960000
SPPNMLNKRHJGFBK78DA,聯合段,6.83,非都市：山坡地保育區 ; 非都市編定：交通用地,6,1,持分移轉,12220000
RPPNMLNKRHJGFBK68DA,聯合段,20.87,非都市：山坡地保育區 ; 非都市編定：交通用地,6,1,持分移轉,12300000
RPPNMLNKRHJGFBK68DA,聯合段,62.47,非都市：山坡地保育區 ; 非都市編定：交通用地,6,1,持分移轉,12320000
RPSNMLRKQHJGFDK86DA,外埔段,598.00,都市：其他:農業區,5,1,持分移轉,17950000
RPSNMLRKQHJGFDK86DA,外埔段,598.00,都市：其他:農業區,5,1,持分移轉,17950000
RPSNMLRKQHJGFDK86DA,外埔段,598.00,都市：其他:農業區,5,1,持分移轉,17950000
RPSNMLRKQHJGFDK86DA,外埔段,598.00,都市：其他:農業區,5,1,持分移轉,17950000
RPSNMLRKQHJGFDK86DA,外埔段,598.00,都市：其他:農業區,5,1,持分移轉,17950000
RPRNMLPJRHJGFDK56DA,龍椅段,329.99,都市：其他:第一種住宅區,1,1,全筆移轉,02490001
RPQNMLSLQHJGFDK86DA,大同段,20.50,都市：其他:第一種住宅區,14,1,持分移轉,12170000
RPQNMLSLQHJGFDK86DA,大同段,53.37,都市：其他:第一種住宅區,1,1,全筆移轉,12170010
RPQNMLSLQHJGFDK86DA,大同段,3.65,都市：其他:第一種住宅區,18,1,持分移轉,12170019
RPSNMLMKRHJGFDK09DA,龍城段,18.74,非都市：一般農業區 ; 非都市編定：交通用地,24,1,持分移轉,08640000
RPSNMLMKRHJGFDK09DA,龍城段,16.30,非都市：一般農業區 ; 非都市編定：交通用地,24,1,持分移轉,08880000
RPTNMLMKRHJGFDK56DA,龍城段,18.74,非都市：一般農業區 ; 非都市編定：交通用地,24,1,持分移轉,08640000
RPTNMLMKRHJGFDK56DA,龍城段,16.30,非都市：一般農業區 ; 非都市編定：交通用地,24,1,持分移轉,08880000
RPQNMLNKRHJGFEK09DA,二湖段,449.00,非都市：山坡地保育區 ; 非都市編定：交通用地,1,1,全筆移轉,06300003
RPROMLKKRHJGFDK88DA,大山腳段,158.31,非都市：特定農業區 ; 非都市編定：甲種建築用地,77,10,持分移轉,06680010
RPOOMLMKRHJGFDK78DA,大同段,89.04,都市：其他:第一種住宅區,1,1,全筆移轉,10180012
RPOOMLMKRHJGFDK78DA,大同段,14.99,都市：其他:第一種住宅區,10000,239,持分移轉,10180021
RPOOMLMKRHJGFDK78DA,大同段,2.07,都市：其他:第一種住宅區,10000,239,持分移轉,10180029
TPQNMLNKRHJGFEK66DA,二湖段,155.00,非都市：山坡地保育區 ; 非都市編定：交通用地,1,1,全筆移轉,06310003
TPQNMLNKRHJGFEK66DA,二湖段,185.00,非都市：山坡地保育區 ; 非都市編定：交通用地,1,1,全筆移轉,06310006
TPQNMLNKRHJGFEK66DA,二湖段,145.00,非都市：山坡地保育區 ; 非都市編定：交通用地,1,1,全筆移轉,06380005
TPQNMLNKRHJGFEK66DA,二湖段,52.00,非都市：山坡地保育區 ; 非都市編定：交通用地,1,1,全筆移轉,06750007
UPQNMLNKRHJGFEK76DA,二湖段,24.00,非都市：山坡地保育區 ; 非都市編定：交通用地,1,1,全筆移轉,06310002
UPQNMLNKRHJGFEK76DA,二湖段,17.00,非都市：山坡地保育區 ; 非都市編定：交通用地,1,1,全筆移轉,06330002
UPQNMLNKRHJGFEK76DA,二湖段,8.00,非都市：山坡地保育區 ; 非都市編定：交通用地,1,1,全筆移轉,06380013
SPQNMLNKRHJGFEK56DA,二湖段,724.00,非都市：山坡地保育區 ; 非都市編定：交通用地,1,1,全筆移轉,06380009
RPVNMLMKRHJGFFK96DA,正興段,26.45,都市：其他:住宅區,100000,6937,持分移轉,14770000
RPOOMLMLQHJGFCK68DA,下坪段,2526.34,非都市：山坡地保育區 ; 非都市編定：農牧用地,1,1,全筆移轉,03670000
RPOOMLMLQHJGFCK68DA,下坪段,2050.15,非都市：山坡地保育區 ; 非都市編定：農牧用地,1,1,全筆移轉,04730000
RPPNMLQJRHJGFAK78DA,大坪林段,441.00,非都市：山坡地保育區 ; 非都市編定：丙種建築用地,1,1,全筆移轉,00210033
RPPNMLSKRHJGFCK76EA,通西段,52.53,都市：其他:住宅區,2,1,持分移轉,09920000
RPPNMLQJRHJGFAK78DA,大坪林段,28.00,非都市：山坡地保育區 ; 非都市編定：丙種建築用地,1,1,全筆移轉,00210034
RPROMLNLPHJGFFK66DA,新內灣段,122.59,非都市：鄉村區 ; 非都市編定：乙種建築用地,1,1,全筆移轉,04130000
RPROMLNLPHJGFFK66DA,新內灣段,406.36,非都市：鄉村區 ; 非都市編定：乙種建築用地,1,1,全筆移轉,04160000
RPQOMLPJRHJGFDK56DA,大同段,418.59,都市：其他:第二種住宅區,192,64,持分移轉,00210000
RPQOMLPJRHJGFDK56DA,大同段,29.34,都市：其他:第二種住宅區,48,16,持分移轉,00290000
RPPNMLTJRHJGFEK86DA,中心段,14.85,都市：其他:住宅區,1,1,全筆移轉,00310000
RPROMLMKQHJGFDK98DA,大同段,23.35,都市：其他:第一種住宅區,100000,758,持分移轉,13400000
RPVNMLOJRHJGFFK07DA,仁愛段,.09,都市：其他:住宅區,10000,49,持分移轉,11080000
RPVNMLOJRHJGFFK07DA,仁愛段,3.35,都市：其他:住宅區,10000,49,持分移轉,11170000
RPVNMLOJRHJGFFK07DA,仁愛段,3.54,都市：其他:住宅區,10000,49,持分移轉,11220000
RPVNMLOJRHJGFFK07DA,仁愛段,20.82,都市：其他:住宅區,4,1,持分移轉,11580000
RPVNMLOJRHJGFFK07DA,仁愛段,3.93,都市：其他:住宅區,10000,49,持分移轉,11620000
RPPNMLPJRHJGFFK56DA,尖山下段,776.00,非都市：特定農業區 ; 非都市編定：農牧用地,1,1,全筆移轉,16070002
RPTNMLQJQHJGFDK76DA,龍富段,111.52,都市：其他:第二種住宅區,2,1,持分移轉,06500000
RPTNMLQJQHJGFDK76DA,龍富段,111.52,都市：其他:第二種住宅區,2,1,持分移轉,06500000
RPPNMLQJRHJGFDK56EA,環市段,2.80,都市：其他:住宅區,4096,576,持分移轉,08080000
RPQNMLPKQHJGFAK78DA,薑麻段,2553.63,非都市：山坡地保育區 ; 非都市編定：農牧用地,1,1,全筆移轉,09780000
RPQNMLPKQHJGFAK78DA,薑麻段,2584.38,非都市：山坡地保育區 ; 非都市編定：農牧用地,1,1,全筆移轉,09780001
RPVNMLQJRHJGFBK86DA,中苗段,36.63,都市：其他:住宅區,48,2,持分移轉,02160000
RPTNMLOKQHJGFDK66DA,天聲段,.45,都市：其他:住宅區,24,1,持分移轉,03400001
RPVNMLQJRHJGFBK86DA,中苗段,64.37,都市：其他:住宅區,1,1,全筆移轉,02230000
RPTNMLOKQHJGFDK66DA,天聲段,19.32,都市：其他:住宅區,70,3,持分移轉,03400025
RPTNMLOKQHJGFDK66DA,天聲段,62.22,都市：其他:住宅區,1,1,全筆移轉,03400049
RPPOMLQJRHJGFDK56DA,新博愛段,8.95,都市：其他:住宅區,100000,532,持分移轉,10590000
RPOOMLNLPHJGFFK98DA,蘆竹湳段流水潭小段,1558.00,都市：其他:農業區,1,1,全筆移轉,02300000
RPQNMLMKQHJGFFK98DA,東民段,62.32,都市：其他:住宅區,1,1,全筆移轉,05110000
RPQNMLMKQHJGFFK98DA,東民段,43.49,都市：其他:道路用地,1,1,全筆移轉,05120000
RPQNMLMKQHJGFFK98DA,東民段,25.61,都市：其他:住宅區,1,1,全筆移轉,05130000
RPSNMLNJQHJGFFK56DA,蔴園段,27.19,都市：其他:住宅區,10000,157,持分移轉,12570000
RPPNMLRJRHJGFCK09DA,苑港段,140.00,非都市：特定農業區 ; 非都市編定：甲種建築用地,1,1,全筆移轉,06250001
RPRNMLRJRHJGFCK66DA,苑港段,140.00,非都市：特定農業區 ; 非都市編定：甲種建築用地,1,1,全筆移轉,06250000
RPPNMLQJRHJGFDK09DA,大同段,11.99,都市：其他:第一種住宅區,32,1,持分移轉,08050000
RPPNMLQJRHJGFDK09DA,大同段,80.23,都市：其他:第一種住宅區,1,1,全筆移轉,08050017
RPSNMLQKQHJGFDK76DA,龍鳳西段,13.52,都市：其他:住宅區,71031,554,持分移轉,06870000
RPQNMLQJRHJGFDK56DA,大同段,23.98,都市：其他:第一種住宅區,16,1,持分移轉,08050000
RPQNMLTJRHJGFDK86DA,大同段,27.23,都市：其他:第一種住宅區,100000,884,持分移轉,13400000
RPQNMLQJRHJGFDK56DA,大同段,51.04,都市：其他:第一種住宅區,1,1,全筆移轉,08050010
RPPNMLKMQHJGFEK78DA,銅鑼段銅鑼工業區小段,14.09,非都市：工業區 ; 非都市編定：丁種建築用地,11,1,持分移轉,01440000
RPSPMLQJRHJGFDK96DA,大同段,23.98,都市：其他:第一種住宅區,16,1,持分移轉,08050000
RPPNMLKMQHJGFEK78DA,銅鑼段銅鑼工業區小段,61.00,非都市：工業區 ; 非都市編定：丁種建築用地,1,1,全筆移轉,01440011
RPSPMLQJRHJGFDK96DA,大同段,45.27,都市：其他:第一種住宅區,1,1,全筆移轉,08050004
RPQNMLKKRHJGFDK68DA,中興段博愛小段,38.60,都市：其他:住宅區,10000,1142,持分移轉,00320000
RPPNMLQJRHJGFEK56DA,朝西段,945.80,非都市：特定農業區 ; 非都市編定：農牧用地,1,1,全筆移轉,03870000
RPPNMLQJRHJGFEK56DA,朝西段,706.74,非都市：特定農業區 ; 非都市編定：農牧用地,1,1,全筆移轉,03870002
RPPNMLQJRHJGFEK56DA,朝西段,88.60,非都市：特定農業區 ; 非都市編定：農牧用地,1,1,全筆移轉,03880000
RPSPMLKMPHJGFFK66DA,東庄段,24.25,都市：其他:道路用地,10000,7500,持分移轉,03630005
RPSPMLKMPHJGFFK66DA,東庄段,.81,都市：其他:道路用地,10000,250,持分移轉,03630005
RPQNMLNJRHJGFFK09DA,北銅鏡段,2144.72,非都市：一般農業區 ; 非都市編定：農牧用地,1,1,全筆移轉,07820000
RPPNMLNJRHJGFAK48DA,士林段,11.25,非都市：鄉村區 ; 非都市編定：乙種建築用地,24,1,持分移轉,06530000
RPVNMLKKRHJGFFK76DA,藤坪段,13.92,非都市：山坡地保育區 ; 非都市編定：丙種建築用地,20000,214,持分移轉,00810000
RPUNMLQJQHJGFDK86DA,龍北段,16.62,都市：其他:住宅區,162400,1662,持分移轉,09660000
RPVNMLKKRHJGFFK76DA,藤坪段,68.05,非都市：山坡地保育區 ; 非都市編定：丙種建築用地,1,1,全筆移轉,01250000
RPVNMLKKRHJGFFK76DA,藤坪段,.43,非都市：山坡地保育區 ; 非都市編定：丙種建築用地,2000,18,持分移轉,01320000
RPTPMLQJRHJGFDK07DA,大同段,23.98,都市：其他:第一種住宅區,16,1,持分移轉,08050000
RPTPMLQJRHJGFDK07DA,大同段,51.05,都市：其他:第一種住宅區,1,1,全筆移轉,08050011
RPWPMLQJRHJGFDK37DA,大同段,23.98,都市：其他:第一種住宅區,16,1,持分移轉,08050000
RPTPMLTJRHJGFCK27DA,土城段,14.00,非都市：山坡地保育區 ; 非都市編定：農牧用地,40,1,持分移轉,01740003
RPUPMLQJRHJGFDK17DA,大同段,23.98,都市：其他:第一種住宅區,16,1,持分移轉,08050000
RPTPMLTJRHJGFCK27DA,土城段,3.98,非都市：山坡地保育區 ; 非都市編定：農牧用地,40,1,持分移轉,11180039
RPTPMLTJRHJGFCK27DA,土城段,2645.00,非都市：山坡地保育區 ; 非都市編定：農牧用地,1,1,全筆移轉,11180041
RPUPMLQJRHJGFDK17DA,大同段,51.05,都市：其他:第一種住宅區,1,1,全筆移轉,08050015
RPWPMLQJRHJGFDK37DA,大同段,45.28,都市：其他:第一種住宅區,1,1,全筆移轉,08050005
RPTPMLTJRHJGFCK27DA,土城段,118.53,非都市：山坡地保育區 ; 非都市編定：農牧用地,40,1,持分移轉,11180042
RPTPMLTJRHJGFCK27DA,土城段,21.68,非都市：山坡地保育區 ; 非都市編定：農牧用地,40,1,持分移轉,11180081
RPTPMLTJRHJGFCK27DA,土城段,2.33,非都市：山坡地保育區 ; 非都市編定：農牧用地,40,1,持分移轉,11190003
RPTPMLTJRHJGFCK27DA,土城段,12.78,非都市：山坡地保育區 ; 非都市編定：農牧用地,40,1,持分移轉,11190005
RPOOMLLLQHJGFDK68DA,新崎頂段,76.03,非都市：一般農業區 ; 非都市編定：甲種建築用地,1,1,全筆移轉,08460000
RPVNMLTJRHJGFDK37DA,龍富段,33.03,都市：其他:第二種住宅區,10000,2286,持分移轉,05460000
RPVNMLTJRHJGFDK37DA,龍富段,41.80,都市：其他:第二種住宅區,10000,2893,持分移轉,05460000
RPVNMLTJRHJGFDK37DA,龍富段,69.66,都市：其他:第二種住宅區,10000,4821,持分移轉,05460000
RPSNMLKKRHJGFDK88DA,大同段,26.28,都市：其他:第一種住宅區,10000,419,持分移轉,10180021
RPSNMLKKRHJGFDK88DA,大同段,54.60,都市：其他:第一種住宅區,1,1,全筆移轉,10180022
RPSNMLKKRHJGFDK88DA,大同段,3.63,都市：其他:第一種住宅區,10000,419,持分移轉,10180029
RPQOMLLJQHJGFFK88DA,德義段,15.43,都市：其他:住宅區,10000,67,持分移轉,02500000
RPPOMLQJQHJGFFK66DA,仁愛段,25.69,都市：其他:住宅區,10000,24,持分移轉,00420000
RPQNMLMJRHJGFFK98DA,信義段,129.40,都市：其他:住宅區,1,1,全筆移轉,10800000
RPRNMLOJRHJGFFK66DA,正興段,87.15,都市：其他:住宅區,1,1,全筆移轉,05450002
RPQNMLMJRHJGFFK98DA,信義段,4.87,都市：其他:道路用地,1,1,全筆移轉,10810000
RPQNMLMJRHJGFFK98DA,信義段,1.28,都市：其他:住宅區,1,1,全筆移轉,10810001
RPOOMLTJRHJGFFK96DA,東民段,26.85,都市：其他:住宅區,2498400,268543,持分移轉,10450000
RPTNMLTJRHJGFFK37DA,東民段,27.71,都市：其他:住宅區,10000,99,持分移轉,06930000
RPPNMLRJQHJGFFK66DA,興隆段上埔小段,68.00,都市：其他:第三種住宅區。,1,1,全筆移轉,01830058
RPSNMLLJQHJGFAK48DA,卓蘭段,2730.00,非都市：山坡地保育區 ; 非都市編定：農牧用地,1,1,全筆移轉,18370006
RPSNMLLJQHJGFAK48DA,卓蘭段,727.00,非都市：山坡地保育區 ; 非都市編定：農牧用地,1,1,全筆移轉,18370008
RPTNMLSLQHJGFCK07DA,鎮安段,64.61,非都市：特定農業區 ; 非都市編定：甲種建築用地,1,1,全筆移轉,13200005
RPQNMLRJPHJGFDK09DA,龍鳳西段,89.02,都市：其他:住宅區,1,1,全筆移轉,07410000
RPUNMLOJRHJGFDK76DA,苦苓腳段,18.06,非都市：特定農業區 ; 非都市編定：甲種建築用地,16,1,持分移轉,12920007
RPUNMLOJRHJGFDK76DA,苦苓腳段,18.88,非都市：特定農業區 ; 非都市編定：甲種建築用地,16,1,持分移轉,12920017
RPQOMLMKQHJGFDK88DA,龍東段,116.00,都市：其他:住宅區,1,1,全筆移轉,04010020
RPVNMLOJRHJGFDK86DA,苦苓腳段,18.06,非都市：特定農業區 ; 非都市編定：甲種建築用地,16,1,持分移轉,12920007
RPVNMLOJRHJGFDK86DA,苦苓腳段,18.88,非都市：特定農業區 ; 非都市編定：甲種建築用地,16,1,持分移轉,12920017
RPQOMLPKPHJGFFK66DA,大河底段,5409.00,非都市：山坡地保育區 ; 非都市編定：農牧用地,1,1,全筆移轉,00500002
RPQOMLPKPHJGFFK66DA,大河底段,2105.00,非都市：山坡地保育區 ; 非都市編定：農牧用地,1,1,全筆移轉,06620000
RPQOMLPKPHJGFFK66DA,大河底段,5437.00,非都市：山坡地保育區 ; 非都市編定：農牧用地,1,1,全筆移轉,06650002
RPTNMLOJRHJGFDK66DA,苦苓腳段,18.06,非都市：特定農業區 ; 非都市編定：甲種建築用地,16,1,持分移轉,12920007
RPXNMLOJRHJGFDK07DA,苦苓腳段,18.06,非都市：特定農業區 ; 非都市編定：甲種建築用地,16,1,持分移轉,12920007
RPTNMLOJRHJGFDK66DA,苦苓腳段,18.88,非都市：特定農業區 ; 非都市編定：甲種建築用地,16,1,持分移轉,12920017
RPXNMLOJRHJGFDK07DA,苦苓腳段,18.88,非都市：特定農業區 ; 非都市編定：甲種建築用地,16,1,持分移轉,12920017
RPTNMLLKRHJGFDK09DA,新博愛段,106.01,都市：其他:住宅區,1,1,全筆移轉,14990000
RPQNMLRJPHJGFFK66DA,正興段,42.71,都市：其他:住宅區,16,1,持分移轉,04080000
RPUNMLPJQHJGFFK96DA,親民段,41.90,非都市：山坡地保育區 ; 非都市編定：丙種建築用地,10,1,持分移轉,02380000
RPWNMLLJQHJGFFK76DA,光華段,15.55,都市：其他:商業區,100000,1436,持分移轉,13100000
RPPNMLMKRHJGFDK88EA,大同段,57.36,都市：其他:第一種住宅區,1,1,全筆移轉,13430018
RPRPMLPKQHJGFBK56DA,尖山段,83.99,非都市：山坡地保育區 ; 非都市編定：農牧用地,5000,911,持分移轉,08430001
RPRPMLPKQHJGFBK56DA,尖山段,311.02,非都市：山坡地保育區 ; 非都市編定：農牧用地,5000,911,持分移轉,08440001
RPRPMLPKQHJGFBK56DA,尖山段,314.48,非都市：山坡地保育區 ; 非都市編定：農牧用地,5000,911,持分移轉,08450000
RPRPMLPKQHJGFBK56DA,尖山段,81.26,非都市：山坡地保育區 ; 非都市編定：水利用地,5000,911,持分移轉,08480000
RPRPMLPKQHJGFBK56DA,尖山段,46.83,非都市：山坡地保育區 ; 非都市編定：丙種建築用地,5000,911,持分移轉,09580000
RPRPMLPKQHJGFBK56DA,尖山段,75.98,非都市：山坡地保育區 ; 非都市編定：農牧用地,5000,911,持分移轉,11980002
RPRPMLPKQHJGFBK56DA,尖山段,307.55,非都市：山坡地保育區 ; 非都市編定：農牧用地,5000,911,持分移轉,11990000
RPRPMLPKQHJGFBK56DA,尖山段,167.81,非都市：山坡地保育區 ; 非都市編定：水利用地,5000,911,持分移轉,11990001
RPPNMLMKRHJGFDK88EA,大同段,24.17,都市：其他:第一種住宅區,100000,3846,持分移轉,13430041
RPRPMLPKQHJGFBK56DA,尖山段,44.09,非都市：山坡地保育區 ; 非都市編定：農牧用地,5000,911,持分移轉,12000000
RPRPMLPKQHJGFBK56DA,尖山段,464.43,非都市：山坡地保育區 ; 非都市編定：農牧用地,5000,911,持分移轉,12020000
RPRPMLPKQHJGFBK56DA,尖山段,137.38,非都市：山坡地保育區 ; 非都市編定：農牧用地,5000,911,持分移轉,12020001
RPRPMLPKQHJGFBK56DA,尖山段,2065.78,非都市：山坡地保育區 ; 非都市編定：農牧用地,5000,911,持分移轉,12030000
RPRPMLPKQHJGFBK56DA,尖山段,858.89,非都市：山坡地保育區 ; 非都市編定：農牧用地,5000,911,持分移轉,12050001
RPRPMLPKQHJGFBK56DA,尖山段,9050.60,非都市：山坡地保育區 ; 非都市編定：農牧用地,5000,911,持分移轉,12070000
RPRPMLPKQHJGFBK56DA,尖山段,28.24,非都市：山坡地保育區 ; 非都市編定：農牧用地,5000,911,持分移轉,12080000
RPRPMLPKQHJGFBK56DA,尖山段,342.72,非都市：特定農業區 ; 非都市編定：農牧用地,5000,911,持分移轉,23110000
RPPNMLQKRHJGFBK98DA,嘉盛段,1620.00,非都市：特定農業區 ; 非都市編定：農牧用地,1,1,全筆移轉,10510000
RPPNMLQKRHJGFCK09DA,白沙段,76.42,非都市：鄉村區 ; 非都市編定：乙種建築用地,1,1,全筆移轉,09350000
RPOOMLSKRHJGFCK66DA,南華段,45.23,都市：其他:住宅區,10000,724,持分移轉,05260000
SPRPMLPKQHJGFBK66DA,尖山段,97.96,非都市：山坡地保育區 ; 非都市編定：農牧用地,80,17,持分移轉,08430001
SPRPMLPKQHJGFBK66DA,尖山段,362.74,非都市：山坡地保育區 ; 非都市編定：農牧用地,80,17,持分移轉,08440001
SPRPMLPKQHJGFBK66DA,尖山段,366.77,非都市：山坡地保育區 ; 非都市編定：農牧用地,80,17,持分移轉,08450000
SPRPMLPKQHJGFBK66DA,尖山段,94.78,非都市：山坡地保育區 ; 非都市編定：水利用地,80,17,持分移轉,08480000
SPRPMLPKQHJGFBK66DA,尖山段,54.61,非都市：山坡地保育區 ; 非都市編定：丙種建築用地,80,17,持分移轉,09580000
SPRPMLPKQHJGFBK66DA,尖山段,88.61,非都市：山坡地保育區 ; 非都市編定：農牧用地,80,17,持分移轉,11980002
SPRPMLPKQHJGFBK66DA,尖山段,358.70,非都市：山坡地保育區 ; 非都市編定：農牧用地,80,17,持分移轉,11990000
SPRPMLPKQHJGFBK66DA,尖山段,195.71,非都市：山坡地保育區 ; 非都市編定：水利用地,80,17,持分移轉,11990001
SPRPMLPKQHJGFBK66DA,尖山段,51.42,非都市：山坡地保育區 ; 非都市編定：農牧用地,80,17,持分移轉,12000000
SPRPMLPKQHJGFBK66DA,尖山段,541.66,非都市：山坡地保育區 ; 非都市編定：農牧用地,80,17,持分移轉,12020000
SPRPMLPKQHJGFBK66DA,尖山段,160.23,非都市：山坡地保育區 ; 非都市編定：農牧用地,80,17,持分移轉,12020001
SPRPMLPKQHJGFBK66DA,尖山段,2409.32,非都市：山坡地保育區 ; 非都市編定：農牧用地,80,17,持分移轉,12030000
SPRPMLPKQHJGFBK66DA,尖山段,1001.72,非都市：山坡地保育區 ; 非都市編定：農牧用地,80,17,持分移轉,12050001
SPRPMLPKQHJGFBK66DA,尖山段,10555.72,非都市：山坡地保育區 ; 非都市編定：農牧用地,80,17,持分移轉,12070000
SPRPMLPKQHJGFBK66DA,尖山段,32.94,非都市：山坡地保育區 ; 非都市編定：農牧用地,80,17,持分移轉,12080000
SPRPMLPKQHJGFBK66DA,尖山段,399.71,非都市：特定農業區 ; 非都市編定：農牧用地,80,17,持分移轉,23110000
RPVNMLNKRHJGFDK86DA,新興段,5.24,非都市：特定農業區 ; 非都市編定：農牧用地,1,1,全筆移轉,01990001
RPVNMLNKRHJGFDK86DA,新興段,10.36,非都市：鄉村區 ; 非都市編定：交通用地,1,1,全筆移轉,02550001
RPSNMLTKQHJGFDK07DA,龍東段,79.00,都市：其他:住宅區,1,1,全筆移轉,02670021
RPTOMLQKPHJGFFK07DA,興埔段,45.82,都市：其他:第一種住宅區,10000,578,持分移轉,12960002
RPSNMLTJQHJGFFK17DA,蟠桃段忠孝小段,13.08,都市：其他:商業區,10000,110,持分移轉,06010003
RPRNMLQKRHJGFBK56DA,五鶴段,154.06,非都市：特定農業區 ; 非都市編定：甲種建築用地,1,1,全筆移轉,04600000
RPPNMLLKRHJGFBK48DA,縣府段,15.44,都市：其他:住宅區,10000,119,持分移轉,01140000
RPVNMLMLQHJGFFK96DA,仁愛段,116.36,都市：其他:住宅區,1,1,全筆移轉,13900000
RPOPMLLLQHJGFDK78DA,竹圍段,132.00,非都市：鄉村區 ; 非都市編定：乙種建築用地,1,1,全筆移轉,02250000
RPWOMLRLQHJGFDK47DA,大同段,20.50,都市：其他:第一種住宅區,14,1,持分移轉,12170000
RPWOMLRLQHJGFDK47DA,大同段,59.07,都市：其他:第一種住宅區,1,1,全筆移轉,12170014
RPWOMLRLQHJGFDK47DA,大同段,3.65,都市：其他:第一種住宅區,18,1,持分移轉,12170019
RPPNMLKKRHJGFDK58DA,延平段,69.57,都市：其他:住宅區,60,3,持分移轉,06070000
RPPNMLKKRHJGFDK58DA,延平段,10.15,都市：其他:住宅區,60,3,持分移轉,06140000
RPPNMLKKRHJGFDK58DA,延平段,.35,都市：其他:道路用地,60,3,持分移轉,06150000
RPPNMLKKRHJGFDK58DA,延平段,2.43,都市：其他:道路用地,60,3,持分移轉,06160000
RPTOMLRLQHJGFDK17DA,大同段,20.50,都市：其他:第一種住宅區,14,1,持分移轉,12170000
RPTOMLRLQHJGFDK17DA,大同段,53.37,都市：其他:第一種住宅區,1,1,全筆移轉,12170009
RPTOMLRLQHJGFDK17DA,大同段,3.65,都市：其他:第一種住宅區,18,1,持分移轉,12170019
RPXNMLMKRHJGFFK17DA,正興段,10.34,都市：其他:住宅區,10000,261,持分移轉,11730000
RPSNMLPJRHJGFBK09DA,嘉盛段,658.00,非都市：特定農業區 ; 非都市編定：農牧用地,1,1,全筆移轉,13370000
RPSNMLPJRHJGFBK09DA,嘉盛段,2500.00,非都市：特定農業區 ; 非都市編定：農牧用地,1,1,全筆移轉,13370001
RPWOMLQJRHJGFDK27DA,新港段埔頂小段,1500.00,非都市：特定農業區 ; 非都市編定：農牧用地,1,1,全筆移轉,15170000
RPUOMLQJRHJGFDK07DA,崎工段,79.00,非都市：工業區 ; 非都市編定：丁種建築用地,1,1,全筆移轉,01680006
RPXNMLNKQHJGFFK17DA,湳湖段,85.32,都市：其他:農業區,1,1,全筆移轉,07900000
RPXNMLNKQHJGFFK17DA,湳湖段,4435.77,都市：其他:農業區,1,1,全筆移轉,08270000
RPVNMLTJRHJGFCK27DA,苑西段,651.65,都市：其他:住宅區,1,1,全筆移轉,10040000
RPVNMLTJRHJGFCK27DA,苑西段,191.12,都市：其他:住宅區,1,1,全筆移轉,10060000
RPVNMLTJRHJGFCK27DA,苑西段,639.42,都市：其他:住宅區,1,1,全筆移轉,10070000
RPVNMLTJRHJGFCK27DA,苑西段,36.82,都市：其他:住宅區,1,1,全筆移轉,10100000
RPPOMLNKQHJGFFK09DA,湳湖段,485.97,都市：其他:農業區,1,1,全筆移轉,07880001
RPPOMLNKQHJGFFK09DA,湳湖段,391.45,都市：其他:農業區,1,1,全筆移轉,07910000
RPQNMLKLQHJGFDK68DA,新山佳段,15.23,都市：其他:商業區,1000000,3913,持分移轉,05840000
RPQNMLKLQHJGFDK68DA,新山佳段,8.20,都市：其他:商業區,1000000,2107,持分移轉,05840000
RPXOMLRLQHJGFDK57DA,成功段,89.89,都市：其他:住宅區,1,1,全筆移轉,06510026
RPSNMLTJRHJGFBK86DA,石墻段,534.32,非都市：特定農業區 ; 非都市編定：農牧用地,1,1,全筆移轉,11860000
RPSNMLTJRHJGFBK86DA,石墻段,1188.30,非都市：特定農業區 ; 非都市編定：農牧用地,1,1,全筆移轉,12080000
RPSNMLTJRHJGFBK86DA,石墻段,571.16,非都市：特定農業區 ; 非都市編定：農牧用地,1,1,全筆移轉,12310000
RPTOMLQJRHJGFDK96DA,崎工段,78.00,非都市：工業區 ; 非都市編定：丁種建築用地,1,1,全筆移轉,01680005
RPXNMLRJQHJGFDK27DA,新博愛段,22.39,都市：其他:住宅區,10000,142,持分移轉,10000000
RPTNMLQJRHJGFDK86DA,光復段,196.03,都市：其他:住宅區,1,1,全筆移轉,10720000
RPTNMLQJRHJGFDK86DA,光復段,7.06,都市：其他:住宅區,1,1,全筆移轉,10760000
RPVNMLQJRHJGFDK07DA,光復段,54.26,都市：其他:住宅區,1,1,全筆移轉,10750000
RPOOMLQJRHJGFDK09DA,光復段,117.98,都市：其他:住宅區,1,1,全筆移轉,10720001
RPROMLQJRHJGFDK76DA,光復段,117.98,都市：其他:住宅區,1,1,全筆移轉,10720002
RPPOMLOJRHJGFFK56DA,義民段,212.06,都市：其他:道路用地,1,1,全筆移轉,03110000
RPSNMLSLOHJGFBK66DA,縣府段,137.34,都市：其他:住宅區,1,1,全筆移轉,14310000
RPPNMLQJRHJGFBK88DA,義民段,280.15,非都市：特定農業區 ; 非都市編定：農牧用地,1,1,全筆移轉,10170001
RPSNMLLLOHJGFBK58DA,建功段,93.62,都市：其他:住宅區,1,1,全筆移轉,11980000
RPOOMLNLPHJGFDK78DA,公館子段,16.70,非都市：特定農業區 ; 非都市編定：甲種建築用地,10000,336,持分移轉,06870026
RPOOMLNLPHJGFDK78DA,公館子段,77.00,非都市：特定農業區 ; 非都市編定：甲種建築用地,1,1,全筆移轉,06870036
RPTOMLLJQHJGFDK98DA,公義段,14.08,都市：其他:住宅區,100000,406,持分移轉,02590000
RPUNMLMJQHJGFDK09DA,大同段,47.40,都市：其他:第一種住宅區,100000,1386,持分移轉,09990000
RPPOMLSLQHJGFCK76DA,鎮安段,85.07,非都市：特定農業區 ; 非都市編定：甲種建築用地,1,1,全筆移轉,13200014
RPVNMLNKRHJGFCK76DA,社柑段,165.51,非都市：特定農業區 ; 非都市編定：甲種建築用地,1,1,全筆移轉,01690000
RPVNMLNKRHJGFCK76DA,社柑段,627.57,非都市：特定農業區 ; 非都市編定：甲種建築用地,1,1,全筆移轉,01700000
RPVNMLSLQHJGFCK27DA,鎮安段,65.14,非都市：特定農業區 ; 非都市編定：甲種建築用地,1,1,全筆移轉,13200007
RPTOMLMKQHJGFDK56DA,天聲段,10.22,都市：其他:住宅區,10000,86,持分移轉,02260000
RPTOMLMKQHJGFDK56DA,天聲段,.01,都市：其他:道路用地,10000,86,持分移轉,02260002
RPTOMLMKQHJGFDK56DA,天聲段,.00,都市：其他:住宅區,10000,86,持分移轉,02260003
RPSOMLTJRHJGFFK37DA,東民段,37.73,都市：其他:住宅區,2498400,377294,持分移轉,10450000
RPQOMLTJRHJGFFK17DA,東民段,26.85,都市：其他:住宅區,2498400,268543,持分移轉,10450000
RPQNMLQKRHJGFCK56DA,泰田段,292.00,非都市：特定農業區 ; 非都市編定：甲種建築用地,1,1,全筆移轉,13170000
RPQNMLQKRHJGFCK56DA,泰田段,73.00,非都市：特定農業區 ; 非都市編定：甲種建築用地,2,1,持分移轉,13170002
RPXNMLTJRHJGFBK37DA,芒埔段,154.00,非都市：鄉村區 ; 非都市編定：乙種建築用地,1,1,全筆移轉,06980007
RPXNMLMKRHJGFBK76DA,二岡坪段南球小段,87336.00,非都市：山坡地保育區 ; 非都市編定：林業用地,1,1,全筆移轉,00530016
RPPNMLMKQHJGFEK78DA,新雙湖段,4265.52,非都市：山坡地保育區 ; 非都市編定：農牧用地,1,1,全筆移轉,09460000
RPQNMLOJRHJGFBK88EA,南勢坑段上南勢坑小段,3510.00,非都市：山坡地保育區 ; 非都市編定：丙種建築用地,1,1,全筆移轉,08220004
RPPNMLPJRHJGFDK98DA,龍椅段,710.98,都市：其他:第二種住宅區,100,60,持分移轉,06360000
RPPNMLPJRHJGFDK98DA,龍椅段,473.99,都市：其他:第二種住宅區,100,40,持分移轉,06360000
RPPNMLPJRHJGFDK98DA,龍椅段,177.48,都市：其他:第二種住宅區,100,60,持分移轉,06370000
RPPNMLPJRHJGFDK98DA,龍椅段,118.32,都市：其他:第二種住宅區,100,40,持分移轉,06370000
RPPNMLPJRHJGFDK98DA,龍椅段,195.80,都市：其他:第二種住宅區,100,60,持分移轉,06380000
RPPNMLPJRHJGFDK98DA,龍椅段,130.53,都市：其他:第二種住宅區,100,40,持分移轉,06380000
RPRNMLTJRHJGFEK07DA,中興段,99.27,非都市：工業區 ; 非都市編定：丁種建築用地,1,1,全筆移轉,02750000
RPWNMLNLQHJGFFK17DA,仁愛段,26.84,都市：其他:住宅區,10000,53,持分移轉,00390000
RPWNMLLKRHJGFBK56DA,二岡坪段二岡坪小段,1274.00,非都市：山坡地保育區 ; 非都市編定：農牧用地,1,1,全筆移轉,09560000
RPVNMLLKRHJGFBK09DA,二岡坪段二岡坪小段,291.00,非都市：山坡地保育區 ; 非都市編定：農牧用地,1,1,全筆移轉,02970006
SPWNMLLKRHJGFBK66DA,二岡坪段二岡坪小段,364.00,非都市：山坡地保育區 ; 非都市編定：丙種建築用地,1,1,全筆移轉,02970002
RPQNMLLKRHJGFAK48DA,竹木段,81.84,非都市：山坡地保育區 ; 非都市編定：農牧用地,1,1,全筆移轉,01320000
RPQNMLLKRHJGFAK48DA,竹木段,344.63,非都市：山坡地保育區 ; 非都市編定：農牧用地,1,1,全筆移轉,01370000
TPWNMLLKRHJGFBK76DA,二岡坪段二岡坪小段,50.00,非都市：山坡地保育區 ; 非都市編定：林業用地,1,1,全筆移轉,09540006
RPUNMLKLOHJGFFK09DA,後湖段,843.43,都市：其他:商業區,1,1,全筆移轉,11040000
RPROMLSLQHJGFCK96DA,鎮安段,77.52,非都市：特定農業區 ; 非都市編定：甲種建築用地,1,1,全筆移轉,13200008
RPPOMLKMQHJGFDK78DA,新山佳段,11.73,都市：其他:商業區,10000,64,持分移轉,06010000
RPUNMLMJRHJGFBK98DA,高苗段,57.26,都市：其他:住宅區,5,4,持分移轉,02680000
RPUNMLMJRHJGFBK98DA,高苗段,3.13,都市：其他:住宅區,5,4,持分移轉,02690000
RPUNMLMJRHJGFBK98DA,高苗段,5.98,都市：其他:道路用地,5,4,持分移轉,02700000
RPTNMLSKKIIGFDK09DA,天聲段,278.15,都市：其他:道路用地,1,1,全筆移轉,06260000
RPSNMLSLQHJGFCK96DA,鎮安段,82.11,非都市：特定農業區 ; 非都市編定：甲種建築用地,1,1,全筆移轉,13200011
RPSOMLQJRHJGFDK86DA,崎工段,79.00,非都市：工業區 ; 非都市編定：丁種建築用地,1,1,全筆移轉,01680010
RPWQMLSLKIIGFDK17DA,天聲段,1630.35,都市：其他:住宅區,1,1,全筆移轉,06250000
RPWQMLSLKIIGFDK17DA,天聲段,918.42,都市：其他:住宅區,1,1,全筆移轉,06280000
RPRNMLLLPHJGFFK98DA,蟠桃段忠孝小段,35.38,都市：其他:住宅區,8,1,持分移轉,01130000
RPVNMLMJRHJGFBK09DA,高苗段,14.32,都市：其他:住宅區,5,1,持分移轉,02680000
RPVNMLMJRHJGFBK09DA,高苗段,.78,都市：其他:住宅區,5,1,持分移轉,02690000
RPVNMLMJRHJGFBK09DA,高苗段,1.50,都市：其他:道路用地,5,1,持分移轉,02700000
RPQNMLQKRHJGFAK98DA,大坪林段,111.00,非都市：山坡地保育區 ; 非都市編定：丙種建築用地,1,1,全筆移轉,02210009
RPWRMLTJRHJGFCK77DA,苑東段,35.77,都市：其他:住宅區,12,3,持分移轉,10510000
RPQNMLRLQHJGFCK66DA,鎮安段,65.23,非都市：特定農業區 ; 非都市編定：甲種建築用地,1,1,全筆移轉,13200004
RPQNMLMJRHJGFCK68DA,泰田段,19.27,非都市：特定農業區 ; 非都市編定：甲種建築用地,10000,660,持分移轉,02270007
RPQNMLMJRHJGFCK68DA,泰田段,71.00,非都市：特定農業區 ; 非都市編定：甲種建築用地,1,1,全筆移轉,02270009
RPWNMLQJRHJGFDK17DA,崎工段,90.00,非都市：工業區 ; 非都市編定：丁種建築用地,1,1,全筆移轉,01680001
RPRNMLTJRHJGFDK96DA,光復段,20.68,都市：其他:道路用地,1,1,全筆移轉,11030000
RPRNMLTJRHJGFDK96DA,光復段,4.32,都市：其他:商業區,1,1,全筆移轉,11040000
RPXOMLQJRHJGFDK37DA,崎工段,81.00,非都市：工業區 ; 非都市編定：丁種建築用地,1,1,全筆移轉,01680003
RPRNMLTJRHJGFDK96DA,光復段,10.36,都市：其他:商業區,1,1,全筆移轉,11040001
RPRNMLTJRHJGFDK96DA,光復段,164.48,都市：其他:商業區,1,1,全筆移轉,11050000
RPRNMLTJRHJGFDK96DA,光復段,282.63,都市：其他:商業區,1,1,全筆移轉,11050001
RPRNMLTJRHJGFDK96DA,光復段,356.37,都市：其他:商業區,1,1,全筆移轉,11060000
RPRNMLTJRHJGFDK96DA,光復段,159.39,都市：其他:商業區,1,1,全筆移轉,11070000
RPRNMLTJRHJGFDK96DA,光復段,11.71,都市：其他:商業區,1,1,全筆移轉,11080000
RPRNMLTJRHJGFDK96DA,光復段,12.85,都市：其他:道路用地,1,1,全筆移轉,11090000
RPRNMLTJRHJGFDK96DA,光復段,12.19,都市：其他:道路用地,1,1,全筆移轉,11100000
RPRNMLTJRHJGFDK96DA,光復段,18.55,,1,1,全筆移轉,11100001
RPRNMLTJRHJGFDK96DA,光復段,179.42,都市：其他:商業區,1,1,全筆移轉,11110000
RPRNMLTJRHJGFDK96DA,光復段,2.58,,1,1,全筆移轉,11110001
RPQNMLSLQHJGFCK76DA,鎮安段,52.50,非都市：特定農業區 ; 非都市編定：甲種建築用地,1,1,全筆移轉,13200015
RPQNMLSLQHJGFCK76DA,鎮安段,22.94,非都市：特定農業區 ; 非都市編定：甲種建築用地,100,48,持分移轉,13200017
RPVOMLQJRHJGFDK17DA,崎工段,79.00,非都市：工業區 ; 非都市編定：丁種建築用地,1,1,全筆移轉,01680008
RPQOMLQJRHJGFDK66DA,崎工段,39.50,非都市：工業區 ; 非都市編定：丁種建築用地,2,1,持分移轉,01680012
RPQOMLQJRHJGFDK66DA,崎工段,39.50,非都市：工業區 ; 非都市編定：丁種建築用地,2,1,持分移轉,01680012
RPUNMLLLNHJGFDK88DA,大同段,2.44,都市：其他:第一種住宅區,100000,6111,持分移轉,13250004
RPUNMLLLNHJGFDK88DA,大同段,75.00,都市：其他:第一種住宅區,1,1,全筆移轉,13250009
RPUNMLLLNHJGFDK88DA,大同段,1.56,都市：其他:第一種住宅區,100000,6111,持分移轉,13250011
RPOPMLQJRHJGFDK56DA,崎工段,43.50,非都市：工業區 ; 非都市編定：丁種建築用地,2,1,持分移轉,01680002
RPOPMLQJRHJGFDK56DA,崎工段,43.50,非都市：工業區 ; 非都市編定：丁種建築用地,2,1,持分移轉,01680002
RPQOMLSLQHJGFCK86DA,鎮安段,81.63,非都市：特定農業區 ; 非都市編定：甲種建築用地,1,1,全筆移轉,13200003
RPPQMLQJRHJGFDK76DA,新港段社腳小段,31.41,非都市：鄉村區 ; 非都市編定：乙種建築用地,10000,450,持分移轉,01190000
RPVQMLQJRHJGFDK37DA,新港段社腳小段,27.50,非都市：鄉村區 ; 非都市編定：乙種建築用地,10000,394,持分移轉,01190000
RPORMLQJRHJGFDK76DA,新港段社腳小段,27.50,非都市：鄉村區 ; 非都市編定：乙種建築用地,10000,394,持分移轉,01190000
RPUNMLSLQHJGFCK17DA,鎮安段,65.80,非都市：特定農業區 ; 非都市編定：甲種建築用地,1,1,全筆移轉,13200006
RPXQMLQJRHJGFDK57DA,新港段社腳小段,27.50,非都市：鄉村區 ; 非都市編定：乙種建築用地,10000,394,持分移轉,01190000
RPPRMLQJRHJGFDK86DA,新港段社腳小段,27.50,非都市：鄉村區 ; 非都市編定：乙種建築用地,10000,394,持分移轉,01190000
RPWRMLQJRHJGFDK57DA,新港段社腳小段,105.00,非都市：鄉村區 ; 非都市編定：乙種建築用地,1,1,全筆移轉,01190002
RPUQMLQJRHJGFDK27DA,新港段社腳小段,31.41,非都市：鄉村區 ; 非都市編定：乙種建築用地,10000,450,持分移轉,01190000
RPQQMLQJRHJGFDK86DA,新港段社腳小段,37.34,非都市：鄉村區 ; 非都市編定：乙種建築用地,10000,535,持分移轉,01190000
RPSQMLQJRHJGFDK07DA,新港段社腳小段,31.41,非都市：鄉村區 ; 非都市編定：乙種建築用地,10000,450,持分移轉,01190000
RPRQMLQJRHJGFDK96DA,新港段社腳小段,37.34,非都市：鄉村區 ; 非都市編定：乙種建築用地,10000,535,持分移轉,01190000
RPQRMLQJRHJGFDK96DA,新港段社腳小段,38.25,非都市：鄉村區 ; 非都市編定：乙種建築用地,10000,548,持分移轉,01190000
RPSOMLSLQHJGFCK07DA,鎮安段,82.11,非都市：特定農業區 ; 非都市編定：甲種建築用地,1,1,全筆移轉,13200012
RPSRMLQJRHJGFDK17DA,新港段社腳小段,40.00,非都市：鄉村區 ; 非都市編定：乙種建築用地,10000,573,持分移轉,01190000
RPXPMLQJRHJGFDK47DA,新港段社腳小段,37.34,非都市：鄉村區 ; 非都市編定：乙種建築用地,10000,535,持分移轉,01190000
RPTOMLSLQHJGFCK17DA,鎮安段,83.02,非都市：特定農業區 ; 非都市編定：甲種建築用地,1,1,全筆移轉,13200009
RPPNMLTJRHJGFDK76DA,新港段社腳小段,38.25,非都市：鄉村區 ; 非都市編定：乙種建築用地,10000,548,持分移轉,01190000
RPVPMLQJRHJGFDK27DA,新港段社腳小段,40.00,非都市：鄉村區 ; 非都市編定：乙種建築用地,10000,573,持分移轉,01190000
RPPPMLQJRHJGFDK66DA,新港段社腳小段,37.34,非都市：鄉村區 ; 非都市編定：乙種建築用地,10000,535,持分移轉,01190000
RPVRMLQJRHJGFDK47DA,新港段社腳小段,103.00,非都市：鄉村區 ; 非都市編定：乙種建築用地,1,1,全筆移轉,01190003
RPRPMLQJRHJGFDK86DA,新港段社腳小段,38.25,非都市：鄉村區 ; 非都市編定：乙種建築用地,10000,548,持分移轉,01190000
RPURMLQJRHJGFDK37DA,新港段社腳小段,101.00,非都市：鄉村區 ; 非都市編定：乙種建築用地,1,1,全筆移轉,01190004
RPQOMLMLPHJGFDK88DA,大同段,50.69,都市：其他:第一種住宅區,1,1,全筆移轉,09350004
RPQOMLMLPHJGFDK88DA,大同段,.82,都市：其他:第一種住宅區,100000,6074,持分移轉,09350016
RPQOMLMLPHJGFDK88DA,大同段,24.87,都市：其他:第一種住宅區,100000,6060,持分移轉,09350017
RPPOMLMLPHJGFDK78DA,大同段,50.69,都市：其他:第一種住宅區,1,1,全筆移轉,09350003
RPPOMLMLPHJGFDK78DA,大同段,.82,都市：其他:第一種住宅區,100000,6074,持分移轉,09350016
RPPOMLMLPHJGFDK78DA,大同段,24.87,都市：其他:第一種住宅區,100000,6060,持分移轉,09350017
RPOOMLMLPHJGFDK68DA,大同段,50.69,都市：其他:第一種住宅區,1,1,全筆移轉,09350002
RPOOMLMLPHJGFDK68DA,大同段,.82,都市：其他:第一種住宅區,100000,6074,持分移轉,09350016
RPOOMLMLPHJGFDK68DA,大同段,24.87,都市：其他:第一種住宅區,100000,6060,持分移轉,09350017
RPWOMLMLPHJGFDK86DA,大同段,50.70,都市：其他:第一種住宅區,1,1,全筆移轉,09350009
RPWOMLMLPHJGFDK86DA,大同段,.82,都市：其他:第一種住宅區,100000,6074,持分移轉,09350016
RPWOMLMLPHJGFDK86DA,大同段,24.87,都市：其他:第一種住宅區,100000,6060,持分移轉,09350017
RPPPMLMLPHJGFDK88DA,大同段,49.53,都市：其他:第一種住宅區,1,1,全筆移轉,09350012
RPPPMLMLPHJGFDK88DA,大同段,.80,都市：其他:第一種住宅區,100000,5926,持分移轉,09350016
RPRPMLMLPHJGFDK09DA,大同段,49.54,都市：其他:第一種住宅區,1,1,全筆移轉,09350013
RPPPMLMLPHJGFDK88DA,大同段,24.29,都市：其他:第一種住宅區,100000,5918,持分移轉,09350017
RPRPMLMLPHJGFDK09DA,大同段,.80,都市：其他:第一種住宅區,100000,5926,持分移轉,09350016
RPRPMLMLPHJGFDK09DA,大同段,24.29,都市：其他:第一種住宅區,100000,5918,持分移轉,09350017
RPTOMLMLPHJGFDK56DA,大同段,50.70,都市：其他:第一種住宅區,1,1,全筆移轉,09350006
RPTOMLMLPHJGFDK56DA,大同段,.82,都市：其他:第一種住宅區,100000,6074,持分移轉,09350016
RPTOMLMLPHJGFDK56DA,大同段,24.87,都市：其他:第一種住宅區,100000,6060,持分移轉,09350017
RPUOMLMLPHJGFDK66DA,大同段,50.70,都市：其他:第一種住宅區,1,1,全筆移轉,09350007
RPUOMLMLPHJGFDK66DA,大同段,.82,都市：其他:第一種住宅區,100000,6074,持分移轉,09350016
RPUOMLMLPHJGFDK66DA,大同段,24.87,都市：其他:第一種住宅區,100000,6060,持分移轉,09350017
RPWNMLMLPHJGFDK76DA,大同段,90.88,都市：其他:第一種住宅區,1,1,全筆移轉,09350000
RPWNMLMLPHJGFDK76DA,大同段,.91,都市：其他:第一種住宅區,100000,6741,持分移轉,09350016
RPWNMLMLPHJGFDK76DA,大同段,27.81,都市：其他:第一種住宅區,100000,6776,持分移轉,09350017
RPWPMLMLPHJGFDK96DA,大同段,50.70,都市：其他:第一種住宅區,1,1,全筆移轉,09350008
RPWPMLMLPHJGFDK96DA,大同段,.82,都市：其他:第一種住宅區,100000,6074,持分移轉,09350016
RPWPMLMLPHJGFDK96DA,大同段,24.87,都市：其他:第一種住宅區,100000,6060,持分移轉,09350017
RPOPMLMLPHJGFDK78DA,大同段,50.69,都市：其他:第一種住宅區,1,1,全筆移轉,09350011
RPOPMLMLPHJGFDK78DA,大同段,.82,都市：其他:第一種住宅區,100000,6074,持分移轉,09350016
RPOPMLMLPHJGFDK78DA,大同段,24.87,都市：其他:第一種住宅區,100000,6059,持分移轉,09350017
RPSPMLMLPHJGFDK56DA,大同段,60.13,都市：其他:第一種住宅區,1,1,全筆移轉,09350014
RPSPMLMLPHJGFDK56DA,大同段,.94,都市：其他:第一種住宅區,100000,6963,持分移轉,09350016
RPSPMLMLPHJGFDK56DA,大同段,28.76,都市：其他:第一種住宅區,100000,7007,持分移轉,09350017
RPSNMLLKRHJGFFK56DA,中華段,77.79,都市：其他:住宅區,1,1,全筆移轉,13090000
RPSNMLLKRHJGFFK56DA,中華段,.37,都市：其他:住宅區,16,1,持分移轉,13090016
