﻿編號,屋齡,建物移轉面積平方公尺,主要用途,主要建材,建築完成日期,總層數,建物分層,移轉情形
The serial number,room age,building shifting area square meter,the main use,main building materials,construction completes the date,total layer,building lamination,
RPRNMLNKQHJGFBK88CC,28,18.88,住家用,鋼筋混凝土造,85年10月30日,五層,,
RPRNMLNKQHJGFBK88CC,28,8.31,停車空間，防空避難室，走道，屋頂突出物，機械室，機車，梯間,鋼筋混凝土造,85年10月30日,五層,,
RPQNMLMKQHJGFBK68CC,28,19.59,住家用,鋼筋混凝土造,85年10月30日,五層,,
RPQNMLMKQHJGFBK68CC,28,8.69,停車空間，防空避難室，走道，屋頂突出物，機械室，機車，梯間,鋼筋混凝土造,85年10月30日,五層,,
RPUNMLMKQHJGFFK86CC,1,61.64,集合住宅,鋼筋混凝土造,112年10月25日,五層,,
RPUNMLMKQHJGFFK86CC,1,33.24,騎樓、停車空間、樓梯間、管委會、水箱,鋼筋混凝土造,112年10月25日,五層,,
RPPNMLNKQHJGFBK68CC,42,80.28,住家用,鋼筋混凝土造,71年6月8日,四層,,
RPQNMLNKQHJGFBK78CC,6,65.72,住家用,鋼筋混凝土造,108年1月31日,五層,,
RPQNMLNKQHJGFBK78CC,6,15.44,本共有部分之項目有梯間、停車空間（室內１５輛僅部分計入建物面積）等二項。,鋼筋混凝土造,108年1月31日,五層,,
RPRNMLMKQHJGFFK56CC,1,74.70,店鋪,鋼筋混凝土造,112年11月3日,十五層,,
RPRNMLMKQHJGFFK56CC,1,50.23,防空避難室兼停車空間、管委會使用空間,鋼筋混凝土造,112年11月3日,十五層,,
RPRNMLMKQHJGFFK56CC,1,18.36,樓梯間、梯廳,鋼筋混凝土造,112年11月3日,十五層,,
RPVNMLMKQHJGFFK96CC,6,101.11,集合住宅,鋼筋混凝土造,108年1月14日,十五層,,
RPVNMLMKQHJGFFK96CC,6,54.61,管委會,鋼筋混凝土造,108年1月14日,十五層,,
RPVNMLMKQHJGFFK96CC,6,23.05,樓梯間,鋼筋混凝土造,108年1月14日,十五層,,
RPPNMLNKQHJGFFK09CC,18,64.77,住家用,ＲＣ造,95年5月3日,十四層,,
RPPNMLNKQHJGFFK09CC,18,11.91,共有部分,ＲＣ造,95年5月3日,十四層,,
RPPNMLNKQHJGFFK09CC,18,10.50,共有部分,ＲＣ造,95年5月3日,十四層,,
RPPNMLOKQHJGFBK78CC,17,22.15,住家用,鋼筋混凝土造,96年7月16日,十層,,
RPRNMLPKQHJGFFK86CC,33,527.43,住商用,鋼筋混凝土造,80年6月20日,五層,,
RPPNMLOKQHJGFBK78CC,17,11.72,共有部分,鋼筋混凝土造,96年7月16日,十層,,
RPPNMLPKQHJGFDK09CC,7,19.00,住商用、停車空間,鋼筋混凝土造,106年12月29日,四層,,
RPQNMLPKQHJGFFK76CC,31,85.71,住家用,鋼筋混凝土造,82年12月21日,十一層,,
RPQNMLPKQHJGFFK76CC,31,7.89,地下室,鋼筋混凝土造,82年12月21日,十一層,,
RPQNMLPKQHJGFFK76CC,31,6.89,走廊,鋼筋混凝土造,82年12月21日,十一層,,
RPQNMLPKQHJGFFK76CC,31,1.96,樓梯間，機械室，水箱,鋼筋混凝土造,82年12月21日,十一層,,
RPQNMLPKQHJGFFK76CC,31,1.26,走廊,鋼筋混凝土造,82年12月21日,十一層,,
RPPNMLPKQHJGFFK66CC,7,27.11,辦公室,鋼筋混凝土造,106年5月10日,七層,,
RPPNMLPKQHJGFFK66CC,7,10.14,停車空間,鋼筋混凝土造,106年5月10日,七層,,
RPSNMLPKQHJGFFK96CC,33,350.04,住商用,鋼筋混凝土造,80年6月20日,五層,,
RPPNMLPKQHJGFFK66CC,7,15.19,防空避難室、台電配電室、消防機械室、樓梯間、電梯機房、水箱,鋼筋混凝土造,106年5月10日,七層,,
RPQNMLQKQHJGFDK66CC,23,22.11,住家用,鋼筋混凝土造,90年6月29日,三層,,
RPQNMLQKQHJGFDK66CC,23,6.18,樓梯間、屋頂突出物,鋼筋混凝土造,90年6月29日,三層,,
RPPNMLQKQHJGFDK56CC,20,15.79,住家用,鋼筋混凝土造,93年6月23日,三層,,
RPPNMLQKQHJGFDK56CC,20,4.62,樓梯間，走廊,鋼筋混凝土造,93年6月23日,三層,,
RPRNMLQKQHJGFDK76CC,11,62.07,集合住宅,鋼筋混凝土造,102年7月3日,五層,,
RPRNMLQKQHJGFDK76CC,11,10.36,共有部分,鋼筋混凝土造,102年7月3日,五層,,
RPQNMLTKQHJGFDK96CC,9,19.83,住商用、停車空間,鋼筋混凝土造,104年4月10日,四層,,
RPSNMLQKQHJGFDK86CC,8,83.40,住家用,鋼筋混凝土造,105年10月12日,十二層,,
RPSNMLQKQHJGFDK86CC,8,37.52,共有部分,鋼筋混凝土造,105年10月12日,十二層,,
RPSNMLQKQHJGFDK86CC,8,17.08,共有部分,鋼筋混凝土造,105年10月12日,十二層,,
RPPNMLTKQHJGFDK86CC,9,14.04,住商用、停車空間,鋼筋混凝土造,104年4月10日,四層,,
RPPNMLSKQHJGFDK76CC,11,110.49,集合住宅,鋼筋混凝土造,102年10月15日,十四層,,
RPPNMLQKQHJGFFK76CC,17,30.93,住家用,ＲＣ造,96年4月11日,五層,,
RPPNMLSKQHJGFDK76CC,11,41.41,共有部分,鋼筋混凝土造,102年10月15日,十四層,,
RPPNMLQKQHJGFFK76CC,17,10.07,住宅、停車場,ＲＣ造,96年4月11日,五層,,
RPPNMLSKQHJGFDK76CC,11,6.68,共有部分,鋼筋混凝土造,102年10月15日,十四層,,
RPRNMLTKQHJGFDK07CC,3,76.38,住家用,鋼筋混凝土造,110年11月5日,十五層,,
RPRNMLTKQHJGFDK07CC,3,35.14,共有部分,鋼筋混凝土造,110年11月5日,十五層,,
RPPNMLTKQHJGFFK07CC,5,79.33,集合住宅,鋼筋混凝土造,108年8月21日,七層,,
RPPNMLTKQHJGFFK07CC,5,20.90,樓梯間、機房,鋼筋混凝土造,108年8月21日,七層,,
RPPNMLTKQHJGFFK07CC,5,44.59,停車空間、防空避難室、車道、管委會,鋼筋混凝土造,108年8月21日,七層,,
RPQNMLLLQHJGFBK68CC,1,57.20,住家用,鋼筋混凝土造,112年2月18日,五層,,
RPQNMLLLQHJGFBK68CC,1,24.08,本共有部分之項目有樓梯間、梯間及停車空間（室內４輛）等３項。,鋼筋混凝土造,112年2月18日,五層,,
RPQNMLLLQHJGFDK88CC,28,93.60,住家用,鋼筋混凝土造,85年12月14日,二十層,,
RPQNMLLLQHJGFDK88CC,28,11.01,防空避難室，變電室，機械室，車道，水箱，梯間,鋼筋混凝土造,85年12月14日,二十層,,
RPQNMLLLQHJGFDK88CC,28,17.13,樓梯間、機械室、水箱,鋼筋混凝土造,85年12月14日,二十層,,
RPPNMLLLQHJGFFK98CC,11,87.79,住家用,ＲＣ造,102年7月3日,五層,,
RPPNMLLLQHJGFFK98CC,11,42.42,住家用,ＲＣ造,102年7月3日,五層,,
RPPNMLLLQHJGFDK78CC,9,206.88,住家用,鋼筋混凝土造,104年12月4日,三層,,
RPQNMLQLQHJGFBK56CC,17,19.77,住家用,鋼筋混凝土造,96年7月16日,十層,,
RPQNMLQLQHJGFBK56CC,17,10.81,共有部分,鋼筋混凝土造,96年7月16日,十層,,
RPQNMLMLQHJGFBK78CC,28,19.43,住家用,鋼筋混凝土造,85年10月30日,五層,,
RPQNMLMLQHJGFBK78CC,29,6.96,住家用,鋼筋混凝土造,85年1月30日,五層,,
RPSNMLQLQHJGFDK96CC,10,72.90,集合住宅,鋼筋混凝土造,103年9月29日,十五層,,
RPSNMLQLQHJGFDK96CC,10,32.40,共有部分,鋼筋混凝土造,103年9月29日,十五層,,
RPSNMLQLQHJGFDK96CC,10,15.73,共有部分,鋼筋混凝土造,103年9月29日,十五層,,
RPRNMLQLQHJGFBK66CC,26,20.09,住家用,鋼筋混凝土造,87年6月26日,六層,,
RPRNMLQLQHJGFBK66CC,26,7.07,配電室，電錶室，樓梯，電梯，樓梯間，電梯間，管理員室，蓄水箱，停車空間,鋼筋混凝土造,87年6月26日,六層,,
RPRNMLQLQHJGFBK66CC,26,4.19,通道,鋼筋混凝土造,87年6月26日,六層,,
RPPNMLQLQHJGFFK86CC,2,45.96,集合住宅,鋼筋混凝土造,111年7月19日,五層,,
RPPNMLQLQHJGFFK86CC,2,12.78,樓梯間、電梯、梯廳、走廊外廊、停車空間,鋼筋混凝土造,111年7月19日,五層,,
RPVNMLQLQHJGFFK47CC,14,60.38,住家用,ＲＣ造,99年5月14日,五層,,
RPVNMLQLQHJGFFK47CC,14,18.48,樓梯間、停車空間、機械室,ＲＣ造,99年5月14日,五層,,
RPUNMLQLQHJGFFK37CC,30,63.62,住家用,鋼筋混凝土造,83年11月28日,五層,,
RPPNMLTLQHJGFDK96CC,21,21.11,住家用,鋼筋混凝土造,92年7月16日,四層,,
RPPNMLTLQHJGFDK96CC,21,6.33,樓梯間,鋼筋混凝土造,92年7月16日,四層,,
RPUNMLQLQHJGFFK37CC,30,4.54,樓梯共同使用,鋼筋混凝土造,83年11月28日,五層,,
RPPNMLMJRHJGFFK98CC,51,24.00,住家用,磚造ＲＣ補強,62年9月4日,三層,,
RPRNMLMJRHJGFFK56CC,18,215.17,住宅、停車空間,ＲＣ造,95年8月3日,三層,,
RPRNMLMJRHJGFFK56CC,18,16.28,管理員室，機械室，受電室，停車空間,ＲＣ造,95年8月3日,三層,,
RPPNMLOKQHJGFDK98CC,47,120.10,住家用,加強磚造,67年1月11日,二層,,
RPPNMLMKQHJGFDK78CC,23,21.89,住家用,鋼筋混凝土造,90年6月29日,三層,,
RPPNMLMKQHJGFDK78CC,23,6.14,樓梯間、屋頂突出物,鋼筋混凝土造,90年6月29日,三層,,
