﻿編號,土地位置,土地移轉面積平方公尺,使用分區或編定,權利人持分分母,權利人持分分子,移轉情形,地號
The serial number, land position,land shifting area square meter,the use zoning or compiles and checks,,,,land parcel
RPPNMLKLQHJGFBK38CB,大倫段,27.70,非都市：鄉村區 ; 非都市編定：乙種建築用地,100000,6074,持分移轉,11270000
RPQNMLTKQHJGFDK86CB,大同段,43.13,都市：住,100000,1757,持分移轉,07900000
RPPNMLMKQHJGFBK48CB,南勢坑段上南勢坑小段,107.00,非都市：山坡地保育區 ; 非都市編定：丙種建築用地,1,1,全筆移轉,08080034
RPPNMLMKQHJGFBK48CB,南勢坑段上南勢坑小段,1.00,非都市：山坡地保育區 ; 非都市編定：丙種建築用地,10000,384,持分移轉,08080024
RPPNMLLLQHJGFBK48CB,南勢坑段上南勢坑小段,96.00,非都市：山坡地保育區 ; 非都市編定：丙種建築用地,1,1,全筆移轉,08080019
RPPNMLMKQHJGFBK48CB,南勢坑段上南勢坑小段,.35,非都市：山坡地保育區 ; 非都市編定：丙種建築用地,10000,384,持分移轉,08080025
RPPNMLLLQHJGFBK48CB,南勢坑段上南勢坑小段,.90,非都市：山坡地保育區 ; 非都市編定：丙種建築用地,10000,345,持分移轉,08080024
RPPNMLMKQHJGFBK48CB,南勢坑段上南勢坑小段,1.00,非都市：山坡地保育區 ; 非都市編定：丙種建築用地,10000,384,持分移轉,08080026
RPPNMLLLQHJGFBK48CB,南勢坑段上南勢坑小段,.31,非都市：山坡地保育區 ; 非都市編定：丙種建築用地,10000,345,持分移轉,08080025
RPPNMLMKQHJGFBK48CB,南勢坑段上南勢坑小段,21.24,非都市：山坡地保育區 ; 非都市編定：丙種建築用地,10000,384,持分移轉,08080000
RPPNMLLLQHJGFBK48CB,南勢坑段上南勢坑小段,.90,非都市：山坡地保育區 ; 非都市編定：丙種建築用地,10000,345,持分移轉,08080026
RPPNMLMKQHJGFBK48CB,南勢坑段上南勢坑小段,6.14,非都市：山坡地保育區 ; 非都市編定：交通用地,10000,384,持分移轉,08080009
RPPNMLLLQHJGFBK48CB,南勢坑段上南勢坑小段,19.08,非都市：山坡地保育區 ; 非都市編定：丙種建築用地,10000,345,持分移轉,08080000
RPPNMLLLQHJGFBK48CB,南勢坑段上南勢坑小段,5.52,非都市：山坡地保育區 ; 非都市編定：交通用地,10000,345,持分移轉,08080009
RPQNMLMKQHJGFDK78CB,藝文段,16.91,都市：商,100000,2242,持分移轉,00660000
RPTNMLOKQHJGFFK86CB,義民段,14.50,都市：商,100000,292,持分移轉,10780000
RPPNMLLKQHJGFCK58DB,苑中段,15.34,都市：商,100000,3454,持分移轉,08120000
RPPNMLKLQHJGFCK48CB,苑西段,20.51,都市：住,100000,783,持分移轉,06210000
RPPNMLNKQHJGFCK78DB,苑中段,7.31,都市：商,100000,1645,持分移轉,08120000
RPPNMLLLQHJGFCK58CB,苑西段,27.66,都市：住,100000,1056,持分移轉,06210000
RPRNMLLLQHJGFFK09CB,仁愛段,38.33,都市：住,10000,68,持分移轉,00350000
RPPNMLMLQHJGFFK98CB,東庄段,36.77,都市：住,10000,1245,持分移轉,04400000
RPPNMLLLQHJGFFK88CB,仁愛段,36.08,都市：住,10000,64,持分移轉,00350000
RPSNMLNLQHJGFCK09CB,田心段,16.99,非都市：特定農業區 ; 非都市編定：甲種建築用地,10000,198,持分移轉,08400000
RPSNMLNLQHJGFCK09CB,田心段,2.51,非都市：特定農業區 ; 非都市編定：甲種建築用地,10000,198,持分移轉,08410000
RPSNMLNLQHJGFCK09CB,田心段,7.96,非都市：特定農業區 ; 非都市編定：甲種建築用地,10000,198,持分移轉,08420000
RPPNMLNLQHJGFCK78CB,田心段,15.36,非都市：特定農業區 ; 非都市編定：甲種建築用地,10000,179,持分移轉,08400000
RPPNMLNLQHJGFCK78CB,田心段,2.27,非都市：特定農業區 ; 非都市編定：甲種建築用地,10000,179,持分移轉,08410000
RPPNMLNLQHJGFCK78CB,田心段,7.20,非都市：特定農業區 ; 非都市編定：甲種建築用地,10000,179,持分移轉,08420000
RPTNMLLLQHJGFFK66CB,東庄段,37.07,都市：住,10000,1255,持分移轉,04400000
RPQNMLLLQHJGFFK98CB,仁愛段,28.75,都市：住,10000,51,持分移轉,00350000
RPRNMLNLQHJGFCK98CB,田心段,16.99,非都市：特定農業區 ; 非都市編定：甲種建築用地,10000,198,持分移轉,08400000
RPRNMLNLQHJGFCK98CB,田心段,2.51,非都市：特定農業區 ; 非都市編定：甲種建築用地,10000,198,持分移轉,08410000
RPRNMLNLQHJGFCK98CB,田心段,7.96,非都市：特定農業區 ; 非都市編定：甲種建築用地,10000,198,持分移轉,08420000
RPTNMLNLQHJGFCK56CB,田心段,15.36,非都市：特定農業區 ; 非都市編定：甲種建築用地,10000,179,持分移轉,08400000
RPTNMLNLQHJGFCK56CB,田心段,2.27,非都市：特定農業區 ; 非都市編定：甲種建築用地,10000,179,持分移轉,08410000
RPTNMLNLQHJGFCK56CB,田心段,7.20,非都市：特定農業區 ; 非都市編定：甲種建築用地,10000,179,持分移轉,08420000
RPQNMLNLQHJGFCK88CB,田心段,24.28,非都市：特定農業區 ; 非都市編定：甲種建築用地,10000,283,持分移轉,08400000
RPQNMLNLQHJGFCK88CB,田心段,3.59,非都市：特定農業區 ; 非都市編定：甲種建築用地,10000,283,持分移轉,08410000
RPQNMLNLQHJGFCK88CB,田心段,11.38,非都市：特定農業區 ; 非都市編定：甲種建築用地,10000,283,持分移轉,08420000
RPRNMLRLQHJGFDK86CB,龍椅段,30.01,都市：住,10000,607,持分移轉,04690000
RPPNMLQLQHJGFFK76CB,仁愛段,24.24,都市：住,10000,43,持分移轉,00350000
RPQNMLQLQHJGFFK86CB,仁愛段,28.75,都市：住,10000,51,持分移轉,00350000
RPOOMLRLQHJGFDK66CB,東平段,.89,都市：商,100000,502,持分移轉,00180000
RPOOMLRLQHJGFDK66CB,東平段,1.34,都市：商,100000,502,持分移轉,00190000
RPOOMLRLQHJGFDK66CB,東平段,1.05,都市：商,100000,502,持分移轉,00200000
RPOOMLRLQHJGFDK66CB,東平段,2.38,都市：商,100000,502,持分移轉,00210000
RPOOMLRLQHJGFDK66CB,東平段,1.62,都市：商,100000,502,持分移轉,00220000
RPRNMLQLQHJGFFK96CB,仁愛段,38.90,都市：住,10000,69,持分移轉,00350000
RPOOMLRLQHJGFDK66CB,東平段,.00,都市：商,100000,502,持分移轉,00220002
RPOOMLRLQHJGFDK66CB,東平段,.03,都市：商,100000,502,持分移轉,00230001
RPOOMLRLQHJGFDK66CB,東平段,1.07,都市：商,100000,502,持分移轉,00630000
RPROMLRLQHJGFDK96CB,東平段,.60,都市：商,100000,339,持分移轉,00180000
RPOOMLRLQHJGFDK66CB,東平段,2.26,都市：商,100000,502,持分移轉,00640000
RPOOMLRLQHJGFDK66CB,東平段,4.09,都市：商,100000,502,持分移轉,00640001
RPROMLRLQHJGFDK96CB,東平段,.90,都市：商,100000,339,持分移轉,00190000
RPOOMLRLQHJGFDK66CB,東平段,.12,都市：商,100000,502,持分移轉,00650000
RPROMLRLQHJGFDK96CB,東平段,.71,都市：商,100000,339,持分移轉,00200000
RPOOMLRLQHJGFDK66CB,東平段,.29,都市：商,100000,502,持分移轉,00670000
RPROMLRLQHJGFDK96CB,東平段,1.61,都市：商,100000,339,持分移轉,00210000
RPOOMLRLQHJGFDK66CB,東平段,.61,都市：商,100000,502,持分移轉,00680000
RPROMLRLQHJGFDK96CB,東平段,1.09,都市：商,100000,339,持分移轉,00220000
RPROMLRLQHJGFDK96CB,東平段,.00,都市：商,100000,339,持分移轉,00220002
RPROMLRLQHJGFDK96CB,東平段,.02,都市：商,100000,339,持分移轉,00230001
RPROMLRLQHJGFDK96CB,東平段,.73,都市：商,100000,339,持分移轉,00630000
RPROMLRLQHJGFDK96CB,東平段,1.53,都市：商,100000,339,持分移轉,00640000
RPROMLRLQHJGFDK96CB,東平段,2.76,都市：商,100000,339,持分移轉,00640001
RPROMLRLQHJGFDK96CB,東平段,.08,都市：商,100000,339,持分移轉,00650000
RPROMLRLQHJGFDK96CB,東平段,.20,都市：商,100000,339,持分移轉,00670000
RPROMLRLQHJGFDK96CB,東平段,.41,都市：商,100000,339,持分移轉,00680000
RPXNMLRLQHJGFDK47CB,東平段,.76,都市：商,100000,430,持分移轉,00180000
RPXNMLRLQHJGFDK47CB,東平段,1.14,都市：商,100000,430,持分移轉,00190000
RPXNMLRLQHJGFDK47CB,東平段,.90,都市：商,100000,430,持分移轉,00200000
RPXNMLRLQHJGFDK47CB,東平段,1.39,都市：商,100000,430,持分移轉,00210000
RPXNMLRLQHJGFDK47CB,東平段,.00,都市：商,100000,430,持分移轉,00220002
RPXNMLRLQHJGFDK47CB,東平段,.02,都市：商,100000,430,持分移轉,00230001
RPXNMLRLQHJGFDK47CB,東平段,.92,都市：商,100000,430,持分移轉,00630000
RPXNMLRLQHJGFDK47CB,東平段,1.94,都市：商,100000,430,持分移轉,00640000
RPXNMLRLQHJGFDK47CB,東平段,3.50,都市：商,100000,430,持分移轉,00640001
RPXNMLRLQHJGFDK47CB,東平段,.10,都市：商,100000,430,持分移轉,00650000
RPXNMLRLQHJGFDK47CB,東平段,.25,都市：商,100000,430,持分移轉,00670000
RPRNMLSLQHJGFDK96CB,龍富段,37.13,都市：住,100000,4387,持分移轉,06520000
RPXNMLRLQHJGFDK47CB,東平段,.52,都市：商,100000,430,持分移轉,00680000
RPXNMLRLQHJGFDK47CB,東平段,1.39,都市：商,100000,430,持分移轉,00220000
RPQOMLRLQHJGFDK86CB,東平段,.78,都市：商,100000,445,持分移轉,00180000
RPQOMLRLQHJGFDK86CB,東平段,1.18,都市：商,100000,445,持分移轉,00190000
RPQOMLRLQHJGFDK86CB,東平段,.93,都市：商,100000,445,持分移轉,00200000
RPQOMLRLQHJGFDK86CB,東平段,2.11,都市：商,100000,445,持分移轉,00210000
RPQOMLRLQHJGFDK86CB,東平段,1.44,都市：商,100000,445,持分移轉,00220000
RPQOMLRLQHJGFDK86CB,東平段,.00,都市：商,100000,445,持分移轉,00220002
RPQOMLRLQHJGFDK86CB,東平段,.02,都市：商,100000,445,持分移轉,00230001
RPQOMLRLQHJGFDK86CB,東平段,.95,都市：商,100000,445,持分移轉,00630000
RPQOMLRLQHJGFDK86CB,東平段,2.00,都市：商,100000,445,持分移轉,00640000
RPQOMLRLQHJGFDK86CB,東平段,3.62,都市：商,100000,445,持分移轉,00640001
RPQOMLRLQHJGFDK86CB,東平段,.11,都市：商,100000,445,持分移轉,00650000
RPQOMLRLQHJGFDK86CB,東平段,.26,都市：商,100000,445,持分移轉,00670000
RPQOMLRLQHJGFDK86CB,東平段,.54,都市：商,100000,445,持分移轉,00680000
RPPNMLRLQHJGFFK86CB,八德段,42.92,都市：住,100000,1555,持分移轉,00340000
RPPNMLTLQHJGFDK86CB,龍椅段,41.28,都市：住,10000,835,持分移轉,04690000
RPRNMLTLQHJGFCK07DB,苑東段,35.73,都市：住,10000,239,持分移轉,02490000
RPQNMLLJRHJGFFK88CB,義民段,14.25,都市：商,100000,287,持分移轉,10780000
RPPNMLKMQHJGFDK68CB,新山佳段,16.65,都市：住,100000,301,持分移轉,14320000
RPTNMLLJRHJGFFK56CB,義民段,14.54,都市：商,100000,293,持分移轉,10780000
RPPNMLLJRHJGFFK78CB,義民段,14.25,都市：商,100000,287,持分移轉,10780000
RPUNMLLJRHJGFFK66CB,義民段,13.95,都市：商,100000,281,持分移轉,10780000
RPRNMLKMQHJGFDK88CB,新山佳段,24.34,都市：住,100000,440,持分移轉,14320000
RPTNMLNJRHJGFFK76CB,顯會段,12.60,都市：住,100000,614,持分移轉,02320000
RPQNMLNJRHJGFFK09CB,顯會段,12.62,都市：住,100000,615,持分移轉,02320000
RPUNMLPJRHJGFDK86CB,大同段,46.87,都市：住,10000,444,持分移轉,07610000
RPPNMLRJRHJGFDK56CB,大同段,49.30,都市：住,10000,467,持分移轉,07610000
RPVNMLPJRHJGFDK96CB,大同段,38.00,都市：住,10000,360,持分移轉,07610000
RPWNMLPJRHJGFDK07CB,大同段,38.95,都市：住,10000,369,持分移轉,07610000
RPRNMLRJRHJGFDK76CB,大同段,46.87,都市：住,10000,444,持分移轉,07610000
RPSNMLRJRHJGFDK86CB,大同段,46.87,都市：住,10000,444,持分移轉,07610000
RPUNMLRJRHJGFDK07CB,大同段,43.91,都市：住,10000,416,持分移轉,07610000
RPTNMLRJRHJGFDK96CB,大同段,43.91,都市：住,10000,416,持分移轉,07610000
RPTNMLKKRHJGFDK98CB,新山佳段,16.65,都市：住,100000,301,持分移轉,14320000
RPUNMLKKRHJGFDK09CB,新山佳段,17.15,都市：住,100000,310,持分移轉,14320000
RPXNMLKKRHJGFDK76CB,大同段,38.95,都市：住,10000,369,持分移轉,07610000
RPVNMLKKRHJGFDK56CB,新山佳段,17.15,都市：住,100000,310,持分移轉,14320000
RPWNMLKKRHJGFDK66CB,大同段,38.95,都市：住,10000,369,持分移轉,07610000
RPOOMLKKRHJGFDK58CB,大同段,38.00,都市：住,10000,360,持分移轉,07610000
RPTNMLKKRHJGFFK56CB,東庄段,31.85,都市：住,100000,3167,持分移轉,00200000
RPPNMLLKRHJGFFK88CB,東庄段,31.53,都市：住,100000,3135,持分移轉,00200000
RPWNMLLKRHJGFFK96CB,東庄段,38.42,都市：住,100000,3821,持分移轉,00200000
RPXNMLLKRHJGFFK07CB,東庄段,24.74,都市：住,100000,2460,持分移轉,00200000
RPOOMLLKRHJGFFK88CB,東庄段,31.85,都市：住,100000,3167,持分移轉,00200000
RPPNMLMKRHJGFDK78CB,中正段,23.11,都市：住,10000,305,持分移轉,05650000
RPQNMLNKRHJGFDK98CB,中正段,24.55,都市：住,10000,324,持分移轉,05650000
RPSNMLNKRHJGFDK56CB,中正段,23.11,都市：住,10000,305,持分移轉,05650000
RPRNMLNKRHJGFDK09CB,中正段,16.44,都市：住,10000,217,持分移轉,05650000
RPPNMLNKRHJGFDK88CB,中正段,39.47,都市：住,10000,521,持分移轉,05650000
RPRNMLQKRHJGFDK76CB,文化段,19.37,都市：住,100000,1239,持分移轉,10660000
