﻿編號,土地位置,土地移轉面積平方公尺,使用分區或編定,權利人持分分母,權利人持分分子,移轉情形,地號
The serial number, land position,land shifting area square meter,the use zoning or compiles and checks,,,,land parcel
RPPNMLSJRHJGFDM86DA,文昌段,355.50,非都市：一般農業區 ; 非都市編定：丙種建築用地,2,1,持分移轉,15240000
RPRNMLTJRHJGFDM17DA,番子田段,2000.00,非都市：山坡地保育區 ; 非都市編定：林業用地,1,1,全筆移轉,05990001
RPROMLMJRHJGFAM88DA,三崙段,1056.43,非都市：一般農業區 ; 非都市編定：農牧用地,1,1,全筆移轉,02970000
RPQNMLLKRHJGFCM88DA,梅林段,41.32,都市：其他:住宅區,2,1,持分移轉,09440000
RPWNMLMKRHJGFAM76DA,新後寮段,6.22,非都市：鄉村區 ; 非都市編定：乙種建築用地,1,1,全筆移轉,05610001
RPQNMLKKRHJGFAM68EA,新赤水段,13.94,非都市：鄉村區 ; 非都市編定：乙種建築用地,2,1,持分移轉,16630000
RPQNMLKKRHJGFAM68EA,新赤水段,10.04,非都市：鄉村區 ; 非都市編定：乙種建築用地,1,1,全筆移轉,16660000
RPVNMLMKRHJGFAM66DA,後寮段,816.50,非都市：山坡地保育區 ; 非都市編定：農牧用地,10000,3334,持分移轉,10560000
RPVNMLMKRHJGFAM66DA,後寮段,139.03,非都市：山坡地保育區 ; 非都市編定：農牧用地,10000,3334,持分移轉,10570000
RPVNMLMKRHJGFAM66DA,後寮段,1551.64,非都市：山坡地保育區 ; 非都市編定：農牧用地,10000,3334,持分移轉,10590002
RPQNMLKKRHJGFEM98DA,新玉峰段,525.43,非都市：特定農業區 ; 非都市編定：農牧用地,1,1,全筆移轉,05290000
RPPNMLRJRHJGFEM86DA,中溝段,57.55,都市：其他:商業區,1,1,全筆移轉,02530000
RPUNMLTJRHJGFDM57EA,內樹皮段,9.70,都市：其他:林業區,10,1,持分移轉,01580019
RPUNMLTJRHJGFDM57EA,內樹皮段,8.80,都市：其他:林業區,5,1,持分移轉,01580020
RPRNMLKKRHJGFCM88DA,籃城段,148.39,非都市：特定農業區 ; 非都市編定：農牧用地,1,1,全筆移轉,09190006
RPRNMLKKRHJGFCM88DA,籃城段,51.81,非都市：特定農業區 ; 非都市編定：農牧用地,1,1,全筆移轉,09190007
RPQNMLNKRHJGFAM98EA,南投段,5.00,都市：其他:第一種商業區,1,1,全筆移轉,04630002
RPPNMLSKRHJGFDM96DA,文田段,1056.00,非都市：山坡地保育區 ; 非都市編定：農牧用地,4,1,持分移轉,12230002
RPQNMLKKRHJGFCM78DA,籃城段,142.74,非都市：特定農業區 ; 非都市編定：農牧用地,1,1,全筆移轉,09130002
RPQNMLKKRHJGFCM78DA,籃城段,57.42,非都市：特定農業區 ; 非都市編定：農牧用地,1,1,全筆移轉,09130003
RPPNMLMKRHJGFDM98DA,延和段,65.96,都市：其他:住宅區,1,1,全筆移轉,08470001
RPQNMLQKRHJGFAM66EA,茄苳腳段,102.00,非都市：一般農業區 ; 非都市編定：農牧用地,1,1,全筆移轉,04600018
RPTNMLQJRHJGFAM76DA,光復段,12.12,非都市：鄉村區 ; 非都市編定：乙種建築用地,840,35,持分移轉,09090000
RPWNMLKKRHJGFCM76DA,東池段,10.54,都市：其他:住宅區,1,1,全筆移轉,11860006
RPPNMLTJRHJGFDM96DA,文田段,2020.00,非都市：山坡地保育區 ; 非都市編定：林業用地,1,1,全筆移轉,01310003
RPPOMLLKRHJGFCM88DA,水長流段,1550.00,非都市：山坡地保育區 ; 非都市編定：農牧用地,1,1,全筆移轉,23240000
RPVNMLTJRHJGFAM27DA,中寮段,7179.00,非都市：山坡地保育區 ; 非都市編定：農牧用地,1,1,全筆移轉,07920009
RPQNMLLLQHJGFBM78DA,中興段,102.00,都市：其他:住宅區,1,1,全筆移轉,18070003
RPQNMLLLQHJGFBM78DA,中興段,103.00,都市：其他:住宅區,1,1,全筆移轉,18070004
RPUNMLTJRHJGFAM17DA,三塊厝段,43.67,都市：其他:住宅區,100000,1668,持分移轉,00660000
RPUNMLTJRHJGFAM17DA,三塊厝段,5.69,都市：其他:住宅區,100000,1668,持分移轉,00660005
RPXNMLOKQHJGFBM07DA,新南坪段,226.19,非都市：山坡地保育區 ; 非都市編定：農牧用地,2,1,持分移轉,00880000
RPXNMLOKQHJGFBM07DA,新南坪段,353.80,非都市：山坡地保育區 ; 非都市編定：農牧用地,2,1,持分移轉,00900000
RPXNMLOKQHJGFBM07DA,新南坪段,131.04,非都市：山坡地保育區 ; 非都市編定：農牧用地,2,1,持分移轉,00910000
RPXNMLOKQHJGFBM07DA,新南坪段,24.17,非都市：山坡地保育區 ; 非都市編定：丙種建築用地,2,1,持分移轉,00920000
RPXNMLOKQHJGFBM07DA,新南坪段,25.70,非都市：山坡地保育區 ; 非都市編定：丙種建築用地,2,1,持分移轉,00930000
RPXNMLOKQHJGFBM07DA,新南坪段,17.91,非都市：山坡地保育區 ; 非都市編定：丙種建築用地,2,1,持分移轉,00940000
RPPNMLTJRHJGFAM76EA,包尾段,15.82,都市：其他:第一種商業區,100000,1145,持分移轉,08070019
RPPNMLKKRHJGFEM88DA,新上安段,1371.02,非都市：一般農業區 ; 非都市編定：農牧用地,1,1,全筆移轉,02280000
RPSNMLTLQHJGFDM37DA,竹圍子段硘磘小段,408.00,都市：其他:住宅區,1,1,全筆移轉,04000001
RPPNMLTJRHJGFBM86EA,府西段,86.07,都市：其他:住宅區,1,1,全筆移轉,02610000
RPOOMLKLQHJGFAM48DA,成功段,29.82,都市：其他:住宅區,10,1,持分移轉,13940000
RPTNMLTJRHJGFDM47EA,內樹皮段,71.00,都市：其他:林業區,1,1,全筆移轉,01580013
RPTNMLTJRHJGFDM47EA,內樹皮段,28.40,都市：其他:林業區,10,2,持分移轉,01580018
RPTNMLTJRHJGFDM47EA,內樹皮段,9.70,都市：其他:林業區,20,2,持分移轉,01580019
RPPNMLTJRHJGFDM07EA,和興段,113.41,非都市：鄉村區 ; 非都市編定：乙種建築用地,1,1,全筆移轉,00510000
RPXNMLMLQHJGFAM86DA,三塊厝段,214.00,都市：其他:住宅區,1,1,全筆移轉,02080090
RPPNMLLMQHJGFAM68DA,包尾段,102.00,都市：其他:住宅區,1,1,全筆移轉,13550000
RPSPMLQJRHJGFBM96DA,新富功段,30.91,都市：其他:住宅區,10000,213,持分移轉,00210000
RPSOMLMJRHJGFAM98DA,包尾段,12.36,都市：其他:第一種商業區,100000,894,持分移轉,08070019
RPTNMLLKRHJGFCM56DA,忠孝段,11.75,都市：其他:住宅區,10000,59,持分移轉,03240000
RPUNMLLKRHJGFCM66DA,水長流段,6675.00,非都市：山坡地保育區 ; 非都市編定：農牧用地,1,1,全筆移轉,16640001
RPPNMLLKRHJGFDM88DA,大林段,902.27,非都市：山坡地保育區 ; 非都市編定：農牧用地,1,1,全筆移轉,11290000
RPWNMLLKRHJGFCM86DA,光明段,3.78,都市：其他:商業區,100000,386,持分移轉,01320000
RPQNMLTKQHJGFDM07DA,中湖段,219.40,非都市：一般農業區 ; 非都市編定：丙種建築用地,19170,2194,持分移轉,07860000
RPRNMLOKQHJGFAM98DA,新南段,91.13,非都市：鄉村區 ; 非都市編定：乙種建築用地,1,1,全筆移轉,00900000
RPUNMLTLQHJGFDM57DA,溪尾段,3299.30,非都市：特定農業區 ; 非都市編定：農牧用地,1,1,全筆移轉,07140002
RPRNMLNJRHJGFAM88DA,營南段,108.73,非都市：鄉村區 ; 非都市編定：乙種建築用地,1,1,全筆移轉,09510002
RPVNMLKMQHJGFAM56DA,新草尾嶺段,7.02,非都市：鄉村區 ; 非都市編定：乙種建築用地,10062360,38115,持分移轉,00620000
RPVNMLKMQHJGFAM56DA,新草尾嶺段,15.52,非都市：鄉村區 ; 非都市編定：乙種建築用地,10062360,38115,持分移轉,00630000
RPOOMLPKQHJGFBM98DA,隘寮段,172.53,都市：其他:住宅區,1,1,全筆移轉,01000000
RPSNMLMKRHJGFCM56DA,籃城段,145.98,非都市：鄉村區 ; 非都市編定：乙種建築用地,1,1,全筆移轉,13280000
RPSNMLMKRHJGFCM56DA,籃城段,349.44,非都市：鄉村區 ; 非都市編定：乙種建築用地,1,1,全筆移轉,13290001
RPSNMLMKRHJGFCM56DA,籃城段,52.05,非都市：鄉村區 ; 非都市編定：乙種建築用地,3,2,持分移轉,13290002
RPTNMLNJRHJGFAM09DA,營南段,107.19,非都市：鄉村區 ; 非都市編定：乙種建築用地,1,1,全筆移轉,09510000
RPPNMLTJRHJGFCM86DA,溪南段,8.30,非都市：山坡地保育區 ; 非都市編定：丙種建築用地,14,1,持分移轉,14390000
RPPNMLTJRHJGFCM86DA,溪南段,103.94,非都市：山坡地保育區 ; 非都市編定：丙種建築用地,1,1,全筆移轉,14400000
RPPNMLTJRHJGFCM86DA,溪南段,17.00,非都市：山坡地保育區 ; 非都市編定：丙種建築用地,16,1,持分移轉,14480000
RPUQMLQJRHJGFBM27DA,新富功段,41.80,都市：其他:住宅區,10000,288,持分移轉,00210000
RPQNMLPKQHJGFDM66DA,雲林段,155.00,都市：其他:住宅區,1,1,全筆移轉,10500000
RPQNMLMKRHJGFCM98DA,文頭股段,90.11,非都市：特定農業區 ; 非都市編定：甲種建築用地,1,1,全筆移轉,08260000
RPOOMLTKQHJGFAM66DA,分水寮段,8783.00,非都市：山坡地保育區 ; 非都市編定：林業用地,1,1,全筆移轉,03650003
RPPNMLKKRHJGFDM88EA,前山段,392.51,非都市：鄉村區 ; 非都市編定：乙種建築用地,1,1,全筆移轉,11620000
RPQNMLMKRHJGFAM78DA,三塊厝段,16.10,都市：其他:住宅區,49,1,持分移轉,02080031
RPQNMLMKRHJGFAM78DA,三塊厝段,.16,都市：其他:住宅區,49,1,持分移轉,02080032
RPQNMLMKRHJGFAM78DA,三塊厝段,70.00,都市：其他:住宅區,1,1,全筆移轉,02080041
RPPNMLLKRHJGFBM68DA,草屯段,27.00,都市：其他:道路用地,20,10,持分移轉,07370060
RPPNMLLKRHJGFBM68DA,草屯段,31.00,都市：其他:道路用地,20,10,持分移轉,07370061
RPPNMLLKRHJGFBM68DA,草屯段,14.00,都市：其他:道路用地,20,5,持分移轉,07370062
RPTOMLTKQHJGFBM27DA,草屯段,20.85,都市：其他:住宅區,100000,665,持分移轉,00570000
RPUNMLMKRHJGFAM56DA,光復段,2372.00,非都市：特定農業區 ; 非都市編定：農牧用地,2700,2372,持分移轉,01080001
RPRNMLMJRHJGFAM78DA,鄉親寮段,247.00,非都市：山坡地保育區 ; 非都市編定：農牧用地,1,1,全筆移轉,02450000
RPRNMLMJRHJGFAM78DA,鄉親寮段,1096.00,非都市：山坡地保育區 ; 非都市編定：農牧用地,1,1,全筆移轉,02460000
RPRNMLMJRHJGFAM78DA,鄉親寮段,965.00,非都市：山坡地保育區 ; 非都市編定：農牧用地,1,1,全筆移轉,02540000
RPRNMLMJRHJGFAM78DA,鄉親寮段,204.00,非都市：山坡地保育區 ; 非都市編定：農牧用地,1,1,全筆移轉,02550000
RPSNMLMKRHJGFAM98DA,包尾段,57.00,都市：其他:住宅區,1,1,全筆移轉,07470007
RPQNMLNJRHJGFDM09DA,沙東段,16.78,都市：其他:住宅區,10000,170,持分移轉,07810000
RPPNMLKMQHJGFBM68DA,草屯段,78.00,都市：其他:住宅區,1,1,全筆移轉,00780020
RPRNMLTKQHJGFAM86DA,福助段,104.30,非都市：鄉村區 ; 非都市編定：乙種建築用地,1,1,全筆移轉,07620000
RPTNMLQLQHJGFCM07DA,水長流段,450.00,非都市：山坡地保育區 ; 非都市編定：丙種建築用地,1,1,全筆移轉,21810000
RPRNMLNKRHJGFAM09EA,新廍段,30.74,都市：其他:住宅區,100000,2857,持分移轉,09630000
RPRNMLNKRHJGFAM09EA,新廍段,66.35,都市：其他:住宅區,1,1,全筆移轉,09630035
RPPNMLLMQHJGFBM78DA,新虎山段,16.72,都市：其他:住宅區,10000,274,持分移轉,02750000
RPSNMLPJRHJGFCM76DA,內埔段,1000.00,非都市：特定農業區 ; 非都市編定：農牧用地,2,1,持分移轉,08680002
RPSNMLPJRHJGFCM76DA,內埔段,1308.98,非都市：特定農業區 ; 非都市編定：農牧用地,2,1,持分移轉,08680003
RPPNMLQKRHJGFAM56EA,茄苳腳段,1115.00,非都市：特定農業區 ; 非都市編定：農牧用地,1,1,全筆移轉,00270000
RPPNMLQKRHJGFAM56EA,茄苳腳段,2685.00,非都市：特定農業區 ; 非都市編定：農牧用地,1,1,全筆移轉,00270006
RPPNMLQKRHJGFAM56EA,千秋段,1477.57,非都市：特定農業區 ; 非都市編定：農牧用地,1,1,全筆移轉,09270000
RPUNMLNJRHJGFAM56DA,首區段,168.32,都市：其他:第四種住宅區,1,1,全筆移轉,00330000
RPPNMLOJRHJGFCM98DA,南興段,14.61,都市：其他:住宅區,12,2,持分移轉,09330000
RPPNMLOJRHJGFCM98DA,南興段,110.51,都市：其他:住宅區,1,1,全筆移轉,09590000
RPPNMLRKRHJGFAM56DA,包尾段,11.48,都市：其他:住宅區,10000,50,持分移轉,07350045
RPWNMLNKRHJGFCM07DA,南村段,14.99,非都市：特定農業區 ; 非都市編定：農牧用地,12313,1499,持分移轉,01130000
RPPNMLTJRHJGFBM76DA,青宅段,1317.25,非都市：特定農業區 ; 非都市編定：農牧用地,1,1,全筆移轉,08480000
RPQNMLMKQHJGFCM88DA,向善段,592.06,非都市：特定農業區 ; 非都市編定：農牧用地,1,1,全筆移轉,10030000
RPQNMLMKQHJGFCM88DA,向善段,96.61,非都市：特定農業區 ; 非都市編定：農牧用地,1,1,全筆移轉,10040000
RPQNMLMKQHJGFCM88DA,向善段,863.69,非都市：特定農業區 ; 非都市編定：農牧用地,1,1,全筆移轉,10050000
RPPNMLTJRHJGFAM66DA,新二重溪段,19.82,非都市：鄉村區 ; 非都市編定：乙種建築用地,261000,15986,持分移轉,08890000
RPQNMLQJRHJGFCM66DA,國姓段,56.76,非都市：山坡地保育區 ; 非都市編定：丙種建築用地,300000,2415,持分移轉,00330001
RPPNMLTJRHJGFAM66DA,新二重溪段,88.93,非都市：鄉村區 ; 非都市編定：乙種建築用地,1,1,全筆移轉,08960000
RPQNMLQJRHJGFCM66DA,國姓段,38.00,非都市：山坡地保育區 ; 非都市編定：丙種建築用地,1,1,全筆移轉,00330129
RPQNMLLJQHJGFAM48DA,三塊厝段,32.62,都市：其他:住宅區,100000,1246,持分移轉,00660000
RPQNMLLJQHJGFAM48DA,三塊厝段,4.25,都市：其他:住宅區,100000,1246,持分移轉,00660005
RPSOMLLKPHJGFAM78DA,南投段,199.00,都市：其他:住宅區,1,1,全筆移轉,02660003
RPSOMLLKPHJGFAM78DA,南投段,30.00,都市：其他:住宅區,1,1,全筆移轉,02660005
RPPNMLOJQHJGFCM88DA,埔里段信義小段,21.24,都市：其他:住宅區,100000,1125,持分移轉,04560000
RPRNMLTJRHJGFBM96DA,北投段,2574.00,非都市：特定農業區 ; 非都市編定：農牧用地,1,1,全筆移轉,16660000
RPTNMLLJQHJGFBM88DA,中興段,143.00,都市：其他:住宅區,1,1,全筆移轉,17270003
RPSNMLOKQHJGFCM66DA,大雁段,4314.00,非都市：山坡地保育區 ; 非都市編定：林業用地,1,1,全筆移轉,01360004
RPUNMLOKQHJGFCM86DA,大雁段,434.00,非都市：山坡地保育區 ; 非都市編定：林業用地,1,1,全筆移轉,01360011
RPUNMLOKQHJGFCM86DA,大雁段,202.00,非都市：山坡地保育區 ; 非都市編定：林業用地,1,1,全筆移轉,01360013
RPUNMLOKQHJGFCM86DA,大雁段,121.00,非都市：山坡地保育區 ; 非都市編定：林業用地,1,1,全筆移轉,01360014
RPUNMLQLQHJGFCM17DA,珠格段,159.09,非都市：特定農業區 ; 非都市編定：農牧用地,1,1,全筆移轉,18680000
RPQNMLTJRHJGFDM07DA,新勞水坑段,4801.25,非都市：山坡地保育區 ; 非都市編定：農牧用地,1,1,全筆移轉,12320000
RPQNMLTJRHJGFDM07DA,新勞水坑段,448.55,非都市：山坡地保育區 ; 非都市編定：林業用地,1,1,全筆移轉,12350000
RPVNMLKKRHJGFCM66DA,忠孝段,12.35,都市：其他:住宅區,10000,62,持分移轉,03240000
RPXNMLMJRHJGFCM96DA,大雁段,3954.00,非都市：山坡地保育區 ; 非都市編定：林業用地,1,1,全筆移轉,01360006
RPPNMLLJQHJGFAM38DA,三塊厝段,32.65,都市：其他:住宅區,100000,1247,持分移轉,00660000
RPPNMLLJQHJGFAM38DA,三塊厝段,4.25,都市：其他:住宅區,100000,1247,持分移轉,00660005
RPOOMLLKRHJGFCM78DA,光明段,42.03,都市：其他:住宅區,1,1,全筆移轉,06290000
RPTNMLOKQHJGFCM76DA,大雁段,3540.00,非都市：山坡地保育區 ; 非都市編定：農牧用地,1,1,全筆移轉,00180006
RPTNMLKKRHJGFCM09DA,向善段,151.19,非都市：特定農業區 ; 非都市編定：農牧用地,1,1,全筆移轉,09170000
RPTNMLKKRHJGFCM09DA,向善段,87.46,非都市：特定農業區 ; 非都市編定：農牧用地,1,1,全筆移轉,09180000
RPTNMLKKRHJGFCM09DA,向善段,287.07,非都市：特定農業區 ; 非都市編定：農牧用地,1,1,全筆移轉,09190000
RPTNMLKKRHJGFCM09DA,向善段,97.60,非都市：特定農業區 ; 非都市編定：甲種建築用地,1,1,全筆移轉,09200000
RPWNMLOJRHJGFAM86DA,三塊厝段,2.80,都市：其他:第一種商業區,40,1,持分移轉,00770000
RPWNMLOJRHJGFAM86DA,三塊厝段,6.65,都市：其他:道路用地,40,1,持分移轉,00770001
RPWNMLOJRHJGFAM86DA,三塊厝段,11.95,都市：其他:第一種商業區,40,1,持分移轉,00770006
RPWNMLOJRHJGFAM86DA,三塊厝段,1.45,都市：其他:第一種商業區,40,1,持分移轉,00770041
RPPNMLKKRHJGFCM68DA,松岡段,1791.00,非都市：山坡地保育區 ; 非都市編定：農牧用地,1,1,全筆移轉,05110063
RPQNMLMKRHJGFDM09DA,和興段,522.00,非都市：特定農業區 ; 非都市編定：農牧用地,1,1,全筆移轉,05360000
RPQNMLMKRHJGFDM09DA,和興段,2789.72,非都市：特定農業區 ; 非都市編定：農牧用地,1,1,全筆移轉,05370000
RPQNMLMKRHJGFDM09DA,和興段,1149.47,非都市：特定農業區 ; 非都市編定：農牧用地,1,1,全筆移轉,05400000
RPXNMLLKRHJGFCM96DA,八股段,326.63,非都市：特定農業區 ; 非都市編定：甲種建築用地,1,1,全筆移轉,01140000
RPSNMLMKRHJGFDM66DA,桶頭段,1650.00,非都市：山坡地保育區 ; 非都市編定：農牧用地,1,1,全筆移轉,01760270
RPSNMLMKRHJGFDM66DA,新桶頭段,1878.40,非都市：山坡地保育區 ; 非都市編定：農牧用地,1,1,全筆移轉,03450000
RPOOMLMKRHJGFAM68DA,包尾段,61.00,都市：其他:住宅區,1,1,全筆移轉,07870185
RPTNMLMKRHJGFAM09DA,內新段,86.41,非都市：鄉村區 ; 非都市編定：乙種建築用地,1,1,全筆移轉,13170001
RPTOMLPKPHJGFAM66DA,埔中段,267.58,非都市：一般農業區 ; 非都市編定：丙種建築用地,2,1,持分移轉,01800000
RPQNMLMJRHJGFAM68DA,施厝坪段,299.51,,1,1,全筆移轉,02670000
RPSNMLMLQHJGFBM09DA,土城段,15.85,非都市：鄉村區 ; 非都市編定：乙種建築用地,8000,259,持分移轉,07060000
RPSNMLMLQHJGFBM09DA,土城段,77.71,非都市：鄉村區 ; 非都市編定：乙種建築用地,1,1,全筆移轉,07090002
RPPNMLLJQHJGFDM68DA,圳頭段,116.08,都市：其他:住宅區,1,1,全筆移轉,00700005
RPRNMLMKRHJGFAM88DA,新廍下段,880.53,非都市：一般農業區 ; 非都市編定：農牧用地,1,1,全筆移轉,04870002
RPWQMLPJRHJGFBM37DA,南坪段,2314.96,非都市：山坡地保育區 ; 非都市編定：農牧用地,1,1,全筆移轉,11030000
RPSOMLTKQHJGFBM17DA,草屯段,79.00,都市：其他:住宅區,1,1,全筆移轉,05320023
RPQNMLKLQHJGFAM58DA,新小半山段,331.47,非都市：山坡地保育區 ; 非都市編定：丙種建築用地,1,1,全筆移轉,07670000
RPOOMLKKPHJGFCM48DA,桃米坑段,1995.00,非都市：山坡地保育區 ; 非都市編定：農牧用地,1,1,全筆移轉,00050647
RPPNMLSKRHJGFBM76DA,土城段,107.86,非都市：特定農業區 ; 非都市編定：農牧用地,1,1,全筆移轉,01690000
RPQNMLTJQHJGFBM76DA,中興段,89.00,都市：其他:住宅區,1,1,全筆移轉,17340000
RPQNMLNLQHJGFCM09DA,南村段,2992.08,非都市：特定農業區 ; 非都市編定：農牧用地,1,1,全筆移轉,05930000
RPPNMLQKRHJGFCM66DA,慈恩段,139.39,非都市：特定農業區 ; 非都市編定：甲種建築用地,1,1,全筆移轉,05410000
RPTNMLTJRHJGFDM37DA,吉祥段,392.20,都市：其他:工業區,1,1,全筆移轉,01780000
RPUNMLTJRHJGFDM47DA,吉祥段,299.58,非都市：特定農業區 ; 非都市編定：農牧用地,1,1,全筆移轉,00450000
RPUNMLTJRHJGFDM47DA,吉祥段,1228.74,都市：其他:農業區,1,1,全筆移轉,01050000
RPUNMLTJRHJGFDM47DA,吉祥段,34.14,,1,1,全筆移轉,01050001
RPQNMLMJRHJGFCM88DA,北環段,74.70,都市：其他:住宅區,1,1,全筆移轉,01460001
SPQNMLNLQHJGFCM56DA,南村段,134.38,非都市：特定農業區 ; 非都市編定：甲種建築用地,1,1,全筆移轉,06090000
RPVNMLOJRHJGFCM96DA,南村段,3483.61,非都市：特定農業區 ; 非都市編定：農牧用地,1,1,全筆移轉,05070000
RPPNMLNKRHJGFDM56EA,興產段,5.84,都市：其他:保護區,216,30,持分移轉,05290000
RPPNMLNKRHJGFDM56EA,興產段,55.30,都市：其他:商業區,1,1,全筆移轉,05330008
RPPNMLNKRHJGFDM56EA,興產段,.26,都市：其他:道路用地,216,30,持分移轉,05370000
RPPNMLNKRHJGFBM88DA,新富寮段,24.54,都市：其他:住宅區,67,1,持分移轉,10960000
RPPNMLNKRHJGFBM88DA,新富寮段,93.61,都市：其他:住宅區,1,1,全筆移轉,10960002
RPPNMLNKRHJGFBM88DA,新富寮段,.10,都市：其他:住宅區,67,1,持分移轉,10960004
RPPNMLNKRHJGFBM88DA,新富寮段,.29,都市：其他:農業區,67,1,持分移轉,10980003
RPPNMLNKRHJGFBM88DA,新富寮段,.06,都市：其他:農業區,67,1,持分移轉,10980004
RPPNMLNKRHJGFBM88DA,新富寮段,.10,都市：其他:農業區,67,1,持分移轉,10990002
RPPNMLNKRHJGFBM88DA,新富寮段,.77,都市：其他:農業區,67,1,持分移轉,11080001
RPVNMLQLQHJGFCM27DA,北港溪段,3942.00,非都市：山坡地保育區 ; 非都市編定：農牧用地,1,1,全筆移轉,00650004
RPVNMLQLQHJGFCM27DA,北港溪段,6855.00,非都市：山坡地保育區 ; 非都市編定：農牧用地,1,1,全筆移轉,00650015
RPVNMLQLQHJGFCM27DA,北港溪段,1455.00,非都市：山坡地保育區 ; 非都市編定：農牧用地,1,1,全筆移轉,00650020
RPPNMLSKRHJGFCM86DA,南村段,2605.16,非都市：特定農業區 ; 非都市編定：農牧用地,1,1,全筆移轉,03720000
RPRNMLLKRHJGFCM98DA,籃城段,17.51,非都市：鄉村區 ; 非都市編定：乙種建築用地,1,1,全筆移轉,11200001
RPQNMLSKRHJGFCM96DA,南村段,7758.66,非都市：特定農業區 ; 非都市編定：農牧用地,1,1,全筆移轉,03680000
RPPNMLQJRHJGFAM09EA,名山段,66.22,非都市：特定農業區 ; 非都市編定：水利用地,5,3,持分移轉,01150000
RPPOMLSJQHJGFCM76DA,梅林段,218.93,都市：其他:農業區,1,1,全筆移轉,04450000
RPXNMLSJQHJGFCM47DA,梅林段,76.19,都市：其他:農業區,1,1,全筆移轉,01720000
RPXNMLSJQHJGFCM47DA,梅林段,2332.73,都市：其他:農業區,1,1,全筆移轉,01860000
RPPNMLMKRHJGFEM09DA,新郡坑段,1673.43,非都市：山坡地保育區 ; 非都市編定：農牧用地,1,1,全筆移轉,02250004
RPOOMLQJRHJGFBM09DA,中原段,27.97,非都市：鄉村區 ; 非都市編定：乙種建築用地,100000,1415,持分移轉,09700000
RPPNMLSJRHJGFEM96DA,文昌段,59.64,都市：其他:住宅區,1,1,全筆移轉,03340004
RPPNMLSJRHJGFEM96DA,文昌段,148.76,都市：其他:住宅區,1,1,全筆移轉,03400000
RPPNMLSJRHJGFEM96DA,文昌段,15.65,都市：其他:住宅區,1,1,全筆移轉,03410000
RPRNMLKKRHJGFAM68DA,光大段,2.28,都市：其他:住宅區,107,24,持分移轉,07450000
RPRNMLKKRHJGFAM68DA,光大段,63.03,都市：其他:住宅區,1,1,全筆移轉,07460000
RPRNMLKKRHJGFAM68DA,光大段,411.08,都市：其他:住宅區,1,1,全筆移轉,07470000
RPVNMLQJRHJGFBM07DA,中原段,27.97,非都市：鄉村區 ; 非都市編定：乙種建築用地,100000,1415,持分移轉,09700000
RPWNMLMJRHJGFAM66DA,義民段,430.24,都市：其他:第一種住宅區,1,1,全筆移轉,03750000
RPSOMLMKMHJGFAM58DA,分水寮段,14979.00,非都市：山坡地保育區 ; 非都市編定：農牧用地,1,1,全筆移轉,03710000
RPXNMLQJLHJGFAM56DA,內新段,343.20,都市：其他:住宅區,1,1,全筆移轉,00560000
RPTNMLQKRHJGFAM86DA,福助段,4147.89,非都市：山坡地保育區 ; 非都市編定：農牧用地,1,1,全筆移轉,04440000
RPTNMLQKRHJGFAM86DA,福助段,2987.05,非都市：山坡地保育區 ; 非都市編定：農牧用地,1,1,全筆移轉,04440004
RPSNMLPJKIIGFAM48DA,軍功段,230.96,非都市：鄉村區 ; 非都市編定：乙種建築用地,1,1,全筆移轉,00940000
RPVOMLOJRHJGFBM96DA,中原段,31.79,非都市：鄉村區 ; 非都市編定：乙種建築用地,100000,1608,持分移轉,09700000
RPQOMLQJRHJGFBM66DA,中原段,26.17,非都市：鄉村區 ; 非都市編定：乙種建築用地,100000,1324,持分移轉,09700000
RPTNMLQJRHJGFBM86DA,中原段,34.44,非都市：鄉村區 ; 非都市編定：乙種建築用地,100000,1742,持分移轉,09700000
RPQNMLTJRHJGFAM76DA,三塊厝段,44.01,都市：其他:住宅區,200000,3362,持分移轉,00660000
RPQNMLTJRHJGFAM76DA,三塊厝段,5.73,都市：其他:住宅區,200000,3362,持分移轉,00660005
