﻿鄉鎮市區,交易標的,土地位置建物門牌,土地移轉總面積平方公尺,都市土地使用分區,非都市土地使用分區,非都市土地使用編定,交易年月日,交易筆棟數,移轉層次,總樓層數,建物型態,主要用途,主要建材,建築完成年月,建物移轉總面積平方公尺,建物現況格局-房,建物現況格局-廳,建物現況格局-衛,建物現況格局-隔間,有無管理組織,總價元,單價元平方公尺,車位類別,車位移轉總面積平方公尺,車位總價元,備註,編號,主建物面積,附屬建物面積,陽台面積,電梯,移轉編號
The villages and towns urban district,transaction sign,land sector position building sector house number plate,land shifting total area square meter,the use zoning or compiles and checks,the non-metropolis land use district,non-metropolis land use,transaction year month and day,transaction pen number,shifting level,total floor number,building state,main use,main building materials,construction to complete the years,building shifting total area,Building present situation pattern - room,building present situation pattern - hall,building present situation pattern - health,building present situation pattern - compartmented,Whether there is manages the organization,total price NTD,the unit price (NTD / square meter),the berth category,berth shifting total area square meter,the berth total price NTD,the note,serial number,main building area,auxiliary building area,balcony area,elevator,transaction number
鹿谷鄉,土地,文昌段1524地號,355.5,,一般農業區,丙種建築用地,1130902,土地1建物0車位0,,,其他,,,,0.0,0,0,0,無,無,800000,2250,,0.0,0,,RPPNMLSJRHJGFDM86DA,0.0,0.0,0.0,無,
水里鄉,土地,新玉峰段529地號,525.43,,特定農業區,農牧用地,1130903,土地1建物0車位0,,,其他,,,,0.0,0,0,0,無,無,2900000,5519,,0.0,0,,RPQNMLKKRHJGFEM98DA,0.0,0.0,0.0,無,
埔里鎮,房地(土地+建物),南投縣埔里鎮西安路一段３３０號,41.32,都市：其他:住宅區,,,1130903,土地1建物1車位0,全,三層,透天厝,住商用,鋼筋混凝土造,0870516,84.8,8,2,3,有,無,4500000,53066,,0.0,0,親友、員工、共有人或其他特殊關係間之交易；,RPQNMLLKRHJGFCM88DA,84.79,0.0,0.0,無,
名間鄉,土地,三崙段297地號,1056.43,,一般農業區,農牧用地,1130902,土地1建物0車位0,,,其他,,,,0.0,0,0,0,無,無,2730000,2584,,0.0,0,,RPROMLMJRHJGFAM88DA,0.0,0.0,0.0,無,
名間鄉,土地,新赤水段1663地號,23.98,,鄉村區,乙種建築用地,1130902,土地2建物0車位0,,,其他,,,,0.0,0,0,0,無,無,160000,6672,,0.0,0,親友、員工、共有人或其他特殊關係間之交易；,RPQNMLKKRHJGFAM68EA,0.0,0.0,0.0,無,
鹿谷鄉,土地,內樹皮段158-19地號,18.5,都市：其他:林業區,,,1130904,土地2建物0車位0,,,其他,,,,0.0,0,0,0,無,無,481278,26015,,0.0,0,,RPUNMLTJRHJGFDM57EA,0.0,0.0,0.0,無,001
竹山鎮,土地,番子田段599-1地號,2000.0,,山坡地保育區,林業用地,1130905,土地1建物0車位0,,,其他,,,,0.0,0,0,0,無,無,400000,200,,0.0,0,,RPRNMLTJRHJGFDM17DA,0.0,0.0,0.0,無,
中寮鄉,土地,新後寮段561-1地號,6.22,,鄉村區,乙種建築用地,1130901,土地1建物0車位0,,,其他,,,,0.0,0,0,0,無,無,35000,5627,,0.0,0,,RPWNMLMKRHJGFAM76DA,0.0,0.0,0.0,無,
集集鎮,土地,中溝段253地號,57.55,商,,,1130907,土地1建物0車位0,,,其他,,,,0.0,0,0,0,無,無,2630000,45699,,0.0,0,,RPPNMLRJRHJGFEM86DA,0.0,0.0,0.0,無,002
中寮鄉,土地,後寮段1059-2地號,2507.17,,山坡地保育區,農牧用地,1130902,土地3建物0車位0,,,其他,,,,0.0,0,0,0,無,無,2500000,997,,0.0,0,,RPVNMLMKRHJGFAM66DA,0.0,0.0,0.0,無,
埔里鎮,土地,籃城段913-2地號,200.16,,特定農業區,農牧用地,1130902,土地2建物0車位0,,,其他,,,,0.0,0,0,0,無,無,1029316,5142,,0.0,0,因辦理假地號之分割買賣合併所作之登記。,RPQNMLKKRHJGFCM78DA,0.0,0.0,0.0,無,
埔里鎮,土地,籃城段919-6地號,200.2,,特定農業區,農牧用地,1130902,土地2建物0車位0,,,其他,,,,0.0,0,0,0,無,無,1029537,5143,,0.0,0,因辦理假地號之分割買賣合併所作之登記。,RPRNMLKKRHJGFCM88DA,0.0,0.0,0.0,無,
竹山鎮,土地,延和段847-1地號,65.96,住,,,1130909,土地1建物0車位0,,,其他,,,,0.0,0,0,0,無,無,2100000,31837,,0.0,0,,RPPNMLMKRHJGFDM98DA,0.0,0.0,0.0,無,003
南投市,土地,南投段463-2地號,5.0,商,,,1130905,土地1建物0車位0,,,其他,,,,0.0,0,0,0,無,無,544500,108900,,0.0,0,,RPQNMLNKRHJGFAM98EA,0.0,0.0,0.0,無,
國姓鄉,土地,水長流段2324地號,1550.0,,山坡地保育區,農牧用地,1130903,土地1建物0車位0,,,其他,,,,0.0,0,0,0,無,無,500000,323,,0.0,0,親友、員工、共有人或其他特殊關係間之交易；農作物；,RPPOMLLKRHJGFCM88DA,0.0,0.0,0.0,無,
竹山鎮,土地,文田段1223-2地號,1056.0,,山坡地保育區,農牧用地,1130910,土地1建物0車位0,,,其他,,,,0.0,0,0,0,無,無,400000,379,,0.0,0,,RPPNMLSKRHJGFDM96DA,0.0,0.0,0.0,無,
南投市,土地,茄苳腳段460-18地號,102.0,,一般農業區,農牧用地,1130909,土地1建物0車位0,,,其他,,,,0.0,0,0,0,無,無,183600,1800,,0.0,0,,RPQNMLQKRHJGFAM66EA,0.0,0.0,0.0,無,
南投市,土地,光復段909地號,12.12,,鄉村區,乙種建築用地,1130828,土地1建物0車位0,,,其他,,,,0.0,0,0,0,無,無,367000,30281,,0.0,0,親友、員工、共有人或其他特殊關係間之交易；,RPTNMLQJRHJGFAM76DA,0.0,0.0,0.0,無,004
魚池鄉,土地,東池段1186-6地號,10.54,住,,,1130827,土地1建物0車位0,,,其他,,,,0.0,0,0,0,無,無,247690,23500,,0.0,0,政府機關標讓售；,RPWNMLKKRHJGFCM76DA,0.0,0.0,0.0,無,
竹山鎮,土地,文田段131-3地號,2020.0,,山坡地保育區,林業用地,1130810,土地1建物0車位0,,,其他,,,,0.0,0,0,0,無,無,560000,277,,0.0,0,,RPPNMLTJRHJGFDM96DA,0.0,0.0,0.0,無,005
水里鄉,土地,新上安段228地號,1371.02,,一般農業區,農牧用地,1130815,土地1建物0車位0,,,其他,,,,0.0,0,0,0,無,無,1360000,992,,0.0,0,,RPPNMLKKRHJGFEM88DA,0.0,0.0,0.0,無,
南投市,房地(土地+建物)+車位,南投縣南投市彰南路一段８６３號十樓之１,49.36,住,,,1130817,土地2建物1車位2,十層,十五層,住宅大樓(11層含以上有電梯),住家用,鋼筋混凝土造,1130326,236.61,4,2,2,有,有,18500000,89361,坡道平面,59.8,2700000,,RPUNMLTJRHJGFAM17DA,108.88,0.0,9.8,有,
中寮鄉,土地,中寮段792-9地號,7179.0,,山坡地保育區,農牧用地,1130803,土地1建物0車位0,,,其他,,,,0.0,0,0,0,無,無,3200000,446,,0.0,0,,RPVNMLTJRHJGFAM27DA,0.0,0.0,0.0,無,006
草屯鎮,土地,新南坪段90地號,778.79,,山坡地保育區,農牧用地,1130805,土地6建物0車位0,,,其他,,,,0.0,0,0,0,無,無,10000000,12840,,0.0,0,,RPXNMLOKQHJGFBM07DA,0.0,0.0,0.0,無,
草屯鎮,土地,中興段1807-4地號,205.0,住,,,1130820,土地2建物0車位0,,,其他,,,,0.0,0,0,0,無,無,23450000,114390,,0.0,0,,RPQNMLLLQHJGFBM78DA,0.0,0.0,0.0,無,
竹山鎮,土地,竹圍子段小段400-1地號,408.0,住,,,1130829,土地1建物0車位0,,,其他,,,,0.0,0,0,0,無,無,15920000,39020,,0.0,0,,RPSNMLTLQHJGFDM37DA,0.0,0.0,0.0,無,007
南投市,房地(土地+建物),南投縣南投市南陽路１３８號六樓,15.82,商,,,1130804,土地1建物1車位0,六層,十二層,住宅大樓(11層含以上有電梯),住家用,鋼筋混凝土造,0931228,147.18,4,2,2,有,有,8160000,55442,,0.0,0,,RPPNMLTJRHJGFAM76EA,106.15,0.0,8.23,有,
草屯鎮,房地(土地+建物),南投縣草屯鎮虎山路１０５號,86.07,住,,,1130813,土地1建物1車位0,全,四層,透天厝,住家用,鋼筋混凝土造,0680217,220.09,6,2,4,有,無,15000000,68154,,0.0,0,,RPPNMLTJRHJGFBM86EA,220.09,0.0,0.0,無,
竹山鎮,房地(土地+建物),南投縣竹山鎮集山路二段７９號,113.41,,鄉村區,乙種建築用地,1130822,土地1建物1車位0,全,四層,透天厝,住商用,鋼筋混凝土造,0800129,198.66,5,1,5,有,無,6800000,34229,,0.0,0,,RPPNMLTJRHJGFDM07EA,178.64,0.0,20.02,無,008
鹿谷鄉,土地,內樹皮段158-13地號,109.1,都市：其他:林業區,,,1130825,土地3建物0車位0,,,其他,,,,0.0,0,0,0,無,無,2838237,26015,,0.0,0,,RPTNMLTJRHJGFDM47EA,0.0,0.0,0.0,無,009
南投市,房地(土地+建物),南投縣南投市自強路三街１２４號五樓,29.82,住,,,1130810,土地1建物1車位0,五層,五層,公寓(5樓含以下無電梯),住家用,鋼筋混凝土造,0810805,92.71000000000001,2,2,2,有,無,2398000,25868,,0.0,0,,RPOOMLKLQHJGFAM48DA,76.57,0.0,7.35,無,010
南投市,房地(土地+建物),南投縣南投市南崗一路３６３巷５弄６號,214.0,住,,,1130822,土地1建物1車位0,全,五層,透天厝,住家用,鋼筋混凝土造,1050718,388.35,8,2,8,有,有,29880000,76941,,0.0,0,,RPXNMLMLQHJGFAM86DA,379.78,0.0,8.57,有,011
南投市,房地(土地+建物),南投縣南投市芳美路３９９巷３號,102.0,住,,,1130816,土地1建物1車位0,全,二層,透天厝,住家用,鋼筋混凝土造,0771213,117.75,4,3,2,有,無,7300000,61996,,0.0,0,其他增建；,RPPNMLLMQHJGFAM68DA,109.62,8.13,0.0,無,
南投市,房地(土地+建物),南投縣南投市育樂路１７２號五樓,12.36,商,,,1130816,土地1建物1車位0,五層,十二層,住宅大樓(11層含以上有電梯),住家用,鋼筋混凝土造,0931228,113.23,2,2,2,有,有,7000000,61821,,0.0,0,,RPSOMLMJRHJGFAM98DA,84.01,0.0,3.6,有,012
草屯鎮,房地(土地+建物),南投縣草屯鎮富春路４８巷２２號三樓之１,30.91,都市：其他:住宅區,,,1130801,土地1建物1車位0,三層,十一層,住宅大樓(11層含以上有電梯),住家用,鋼筋混凝土造,1041016,93.08,2,1,1,有,有,6180000,66394,,0.0,0,,RPSPMLQJRHJGFBM96DA,52.14,1.49,9.48,有,013
埔里鎮,房地(土地+建物),南投縣埔里鎮樹人三街１３７巷６號五樓之１３,11.75,都市：其他:住宅區,,,1130810,土地1建物1車位0,五層,八層,華廈(10層含以下有電梯),住家用,鋼筋混凝土造,0871231,76.57,1,1,1,有,有,3631400,47426,,0.0,0,,RPTNMLLKRHJGFCM56DA,48.75,0.0,4.65,有,
國姓鄉,土地,水長流段1664-1地號,6675.0,,山坡地保育區,農牧用地,1130820,土地1建物0車位0,,,其他,,,,0.0,0,0,0,無,無,1000000,150,,0.0,0,親友、員工、共有人或其他特殊關係間之交易；農作物；,RPUNMLLKRHJGFCM66DA,0.0,0.0,0.0,無,
埔里鎮,房地(土地+建物),南投縣埔里鎮中正路３６９號九樓之５,3.78,商,,,1130830,土地1建物1車位0,九層,十二層,住宅大樓(11層含以上有電梯),住家用,鋼筋混凝土造,0831013,36.589999999999996,1,1,1,有,有,1680000,45914,,0.0,0,,RPWNMLLKRHJGFCM86DA,23.65,0.0,0.0,有,
鹿谷鄉,土地,中湖段786地號,219.4,,一般農業區,丙種建築用地,1130819,土地1建物0車位0,,,其他,,,,0.0,0,0,0,無,無,2654740,12100,,0.0,0,,RPQNMLTKQHJGFDM07DA,0.0,0.0,0.0,無,014
竹山鎮,房地(土地+建物),南投縣竹山鎮東埔蚋路７１巷１９號,3299.3,,特定農業區,農牧用地,1130813,土地1建物1車位0,全,一層,透天厝,農業用,鋼骨造有牆,1130312,180.0,0,0,0,無,無,12000000,66667,,0.0,0,,RPUNMLTLQHJGFDM57DA,180.0,0.0,0.0,無,
竹山鎮,土地,大林段1129地號,902.27,,山坡地保育區,農牧用地,1130801,土地1建物0車位0,,,其他,,,,0.0,0,0,0,無,無,450000,499,,0.0,0,農作物；,RPPNMLLKRHJGFDM88DA,0.0,0.0,0.0,無,
名間鄉,房地(土地+建物),南投縣名間鄉彰南路３７０之１０號,91.13,,鄉村區,乙種建築用地,1130810,土地1建物1車位0,全,二層,透天厝,住商用,鋼筋混凝土造,0760630,130.5,4,3,2,有,無,5700000,43678,,0.0,0,頂樓加蓋；其他增建；,RPRNMLOKQHJGFAM98DA,130.5,0.0,0.0,無,
南投市,土地,新草尾嶺段63地號,22.54,,鄉村區,乙種建築用地,1130828,土地2建物0車位0,,,其他,,,,0.0,0,0,0,無,無,109120,4841,,0.0,0,,RPVNMLKMQHJGFAM56DA,0.0,0.0,0.0,無,015
南投市,房地(土地+建物),南投縣南投市南營路５９６巷３３號,108.73,,鄉村區,乙種建築用地,1130814,土地1建物1車位0,全,四層,透天厝,住家用,鋼筋混凝土造,1130318,270.79,5,3,4,有,無,20920000,77255,,0.0,0,,RPRNMLNJRHJGFAM88DA,247.86,0.0,22.93,無,
南投市,房地(土地+建物),南投縣南投市南營路５９６巷３５號,107.19,,鄉村區,乙種建築用地,1130814,土地1建物1車位0,全,四層,透天厝,住家用,鋼筋混凝土造,1130318,276.88,5,3,4,有,無,21800000,78734,,0.0,0,,RPTNMLNJRHJGFAM09DA,253.3,0.0,23.58,無,
草屯鎮,土地,隘寮段100地號,172.53,都市：其他:住宅區,,,1130815,土地1建物0車位0,,,其他,,,,0.0,0,0,0,無,無,6500000,37675,,0.0,0,,RPOOMLPKQHJGFBM98DA,0.0,0.0,0.0,無,
草屯鎮,房地(土地+建物)+車位,南投縣草屯鎮富春路４８巷２２號七樓之２,41.8,都市：其他:住宅區,,,1130804,土地1建物1車位1,七層,十一層,住宅大樓(11層含以上有電梯),住家用,鋼筋混凝土造,1041016,163.29,3,2,2,有,有,9200000,56341,一樓平面,37.15,0,,RPUQMLQJRHJGFBM27DA,75.02,3.93,6.46,有,016
埔里鎮,房地(土地+建物)+車位,南投縣埔里鎮珠生路７８巷２６號,129.23,,山坡地保育區,丙種建築用地,1130821,土地3建物1車位1,全,三層,透天厝,住家用,鋼筋混凝土造,0930712,139.31,4,2,3,有,無,6300000,45223,一樓平面,0.0,0,,RPPNMLTJRHJGFCM86DA,124.13,0.0,15.18,無,017
埔里鎮,房地(土地+建物),南投縣埔里鎮中心路１６之８號,90.11,,特定農業區,甲種建築用地,1130817,土地1建物1車位0,全,三層,透天厝,住家用,鋼筋混凝土造,0871116,184.07,4,3,3,有,無,9350000,50796,,0.0,0,,RPQNMLMKRHJGFCM98DA,165.76,6.83,11.48,無,
埔里鎮,土地,籃城段1329-1地號,547.47,,鄉村區,乙種建築用地,1130805,土地3建物0車位0,,,其他,,,,0.0,0,0,0,無,無,1970883,3600,,0.0,0,土地上未登記建物未一併過戶。親友、員工、共有人或其他特殊關係間之交易；,RPSNMLMKRHJGFCM56DA,0.0,0.0,0.0,無,
竹山鎮,土地,雲林段1050地號,155.0,住,,,1130808,土地1建物0車位0,,,其他,,,,0.0,4,1,4,有,無,2440000,15742,,0.0,0,親友、員工、共有人或其他特殊關係間之交易；未登記建物；,RPQNMLPKQHJGFDM66DA,0.0,0.0,0.0,無,
竹山鎮,房地(土地+建物),南投縣竹山鎮民生巷５５之１１號,392.51,,鄉村區,乙種建築用地,1130820,土地1建物1車位0,全,一層,透天厝,商業用,鋼造,,105.6,1,1,1,有,無,4800000,45455,,0.0,0,,RPPNMLKKRHJGFDM88EA,105.6,0.0,0.0,無,018
中寮鄉,土地,分水寮段365-3地號,8783.0,,山坡地保育區,林業用地,1130819,土地1建物0車位0,,,其他,,,,0.0,0,0,0,無,無,1000000,114,,0.0,0,,RPOOMLTKQHJGFAM66DA,0.0,0.0,0.0,無,
南投市,房地(土地+建物),南投縣南投市文化路１７巷１８號,86.27,住,,,1130813,土地3建物1車位0,全,三層,透天厝,住家用,鋼筋混凝土造,0840915,226.53,4,2,3,有,有,8080000,35669,,0.0,0,其他增建；,RPQNMLMKRHJGFAM78DA,198.56,2.0,10.88,無,
草屯鎮,房地(土地+建物),南投縣草屯鎮平等街１７７號七樓之１３,20.85,都市：其他:住宅區,,,1130815,土地1建物1車位0,七層,十層,華廈(10層含以下有電梯),住家用,鋼筋混凝土造,0821029,122.78,3,2,2,有,有,5200000,42352,,0.0,0,,RPTOMLTKQHJGFBM27DA,91.32,3.38,9.51,有,
草屯鎮,土地,草屯段737-61地號,72.0,都市：其他:道路用地,,,1130826,土地3建物0車位0,,,其他,,,,0.0,0,0,0,無,無,1158192,16086,,0.0,0,包含公共設施保留地用地；,RPPNMLLKRHJGFBM68DA,0.0,0.0,0.0,無,
中寮鄉,土地,鄉親寮段246地號,2512.0,,山坡地保育區,農牧用地,1130804,土地4建物0車位0,,,其他,,,,0.0,0,0,0,無,無,2900000,1154,,0.0,0,農作物；,RPRNMLMJRHJGFAM78DA,0.0,0.0,0.0,無,
南投市,房地(土地+建物),南投縣南投市民族路１８巷１２號,57.0,住,,,1130816,土地1建物1車位0,全,二層,透天厝,住家用,加強磚造,0590112,89.47,3,2,2,有,無,3800000,42472,,0.0,0,,RPSNMLMKRHJGFAM98DA,89.47,0.0,0.0,無,
南投市,土地,光復段108-1地號,2372.0,,特定農業區,農牧用地,1130803,土地1建物0車位0,,,其他,,,,0.0,0,0,0,無,無,27000000,11383,,0.0,0,,RPUNMLMKRHJGFAM56DA,0.0,0.0,0.0,無,
草屯鎮,房地(土地+建物),南投縣草屯鎮忠孝街３５０號,78.0,都市：其他:住宅區,,,1130818,土地1建物1車位0,全,五層,透天厝,住商用,鋼筋混凝土造,0861128,243.61,4,3,4,有,無,17000000,69784,,0.0,0,其他增建；,RPPNMLKMQHJGFBM68DA,214.57,0.0,29.04,無,
草屯鎮,房地(土地+建物)+車位,南投縣草屯鎮虎山路４３７號八樓之１,16.72,都市：其他:住宅區,,,1130811,土地1建物1車位1,八層,八層,華廈(10層含以下有電梯),住家用,鋼筋混凝土造,0870630,101.86,3,2,1,有,有,5900000,57923,坡道機械,0.0,0,,RPPNMLLMQHJGFBM78DA,66.7,0.0,7.07,有,019
竹山鎮,房地(土地+建物),南投縣竹山鎮東鄉路１２之１９巷１號八樓之２,16.78,住,,,1130812,土地1建物1車位0,八層,八層,華廈(10層含以下有電梯),住家用,鋼筋混凝土造,0850321,105.52,3,1,2,有,有,2800000,26535,,0.0,0,,RPQNMLNJRHJGFDM09DA,64.36,3.19,9.0,有,020
南投市,房地(土地+建物)+車位,南投縣南投市南新路２９３巷２弄１３號,97.09,住,,,1130802,土地2建物1車位1,全,三層,透天厝,住家用,鋼筋混凝土造,1090422,220.5,5,2,3,有,有,13500000,61224,坡道平面,13.76,0,親友、員工、共有人或其他特殊關係間之交易；,RPRNMLNKRHJGFAM09EA,157.56,0.0,6.49,無,021
南投市,土地,茄苳腳段27-6地號,5277.57,,特定農業區,農牧用地,1130801,土地3建物0車位0,,,其他,,,,0.0,0,0,0,無,無,29000000,5495,,0.0,0,含土地增值稅或其他稅費491795元；,RPPNMLQKRHJGFAM56EA,0.0,0.0,0.0,無,
南投市,房地(土地+建物),南投縣南投市東山路一街６４號,104.3,,鄉村區,乙種建築用地,1130816,土地1建物1車位0,全,二層,透天厝,住家用,鋼筋混凝土加強磚造,,101.78,3,2,2,有,無,2440000,23973,,0.0,0,親友、員工、共有人或其他特殊關係間之交易；,RPRNMLTKQHJGFAM86DA,101.78,0.0,0.0,無,
南投市,房地(土地+建物),南投縣南投市信義街１號十三樓之９,11.48,住,,,1130815,土地1建物1車位0,十三層,十四層,住宅大樓(11層含以上有電梯),住家用,鋼筋混凝土造,0821110,91.64,3,2,2,有,有,5000000,54561,,0.0,0,,RPPNMLRKRHJGFAM56DA,62.52,0.0,8.73,有,
國姓鄉,土地,水長流段2181地號,450.0,,山坡地保育區,丙種建築用地,1130824,土地1建物0車位0,,,其他,,,,0.0,0,0,0,無,無,3050000,6778,,0.0,0,,RPTNMLQLQHJGFCM07DA,0.0,0.0,0.0,無,
埔里鎮,房地(土地+建物),南投縣埔里鎮同聲路５之５號,125.12,都市：其他:住宅區,,,1130809,土地2建物1車位0,全,二層,透天厝,住家用,鋼筋混凝土造,0790328,138.86,5,3,3,有,無,6800000,48970,,0.0,0,其他增建：防火巷頂樓加蓋；其他增建；,RPPNMLOJRHJGFCM98DA,138.86,0.0,0.0,無,
埔里鎮,房地(土地+建物),南投縣埔里鎮內埔路５之３號,2308.98,,特定農業區,農牧用地,1130801,土地2建物1車位0,全,一層,透天厝,農業用,鋼骨造有牆,1040204,74.94,0,0,0,無,無,9778440,130484,,0.0,0,,RPSNMLPJRHJGFCM76DA,74.94,0.0,0.0,無,
埔里鎮,土地,南村段113地號,14.99,,特定農業區,農牧用地,1130826,土地1建物0車位0,,,其他,,,,0.0,0,0,0,無,無,25821,1723,,0.0,0,早期買賣，至今過戶。,RPWNMLNKRHJGFCM07DA,0.0,0.0,0.0,無,
南投市,土地,首區段33地號,168.32,住,,,1130707,土地1建物0車位0,,,其他,,,,0.0,0,0,0,無,無,15270000,90720,,0.0,0,,RPUNMLNJRHJGFAM56DA,0.0,0.0,0.0,無,
中寮鄉,房地(土地+建物),南投縣中寮鄉永平路４４１之２３巷８號,108.75,,鄉村區,乙種建築用地,1130723,土地2建物1車位0,全,三層,透天厝,住家用,鋼筋混凝土造,0920422,160.17,4,3,3,有,無,7600000,47450,,0.0,0,,RPPNMLTJRHJGFAM66DA,157.52,0.0,2.65,無,
草屯鎮,土地,青宅段848地號,1317.25,,特定農業區,農牧用地,1130716,土地1建物0車位0,,,其他,,,,0.0,0,0,0,無,無,16000000,12147,,0.0,0,農作物；農業設施；,RPPNMLTJRHJGFBM76DA,0.0,0.0,0.0,無,
埔里鎮,土地,向善段1005地號,1552.36,,特定農業區,農牧用地,1130726,土地3建物0車位0,,,其他,,,,0.0,0,0,0,無,無,5000000,3221,,0.0,0,,RPQNMLMKQHJGFCM88DA,0.0,0.0,0.0,無,
國姓鄉,房地(土地+建物),南投縣國姓鄉國姓路１６１之２２號,94.76,,山坡地保育區,丙種建築用地,1130715,土地2建物1車位0,全,三層,透天厝,住家用,鋼筋混凝土造,0840914,135.94,4,1,3,有,無,4580000,33691,,0.0,0,,RPQNMLQJRHJGFCM66DA,112.5,8.39,15.05,無,022
南投市,土地,南投段266-3地號,229.0,住,,,1130711,土地2建物0車位0,,,其他,,,,0.0,0,0,0,無,無,5600000,24454,,0.0,0,,RPSOMLLKPHJGFAM78DA,0.0,0.0,0.0,無,
南投市,房地(土地+建物)+車位,南投縣南投市彰南路一段８６３號十樓之５,36.87,住,,,1130722,土地2建物1車位1,十層,十五層,住宅大樓(11層含以上有電梯),住家用,鋼筋混凝土造,1130326,162.02,3,2,2,有,有,13100000,88934,坡道平面,29.9,1350000,,RPQNMLLJQHJGFAM48DA,81.73,0.0,6.95,有,
草屯鎮,房地(土地+建物),南投縣草屯鎮民生一街６２巷９號,143.0,住,,,1130722,土地1建物1車位0,全,四層,透天厝,住家用,鋼筋混凝土造,1110607,348.25,4,4,6,有,無,33000000,94760,,0.0,0,,RPTNMLLJQHJGFBM88DA,320.52,0.0,27.73,有,023
草屯鎮,土地,北投段1666地號,2574.0,,特定農業區,農牧用地,1130716,土地1建物0車位0,,,其他,,,,0.0,0,0,0,無,無,23998000,9323,,0.0,0,,RPRNMLTJRHJGFBM96DA,0.0,0.0,0.0,無,
埔里鎮,房地(土地+建物)+車位,南投縣埔里鎮漢中街２之７號九樓之１,21.24,住,,,1130731,土地1建物1車位1,九層,十三層,住宅大樓(11層含以上有電梯),住家用,鋼筋混凝土造,0830707,135.52,3,2,2,有,有,5350000,39478,坡道平面,0.0,0,,RPPNMLOJQHJGFCM88DA,85.46,1.19,10.14,有,024
魚池鄉,土地,大雁段136-4地號,4314.0,,山坡地保育區,林業用地,1130705,土地1建物0車位0,,,其他,,,,0.0,0,0,0,無,無,13200000,3060,,0.0,0,,RPSNMLOKQHJGFCM66DA,0.0,0.0,0.0,無,
魚池鄉,土地,大雁段136-11地號,757.0,,山坡地保育區,林業用地,1130705,土地3建物0車位0,,,其他,,,,0.0,0,0,0,無,無,2320000,3065,,0.0,0,,RPUNMLOKQHJGFCM86DA,0.0,0.0,0.0,無,
埔里鎮,土地,珠格段1868地號,159.09,,特定農業區,農牧用地,1130729,土地1建物0車位0,,,其他,,,,0.0,0,0,0,無,無,1360000,8549,,0.0,0,,RPUNMLQLQHJGFCM17DA,0.0,0.0,0.0,無,025
埔里鎮,房地(土地+建物),南投縣埔里鎮樹人三街１３７巷６號四樓之１５,12.35,都市：其他:住宅區,,,1130730,土地1建物1車位0,四層,八層,華廈(10層含以下有電梯),住家用,鋼筋混凝土造,0871231,80.59,1,1,1,有,有,3750000,46532,,0.0,0,,RPVNMLKKRHJGFCM66DA,51.58,0.0,4.94,有,
竹山鎮,土地,新勞水坑段1232地號,5249.8,,山坡地保育區,農牧用地,1130729,土地2建物0車位0,,,其他,,,,0.0,0,0,0,無,無,1500000,286,,0.0,0,農作物；,RPQNMLTJRHJGFDM07DA,0.0,0.0,0.0,無,026
南投市,房地(土地+建物)+車位,南投縣南投市彰南路一段８６３號七樓之３,36.9,住,,,1130716,土地2建物1車位1,七層,十五層,住宅大樓(11層含以上有電梯),住家用,鋼筋混凝土造,1130326,162.05,3,2,2,有,有,12500000,85509,坡道平面,29.9,1200000,,RPPNMLLJQHJGFAM38DA,81.76,0.0,6.95,有,
魚池鄉,土地,大雁段18-6地號,3540.0,,山坡地保育區,農牧用地,1130705,土地1建物1車位0,一層，二層,二層,其他,農舍,鋼骨鋼筋混凝土造,1060918,319.2,0,0,0,無,無,12080000,3412,,0.0,0,,RPTNMLOKQHJGFCM76DA,0.0,0.0,0.0,無,
魚池鄉,土地,大雁段136-6地號,3954.0,,山坡地保育區,林業用地,1130705,土地1建物0車位1,,,其他,,,,0.0,5,2,5,有,無,36000000,9105,一樓平面,0.0,0,,RPXNMLMJRHJGFCM96DA,0.0,0.0,0.0,無,
埔里鎮,房地(土地+建物),南投縣埔里鎮向善路４６之１號,623.32,,特定農業區,農牧用地,1130716,土地4建物1車位0,全,二層,透天厝,農業用,加強磚造,0850502,121.67,6,3,4,有,無,8250000,67806,,0.0,0,頂樓加蓋；其他增建；,RPTNMLKKRHJGFCM09DA,121.67,0.0,0.0,無,
埔里鎮,房地(土地+建物),南投縣埔里鎮東華路３１號,42.03,住,,,1130724,土地1建物1車位0,全,三層,透天厝,住商用,鋼筋混凝土造,0900402,102.34,4,2,3,有,無,6800000,66445,,0.0,0,其他增建,RPOOMLLKRHJGFCM78DA,102.34,0.0,0.0,無,027
竹山鎮,土地,和興段537地號,4461.19,,特定農業區,農牧用地,1130708,土地3建物0車位0,,,其他,,,,0.0,0,0,0,無,無,6500000,1457,,0.0,0,和興段536、537地號價金2330000元和興段540地號價金4170000元,RPQNMLMKRHJGFDM09DA,0.0,0.0,0.0,無,
南投市,土地,三塊厝段77-6地號,22.85,商,,,1130716,土地4建物0車位0,,,其他,,,,0.0,0,0,0,無,無,571200,24998,,0.0,0,南投市三塊厝段77地號出售價格新台幣參拾萬元整。南投市三塊厝段77-1地號出售價格新台幣捌萬玖仟玖百伍拾元整。南投市三塊厝段77-6地號出售價格新台幣壹拾陸萬壹仟陸百參拾陸元整。南投市三塊厝段77-41地號出售價格新台幣壹萬玖仟陸百壹拾肆元整。,RPWNMLOJRHJGFAM86DA,0.0,0.0,0.0,無,
仁愛鄉,土地,松岡段511-63地號,1791.0,,山坡地保育區,農牧用地,1130722,土地1建物0車位0,,,其他,,,,0.0,0,0,0,無,無,9000000,5025,,0.0,0,農作物；,RPPNMLKKRHJGFCM68DA,0.0,0.0,0.0,無,
埔里鎮,土地,八股段114地號,326.63,,特定農業區,甲種建築用地,1130731,土地1建物0車位0,,,其他,,,,0.0,0,0,0,無,無,7000000,21431,,0.0,0,,RPXNMLLKRHJGFCM96DA,0.0,0.0,0.0,無,
竹山鎮,土地,新桶頭段345地號,3528.4,,山坡地保育區,農牧用地,1130717,土地2建物0車位0,,,其他,,,,0.0,0,0,0,無,無,1000000,283,,0.0,0,農作物；,RPSNMLMKRHJGFDM66DA,0.0,0.0,0.0,無,028
名間鄉,土地,新下段487-2地號,880.53,,一般農業區,農牧用地,1130707,土地1建物0車位0,,,其他,,,,0.0,0,0,0,無,無,2200000,2498,,0.0,0,,RPRNMLMKRHJGFAM88DA,0.0,0.0,0.0,無,
南投市,房地(土地+建物),南投縣南投市信義街１８７號,61.0,住,,,1130726,土地1建物1車位0,全,一層,透天厝,住家用,鋼骨造,1080401,33.04,0,0,0,無,無,5000000,151332,,0.0,0,,RPOOMLMKRHJGFAM68DA,33.04,0.0,0.0,無,
草屯鎮,房地(土地+建物),南投縣草屯鎮中正路２２２之１１號,93.56,,鄉村區,乙種建築用地,1130727,土地2建物1車位0,全,四層,透天厝,住家用,鋼筋混凝土造,1120721,172.73,4,3,3,有,無,11700000,67736,,0.0,0,,RPSNMLMLQHJGFBM09DA,161.45,0.0,11.28,無,029
草屯鎮,土地,南坪段1103地號,2314.96,,山坡地保育區,農牧用地,1130726,土地1建物0車位0,,,其他,,,,0.0,0,0,0,無,無,1800000,778,,0.0,0,,RPWQMLPJRHJGFBM37DA,0.0,0.0,0.0,無,
南投市,土地,施厝坪段267地號,299.51,,,,1130704,土地1建物0車位0,,,其他,,,,0.0,0,0,0,無,無,3780000,12621,,0.0,0,,RPQNMLMJRHJGFAM68DA,0.0,0.0,0.0,無,
南投市,土地,內新段1317-1地號,86.41,,鄉村區,乙種建築用地,1130722,土地1建物0車位0,,,其他,,,,0.0,0,0,0,無,無,1280000,14813,,0.0,0,,RPTNMLMKRHJGFAM09DA,0.0,0.0,0.0,無,
草屯鎮,房地(土地+建物),南投縣草屯鎮仁愛街６７巷９號,79.0,都市：其他:住宅區,,,1130727,土地1建物1車位0,全,二層,透天厝,住家用,鋼筋混凝土加強磚造,0690917,75.78,4,2,2,有,無,5800000,76537,,0.0,0,頂樓加蓋；其他增建；,RPSOMLTKQHJGFBM17DA,75.78,0.0,0.0,無,
竹山鎮,房地(土地+建物),南投縣竹山鎮集山路三段２０７之９號,116.08,住,,,1130725,土地1建物1車位0,全,三層,透天厝,住家用,鋼筋混凝土造,1070829,226.11,0,0,0,無,無,14180000,62713,,0.0,0,,RPPNMLLJQHJGFDM68DA,222.3,0.0,3.81,無,
名間鄉,土地,埔中段180地號,267.58,,一般農業區,丙種建築用地,1130716,土地1建物0車位0,,,其他,,,,0.0,0,0,0,無,無,400000,1495,,0.0,0,親友、員工、共有人或其他特殊關係間之交易；,RPTOMLPKPHJGFAM66DA,0.0,0.0,0.0,無,
南投市,房地(土地+建物),南投縣南投市吉利路４１７巷３３號,331.47,,山坡地保育區,丙種建築用地,1130701,土地1建物1車位0,全,二層,透天厝,住家用,鋼筋混凝土造,0920710,281.07,5,2,4,有,無,16000000,56925,,0.0,0,,RPQNMLKLQHJGFAM58DA,255.6,0.0,25.47,無,
草屯鎮,房地(土地+建物),南投縣草屯鎮新生路２４３號,89.0,都市：其他:住宅區,,,1130721,土地1建物1車位0,全,三層,透天厝,住家用,鋼筋混凝土造,1130403,184.54,4,3,5,有,無,19400000,105126,,0.0,0,,RPQNMLTJQHJGFBM76DA,173.88,0.0,10.66,無,
草屯鎮,土地,土城段169地號,107.86,,特定農業區,農牧用地,1130712,土地1建物0車位0,,,其他,,,,0.0,0,0,0,無,無,100000,927,,0.0,0,農作物；,RPPNMLSKRHJGFBM76DA,0.0,0.0,0.0,無,
埔里鎮,房地(土地+建物),南投縣埔里鎮枇杷一巷２號,139.39,,特定農業區,甲種建築用地,1130722,土地1建物1車位0,全,一層,透天厝,住家用,磚造,0640915,55.51,3,2,1,有,無,5500000,99081,,0.0,0,,RPPNMLQKRHJGFCM66DA,55.51,0.0,0.0,無,
埔里鎮,土地,桃米坑段5-647地號,1995.0,,山坡地保育區,農牧用地,1130625,土地1建物0車位0,,,其他,,,,0.0,0,0,0,無,無,700000,351,,0.0,0,,RPOOMLKKPHJGFCM48DA,0.0,0.0,0.0,無,
竹山鎮,土地,吉祥段105地號,1562.46,農,,,1130628,土地3建物0車位0,,,其他,,,,0.0,0,0,0,無,無,550000,352,,0.0,0,因移轉所生之土地增值稅、土地整地、廢棄物清運、鑑界等全部費用由承買人負擔。,RPUNMLTJRHJGFDM47DA,0.0,0.0,0.0,無,
埔里鎮,土地,南村段593地號,2992.08,,特定農業區,農牧用地,1130613,土地1建物0車位0,,,其他,,,,0.0,0,0,0,無,無,20364844,6806,,0.0,0,,RPQNMLNLQHJGFCM09DA,0.0,0.0,0.0,無,
埔里鎮,土地,南村段609地號,134.38,,特定農業區,甲種建築用地,1130613,土地1建物0車位0,,,其他,,,,0.0,0,0,0,無,無,3315202,24670,,0.0,0,,SPQNMLNLQHJGFCM56DA,0.0,0.0,0.0,無,
竹山鎮,土地,吉祥段178地號,392.2,工,,,1130628,土地1建物0車位0,,,其他,,,,0.0,0,0,0,無,無,5000000,12749,,0.0,0,因移轉所生之土地增值稅、土地整地、廢棄物清運、鑑界等全部費用由承買人負擔。,RPTNMLTJRHJGFDM37DA,0.0,0.0,0.0,無,
埔里鎮,土地,南村段507地號,3483.61,,特定農業區,農牧用地,1130612,土地1建物0車位0,,,其他,,,,0.0,0,0,0,無,無,36880000,10587,,0.0,0,農作物無價值。農作物；,RPVNMLOJRHJGFCM96DA,0.0,0.0,0.0,無,
埔里鎮,房地(土地+建物),南投縣埔里鎮民權路１０９號,74.7,都市：其他:住宅區,,,1130630,土地1建物1車位0,全,五層,透天厝,住家用,鋼筋混凝土造,0930115,189.55,5,2,3,有,無,13940000,73543,,0.0,0,親友、員工、共有人或其他特殊關係間之交易；,RPQNMLMJRHJGFCM88DA,167.95,0.0,21.6,無,
鹿谷鄉,土地,興產段533-8地號,61.4,商,,,1130612,土地3建物0車位0,,,其他,,,,0.0,0,0,0,無,無,2200000,35831,,0.0,0,親友、員工、共有人或其他特殊關係間之交易；,RPPNMLNKRHJGFDM56EA,0.0,0.0,0.0,無,
草屯鎮,房地(土地+建物),南投縣草屯鎮富中路３３９巷２２號,119.47,都市：其他:住宅區,,,1130624,土地7建物1車位0,全,三層,透天厝,住家用,鋼筋混凝土造,1070822,177.39000000000001,5,3,4,有,無,9600000,54118,,0.0,0,,RPPNMLNKRHJGFBM88DA,177.24,0.0,0.0,無,030
國姓鄉,土地,北港溪段65-15地號,12252.0,,山坡地保育區,農牧用地,1130609,土地3建物0車位0,,,其他,,,,0.0,0,0,0,無,無,12700000,1037,,0.0,0,農作物；,RPVNMLQLQHJGFCM27DA,0.0,0.0,0.0,無,
埔里鎮,土地,南村段372地號,2605.16,,特定農業區,農牧用地,1130612,土地1建物0車位0,,,其他,,,,0.0,0,0,0,無,無,14500000,5566,,0.0,0,,RPPNMLSKRHJGFCM86DA,0.0,0.0,0.0,無,
埔里鎮,土地,南村段368地號,7758.66,,特定農業區,農牧用地,1130612,土地1建物0車位0,,,其他,,,,0.0,0,0,0,無,無,35204919,4537,,0.0,0,農作物；含租約；,RPQNMLSKRHJGFCM96DA,0.0,0.0,0.0,無,
名間鄉,土地,名山段115地號,66.22,,特定農業區,水利用地,1130529,土地1建物0車位0,,,其他,,,,0.0,0,0,0,無,無,150000,2265,,0.0,0,,RPPNMLQJRHJGFAM09EA,0.0,0.0,0.0,無,
埔里鎮,土地,籃城段1120-1地號,17.51,,鄉村區,乙種建築用地,1130514,土地1建物0車位0,,,其他,,,,0.0,0,0,0,無,無,480000,27413,,0.0,0,,RPRNMLLKRHJGFCM98DA,0.0,0.0,0.0,無,
水里鄉,土地,新郡坑段225-4地號,1673.43,,山坡地保育區,農牧用地,1130530,土地1建物0車位0,,,其他,,,,0.0,0,0,0,無,無,200811,120,,0.0,0,每分地以新台幣12萬元計算。,RPPNMLMKRHJGFEM09DA,0.0,0.0,0.0,無,
草屯鎮,房地(土地+建物)+車位,南投縣草屯鎮坪巷９之４８號十二樓之１,27.97,,鄉村區,乙種建築用地,1130520,土地1建物1車位1,十二層,十二層,住宅大樓(11層含以上有電梯),住家用,鋼筋混凝土造,1130501,118.6,2,2,1,有,有,7050000,59886,坡道機械,15.07,850000,預售屋、或土地及建物分件登記案件；,RPOOMLQJRHJGFBM09DA,60.7,0.0,7.25,有,
埔里鎮,土地,梅林段186地號,2408.92,都市：其他:農業區,,,1130513,土地2建物0車位0,,,其他,,,,0.0,0,0,0,無,無,41590000,17265,,0.0,0,農作物；,RPXNMLSJQHJGFCM47DA,0.0,0.0,0.0,無,
埔里鎮,土地,梅林段445地號,218.93,都市：其他:農業區,,,1130513,土地1建物0車位0,,,其他,,,,0.0,0,0,0,無,無,6600000,30147,,0.0,0,附贈道路及溝渠用路梅林段442，444地號二筆土地未登記建物；農作物；,RPPOMLSJQHJGFCM76DA,0.0,0.0,0.0,無,
中寮鄉,土地,義民段375地號,430.24,住,,,1130427,土地1建物0車位0,,,其他,,,,0.0,0,0,0,無,無,7000000,16270,,0.0,0,,RPWNMLMJRHJGFAM66DA,0.0,0.0,0.0,無,
集集鎮,土地,文昌段340地號,224.05,住,,,1130324,土地3建物0車位0,,,其他,,,,0.0,0,0,0,無,無,4910000,21915,,0.0,0,,RPPNMLSJRHJGFEM96DA,0.0,0.0,0.0,無,
中寮鄉,土地,分水寮段371地號,14979.0,,山坡地保育區,農牧用地,1130301,土地1建物0車位0,,,其他,,,,0.0,0,0,0,無,無,6190000,413,,0.0,0,,RPSOMLMKMHJGFAM58DA,0.0,0.0,0.0,無,031
草屯鎮,房地(土地+建物)+車位,南投縣草屯鎮坪巷９之４８號十一樓之１,27.97,,鄉村區,乙種建築用地,1130314,土地1建物1車位1,十一層,十二層,住宅大樓(11層含以上有電梯),住家用,鋼筋混凝土造,1130501,118.6,2,2,1,有,有,7250000,61818,坡道機械,15.07,850000,預售屋、或土地及建物分件登記案件；,RPVNMLQJRHJGFBM07DA,60.7,0.0,7.25,有,
南投市,土地,內新段56地號,343.2,住,,,1130219,土地1建物0車位0,,,其他,,,,0.0,0,0,0,無,無,26462000,77104,,0.0,0,,RPXNMLQJLHJGFAM56DA,0.0,0.0,0.0,無,
南投市,土地,光大段747地號,476.39,住,,,1130126,土地3建物0車位0,,,其他,,,,0.0,0,0,0,無,無,22100000,46391,,0.0,0,,RPRNMLKKRHJGFAM68DA,0.0,0.0,0.0,無,
草屯鎮,房地(土地+建物)+車位,南投縣草屯鎮坪巷９之４８號八樓之１,31.79,,鄉村區,乙種建築用地,1121224,土地1建物1車位1,八層,十二層,住宅大樓(11層含以上有電梯),住家用,鋼筋混凝土造,1130501,132.28,3,2,2,有,有,7600000,57589,坡道機械,15.07,850000,預售屋、或土地及建物分件登記案件；,RPVOMLOJRHJGFBM96DA,68.46,0.0,8.44,有,
南投市,房地(土地+建物),南投縣南投市順溪北路一段６巷１號,7134.94,,山坡地保育區,農牧用地,1121220,土地2建物1車位0,全,一層,透天厝,農業用,鋼骨造,0981231,120.0,0,1,0,有,無,40000000,333333,,0.0,0,,RPTNMLQKRHJGFAM86DA,120.0,0.0,0.0,無,
南投市,土地,軍功段94地號,230.96,,鄉村區,乙種建築用地,1120103,土地1建物0車位0,,,其他,,,,0.0,0,0,0,無,無,4290000,18575,,0.0,0,未登記建物；,RPSNMLPJKIIGFAM48DA,0.0,0.0,0.0,無,
草屯鎮,房地(土地+建物)+車位,南投縣草屯鎮坪巷９之４８號十二樓之３,26.17,,鄉村區,乙種建築用地,1110415,土地1建物1車位1,十二層,十二層,住宅大樓(11層含以上有電梯),住家用,鋼筋混凝土造,1130501,112.34,2,2,1,有,有,6500000,58086,坡道機械,15.07,850000,預售屋、或土地及建物分件登記案件；,RPQOMLQJRHJGFBM66DA,56.85,0.0,7.08,有,
南投市,房地(土地+建物)+車位,南投縣南投市彰南路一段８６３號二樓之１,49.74,住,,,1110326,土地2建物1車位1,二層,十五層,住宅大樓(11層含以上有電梯),住家用,鋼筋混凝土造,1130326,208.05,4,2,2,有,有,12060000,61521,坡道平面,29.9,1100000,預售屋、或土地及建物分件登記案件；,RPQNMLTJRHJGFAM76DA,108.81,0.0,10.74,有,
草屯鎮,房地(土地+建物)+車位,南投縣草屯鎮坪巷９之４８號九樓之７,34.44,,鄉村區,乙種建築用地,1090803,土地1建物1車位1,九層,十二層,住宅大樓(11層含以上有電梯),住家用,鋼筋混凝土造,1130501,157.31,3,2,2,有,有,7500000,50314,坡道平面,30.11,1100000,,RPTNMLQJRHJGFBM86DA,75.6,0.0,8.04,有,
