﻿編號,土地位置,土地移轉面積平方公尺,使用分區或編定,權利人持分分母,權利人持分分子,移轉情形,地號
The serial number, land position,land shifting area square meter,the use zoning or compiles and checks,,,,land parcel
RPTNMLLKRHJGFGN07DA,和寮段,2172.00,非都市：一般農業區 ; 非都市編定：農牧用地,1,1,全筆移轉,06780000
RPOPMLPJRHJGFDN76DA,江夏段,7.94,非都市：鄉村區 ; 非都市編定：乙種建築用地,352,7,持分移轉,02640000
RPOPMLPJRHJGFDN76DA,江夏段,26.57,非都市：鄉村區 ; 非都市編定：乙種建築用地,44,1,持分移轉,02650000
RPSOMLMKRHJGFAN56DA,南郭段南郭小段,2.00,都市：其他:住宅區,1,1,全筆移轉,05650226
RPPOMLTJRHJGFFN37DA,和平段,57.00,非都市：特定農業區 ; 非都市編定：甲種建築用地,1,1,全筆移轉,12090000
RPRNMLNKRHJGFCN66DA,崙海段,5535.00,非都市：工業區 ; 非都市編定：丁種建築用地,1,1,全筆移轉,00210053
RPPNMLLKRHJGFEN09DA,文聖段,89.87,都市：其他:住宅區,1,1,全筆移轉,04800000
RPRNMLNKRHJGFFN96DA,福德段,617.00,非都市：特定農業區 ; 非都市編定：農牧用地,1,1,全筆移轉,06450000
RPRNMLNKRHJGFFN96DA,福德段,318.00,非都市：特定農業區 ; 非都市編定：農牧用地,1,1,全筆移轉,06460000
RPXNMLKKRHJGFBN86DA,福馬段,55.86,非都市：鄉村區 ; 非都市編定：乙種建築用地,1,1,全筆移轉,05610000
RPXNMLKKRHJGFBN86DA,福馬段,59.76,非都市：鄉村區 ; 非都市編定：乙種建築用地,1,1,全筆移轉,05690000
RPPPMLPJRHJGFAN56DA,東興段,36.97,都市：其他:住宅區,32,1,持分移轉,07890000
RPTNMLMKRHJGFFN07DA,光復段,31.84,都市：其他:住宅區,145700,3184,持分移轉,07160000
RPRNMLNKRHJGFGN07DA,上興段,3700.00,非都市：一般農業區 ; 非都市編定：農牧用地,1,1,全筆移轉,02630000
RPUPMLQKRHJGFDN57DA,三和段,2148.00,非都市：特定農業區 ; 非都市編定：農牧用地,1,1,全筆移轉,00750000
RPWOMLTKQHJGFAN57DA,大德段,10.32,非都市：山坡地保育區 ; 非都市編定：農牧用地,70,2,持分移轉,09150000
RPWOMLTKQHJGFAN57DA,大德段,125.13,非都市：山坡地保育區 ; 非都市編定：農牧用地,10,2,持分移轉,09150020
RPPNMLSKRHJGFAN86EA,新中庄段,68.31,非都市：特定農業區 ; 非都市編定：農牧用地,5,1,持分移轉,04750000
RPOOMLRLQHJGFAN66DA,福岩段,962.96,非都市：山坡地保育區 ; 非都市編定：林業用地,10000,270,持分移轉,02570000
RPPNMLTLQHJGFCN07DA,鹿德段,25.71,都市：其他:住宅區,1,1,全筆移轉,05890000
RPTNMLNJRHJGFCN76DA,崙海段,6345.67,非都市：工業區 ; 非都市編定：丁種建築用地,1,1,全筆移轉,00210071
RPROMLOJRHJGFAN56DA,新舊社段,2017.02,非都市：山坡地保育區 ; 非都市編定：農牧用地,2,1,持分移轉,12780000
RPROMLOJRHJGFAN56DA,新舊社段,1486.77,非都市：山坡地保育區 ; 非都市編定：農牧用地,2,1,持分移轉,12790000
RPXOMLPJRHJGFDN57DA,五汴段,131.83,非都市：特定農業區 ; 非都市編定：農牧用地,96,3,持分移轉,06550004
RPPPMLPJRHJGFDN86DA,三條圳段十七份小段,36.20,都市：其他:第二種住宅區,10,2,持分移轉,05690001
RPUNMLOJRHJGFCN96DA,鹿海段,11472.18,非都市：工業區 ; 非都市編定：丁種建築用地,1,1,全筆移轉,00310058
RPQNMLNJRHJGFFN76DA,大新段,89.00,非都市：鄉村區 ; 非都市編定：乙種建築用地,1,1,全筆移轉,13470000
RPUNMLQLQHJGFGN67DA,香田段,2510.00,非都市：特定農業區 ; 非都市編定：農牧用地,1,1,全筆移轉,04110000
RPQNMLQJRHJGFGN17DA,儒德段,122.20,都市：其他:住宅區,1,1,全筆移轉,09810000
RPVNMLLKRHJGFGN27DA,香田段,2510.00,非都市：特定農業區 ; 非都市編定：農牧用地,1,1,全筆移轉,04110000
RPVOMLPJRHJGFDN37DA,五汴段,95.07,非都市：鄉村區 ; 非都市編定：乙種建築用地,192,6,持分移轉,05290004
RPVOMLPJRHJGFDN37DA,五汴段,45.86,非都市：鄉村區 ; 非都市編定：乙種建築用地,192,6,持分移轉,05290005
RPVOMLPJRHJGFDN37DA,五汴段,5.04,非都市：鄉村區 ; 非都市編定：乙種建築用地,192,6,持分移轉,05290022
RPVOMLPJRHJGFDN37DA,五汴段,5.49,非都市：鄉村區 ; 非都市編定：乙種建築用地,192,6,持分移轉,05290023
RPPNMLOJRHJGFBN09EA,和東段,35.00,都市：其他:乙種工業區,1,1,全筆移轉,14490009
RPTNMLPJRHJGFHN47DA,湖南段,79.00,都市：其他:住宅區,1,1,全筆移轉,03230010
RPPNMLOJRHJGFDN66EA,四芳段,1367.21,非都市：特定農業區 ; 非都市編定：農牧用地,1,1,全筆移轉,04200000
RPPNMLOJRHJGFDN66EA,四芳段,2520.74,非都市：特定農業區 ; 非都市編定：農牧用地,2,1,持分移轉,04230000
RPQNMLOJRHJGFDN76EA,四芳段,62.01,非都市：特定農業區 ; 非都市編定：甲種建築用地,60,4,持分移轉,03980000
RPQNMLOJRHJGFDN76EA,四芳段,96.75,非都市：特定農業區 ; 非都市編定：甲種建築用地,60,4,持分移轉,03990000
RPXOMLTKQHJGFAN67DA,三民段,8.50,都市：其他:商業區,1000,500,持分移轉,10010000
RPXOMLTKQHJGFAN67DA,三民段,41.00,都市：其他:商業區,1000,500,持分移轉,10070000
RPQPMLTKQHJGFAN07DA,三民段,61.71,都市：其他:商業區,10800,1836,持分移轉,10090000
RPQPMLTKQHJGFAN07DA,三民段,22.69,都市：其他:商業區,3200,104,持分移轉,10100000
RPQNMLLLQHJGFAN78DA,南白沙坑段,32.52,非都市：山坡地保育區 ; 非都市編定：丙種建築用地,75,1,持分移轉,00740000
RPQNMLLLQHJGFAN78DA,南白沙坑段,1.65,非都市：山坡地保育區 ; 非都市編定：丙種建築用地,10000,114,持分移轉,00740067
RPQNMLLLQHJGFAN78DA,南白沙坑段,48.29,非都市：山坡地保育區 ; 非都市編定：丙種建築用地,1,1,全筆移轉,00740103
RPQNMLLLQHJGFAN78DA,南白沙坑段,.36,非都市：山坡地保育區 ; 非都市編定：丙種建築用地,75,1,持分移轉,00740110
RPSNMLQJRHJGFBN86DA,全興段,80.75,非都市：工業區 ; 非都市編定：丁種建築用地,1,1,全筆移轉,01640001
RPXNMLOJRHJGFAN07DA,西門口段,10.45,都市：其他:住宅區,20000,102,持分移轉,03830000
RPTNMLQJRHJGFBN96DA,曾家段,1045.82,非都市：一般農業區 ; 非都市編定：農牧用地,20,4,持分移轉,00750000
RPPNMLPKQHJGFCN56DA,永安段,86.00,都市：其他:住宅區,1,1,全筆移轉,33630013
RPSNMLTJRHJGFDN37DA,新西東段,8.01,非都市：鄉村區 ; 非都市編定：乙種建築用地,751680,11745,持分移轉,07970000
RPSNMLTJRHJGFDN37DA,新西東段,39.57,非都市：鄉村區 ; 非都市編定：乙種建築用地,1,1,全筆移轉,08050000
RPPNMLTJRHJGFCN96DA,龍山段,108.29,都市：其他:商業區,1,1,全筆移轉,05950000
RPQNMLRLQHJGFDN07DA,員林段,34.76,都市：其他:第二種商業區,6000,1320,持分移轉,01180005
RPQNMLPJRHJGFCN66DA,崙海段,5535.13,非都市：工業區 ; 非都市編定：丁種建築用地,1,1,全筆移轉,00210054
RPRNMLTLQHJGFFN57DA,中華段,73.00,都市：其他:住宅區,1,1,全筆移轉,00110008
RPOOMLRLQHJGFFN17DA,大安段,878.50,都市：其他:農業區,2,1,持分移轉,03720000
RPRNMLPJRHJGFEN96DA,廣興段,3.96,都市：其他:住宅區,72,1,持分移轉,05120000
RPRNMLPJRHJGFEN96DA,廣興段,2.07,都市：其他:人行步道用地,72,1,持分移轉,05130000
RPUNMLNJRHJGFEN07DA,伍伯段,10.35,都市：其他:道路用地,1,1,全筆移轉,04360000
RPRNMLPJRHJGFEN96DA,廣興段,26.54,都市：其他:住宅區,72,1,持分移轉,05140000
RPRNMLPJRHJGFEN96DA,廣興段,.29,都市：其他:住宅區,72,1,持分移轉,05150000
SPOOMLRLQHJGFFN27DA,大安段,718.00,都市：其他:乙種工業區,2,1,持分移轉,03780000
RPRNMLPJRHJGFEN96DA,廣興段,4.46,都市：其他:綠地,72,1,持分移轉,05360000
RPRNMLPJRHJGFEN96DA,廣興段,3.13,都市：其他:住宅區,72,1,持分移轉,05370000
RPUNMLNJRHJGFEN07DA,伍伯段,4.78,都市：其他:道路用地,1,1,全筆移轉,04370000
RPUNMLNJRHJGFEN07DA,伍伯段,25.12,都市：其他:住宅區,1,1,全筆移轉,04530000
RPUNMLNJRHJGFEN07DA,伍伯段,617.18,都市：其他:住宅區,1,1,全筆移轉,04540000
RPRNMLOJRHJGFFN96DA,平原段,64.65,都市：其他:住宅區,1,1,全筆移轉,05530000
RPRNMLMJRHJGFFN76DA,湄洲段,2917.00,非都市：特定農業區 ; 非都市編定：農牧用地,1,1,全筆移轉,01860000
RPRNMLTJRHJGFFN47DA,新下霸段,1113.78,非都市：一般農業區 ; 非都市編定：農牧用地,1,1,全筆移轉,13490000
RPRNMLQJRHJGFFN17DA,大安段,9.49,都市：其他:住宅區,75,1,持分移轉,07020005
RPRNMLQJRHJGFFN17DA,大安段,82.00,都市：其他:住宅區,1,1,全筆移轉,07020016
RPRNMLQJRHJGFFN17DA,大安段,3.00,都市：其他:住宅區,1,1,全筆移轉,07020017
RPSNMLTJRHJGFFN57DA,大庄段,56.06,非都市：鄉村區 ; 非都市編定：乙種建築用地,36,2,持分移轉,07240000
RPUNMLKKRHJGFGN07DA,芳合段,1005.31,非都市：一般農業區 ; 非都市編定：農牧用地,1,1,全筆移轉,03440004
RPUNMLKKRHJGFGN07DA,芳合段,1379.93,非都市：一般農業區 ; 非都市編定：農牧用地,1,1,全筆移轉,03450000
RPUNMLKKRHJGFGN07DA,芳合段,2551.94,非都市：一般農業區 ; 非都市編定：農牧用地,1,1,全筆移轉,03460000
RPUNMLKKRHJGFGN07DA,芳合段,2552.02,非都市：一般農業區 ; 非都市編定：農牧用地,1,1,全筆移轉,03470000
RPQOMLRLQHJGFAN86DA,香山段,197.73,非都市：特定農業區 ; 非都市編定：農牧用地,160,8,持分移轉,01050000
RPUOMLMJRHJGFAN66DA,新灣子口段,42.80,非都市：鄉村區 ; 非都市編定：乙種建築用地,1,1,全筆移轉,07720005
RPPNMLKKRHJGFAN58DA,平和段,64.37,都市：其他:住宅區,1,1,全筆移轉,02260000
RPPNMLKKRHJGFAN58DA,平和段,133.26,都市：其他:住宅區,1,1,全筆移轉,02290000
RPWNMLKKRHJGFAN66DA,莿桐段,1100.00,都市：其他:農業區,1,1,全筆移轉,18140000
RPWNMLLKRHJGFAN76DA,彰泰段,9.01,都市：其他:住宅區,10000,134,持分移轉,08770000
RPWNMLLKRHJGFAN76DA,彰泰段,22.93,都市：其他:住宅區,10000,134,持分移轉,08780000
RPSNMLRJRHJGFCN07DA,元興段,97.00,非都市：鄉村區 ; 非都市編定：乙種建築用地,1,1,全筆移轉,25890000
RPSNMLRJRHJGFCN07DA,元興段,30.50,非都市：鄉村區 ; 非都市編定：乙種建築用地,6,1,持分移轉,25890007
RPOOMLRJQHJGFBN56DA,糖友段,33.19,非都市：鄉村區 ; 非都市編定：乙種建築用地,100000,1848,持分移轉,10450000
RPRNMLRJRHJGFCN96DA,元興段,90.00,非都市：鄉村區 ; 非都市編定：乙種建築用地,1,1,全筆移轉,25890002
RPRNMLRJRHJGFCN96DA,元興段,30.50,非都市：鄉村區 ; 非都市編定：乙種建築用地,6,1,持分移轉,25890007
RPPNMLNJRHJGFDN09DA,靜修段,8.60,都市：其他:第二種住宅區,116500,860,持分移轉,04640000
RPVNMLTJRHJGFDN67DA,惠農段,20.54,都市：其他:第三種住宅區。,1,1,全筆移轉,04320004
RPUNMLTJRHJGFDN57DA,員林段,5.01,都市：其他:第二種商業區,100000,390,持分移轉,02710000
RPOOMLQJRHJGFDN76DA,新生段,5.30,都市：其他:第四種住宅區,10000,262,持分移轉,00040000
RPTNMLTJRHJGFDN47DA,新西東段,8.01,非都市：鄉村區 ; 非都市編定：乙種建築用地,64,1,持分移轉,07970000
RPTNMLTJRHJGFDN47DA,新西東段,39.58,非都市：鄉村區 ; 非都市編定：乙種建築用地,1,1,全筆移轉,08050001
RPOOMLQJRHJGFDN76DA,新生段,4.56,都市：其他:第四種住宅區,10000,262,持分移轉,00090000
RPQNMLPJRHJGFEN86DA,保黎段,109.97,都市：其他:住宅區,1,1,全筆移轉,05220000
RPUNMLQKRHJGFFN57DA,大庄段,7.67,非都市：鄉村區 ; 非都市編定：乙種建築用地,12,1,持分移轉,06990000
RPUNMLQKRHJGFFN57DA,大庄段,117.01,非都市：鄉村區 ; 非都市編定：乙種建築用地,1,1,全筆移轉,07020000
SPUNMLQKRHJGFFN67DA,大庄段,7.67,非都市：鄉村區 ; 非都市編定：乙種建築用地,12,1,持分移轉,06990000
SPUNMLQKRHJGFFN67DA,大庄段,127.67,非都市：鄉村區 ; 非都市編定：乙種建築用地,1,1,全筆移轉,07010000
RPQNMLQKQHJGFGN17DA,尤仕段,797.00,非都市：一般農業區 ; 非都市編定：農牧用地,1,1,全筆移轉,05760000
RPWNMLKLQHJGFGN27DA,民靖段,1009.74,非都市：特定農業區 ; 非都市編定：農牧用地,1201,1000,持分移轉,05230000
RPRNMLTLQHJGFGN67DA,芳寶段,1814.00,非都市：特定農業區 ; 非都市編定：農牧用地,1,1,全筆移轉,07670000
RPSNMLLKRHJGFGN96DA,芳興段,1873.00,非都市：特定農業區 ; 非都市編定：農牧用地,1,1,全筆移轉,06810000
RPSNMLLKRHJGFGN96DA,芳興段,1205.00,非都市：特定農業區 ; 非都市編定：農牧用地,1,1,全筆移轉,07420000
RPXNMLLKRHJGFAN86DA,西勢子段西勢子小段,51.00,都市：其他:住宅區,1,1,全筆移轉,00060028
RPRNMLLKRHJGFGN86DA,芳合段,69.50,非都市：一般農業區 ; 非都市編定：甲種建築用地,1,1,全筆移轉,06790000
RPPNMLLKRHJGFAN68DA,曾厝段,104.33,非都市：特定農業區 ; 非都市編定：農牧用地,6,2,持分移轉,15440000
RPXNMLMKRHJGFAN96DA,牛稠子段牛稠子小段,82.00,都市：其他:道路用地,1,1,全筆移轉,00620009
RPQNMLRJRHJGFCN86DA,元興段,91.00,非都市：鄉村區 ; 非都市編定：乙種建築用地,1,1,全筆移轉,25890003
RPQNMLRJRHJGFCN86DA,元興段,30.50,非都市：鄉村區 ; 非都市編定：乙種建築用地,6,1,持分移轉,25890007
RPQNMLKKRHJGFCN88DA,順興段,56.39,都市：其他:住宅區,1,1,全筆移轉,07530000
RPQNMLTJRHJGFBN96DA,和東段,14.49,都市：其他:住宅區,1000000,50664,持分移轉,11710000
RPQNMLTJRHJGFBN96DA,和東段,18.07,都市：其他:住宅區,1000000,70863,持分移轉,11710001
RPVNMLKKRHJGFFN07DA,柑園段,2732.76,非都市：特定農業區 ; 非都市編定：農牧用地,1,1,全筆移轉,04290000
RPTNMLKKRHJGFDN66DA,大庄段,2.41,都市：其他:商業區,17,1,持分移轉,05610000
RPPOMLQJRHJGFDN86DA,慶安段,700.04,非都市：特定農業區 ; 非都市編定：農牧用地,1,1,全筆移轉,15370000
RPPOMLQJRHJGFDN86DA,慶安段,700.02,非都市：特定農業區 ; 非都市編定：農牧用地,1,1,全筆移轉,15370001
RPPOMLQJRHJGFDN86DA,慶安段,700.02,非都市：特定農業區 ; 非都市編定：農牧用地,1,1,全筆移轉,15370002
RPPOMLQJRHJGFDN86DA,慶安段,700.02,非都市：特定農業區 ; 非都市編定：農牧用地,1,1,全筆移轉,15370003
RPTNMLKKRHJGFDN66DA,大庄段,2.08,都市：其他:商業區,17,1,持分移轉,05610011
RPTNMLKKRHJGFDN66DA,大庄段,4.93,都市：其他:商業區,1,1,全筆移轉,05610012
RPTNMLKKRHJGFDN66DA,大庄段,20.02,都市：其他:商業區,17,1,持分移轉,08560000
RPTNMLKKRHJGFDN66DA,大庄段,75.77,都市：其他:商業區,1,1,全筆移轉,08560028
RPTNMLKKRHJGFDN66DA,大庄段,.85,都市：其他:商業區,16,1,持分移轉,08560029
RPQNMLKKRHJGFGN66DA,興南段,134.71,非都市：鄉村區 ; 非都市編定：乙種建築用地,1,1,全筆移轉,00130000
RPVNMLKKRHJGFGN17DA,竹塘段,268.00,都市：其他:農業區,1,1,全筆移轉,21700000
RPVNMLKKRHJGFGN17DA,竹塘段,1503.00,都市：其他:農業區,1,1,全筆移轉,21710000
RPQNMLQLQHJGFHN37DA,東門段,2.00,都市：其他:乙種工業區,1,1,全筆移轉,01050001
RPQNMLQLQHJGFHN37DA,東門段,10.74,都市：其他:乙種工業區,1,1,全筆移轉,01260001
RPQNMLQLQHJGFHN37DA,東門段,46.00,都市：其他:乙種工業區,1,1,全筆移轉,01300000
RPWNMLOJRHJGFHN67DA,大義段,1900.00,非都市：特定農業區 ; 非都市編定：農牧用地,1,1,全筆移轉,01840000
RPSNMLNJRHJGFHN17DA,東榮段,572.08,非都市：特定農業區 ; 非都市編定：農牧用地,12,5,持分移轉,13730000
RPQNMLQJQHJGFAN09DA,牛稠子段下廍小段,97.00,都市：其他:住宅區,1,1,全筆移轉,00790013
RPSNMLQJRHJGFAN76DA,溪北段,31.84,非都市：鄉村區 ; 非都市編定：乙種建築用地,6,1,持分移轉,05970000
RPSNMLQJRHJGFAN76DA,溪北段,88.62,非都市：鄉村區 ; 非都市編定：乙種建築用地,1,1,全筆移轉,05970009
RPUPMLTLQHJGFAN57DA,牛稠子段下廍小段,26.88,都市：其他:住宅區,10000,190,持分移轉,01190031
RPPOMLLKRHJGFBN88DA,仁愛段,97.00,都市：其他:農業區,1,1,全筆移轉,03030000
RPQNMLTJRHJGFHN57DA,三塊厝段,127.00,非都市：特定農業區 ; 非都市編定：農牧用地,1,1,全筆移轉,10070000
RPQNMLTJRHJGFHN57DA,三塊厝段,1570.00,非都市：特定農業區 ; 非都市編定：農牧用地,1,1,全筆移轉,10080000
RPPNMLNKRHJGFAN88DA,南郭段南郭小段,68.00,都市：其他:住宅區,1,1,全筆移轉,04400144
RPQNMLQJRHJGFCN76DA,順興段,.88,都市：其他:住宅區,168,1,持分移轉,02970000
RPQNMLQJRHJGFCN76DA,順興段,.97,都市：其他:住宅區,42,1,持分移轉,02990000
RPPNMLNKRHJGFAN88DA,南郭段南郭小段,12.00,都市：其他:住宅區,1,1,全筆移轉,04400177
RPTNMLNKRHJGFAN66DA,西勢子段過溝子小段,1.55,都市：其他:住宅區,18,1,持分移轉,02790001
RPTNMLNKRHJGFAN66DA,西勢子段過溝子小段,.29,都市：其他:住宅區,34,1,持分移轉,02790003
RPTNMLNKRHJGFAN66DA,西勢子段過溝子小段,81.34,都市：其他:住宅區,1,1,全筆移轉,02790007
RPTNMLNKRHJGFAN66DA,西勢子段過溝子小段,13.80,都市：其他:住宅區,220930,13800,持分移轉,02790012
RPPNMLRJRHJGFCN76DA,元興段,94.00,非都市：鄉村區 ; 非都市編定：乙種建築用地,1,1,全筆移轉,25890005
RPPNMLRJRHJGFCN76DA,元興段,30.50,非都市：鄉村區 ; 非都市編定：乙種建築用地,6,1,持分移轉,25890007
RPUNMLMKRHJGFCN86DA,鹿海段,9062.35,非都市：工業區 ; 非都市編定：丁種建築用地,1,1,全筆移轉,00310047
RPUNMLMKRHJGFCN86DA,鹿海段,9046.21,非都市：工業區 ; 非都市編定：丁種建築用地,1,1,全筆移轉,00310048
RPPNMLKKRHJGFCN78DA,鹿福段,30.03,都市：其他:住宅區,1,1,全筆移轉,07970012
RPPNMLKKRHJGFCN78DA,鹿福段,182.49,都市：其他:住宅區,1,1,全筆移轉,07970013
RPPNMLKKRHJGFCN78DA,鹿福段,1.32,都市：其他:道路用地,1,1,全筆移轉,07980006
RPPNMLMKRHJGFDN09DA,益民段,78.00,非都市：鄉村區 ; 非都市編定：乙種建築用地,1,1,全筆移轉,04780000
RPPNMLNKRHJGFCN09DA,鹿盛段,130.86,都市：其他:住宅區,1,1,全筆移轉,01220000
RPQNMLNKRHJGFEN76DA,社興段,160.14,非都市：特定農業區 ; 非都市編定：農牧用地,18,1,持分移轉,00300000
RPQNMLNKRHJGFEN76DA,社興段,5.80,非都市：特定農業區 ; 非都市編定：農牧用地,18,1,持分移轉,00310000
RPQNMLNKRHJGFEN76DA,保黎段,.39,都市：其他:農業區,30000,65,持分移轉,01920000
RPQNMLNKRHJGFEN76DA,保黎段,1.89,都市：其他:農業區,6,1,持分移轉,02130000
RPQNMLNKRHJGFEN76DA,保黎段,36.79,都市：其他:住宅區,6,1,持分移轉,02140000
RPPNMLRLQHJGFHN37DA,西安段,955.00,非都市：特定農業區 ; 非都市編定：農牧用地,1,1,全筆移轉,07960000
RPQNMLNKRHJGFEN76DA,保黎段,6.43,都市：其他:住宅區,30000,1930,持分移轉,02290000
RPVNMLKKRHJGFHN27DA,大溪段,55.50,都市：其他:住宅區,2,1,持分移轉,05810003
RPSNMLMKRHJGFFN96DA,芳平段,92.40,非都市：鄉村區 ; 非都市編定：乙種建築用地,1,1,全筆移轉,09980000
RPQNMLMKRHJGFDN66EA,黎明段,19.00,都市：其他:第一種商業區,1,1,全筆移轉,07490003
RPPNMLMKRHJGFDN56EA,黎明段,41.55,都市：其他:第一種商業區,1,1,全筆移轉,07470001
RPUQMLPKQHJGFAN17DA,福元段,77.34,非都市：山坡地保育區 ; 非都市編定：特定目的事業用地,1,1,全筆移轉,02750000
RPUQMLPKQHJGFAN17DA,福元段,3.50,非都市：山坡地保育區 ; 非都市編定：特定目的事業用地,1,1,全筆移轉,02760000
RPUOMLMKRHJGFAN76DA,福田段,80.54,非都市：山坡地保育區 ; 非都市編定：丙種建築用地,1,1,全筆移轉,09480000
RPUOMLMKRHJGFAN76DA,福田段,3.95,非都市：山坡地保育區 ; 非都市編定：丙種建築用地,32,6,持分移轉,09530000
RPROMLQLQHJGFAN86DA,南郭段南郭小段,28.88,都市：其他:住宅區,10000,305,持分移轉,05690005
RPTQMLTJRHJGFBN57DA,柑竹段,70.02,都市：其他:住宅區,1,1,全筆移轉,04730000
RPOOMLNKRHJGFAN88DA,民族段,1.51,都市：其他:道路用地,10000,229,持分移轉,00330000
RPOOMLNKRHJGFAN88DA,彰化段西門小段,5.56,都市：其他:道路用地,18,1,持分移轉,03770033
RPOOMLNKRHJGFAN88DA,彰化段西門小段,224.50,都市：其他:道路用地,4,1,持分移轉,03840009
RPOOMLNKRHJGFAN88DA,西門口段,215.00,都市：其他:道路用地,1,1,全筆移轉,04600034
RPOOMLNKRHJGFAN88DA,民族段,21.10,都市：其他:道路用地,10000,449,持分移轉,04970000
RPOOMLNKRHJGFAN88DA,民權段,29.31,都市：其他:道路用地,70,9,持分移轉,09660000
RPOOMLNKRHJGFAN88DA,民權段,1.29,都市：其他:道路用地,70,9,持分移轉,09760000
RPOOMLNKRHJGFAN88DA,民權段,7.50,都市：其他:道路用地,120,9,持分移轉,09780000
RPOOMLNKRHJGFAN88DA,中山段,2.67,都市：其他:道路用地,20000,68,持分移轉,10270000
RPOOMLNKRHJGFAN88DA,成功段,44.00,都市：其他:道路用地,1,1,全筆移轉,10510000
RPOOMLNKRHJGFAN88DA,中山段,62.85,都市：其他:道路用地,20000,6983,持分移轉,10810000
RPOOMLNKRHJGFAN88DA,中山段,7.20,都市：其他:道路用地,100,12,持分移轉,12080000
RPRNMLKKRHJGFCN98DA,元興段,98.00,非都市：鄉村區 ; 非都市編定：乙種建築用地,1,1,全筆移轉,25890006
RPPPMLMKRHJGFAN98DA,三民段,12.38,都市：其他:商業區,10000,223,持分移轉,03930000
RPPNMLLKRHJGFBN78DA,順天段,61.74,非都市：鄉村區 ; 非都市編定：乙種建築用地,1,1,全筆移轉,02310002
RPRNMLKKRHJGFCN98DA,元興段,30.50,非都市：鄉村區 ; 非都市編定：乙種建築用地,6,1,持分移轉,25890007
RPPNMLLKRHJGFBN78DA,順天段,178.09,非都市：鄉村區 ; 非都市編定：乙種建築用地,1,1,全筆移轉,02340000
RPPNMLRKQHJGFBN66DA,和東段,54.00,都市：其他:住宅區,1,1,全筆移轉,02860005
RPPNMLRKQHJGFBN66DA,和東段,13.00,都市：其他:住宅區,1,1,全筆移轉,02870003
RPTNMLMKRHJGFCN76DA,景福段,13.85,都市：其他:商業區,10000,93,持分移轉,07190000
RPWNMLNJRHJGFDN17DA,江夏段,.68,非都市：鄉村區 ; 非都市編定：乙種建築用地,78,1,持分移轉,00740000
RPPPMLQKRHJGFDN07DA,永福段,456.00,非都市：特定農業區 ; 非都市編定：甲種建築用地,1,1,全筆移轉,00720001
RPPPMLQKRHJGFDN07DA,永福段,274.40,非都市：特定農業區 ; 非都市編定：甲種建築用地,450,84,持分移轉,00730000
RPWNMLNJRHJGFDN17DA,江夏段,52.24,非都市：鄉村區 ; 非都市編定：乙種建築用地,1,1,全筆移轉,00740050
RPWNMLNJRHJGFDN17DA,江夏段,13.43,非都市：鄉村區 ; 非都市編定：乙種建築用地,48,1,持分移轉,00740065
RPPNMLMKRHJGFFN66DA,振興段,4378.00,非都市：特定農業區 ; 非都市編定：農牧用地,1,1,全筆移轉,01040002
RPWOMLKKRHJGFDN07DA,永南段,101.29,都市：其他:住宅區,1,1,全筆移轉,06930000
RPQPMLQKRHJGFDN17DA,永福段,78.40,非都市：特定農業區 ; 非都市編定：甲種建築用地,450,24,持分移轉,00730000
RPRNMLMKRHJGFGN96DA,芳成段,.51,非都市：鄉村區 ; 非都市編定：交通用地,4320,60,持分移轉,03930000
RPRNMLMKRHJGFGN96DA,芳成段,29.00,非都市：鄉村區 ; 非都市編定：乙種建築用地,4320,90,持分移轉,04370000
RPRNMLMKRHJGFGN96DA,芳成段,13.23,非都市：鄉村區 ; 非都市編定：乙種建築用地,4320,90,持分移轉,04380000
RPRNMLMKRHJGFGN96DA,芳成段,102.17,非都市：鄉村區 ; 非都市編定：乙種建築用地,4320,90,持分移轉,04390000
RPRNMLMKRHJGFGN96DA,芳成段,25.94,非都市：鄉村區 ; 非都市編定：乙種建築用地,4320,90,持分移轉,04400000
RPRNMLMKRHJGFGN96DA,芳成段,6.90,非都市：鄉村區 ; 非都市編定：乙種建築用地,4320,90,持分移轉,04410000
RPRNMLMKRHJGFGN96DA,芳成段,14.42,非都市：鄉村區 ; 非都市編定：乙種建築用地,4320,90,持分移轉,04420000
RPRNMLMKRHJGFGN96DA,芳成段,43.02,非都市：鄉村區 ; 非都市編定：乙種建築用地,4320,90,持分移轉,04430000
RPPNMLSLQHJGFHN47DA,出水段,341.61,非都市：特定農業區 ; 非都市編定：甲種建築用地,1,1,全筆移轉,03110000
RPPNMLSLQHJGFHN47DA,出水段,90.06,非都市：特定農業區 ; 非都市編定：甲種建築用地,100000,15818,持分移轉,03110007
RPPNMLSLQHJGFHN47DA,出水段,1.66,非都市：特定農業區 ; 非都市編定：甲種建築用地,100000,13699,持分移轉,03110015
RPQNMLLKRHJGFHN86DA,大庭段,149.94,都市：其他:農業區,1,1,全筆移轉,03040002
RPQNMLLKRHJGFHN86DA,大庭段,28.13,都市：其他:農業區,16,2,持分移轉,03040003
RPQNMLLKRHJGFHN86DA,大庭段,12.81,都市：其他:農業區,1,1,全筆移轉,03040017
RPQOMLKKRHJGFHN86DA,鳳山段,16.69,都市：其他:住宅區,100000,1698,持分移轉,09530000
RPQNMLLKRHJGFHN86DA,大庭段,2.25,都市：其他:農業區,16,2,持分移轉,03050001
RPQOMLKKRHJGFHN86DA,鳳山段,.15,都市：其他:住宅區,100000,1698,持分移轉,09530001
RPQOMLKKRHJGFHN86DA,鳳山段,.02,都市：其他:住宅區,100000,1698,持分移轉,09530002
RPQOMLKKRHJGFHN86DA,鳳山段,1.90,都市：其他:住宅區,100000,1698,持分移轉,09980000
RPRNMLLKRHJGFHN96DA,大庭段,1101.50,都市：其他:農業區,4,1,持分移轉,03030000
RPRNMLLKRHJGFHN96DA,大庭段,4.08,都市：其他:農業區,24,2,持分移轉,03060000
RPXNMLLKRHJGFHN57DA,北勢段,14.00,非都市：鄉村區 ; 非都市編定：乙種建築用地,1,1,全筆移轉,11800004
RPXNMLLKRHJGFHN57DA,北勢段,64.00,非都市：鄉村區 ; 非都市編定：乙種建築用地,1,1,全筆移轉,11800005
RPXNMLLKRHJGFHN57DA,北勢段,.67,非都市：鄉村區 ; 非都市編定：乙種建築用地,12,1,持分移轉,11800023
RPXNMLLKRHJGFHN57DA,北勢段,21.00,非都市：鄉村區 ; 非都市編定：乙種建築用地,13,1,持分移轉,11800024
RPPNMLMKRHJGFHN86DA,太平西段,138.25,非都市：特定農業區 ; 非都市編定：甲種建築用地,1,1,全筆移轉,03900000
RPPNMLMKRHJGFHN86DA,太平西段,32.55,非都市：特定農業區 ; 非都市編定：甲種建築用地,274590,15765,持分移轉,03910000
RPPNMLQKRHJGFDN96EA,橋愛段,201.86,都市：其他:園道用地,1,1,全筆移轉,01920001
RPPOMLLKRHJGFAN78DA,茄荖段,2.25,非都市：鄉村區 ; 非都市編定：乙種建築用地,2400,27,持分移轉,03590000
RPPOMLLKRHJGFAN78DA,茄荖段,55.00,非都市：鄉村區 ; 非都市編定：乙種建築用地,2,1,持分移轉,03620000
RPPOMLLKRHJGFAN78DA,茄荖段,111.00,非都市：鄉村區 ; 非都市編定：乙種建築用地,2,1,持分移轉,03630001
RPQOMLQKRHJGFAN76DA,東興段,76.81,都市：其他:住宅區,2,1,持分移轉,15200000
RPQNMLSKRHJGFAN86DA,南郭段南郭小段,73.00,都市：其他:住宅區,1,1,全筆移轉,03170014
RPQOMLNJRHJGFDN66DA,員林段,112.00,都市：其他:第三種住宅區。,1,1,全筆移轉,00730003
RPWNMLTLQHJGFDN87DA,員埔段,69.00,非都市：特定農業區 ; 非都市編定：甲種建築用地,1,1,全筆移轉,05230000
RPWNMLLKRHJGFBN86DA,伸東段,108.00,都市：其他:住宅區,1,1,全筆移轉,05980000
RPPOMLTJRHJGFDN17DA,永泰段,1003.72,都市：其他:農業區,257609,100372,持分移轉,03540000
RPSOMLKKRHJGFDN66DA,興寧段,59.20,非都市：特定農業區 ; 非都市編定：甲種建築用地,1,1,全筆移轉,02170008
RPSOMLKKRHJGFDN66DA,興寧段,29.39,非都市：特定農業區 ; 非都市編定：甲種建築用地,1,1,全筆移轉,02170009
RPSOMLKKRHJGFDN66DA,興寧段,5.04,非都市：特定農業區 ; 非都市編定：甲種建築用地,90,1,持分移轉,02250000
RPUNMLOKRHJGFEN27DA,東源段,119.45,都市：其他:住宅區,1,1,全筆移轉,03400010
RPPNMLQKRHJGFEN96DA,新埤清段,332.06,非都市：鄉村區 ; 非都市編定：乙種建築用地,1,1,全筆移轉,04210003
RPWNMLSKRHJGFEN87DA,山腳段,133.72,非都市：鄉村區 ; 非都市編定：乙種建築用地,100000,5152,持分移轉,03230000
RPWNMLSKRHJGFEN87DA,山腳段,171.73,非都市：鄉村區 ; 非都市編定：乙種建築用地,1,1,全筆移轉,03890000
RPVNMLOKRHJGFEN37DA,東源段,128.00,都市：其他:住宅區,1,1,全筆移轉,03400000
RPPNMLQKRHJGFGN17DA,儒德段,101.75,都市：其他:住宅區,1,1,全筆移轉,04300002
RPUNMLQKRHJGFHN77DA,太平西段,662.47,非都市：特定農業區 ; 非都市編定：農牧用地,1,1,全筆移轉,03980008
RPQNMLMKRHJGFHN96DA,湳底段,2174.00,都市：其他:農業區,1,1,全筆移轉,04280001
RPXNMLOKQHJGFAN07DA,安溪段,2304.35,非都市：山坡地保育區 ; 非都市編定：農牧用地,1,1,全筆移轉,06280011
RPXNMLOKQHJGFAN07DA,安溪段,18.46,非都市：山坡地保育區 ; 非都市編定：農牧用地,14638500,55183,持分移轉,06280017
RPVNMLOKQHJGFAN86DA,安溪段,18.46,非都市：山坡地保育區 ; 非都市編定：農牧用地,14638500,55184,持分移轉,06280017
RPRNMLRLPHJGFAN76DA,延和段,21.60,都市：其他:住宅區,10000,71,持分移轉,08470000
RPRNMLRLPHJGFAN76DA,延和段,1.96,都市：其他:住宅區,184,1,持分移轉,08470010
RPPOMLOKQHJGFAN98DA,安溪段,305.77,非都市：山坡地保育區 ; 非都市編定：農牧用地,987578,61154,持分移轉,06280006
RPPOMLOKQHJGFAN98DA,安溪段,19.78,非都市：山坡地保育區 ; 非都市編定：農牧用地,14638500,59129,持分移轉,06280017
RPWNMLOKQHJGFAN96DA,安溪段,329.19,非都市：山坡地保育區 ; 非都市編定：農牧用地,1,1,全筆移轉,06280010
RPWNMLOKQHJGFAN96DA,安溪段,2.64,非都市：山坡地保育區 ; 非都市編定：農牧用地,14638500,7892,持分移轉,06280017
RPOOMLOKQHJGFAN88DA,安溪段,305.77,非都市：山坡地保育區 ; 非都市編定：農牧用地,987578,61154,持分移轉,06280006
RPOOMLOKQHJGFAN88DA,安溪段,19.78,非都市：山坡地保育區 ; 非都市編定：農牧用地,14638500,59129,持分移轉,06280017
RPUNMLMJRHJGFAN56DA,牛稠子段下廍小段,65.00,都市：其他:住宅區,1,1,全筆移轉,00510010
RPQOMLOKQHJGFAN09DA,安溪段,39.55,非都市：山坡地保育區 ; 非都市編定：農牧用地,14638500,118241,持分移轉,06280017
RPTOMLOJRHJGFAN76DA,西門口段,108.00,都市：其他:住宅區,1,1,全筆移轉,07870001
RPSNMLOJRHJGFCN76DA,福寶段,3289.01,非都市：一般農業區 ; 非都市編定：農牧用地,1,1,全筆移轉,03620000
RPPNMLQJRHJGFCN66DA,龍山段,8.36,都市：其他:商業區,1,1,全筆移轉,06990000
RPPNMLQJRHJGFCN66DA,龍山段,7.29,都市：其他:商業區,1,1,全筆移轉,07000000
RPSNMLNLQHJGFBN66DA,和中段,12.10,都市：其他:商業區,100000,1569,持分移轉,09490000
SPPNMLQJRHJGFCN76DA,龍山段,8.36,都市：其他:商業區,1,1,全筆移轉,06990000
SPPNMLQJRHJGFCN76DA,龍山段,7.29,都市：其他:商業區,1,1,全筆移轉,07000000
RPVNMLKMQHJGFDN96DA,大庄段,185.44,都市：其他:住宅區,1,1,全筆移轉,13170000
RPQPMLPJRHJGFDN96DA,東北段,60.28,非都市：特定農業區 ; 非都市編定：甲種建築用地,1,1,全筆移轉,03030000
SPQPMLPJRHJGFDN07DA,東北段,12.77,非都市：特定農業區 ; 非都市編定：甲種建築用地,32,1,持分移轉,02970000
RPPNMLNJRHJGFGN76DA,文津北段,1838.05,非都市：一般農業區 ; 非都市編定：農牧用地,1,1,全筆移轉,02150000
RPPNMLNJRHJGFGN76DA,文津北段,1724.14,非都市：一般農業區 ; 非都市編定：農牧用地,1,1,全筆移轉,02160000
RPQNMLPJQHJGFAN98DA,延和段,100.00,都市：其他:住宅區,1,1,全筆移轉,03660006
RPSNMLTJRHJGFAN07DA,南興段,71.00,都市：其他:住宅區,1,1,全筆移轉,03530003
RPSNMLMLQHJGFAN09DA,福竹段,64.28,非都市：鄉村區 ; 非都市編定：乙種建築用地,1,1,全筆移轉,02400000
RPPOMLKKRHJGFAN68DA,民生段,19.02,都市：其他:商業區,1000,16,持分移轉,03930000
RPPNMLOJRHJGFCN09DA,上林段,1637.70,非都市：工業區 ; 非都市編定：丁種建築用地,1,1,全筆移轉,00470000
RPUNMLLLQHJGFDN86DA,員林段,105.00,都市：其他:第二種商業區,1,1,全筆移轉,01170008
RPPPMLSLQHJGFDN27DA,明倫段,31.69,都市：其他:第一種住宅區,100000,6250,持分移轉,04200000
RPRNMLNJRHJGFDN66DA,新西東段,35.05,非都市：特定農業區 ; 非都市編定：農牧用地,135,14,持分移轉,09800010
RPRNMLNJRHJGFDN66DA,新西東段,35.70,非都市：特定農業區 ; 非都市編定：農牧用地,135,14,持分移轉,09800019
RPRNMLNJRHJGFDN66DA,新西東段,240.70,非都市：特定農業區 ; 非都市編定：農牧用地,1,1,全筆移轉,09800022
RPUNMLNJRHJGFDN96DA,橋愛段,4.07,都市：其他:第二種住宅區,60,2,持分移轉,08950000
RPUNMLNJRHJGFDN96DA,橋愛段,70.25,都市：其他:第二種住宅區,1,1,全筆移轉,09110000
RPRNMLOJRHJGFDN76DA,新員水段,102.87,都市：其他:農業區,1,1,全筆移轉,00240002
RPRNMLOJRHJGFDN76DA,新員水段,27.75,都市：其他:農業區,12,1,持分移轉,00240003
RPRNMLOJRHJGFDN76DA,新中州段,1.25,都市：其他:道路用地,120,10,持分移轉,09390001
RPPNMLTJRHJGFDN07DA,復興段,65.18,非都市：鄉村區 ; 非都市編定：乙種建築用地,1,1,全筆移轉,04240000
RPRNMLTJRHJGFDN27DA,豐年段,127.31,都市：其他:第一種住宅區,1,1,全筆移轉,08200000
RPWNMLQJRHJGFFN67DA,海豐段,645.11,非都市：一般農業區 ; 非都市編定：甲種建築用地,1,1,全筆移轉,12350000
RPXNMLQJRHJGFFN77DA,芳平段,88.18,非都市：鄉村區 ; 非都市編定：乙種建築用地,1,1,全筆移轉,07490000
RPPNMLSJRHJGFFN17DA,彰興段,2063.67,非都市：特定農業區 ; 非都市編定：農牧用地,1,1,全筆移轉,06220000
RPVNMLTJRHJGFFN87DA,興農段,8.52,非都市：特定農業區 ; 非都市編定：甲種建築用地,28,1,持分移轉,02650000
RPVNMLTJRHJGFFN87DA,興農段,14.21,非都市：特定農業區 ; 非都市編定：甲種建築用地,28,1,持分移轉,02960011
RPVNMLTJRHJGFFN87DA,興農段,6.89,非都市：特定農業區 ; 非都市編定：甲種建築用地,1,1,全筆移轉,02960013
RPVNMLTJRHJGFFN87DA,興農段,59.44,非都市：特定農業區 ; 非都市編定：甲種建築用地,1,1,全筆移轉,02960015
RPVNMLTJRHJGFFN87DA,興農段,1.23,非都市：特定農業區 ; 非都市編定：甲種建築用地,28,1,持分移轉,02960022
RPPOMLMJRHJGFGN76DA,新崙段,7125.42,非都市：一般農業區 ; 非都市編定：農牧用地,1,1,全筆移轉,02330000
RPPNMLKKRHJGFHN66DA,油車段,1659.29,非都市：特定農業區 ; 非都市編定：農牧用地,1,1,全筆移轉,02990000
RPUNMLNJRHJGFHN37DA,中山段,81.00,非都市：鄉村區 ; 非都市編定：乙種建築用地,1,1,全筆移轉,00880000
RPTOMLMKRHJGFAN66DA,新三家春段,2058.51,非都市：特定農業區 ; 非都市編定：農牧用地,4,2,持分移轉,12800000
RPUNMLNKQHJGFAN66DA,成功段,13.07,都市：其他:商業區,10000,236,持分移轉,05610003
RPRNMLLKRHJGFAN88DA,莿桐段,446.51,都市：其他:農業區,4,1,持分移轉,18950000
RPRQMLTJRHJGFBN37DA,仁愛段,141.00,都市：其他:農業區,1,1,全筆移轉,02730000
RPQQMLTJRHJGFBN27DA,仁愛段,137.00,都市：其他:農業區,1,1,全筆移轉,02760000
RPQNMLNJRHJGFDN56DA,和平段,59.42,都市：其他:第二種住宅區,1,1,全筆移轉,05500000
RPVNMLKKRHJGFBN66DA,和東段,69.00,都市：其他:住宅區,1,1,全筆移轉,07560044
RPVNMLKKRHJGFBN66DA,和東段,40.61,都市：其他:住宅區,179000,16826,持分移轉,07560050
RPTNMLMLQHJGFFN07DA,大湖段,1906.23,非都市：特定農業區 ; 非都市編定：農牧用地,2,1,持分移轉,00290000
RPSNMLLKRHJGFFN86DA,光華段,2503.00,非都市：特定農業區 ; 非都市編定：農牧用地,1,1,全筆移轉,01590000
RPWNMLTJRHJGFFN97DA,興農段,8.52,非都市：特定農業區 ; 非都市編定：甲種建築用地,28,1,持分移轉,02650000
RPWNMLTJRHJGFFN97DA,興農段,66.22,非都市：特定農業區 ; 非都市編定：甲種建築用地,1,1,全筆移轉,02650013
RPWNMLTJRHJGFFN97DA,興農段,14.21,非都市：特定農業區 ; 非都市編定：甲種建築用地,28,1,持分移轉,02960011
RPWNMLTJRHJGFFN97DA,興農段,1.23,非都市：特定農業區 ; 非都市編定：甲種建築用地,28,1,持分移轉,02960022
RPSNMLKKRHJGFGN86DA,長安段,1546.00,非都市：特定農業區 ; 非都市編定：農牧用地,1,1,全筆移轉,16290000
RPUOMLTLQHJGFAN47DA,圳墘段,287.26,非都市：特定農業區 ; 非都市編定：農牧用地,2,1,持分移轉,08490000
RPPNMLQJRHJGFAN56EA,延平段,34.08,都市：其他:住宅區,10000,370,持分移轉,09770024
RPPNMLQJRHJGFAN56EA,延平段,91.00,都市：其他:住宅區,1,1,全筆移轉,09770036
RPPNMLQJRHJGFAN56EA,延平段,6.25,都市：其他:住宅區,4,1,持分移轉,09770040
RPQNMLKKRHJGFBN78DA,仁愛段,94.00,都市：其他:農業區,1,1,全筆移轉,02940000
RPRNMLKKRHJGFBN88DA,仁愛段,94.00,都市：其他:農業區,1,1,全筆移轉,02950000
RPTNMLLKRHJGFAN09DA,牛稠子段牛稠子小段,290.00,都市：其他:乙種工業區,1,1,全筆移轉,00650040
RPTNMLLKRHJGFAN09DA,牛稠子段牛稠子小段,239.00,都市：其他:乙種工業區,1,1,全筆移轉,00650041
RPTNMLLKRHJGFAN09DA,牛稠子段牛稠子小段,239.00,都市：其他:乙種工業區,1,1,全筆移轉,00650042
RPTNMLLKRHJGFAN09DA,牛稠子段牛稠子小段,238.00,都市：其他:乙種工業區,1,1,全筆移轉,00650043
RPTNMLLKRHJGFAN09DA,牛稠子段牛稠子小段,238.00,都市：其他:乙種工業區,1,1,全筆移轉,00650044
RPTNMLLKRHJGFAN09DA,牛稠子段牛稠子小段,236.00,都市：其他:乙種工業區,1,1,全筆移轉,00650045
RPTNMLKKRHJGFBN09DA,仁愛段,94.00,都市：其他:農業區,1,1,全筆移轉,02960000
RPPNMLLKRHJGFDN98DA,新生段,4.37,都市：其他:第二種商業區,60000,364,持分移轉,11310000
RPPPMLKKRHJGFDN09DA,豐年段,43.49,都市：其他:第一種住宅區,100000,3020,持分移轉,08300000
RPOQMLKKRHJGFDN09DA,竹子段,12.32,非都市：鄉村區 ; 非都市編定：乙種建築用地,540300,30850,持分移轉,01680000
RPOQMLKKRHJGFDN09DA,竹子段,307.71,非都市：鄉村區 ; 非都市編定：乙種建築用地,1,1,全筆移轉,01830000
RPROMLLKRHJGFBN09DA,伸同段,106.43,都市：其他:第一種住宅區,1,1,全筆移轉,00270003
RPUNMLLKRHJGFDN86DA,慈祥段,3812.09,非都市：特定農業區 ; 非都市編定：農牧用地,1,1,全筆移轉,01990000
RPSNMLSLQHJGFGN67DA,建新段,67.27,非都市：鄉村區 ; 非都市編定：乙種建築用地,1,1,全筆移轉,01510000
RPOOMLNJRHJGFDN09DA,興寧段,74.23,非都市：特定農業區 ; 非都市編定：甲種建築用地,1,1,全筆移轉,02170003
RPPNMLLKRHJGFGN66DA,儒德段,25.64,都市：其他:住宅區,1,1,全筆移轉,09600002
RPPNMLLKRHJGFGN66DA,儒德段,110.13,都市：其他:住宅區,1,1,全筆移轉,09600003
RPPNMLLKRHJGFGN66DA,儒德段,89.11,都市：其他:住宅區,1,1,全筆移轉,09610004
RPPNMLLKRHJGFGN66DA,儒德段,63.39,都市：其他:住宅區,1,1,全筆移轉,09610005
RPOOMLNJRHJGFDN09DA,興寧段,15.13,非都市：特定農業區 ; 非都市編定：甲種建築用地,60,2,持分移轉,02250000
RPQNMLLKRHJGFGN76DA,儒田段,17.17,都市：其他:住宅區,10000,137,持分移轉,04260001
RPSPMLTLQHJGFAN37DA,新花壇段,91.07,都市：其他:住宅區,1,1,全筆移轉,02010000
RPTOMLMJRHJGFAN56DA,新灣子口段,90.59,非都市：鄉村區 ; 非都市編定：乙種建築用地,1,1,全筆移轉,07820000
RPTOMLMJRHJGFAN56DA,新灣子口段,11.90,非都市：鄉村區 ; 非都市編定：乙種建築用地,10000,254,持分移轉,07920000
RPSPMLTLQHJGFAN37DA,新花壇段,12.04,都市：其他:住宅區,180000,3007,持分移轉,02170000
RPQNMLNKRHJGFBN09DA,福澤段,77.46,非都市：鄉村區 ; 非都市編定：乙種建築用地,1,1,全筆移轉,08680000
RPOPMLMKRHJGFAN88DA,牛稠子段山腳小段,650.00,非都市：特定農業區 ; 非都市編定：農牧用地,1,1,全筆移轉,00490003
RPXNMLQJRHJGFDN57DA,員林段,11.62,都市：其他:第二種商業區,98500,1162,持分移轉,01160000
RPXNMLTLQHJGFDN97DA,大明段,1341.01,非都市：特定農業區 ; 非都市編定：農牧用地,1,1,全筆移轉,00750000
RPQNMLPLQHJGFFN07DA,光復段,93.00,都市：其他:住宅區,1,1,全筆移轉,04890000
RPTNMLLKRHJGFDN76DA,新生段,84.71,都市：其他:第二種住宅區,1,1,全筆移轉,06730000
RPRNMLMKRHJGFCN56DA,鹿福段,119.87,都市：其他:住宅區,1,1,全筆移轉,03280003
RPTNMLKKRHJGFFN86DA,文昌段,102.89,都市：其他:住宅區,1,1,全筆移轉,02300012
RPUNMLKMPHJGFHN17DA,太平東段,.93,非都市：鄉村區 ; 非都市編定：乙種建築用地,68,2,持分移轉,08300000
RPUNMLKMPHJGFHN17DA,太平東段,51.47,非都市：鄉村區 ; 非都市編定：乙種建築用地,1,1,全筆移轉,08450000
RPUNMLKMPHJGFHN17DA,太平東段,20.40,非都市：鄉村區 ; 非都市編定：乙種建築用地,68,2,持分移轉,08500000
RPUNMLKMPHJGFHN17DA,太平東段,.80,非都市：鄉村區 ; 非都市編定：乙種建築用地,68,2,持分移轉,08680000
RPVNMLMKRHJGFAN76DA,香山段,119.13,非都市：特定農業區 ; 非都市編定：農牧用地,1,1,全筆移轉,04240000
RPTNMLMJQHJGFHN07DA,成功段,128.00,都市：其他:住宅區,1,1,全筆移轉,16240000
RPTNMLMJQHJGFHN07DA,成功段,1.00,都市：其他:道路用地,546,6,持分移轉,16240001
RPPOMLQJRHJGFAN56DA,延和段,115.00,都市：其他:住宅區,1,1,全筆移轉,03690049
RPXNMLLKRHJGFBN96DA,大霞段,1951.00,非都市：特定農業區 ; 非都市編定：農牧用地,1,1,全筆移轉,01920000
RPSOMLSLQHJGFDN47DA,永南段,82.23,都市：其他:住宅區,1,1,全筆移轉,01590002
RPRNMLMKRHJGFEN76DA,中賢段,38.00,都市：其他:住宅區,1,1,全筆移轉,17540000
RPPNMLMKRHJGFCN98DA,鹿海段,5616.35,非都市：工業區 ; 非都市編定：丁種建築用地,1,1,全筆移轉,00310034
RPWNMLMKRHJGFFN37DA,中圳段,52.82,非都市：特定農業區 ; 非都市編定：甲種建築用地,16,1,持分移轉,12890000
RPVNMLMKRHJGFFN27DA,中圳段,52.82,非都市：特定農業區 ; 非都市編定：甲種建築用地,16,1,持分移轉,12890000
RPSNMLNKRHJGFDN86DA,地政段,37.02,都市：其他:第二種住宅區,10000,182,持分移轉,03570000
RPSNMLMKRHJGFGN07DA,永光段,1365.00,非都市：一般農業區 ; 非都市編定：農牧用地,1,1,全筆移轉,16390000
RPSNMLMKRHJGFGN07DA,永光段,2000.00,非都市：一般農業區 ; 非都市編定：農牧用地,1,1,全筆移轉,16400000
RPXNMLNJRHJGFHN67DA,霖鳳段,3738.00,都市：其他:農業區,1,1,全筆移轉,01420000
RPSNMLPJRHJGFHN37DA,五通段,874.02,非都市：特定農業區 ; 非都市編定：農牧用地,1,1,全筆移轉,13520001
RPQNMLTJRHJGFAN86DA,西門口段,386.00,都市：其他:道路用地,1,1,全筆移轉,04720003
RPTNMLKMQHJGFAN09DA,福竹段,8.52,非都市：鄉村區 ; 非都市編定：乙種建築用地,10000,79,持分移轉,03610000
RPTNMLKMQHJGFAN09DA,福竹段,6.89,非都市：鄉村區 ; 非都市編定：乙種建築用地,10000,1000,持分移轉,03980000
RPTNMLKMQHJGFAN09DA,福竹段,71.50,非都市：鄉村區 ; 非都市編定：乙種建築用地,1,1,全筆移轉,04020000
RPTNMLKMQHJGFAN09DA,福竹段,7.71,非都市：鄉村區 ; 非都市編定：乙種建築用地,10000,1250,持分移轉,04030000
RPTNMLKMQHJGFAN09DA,福竹段,3.17,非都市：鄉村區 ; 非都市編定：乙種建築用地,10000,32,持分移轉,04250000
RPOOMLKKRHJGFBN68DA,中興段,7.50,非都市：鄉村區 ; 非都市編定：乙種建築用地,6,1,持分移轉,03100001
RPUOMLLKRHJGFAN66DA,牛稠子段中庄子小段,10.43,都市：其他:住宅區,20000,156,持分移轉,01410001
RPQOMLLKRHJGFBN98DA,重興段,1773.00,非都市：特定農業區 ; 非都市編定：農牧用地,1,1,全筆移轉,03610000
RPQOMLLKRHJGFBN98DA,重興段,139.00,都市：其他:農業區,1,1,全筆移轉,03610001
RPQOMLLKRHJGFBN98DA,重興段,648.00,都市：其他:農業區,1,1,全筆移轉,03620000
RPPNMLPKRHJGFDN76DA,犁頭厝段,26.27,非都市：鄉村區 ; 非都市編定：乙種建築用地,90,2,持分移轉,11320000
RPPNMLPKRHJGFDN76DA,犁頭厝段,79.44,非都市：鄉村區 ; 非都市編定：乙種建築用地,1,1,全筆移轉,11450000
RPPNMLPKRHJGFDN76DA,犁頭厝段,.33,非都市：鄉村區 ; 非都市編定：乙種建築用地,90,2,持分移轉,11520000
RPPNMLSJPHJGFEN86DA,高鐵社頭段,518.75,都市：其他:第一種住宅區,1,1,全筆移轉,01670000
RPRNMLKMPHJGFEN56DA,高鐵段,213.22,都市：其他:第一種住宅區,1,1,全筆移轉,08690008
RPOPMLQKRHJGFDN96DA,三條圳段十七份小段,24.66,都市：其他:第二種住宅區,10000,670,持分移轉,02870000
RPTNMLLKRHJGFHN17DA,湳底段,58.67,都市：其他:農業區,6,1,持分移轉,06020000
RPTNMLLKRHJGFHN17DA,湳底段,232.00,都市：其他:農業區,6,1,持分移轉,06030000
RPTNMLLKRHJGFHN17DA,湳底段,88.67,都市：其他:農業區,6,1,持分移轉,06040000
RPTNMLLKRHJGFHN17DA,湳底段,231.50,都市：其他:農業區,6,1,持分移轉,06050000
RPTNMLLKRHJGFHN17DA,湳底段,1481.49,都市：其他:農業區,6591,1499,持分移轉,06070000
RPVNMLQKRHJGFHN87DA,湳底段,2227.00,都市：其他:農業區,1,1,全筆移轉,04140000
SPVNMLQKRHJGFHN97DA,湳底段,3320.00,都市：其他:農業區,1,1,全筆移轉,05870000
RPSNMLKKRHJGFAN88DA,聖安段,4234.20,非都市：特定農業區 ; 非都市編定：農牧用地,1,1,全筆移轉,11400001
RPQNMLTJRHJGFGN47DA,新崙段,1553.60,非都市：一般農業區 ; 非都市編定：農牧用地,1,1,全筆移轉,07520000
RPPNMLPLPHJGFAN98DA,南郭段南郭小段,50.00,都市：其他:住宅區,3,1,持分移轉,00380224
RPPNMLLJQHJGFBN58DA,新盛段,11.57,都市：其他:住宅區,315,8,持分移轉,00310016
RPQOMLOJRHJGFAN09DA,西勢子段過溝子小段,2.01,都市：其他:住宅區,1000,16,持分移轉,00790001
RPPNMLLJQHJGFBN58DA,新盛段,11.41,都市：其他:住宅區,315,8,持分移轉,00310017
RPQOMLOJRHJGFAN09DA,西勢子段過溝子小段,17.70,都市：其他:道路用地,1,1,全筆移轉,00790012
RPPNMLLJQHJGFBN58DA,新盛段,74.34,都市：其他:住宅區,1,1,全筆移轉,00310025
RPQOMLOJRHJGFAN09DA,西勢子段過溝子小段,68.30,都市：其他:住宅區,1,1,全筆移轉,00790033
RPPNMLLJQHJGFBN58DA,新盛段,.12,都市：其他:住宅區,35,1,持分移轉,00310031
RPQOMLOJRHJGFAN09DA,西勢子段過溝子小段,3.00,都市：其他:住宅區,6,1,持分移轉,00790037
RPQOMLOJRHJGFAN09DA,西勢子段過溝子小段,2.08,都市：其他:道路用地,6,1,持分移轉,00790038
RPPNMLQJRHJGFEN86DA,高鐵段,434.14,都市：其他:第二種住宅區,1,1,全筆移轉,00850000
RPUNMLPJRHJGFDN17DA,大田段,.42,都市：其他:農業區,41,1,持分移轉,02700031
RPUNMLPJRHJGFDN17DA,大田段,.82,都市：其他:農業區,42,1,持分移轉,02700032
RPUNMLPJRHJGFDN17DA,大田段,.08,都市：其他:農業區,41,1,持分移轉,02700033
RPUNMLPJRHJGFDN17DA,大田段,21.14,都市：其他:農業區,41,1,持分移轉,02700034
RPUNMLPJRHJGFDN17DA,大田段,.10,都市：其他:農業區,41,1,持分移轉,02700039
RPUNMLPJRHJGFDN17DA,大田段,110.27,都市：其他:農業區,1,1,全筆移轉,02700045
RPUNMLPJRHJGFDN17DA,大田段,.10,都市：其他:農業區,41,1,持分移轉,02700046
RPUNMLPJRHJGFDN17DA,大田段,.03,都市：其他:農業區,41,1,持分移轉,02700055
RPUNMLPJRHJGFDN17DA,大田段,.13,都市：其他:農業區,41,1,持分移轉,02700057
RPUNMLPJRHJGFDN17DA,大田段,.13,都市：其他:農業區,41,1,持分移轉,02700059
RPUNMLPJRHJGFDN17DA,大田段,.39,都市：其他:農業區,42,1,持分移轉,02700064
RPUNMLPJRHJGFDN17DA,大田段,2.57,都市：其他:農業區,41,1,持分移轉,02740000
RPUNMLPJRHJGFDN17DA,大田段,3.12,都市：其他:農業區,41,1,持分移轉,02740002
RPUNMLTJRHJGFFN77DA,興農段,8.52,非都市：特定農業區 ; 非都市編定：甲種建築用地,28,1,持分移轉,02650000
RPUNMLTJRHJGFFN77DA,興農段,.50,非都市：特定農業區 ; 非都市編定：甲種建築用地,1,1,全筆移轉,02650014
RPUNMLTJRHJGFFN77DA,興農段,65.72,非都市：特定農業區 ; 非都市編定：甲種建築用地,1,1,全筆移轉,02650015
RPUNMLTJRHJGFFN77DA,興農段,14.21,非都市：特定農業區 ; 非都市編定：甲種建築用地,28,1,持分移轉,02960011
RPUNMLTJRHJGFFN77DA,興農段,1.23,非都市：特定農業區 ; 非都市編定：甲種建築用地,28,1,持分移轉,02960022
RPPNMLMKRHJGFGN76DA,新王功段,542.85,非都市：鄉村區 ; 非都市編定：乙種建築用地,3,2,持分移轉,04840000
RPPNMLQJRHJGFAN09DA,東芳段,3.94,都市：其他:道路用地,162,5,持分移轉,03320000
RPPNMLQJRHJGFAN09DA,東芳段,8.18,都市：其他:住宅區,31,8,持分移轉,03330000
RPPNMLQJRHJGFAN09DA,東芳段,111.88,都市：其他:住宅區,1,1,全筆移轉,03390000
RPQNMLLJPHJGFFN98DA,豐崙段,79.25,非都市：特定農業區 ; 非都市編定：甲種建築用地,1,1,全筆移轉,03040000
RPUNMLTJQHJGFHN87DA,瓦窯北段,320.60,非都市：特定農業區 ; 非都市編定：農牧用地,1,1,全筆移轉,07850001
RPQNMLMKRHJGFGN86DA,新王功段,271.43,非都市：鄉村區 ; 非都市編定：乙種建築用地,3,1,持分移轉,04840000
RPVNMLTJQHJGFHN97DA,瓦窯北段,104.39,非都市：特定農業區 ; 非都市編定：甲種建築用地,1,1,全筆移轉,07840007
RPVNMLTJQHJGFHN97DA,瓦窯北段,30.52,非都市：特定農業區 ; 非都市編定：甲種建築用地,45776,3052,持分移轉,07840008
RPVOMLMKRHJGFAN86DA,延和段,115.00,都市：其他:住宅區,1,1,全筆移轉,03690048
RPTNMLTJRHJGFHN87DA,霖鳳段,1851.00,都市：其他:農業區,1,1,全筆移轉,01680002
RPQNMLLMQHJGFCN09DA,文昌段,274.00,非都市：鄉村區 ; 非都市編定：乙種建築用地,1,1,全筆移轉,06750001
RPPNMLNKRHJGFGN86DA,新生段,705.00,都市：其他:住宅區,1,1,全筆移轉,00930000
RPXPMLTJRHJGFBN87DA,和東段,14.27,都市：其他:住宅區,1000000,49895,持分移轉,11710000
RPXPMLTJRHJGFBN87DA,和東段,17.80,都市：其他:住宅區,1000000,69804,持分移轉,11710001
RPPNMLNKRHJGFDN56DA,大西段,25.20,非都市：特定農業區 ; 非都市編定：甲種建築用地,72,6,持分移轉,02210000
RPPNMLNKRHJGFDN56DA,大西段,131.31,非都市：特定農業區 ; 非都市編定：甲種建築用地,30,6,持分移轉,02280000
RPPNMLNKRHJGFDN56DA,大西段,9.31,非都市：特定農業區 ; 非都市編定：甲種建築用地,72,6,持分移轉,02290000
RPPNMLNKRHJGFDN56DA,大西段,97.04,非都市：特定農業區 ; 非都市編定：甲種建築用地,30,6,持分移轉,02300000
RPQPMLTLQHJGFAN17DA,牛稠子段牛稠子小段,81.00,都市：其他:住宅區,1,1,全筆移轉,01900059
RPPNMLLKRHJGFFN56DA,彰興段,112.90,非都市：鄉村區 ; 非都市編定：乙種建築用地,1,1,全筆移轉,06630000
RPPNMLLKRHJGFFN56DA,彰興段,110.42,非都市：鄉村區 ; 非都市編定：乙種建築用地,1,1,全筆移轉,06630001
RPPNMLLKRHJGFFN56DA,彰興段,110.80,非都市：鄉村區 ; 非都市編定：乙種建築用地,1,1,全筆移轉,06630002
RPPNMLLKRHJGFFN56DA,彰興段,111.18,非都市：鄉村區 ; 非都市編定：乙種建築用地,1,1,全筆移轉,06630003
RPPNMLLKRHJGFFN56DA,彰興段,111.56,非都市：鄉村區 ; 非都市編定：乙種建築用地,1,1,全筆移轉,06630004
RPPNMLLKRHJGFFN56DA,彰興段,118.10,非都市：鄉村區 ; 非都市編定：乙種建築用地,1,1,全筆移轉,06630005
RPPNMLLKRHJGFFN56DA,彰興段,157.45,非都市：鄉村區 ; 非都市編定：乙種建築用地,1,1,全筆移轉,06630006
RPPNMLLKRHJGFFN56DA,彰興段,98.23,非都市：鄉村區 ; 非都市編定：乙種建築用地,1,1,全筆移轉,06630007
RPPNMLLKRHJGFFN56DA,彰興段,96.22,非都市：鄉村區 ; 非都市編定：乙種建築用地,1,1,全筆移轉,06630008
RPPNMLLKRHJGFFN56DA,彰興段,95.89,非都市：鄉村區 ; 非都市編定：乙種建築用地,1,1,全筆移轉,06630009
RPPNMLLKRHJGFFN56DA,彰興段,95.56,非都市：鄉村區 ; 非都市編定：乙種建築用地,1,1,全筆移轉,06630010
RPPNMLLKRHJGFFN56DA,彰興段,95.22,非都市：鄉村區 ; 非都市編定：乙種建築用地,1,1,全筆移轉,06630011
RPPNMLLKRHJGFFN56DA,彰興段,98.24,非都市：鄉村區 ; 非都市編定：乙種建築用地,1,1,全筆移轉,06630012
RPUNMLNKRHJGFDN07DA,益民段,49.00,非都市：鄉村區 ; 非都市編定：乙種建築用地,1,1,全筆移轉,03240000
RPWNMLMKRHJGFDN17DA,橋愛段,110.38,都市：其他:第一種住宅區,1,1,全筆移轉,11130001
RPWNMLLKRHJGFDN07DA,員林段,22.77,都市：其他:第一種商業區,100000,91,持分移轉,00480000
RPXOMLTJRHJGFBN77DA,和東段,14.49,都市：其他:住宅區,1000000,50664,持分移轉,11710000
RPXOMLTJRHJGFBN77DA,和東段,18.07,都市：其他:住宅區,1000000,70863,持分移轉,11710001
RPSNMLMKRHJGFEN86DA,映山段,76.94,都市：其他:住宅區,1,1,全筆移轉,05240000
RPPNMLKKRHJGFGN56DA,儒林段,185.14,都市：其他:住宅區,1,1,全筆移轉,07320000
RPWNMLKKRHJGFFN17DA,中圳段,226.30,非都市：特定農業區 ; 非都市編定：國土保安用地,1,1,全筆移轉,07980000
RPWNMLKKRHJGFFN17DA,中圳段,1564.86,非都市：特定農業區 ; 非都市編定：丁種建築用地,1,1,全筆移轉,08020000
RPWNMLKKRHJGFFN17DA,中圳段,40.21,非都市：特定農業區 ; 非都市編定：國土保安用地,1,1,全筆移轉,08020002
RPWNMLKKRHJGFFN17DA,中圳段,813.79,非都市：特定農業區 ; 非都市編定：丁種建築用地,1,1,全筆移轉,08050000
RPPOMLKKRHJGFHN76DA,二重段,75.34,非都市：特定農業區 ; 非都市編定：水利用地,4,1,持分移轉,12370000
RPQNMLTJRHJGFEN27DA,文聖段,61.20,都市：其他:商業區,1,1,全筆移轉,02000000
RPQNMLTJRHJGFEN27DA,文聖段,184.57,都市：其他:住宅區,1,1,全筆移轉,02160000
RPQNMLTJRHJGFEN27DA,文聖段,61.44,都市：其他:人行步道用地,1,1,全筆移轉,02170000
RPROMLMJRHJGFAN98DA,牛稠子段下廍小段,28.91,都市：其他:住宅區,10000,387,持分移轉,01520027
RPTNMLMJRHJGFFN96DA,新崙子段,59.31,非都市：鄉村區 ; 非都市編定：乙種建築用地,16,2,持分移轉,02260000
RPTNMLMJRHJGFFN96DA,新崙子段,490.00,非都市：鄉村區 ; 非都市編定：乙種建築用地,1,1,全筆移轉,02320000
RPXNMLQJRHJGFAN27DA,曾厝段,34.20,非都市：特定農業區 ; 非都市編定：甲種建築用地,10,1,持分移轉,09570005
RPXNMLQJRHJGFAN27DA,曾厝段,73.00,非都市：特定農業區 ; 非都市編定：甲種建築用地,1,1,全筆移轉,09570010
RPTNMLOJRHJGFAN66DA,西門口段,247.25,都市：其他:乙種工業區,4,1,持分移轉,00580003
RPTNMLOJRHJGFAN66DA,西門口段,10.00,都市：其他:乙種工業區,4,1,持分移轉,00580013
RPTNMLOJRHJGFAN66DA,西門口段,3.00,都市：其他:乙種工業區,4,1,持分移轉,00580020
RPUNMLOJRHJGFAN76DA,西門口段,247.25,都市：其他:乙種工業區,4,1,持分移轉,00580003
RPUNMLOJRHJGFAN76DA,西門口段,10.00,都市：其他:乙種工業區,4,1,持分移轉,00580013
RPUNMLOJRHJGFAN76DA,西門口段,3.00,都市：其他:乙種工業區,4,1,持分移轉,00580020
RPTNMLMLQHJGFDN86DA,江夏段,1479.16,非都市：特定農業區 ; 非都市編定：農牧用地,1,1,全筆移轉,08980000
RPTNMLMLQHJGFDN86DA,江夏段,45.52,非都市：特定農業區 ; 非都市編定：農牧用地,1,1,全筆移轉,08990000
RPSNMLMLQHJGFDN76DA,江夏段,181.61,非都市：特定農業區 ; 非都市編定：丁種建築用地,1,1,全筆移轉,09000000
RPTNMLMLQHJGFDN86DA,江夏段,27.57,非都市：特定農業區 ; 非都市編定：農牧用地,1,1,全筆移轉,08990001
RPTNMLMLQHJGFDN86DA,江夏段,110.26,非都市：特定農業區 ; 非都市編定：農牧用地,1,1,全筆移轉,08990002
RPTNMLMLQHJGFDN86DA,江夏段,27.57,非都市：特定農業區 ; 非都市編定：農牧用地,1,1,全筆移轉,08990003
RPSNMLMLQHJGFDN76DA,江夏段,1124.09,非都市：特定農業區 ; 非都市編定：丁種建築用地,1,1,全筆移轉,09000001
RPSNMLMLQHJGFDN76DA,江夏段,14.39,非都市：特定農業區 ; 非都市編定：丁種建築用地,1,1,全筆移轉,09000002
RPSNMLMLQHJGFDN76DA,江夏段,39.19,非都市：特定農業區 ; 非都市編定：丁種建築用地,1,1,全筆移轉,09000003
RPSNMLMLQHJGFDN76DA,江夏段,172.04,非都市：特定農業區 ; 非都市編定：丁種建築用地,1,1,全筆移轉,09000004
RPSNMLMLQHJGFDN76DA,江夏段,22.24,非都市：特定農業區 ; 非都市編定：丁種建築用地,1,1,全筆移轉,09000005
RPSNMLMLQHJGFDN76DA,江夏段,83.00,非都市：特定農業區 ; 非都市編定：丁種建築用地,1,1,全筆移轉,09010000
RPSNMLMLQHJGFDN76DA,江夏段,3028.26,非都市：特定農業區 ; 非都市編定：丁種建築用地,1,1,全筆移轉,09020000
SPTNMLMLQHJGFDN96DA,江夏段,1112.70,非都市：特定農業區 ; 非都市編定：農牧用地,1,1,全筆移轉,09030002
RPUPMLTJRHJGFBN57DA,和東段,14.27,都市：其他:住宅區,1000000,49895,持分移轉,11710000
RPUPMLTJRHJGFBN57DA,和東段,17.80,都市：其他:住宅區,1000000,69804,持分移轉,11710001
RPQNMLQJRHJGFEN96DA,月眉段,6912.76,非都市：山坡地保育區 ; 非都市編定：農牧用地,8,2,持分移轉,11220000
RPOOMLKKRHJGFHN66DA,二重段,4753.66,非都市：特定農業區 ; 非都市編定：農牧用地,10009940,4753664,持分移轉,12350001
RPOOMLKKRHJGFHN66DA,五通段,81.41,非都市：特定農業區 ; 非都市編定：水利用地,4,1,持分移轉,12710000
RPOOMLKKRHJGFHN66DA,五通段,1748.04,非都市：特定農業區 ; 非都市編定：農牧用地,1,1,全筆移轉,13520002
RPTOMLTLQHJGFDN67DA,大田段,69.59,都市：其他:農業區,1,1,全筆移轉,02700016
RPTOMLTLQHJGFDN67DA,大田段,.42,都市：其他:農業區,41,1,持分移轉,02700031
RPTOMLTLQHJGFDN67DA,大田段,.82,都市：其他:農業區,42,1,持分移轉,02700032
RPTOMLTLQHJGFDN67DA,大田段,.08,都市：其他:農業區,41,1,持分移轉,02700033
RPTOMLTLQHJGFDN67DA,大田段,21.14,都市：其他:農業區,41,1,持分移轉,02700034
RPTOMLTLQHJGFDN67DA,大田段,.10,都市：其他:農業區,41,1,持分移轉,02700039
RPTOMLTLQHJGFDN67DA,大田段,.10,都市：其他:農業區,41,1,持分移轉,02700046
RPTOMLTLQHJGFDN67DA,大田段,.03,都市：其他:農業區,41,1,持分移轉,02700055
RPTOMLTLQHJGFDN67DA,大田段,.13,都市：其他:農業區,41,1,持分移轉,02700057
RPTOMLTLQHJGFDN67DA,大田段,.13,都市：其他:農業區,41,1,持分移轉,02700059
RPTOMLTLQHJGFDN67DA,大田段,.39,都市：其他:農業區,42,1,持分移轉,02700064
RPTOMLTLQHJGFDN67DA,大田段,2.57,都市：其他:農業區,41,1,持分移轉,02740000
RPTOMLTLQHJGFDN67DA,大田段,3.12,都市：其他:農業區,41,1,持分移轉,02740002
RPWPMLTJRHJGFBN77DA,中興段,157.00,非都市：鄉村區 ; 非都市編定：乙種建築用地,1,1,全筆移轉,03590005
RPOPMLTJRHJGFBN96DA,中興段,515.00,非都市：特定農業區 ; 非都市編定：農牧用地,1,1,全筆移轉,03620000
RPRNMLKKRHJGFGN76DA,芳寶段,2646.00,非都市：鄉村區 ; 非都市編定：乙種建築用地,1,1,全筆移轉,04390001
RPRNMLMKRHJGFFN86DA,和平段,1485.50,非都市：特定農業區 ; 非都市編定：農牧用地,2,1,持分移轉,12270000
RPPNMLKKRHJGFGN66EA,芳寶段,2645.00,非都市：鄉村區 ; 非都市編定：乙種建築用地,1,1,全筆移轉,04390002
RPROMLRLQHJGFAN96DA,西門口段,739.93,都市：其他:住宅區,1,1,全筆移轉,05240002
RPROMLRLQHJGFAN96DA,西門口段,98.00,都市：其他:住宅區,1,1,全筆移轉,05240024
RPPNMLQJRHJGFFN96DA,新西畔段,5192.75,非都市：特定農業區 ; 非都市編定：農牧用地,1,1,全筆移轉,00040000
RPWNMLLKRHJGFHN47DA,三省段,8.33,非都市：特定農業區 ; 非都市編定：甲種建築用地,444,25,持分移轉,04680000
RPWNMLLKRHJGFHN47DA,三省段,88.00,非都市：特定農業區 ; 非都市編定：甲種建築用地,3,1,持分移轉,04680004
RPPNMLQJRHJGFHN17DA,義民段,36.30,都市：其他:住宅區,100000,5034,持分移轉,02890000
RPPNMLQJRHJGFHN17DA,義民段,8.96,都市：其他:住宅區,104900,3630,持分移轉,02890008
RPSNMLLKRHJGFDN66DA,上美段,1148.21,非都市：特定農業區 ; 非都市編定：農牧用地,1,1,全筆移轉,01630001
RPUOMLQKRHJGFDN47DA,大田段,.42,都市：其他:農業區,82,2,持分移轉,02700031
RPSNMLOJRHJGFDN86DA,大田段,81.73,都市：其他:農業區,1,1,全筆移轉,02700020
RPUOMLQKRHJGFDN47DA,大田段,.82,都市：其他:農業區,84,2,持分移轉,02700032
RPSNMLOJRHJGFDN86DA,大田段,.42,都市：其他:農業區,41,1,持分移轉,02700031
RPUOMLQKRHJGFDN47DA,大田段,.08,都市：其他:農業區,82,2,持分移轉,02700033
RPSNMLOJRHJGFDN86DA,大田段,.82,都市：其他:農業區,42,1,持分移轉,02700032
RPUOMLQKRHJGFDN47DA,大田段,21.14,都市：其他:農業區,82,2,持分移轉,02700034
RPSNMLOJRHJGFDN86DA,大田段,.08,都市：其他:農業區,41,1,持分移轉,02700033
RPUOMLQKRHJGFDN47DA,大田段,82.46,都市：其他:農業區,1,1,全筆移轉,02700035
RPSNMLOJRHJGFDN86DA,大田段,21.14,都市：其他:農業區,41,1,持分移轉,02700034
RPUOMLQKRHJGFDN47DA,大田段,.10,都市：其他:農業區,82,2,持分移轉,02700039
RPSNMLOJRHJGFDN86DA,大田段,.10,都市：其他:農業區,41,1,持分移轉,02700039
RPUOMLQKRHJGFDN47DA,大田段,.10,都市：其他:農業區,82,2,持分移轉,02700046
RPSNMLOJRHJGFDN86DA,大田段,.10,都市：其他:農業區,41,1,持分移轉,02700046
RPUOMLQKRHJGFDN47DA,大田段,.03,都市：其他:農業區,82,2,持分移轉,02700055
RPSNMLOJRHJGFDN86DA,大田段,.03,都市：其他:農業區,41,1,持分移轉,02700055
RPUOMLQKRHJGFDN47DA,大田段,.13,都市：其他:農業區,82,2,持分移轉,02700057
RPSNMLOJRHJGFDN86DA,大田段,.13,都市：其他:農業區,41,1,持分移轉,02700057
RPRPMLTJRHJGFBN27DA,和東段,14.27,都市：其他:住宅區,1000000,49895,持分移轉,11710000
RPUOMLQKRHJGFDN47DA,大田段,.13,都市：其他:農業區,82,2,持分移轉,02700059
RPSNMLOJRHJGFDN86DA,大田段,.13,都市：其他:農業區,41,1,持分移轉,02700059
RPUOMLQKRHJGFDN47DA,大田段,.39,都市：其他:農業區,84,2,持分移轉,02700064
RPSNMLOJRHJGFDN86DA,大田段,.39,都市：其他:農業區,42,1,持分移轉,02700064
RPUOMLQKRHJGFDN47DA,大田段,2.57,都市：其他:農業區,82,2,持分移轉,02740000
RPSNMLOJRHJGFDN86DA,大田段,2.57,都市：其他:農業區,41,1,持分移轉,02740000
RPUOMLQKRHJGFDN47DA,大田段,3.12,都市：其他:農業區,82,2,持分移轉,02740002
RPSNMLOJRHJGFDN86DA,大田段,3.12,都市：其他:農業區,41,1,持分移轉,02740002
RPRPMLTJRHJGFBN27DA,和東段,17.80,都市：其他:住宅區,1000000,69804,持分移轉,11710001
RPWNMLOJRHJGFDN27DA,大田段,70.40,都市：其他:農業區,1,1,全筆移轉,02700026
RPWNMLOJRHJGFDN27DA,大田段,.42,都市：其他:農業區,82,2,持分移轉,02700031
RPWNMLOJRHJGFDN27DA,大田段,.82,都市：其他:農業區,84,2,持分移轉,02700032
RPWNMLOJRHJGFDN27DA,大田段,.08,都市：其他:農業區,82,2,持分移轉,02700033
RPWNMLOJRHJGFDN27DA,大田段,21.14,都市：其他:農業區,82,2,持分移轉,02700034
RPWNMLOJRHJGFDN27DA,大田段,.10,都市：其他:農業區,82,2,持分移轉,02700039
RPWNMLOJRHJGFDN27DA,大田段,.10,都市：其他:農業區,82,2,持分移轉,02700046
RPWNMLOJRHJGFDN27DA,大田段,.03,都市：其他:農業區,82,2,持分移轉,02700055
RPWNMLOJRHJGFDN27DA,大田段,.13,都市：其他:農業區,82,2,持分移轉,02700057
RPWNMLOJRHJGFDN27DA,大田段,.13,都市：其他:農業區,82,2,持分移轉,02700059
RPWNMLOJRHJGFDN27DA,大田段,.39,都市：其他:農業區,84,2,持分移轉,02700064
RPWNMLOJRHJGFDN27DA,大田段,2.57,都市：其他:農業區,82,2,持分移轉,02740000
RPWNMLOJRHJGFDN27DA,大田段,3.12,都市：其他:農業區,82,2,持分移轉,02740002
RPUNMLMKRHJGFHN37DA,鳳山段,4.76,非都市：特定農業區 ; 非都市編定：甲種建築用地,21,1,持分移轉,02450000
RPPNMLOKQHJGFHN96DA,中山段,3.77,非都市：鄉村區 ; 非都市編定：乙種建築用地,33,1,持分移轉,00400000
RPUNMLMKRHJGFHN37DA,鳳山段,8.24,非都市：特定農業區 ; 非都市編定：甲種建築用地,21,1,持分移轉,02690000
RPUNMLMKRHJGFHN37DA,鳳山段,78.00,非都市：特定農業區 ; 非都市編定：甲種建築用地,1,1,全筆移轉,02780000
RPUNMLMKRHJGFHN37DA,鳳山段,12.62,非都市：特定農業區 ; 非都市編定：甲種建築用地,21,1,持分移轉,02800000
RPPNMLOKQHJGFHN96DA,中山段,113.50,非都市：鄉村區 ; 非都市編定：乙種建築用地,1,1,全筆移轉,00400006
RPPNMLOKQHJGFHN96DA,中山段,.32,非都市：鄉村區 ; 非都市編定：乙種建築用地,33,1,持分移轉,00400035
RPVNMLOJRHJGFDN17DA,大田段,.42,都市：其他:農業區,41,1,持分移轉,02700031
RPVNMLOJRHJGFDN17DA,大田段,.82,都市：其他:農業區,42,1,持分移轉,02700032
RPVNMLOJRHJGFDN17DA,大田段,.08,都市：其他:農業區,41,1,持分移轉,02700033
RPVNMLOJRHJGFDN17DA,大田段,21.14,都市：其他:農業區,41,1,持分移轉,02700034
RPVNMLOJRHJGFDN17DA,大田段,.10,都市：其他:農業區,41,1,持分移轉,02700039
RPVNMLOJRHJGFDN17DA,大田段,.10,都市：其他:農業區,41,1,持分移轉,02700046
RPVNMLOJRHJGFDN17DA,大田段,65.20,都市：其他:農業區,1,1,全筆移轉,02700047
RPVNMLOJRHJGFDN17DA,大田段,.03,都市：其他:農業區,41,1,持分移轉,02700055
RPVNMLOJRHJGFDN17DA,大田段,.13,都市：其他:農業區,41,1,持分移轉,02700057
RPVNMLOJRHJGFDN17DA,大田段,.13,都市：其他:農業區,41,1,持分移轉,02700059
RPVNMLOJRHJGFDN17DA,大田段,.39,都市：其他:農業區,42,1,持分移轉,02700064
RPVNMLOJRHJGFDN17DA,大田段,2.57,都市：其他:農業區,41,1,持分移轉,02740000
RPVNMLOJRHJGFDN17DA,大田段,3.12,都市：其他:農業區,41,1,持分移轉,02740002
RPQNMLKMQHJGFHN86DA,大庭段,971.50,都市：其他:農業區,1,1,全筆移轉,01280001
TPQNMLKMQHJGFHN07DA,大庭段,169.25,都市：其他:農業區,1,1,全筆移轉,01280030
SPQNMLKMQHJGFHN96DA,大庭段,230.55,都市：其他:農業區,1,1,全筆移轉,01280029
RPWNMLKKRHJGFDN96DA,永發段,25.08,都市：其他:住宅區,104898,2508,持分移轉,04800000
UPQNMLKMQHJGFHN17DA,大庭段,169.25,都市：其他:農業區,1,1,全筆移轉,01280031
RPSOMLOKQHJGFHN37DA,中山段,3.77,非都市：鄉村區 ; 非都市編定：乙種建築用地,33,1,持分移轉,00400000
RPQNMLNJRHJGFEN66DA,廣興段,26.93,都市：其他:道路用地,288,18,持分移轉,04400001
RPSOMLOKQHJGFHN37DA,中山段,20.40,非都市：鄉村區 ; 非都市編定：乙種建築用地,28,1,持分移轉,00400004
RPSOMLOKQHJGFHN37DA,中山段,78.06,非都市：鄉村區 ; 非都市編定：乙種建築用地,1,1,全筆移轉,00400018
RPSOMLOKQHJGFHN37DA,中山段,.32,非都市：鄉村區 ; 非都市編定：乙種建築用地,33,1,持分移轉,00400035
RPRNMLOLQHJGFDN86DA,三條段,3.04,都市：其他:園道用地,3274,19,持分移轉,04430010
RPRNMLOLQHJGFDN86DA,三條段,1.41,都市：其他:園道用地,5280,140,持分移轉,04530007
RPRNMLOLQHJGFDN86DA,三條段,21.86,都市：其他:第二種住宅區,1456,121,持分移轉,04530022
RPRNMLOLQHJGFDN86DA,三條段,94.11,都市：其他:第二種住宅區,1,1,全筆移轉,04530031
RPUNMLOJRHJGFDN07DA,大田段,1.75,都市：其他:農業區,7,1,持分移轉,02700054
RPUNMLOJRHJGFDN07DA,大田段,23.70,都市：其他:農業區,7,1,持分移轉,02740001
RPTNMLOJRHJGFDN96DA,大田段,72.59,都市：其他:農業區,1,1,全筆移轉,02700028
RPTNMLOJRHJGFDN96DA,大田段,.42,都市：其他:農業區,41,1,持分移轉,02700031
RPTNMLOJRHJGFDN96DA,大田段,.82,都市：其他:農業區,42,1,持分移轉,02700032
RPTNMLOJRHJGFDN96DA,大田段,.08,都市：其他:農業區,41,1,持分移轉,02700033
RPTNMLOJRHJGFDN96DA,大田段,21.14,都市：其他:農業區,41,1,持分移轉,02700034
RPTNMLOJRHJGFDN96DA,大田段,.10,都市：其他:農業區,41,1,持分移轉,02700039
RPTNMLOJRHJGFDN96DA,大田段,.10,都市：其他:農業區,41,1,持分移轉,02700046
RPTNMLOJRHJGFDN96DA,大田段,.03,都市：其他:農業區,41,1,持分移轉,02700055
RPTNMLOJRHJGFDN96DA,大田段,.13,都市：其他:農業區,41,1,持分移轉,02700057
RPTNMLOJRHJGFDN96DA,大田段,.13,都市：其他:農業區,41,1,持分移轉,02700059
RPTNMLOJRHJGFDN96DA,大田段,.39,都市：其他:農業區,42,1,持分移轉,02700064
RPTNMLOJRHJGFDN96DA,大田段,2.57,都市：其他:農業區,41,1,持分移轉,02740000
RPTNMLOJRHJGFDN96DA,大田段,3.12,都市：其他:農業區,41,1,持分移轉,02740002
RPWOMLQKRHJGFDN67DA,大田段,73.19,都市：其他:農業區,1,1,全筆移轉,02700023
RPWOMLQKRHJGFDN67DA,大田段,.42,都市：其他:農業區,41,1,持分移轉,02700031
RPWOMLQKRHJGFDN67DA,大田段,.82,都市：其他:農業區,42,1,持分移轉,02700032
RPWOMLQKRHJGFDN67DA,大田段,.08,都市：其他:農業區,41,1,持分移轉,02700033
RPWOMLQKRHJGFDN67DA,大田段,21.14,都市：其他:農業區,41,1,持分移轉,02700034
RPWOMLQKRHJGFDN67DA,大田段,.10,都市：其他:農業區,41,1,持分移轉,02700039
RPWOMLQKRHJGFDN67DA,大田段,.10,都市：其他:農業區,41,1,持分移轉,02700046
RPWOMLQKRHJGFDN67DA,大田段,.03,都市：其他:農業區,41,1,持分移轉,02700055
RPWOMLQKRHJGFDN67DA,大田段,.13,都市：其他:農業區,41,1,持分移轉,02700057
RPWOMLQKRHJGFDN67DA,大田段,.13,都市：其他:農業區,41,1,持分移轉,02700059
RPWOMLQKRHJGFDN67DA,大田段,.39,都市：其他:農業區,42,1,持分移轉,02700064
RPWOMLQKRHJGFDN67DA,大田段,2.57,都市：其他:農業區,41,1,持分移轉,02740000
RPWOMLQKRHJGFDN67DA,大田段,3.12,都市：其他:農業區,41,1,持分移轉,02740002
RPTPMLTJRHJGFBN47DA,和東段,14.49,都市：其他:住宅區,1000000,50664,持分移轉,11710000
RPTPMLTJRHJGFBN47DA,和東段,18.07,都市：其他:住宅區,1000000,70863,持分移轉,11710001
RPRNMLPJRHJGFDN86DA,橋愛段,28.38,都市：其他:第一種住宅區,10000,36,持分移轉,12270000
RPOQMLTJRHJGFBN07DA,和東段,14.49,都市：其他:住宅區,1000000,50664,持分移轉,11710000
RPVOMLTJRHJGFBN57DA,和東段,14.27,都市：其他:住宅區,1000000,49895,持分移轉,11710000
RPOQMLTJRHJGFBN07DA,和東段,18.07,都市：其他:住宅區,1000000,70863,持分移轉,11710001
RPOOMLPJRHJGFDN66DA,橋愛段,29.17,都市：其他:第一種住宅區,10000,37,持分移轉,12270000
RPVOMLTJRHJGFBN57DA,和東段,17.80,都市：其他:住宅區,1000000,69804,持分移轉,11710001
RPVPMLTJRHJGFBN67DA,和東段,14.49,都市：其他:住宅區,1000000,50664,持分移轉,11710000
RPQPMLTJRHJGFBN17DA,和東段,14.27,都市：其他:住宅區,1000000,49895,持分移轉,11710000
RPQOMLPJRHJGFDN86DA,橋愛段,27.59,都市：其他:第一種住宅區,20000,70,持分移轉,12270000
RPVPMLTJRHJGFBN67DA,和東段,18.07,都市：其他:住宅區,1000000,70863,持分移轉,11710001
RPQPMLTJRHJGFBN17DA,和東段,17.80,都市：其他:住宅區,1000000,69804,持分移轉,11710001
RPSOMLTLQHJGFDN57DA,大田段,1.75,都市：其他:農業區,7,1,持分移轉,02700054
RPSOMLTLQHJGFDN57DA,大田段,23.70,都市：其他:農業區,7,1,持分移轉,02740001
RPROMLTLQHJGFDN47DA,大田段,.42,都市：其他:農業區,41,1,持分移轉,02700031
RPROMLTLQHJGFDN47DA,大田段,.82,都市：其他:農業區,42,1,持分移轉,02700032
RPROMLTLQHJGFDN47DA,大田段,.08,都市：其他:農業區,41,1,持分移轉,02700033
RPROMLTLQHJGFDN47DA,大田段,21.14,都市：其他:農業區,41,1,持分移轉,02700034
RPROMLTLQHJGFDN47DA,大田段,.10,都市：其他:農業區,41,1,持分移轉,02700039
RPROMLTLQHJGFDN47DA,大田段,.10,都市：其他:農業區,41,1,持分移轉,02700046
RPROMLTLQHJGFDN47DA,大田段,.03,都市：其他:農業區,41,1,持分移轉,02700055
RPROMLTLQHJGFDN47DA,大田段,.13,都市：其他:農業區,41,1,持分移轉,02700057
RPROMLTLQHJGFDN47DA,大田段,.13,都市：其他:農業區,41,1,持分移轉,02700059
RPROMLTLQHJGFDN47DA,大田段,81.75,都市：其他:農業區,1,1,全筆移轉,02700062
RPROMLTLQHJGFDN47DA,大田段,.39,都市：其他:農業區,42,1,持分移轉,02700064
RPROMLTLQHJGFDN47DA,大田段,2.57,都市：其他:農業區,41,1,持分移轉,02740000
RPROMLTLQHJGFDN47DA,大田段,3.12,都市：其他:農業區,41,1,持分移轉,02740002
RPSNMLKKRHJGFDN56DA,永發段,25.08,都市：其他:住宅區,104898,2508,持分移轉,04800000
RPTOMLPJRHJGFDN17DA,橋愛段,28.38,都市：其他:第一種住宅區,10000,36,持分移轉,12270000
RPOOMLKKRHJGFDN88DA,永發段,26.85,都市：其他:住宅區,104898,2685,持分移轉,04800000
RPTOMLKKRHJGFDN76DA,永發段,24.09,都市：其他:住宅區,104898,2409,持分移轉,04800000
RPPNMLQLQHJGFHN27DA,五通段,10.17,非都市：鄉村區 ; 非都市編定：乙種建築用地,20,1,持分移轉,04190001
RPSPMLKKRHJGFDN76DA,永發段,25.08,都市：其他:住宅區,104898,2508,持分移轉,04800000
RPPNMLQLQHJGFHN27DA,五通段,1.26,非都市：鄉村區 ; 非都市編定：乙種建築用地,25,1,持分移轉,04190002
RPPNMLQLQHJGFHN27DA,五通段,1.29,非都市：鄉村區 ; 非都市編定：乙種建築用地,20,1,持分移轉,04190014
RPPNMLQLQHJGFHN27DA,五通段,12.92,非都市：鄉村區 ; 非都市編定：乙種建築用地,12,1,持分移轉,04190015
RPPNMLQLQHJGFHN27DA,五通段,77.55,非都市：鄉村區 ; 非都市編定：乙種建築用地,1,1,全筆移轉,04190021
RPVPMLKKRHJGFDN07DA,永發段,26.85,都市：其他:住宅區,104898,2685,持分移轉,04800000
RPWNMLRJQHJGFFN67DA,新生段,.79,非都市：特定農業區 ; 非都市編定：甲種建築用地,69,1,持分移轉,12840000
RPWNMLRJQHJGFFN67DA,新生段,.70,非都市：特定農業區 ; 非都市編定：甲種建築用地,69,1,持分移轉,12840002
RPWNMLRJQHJGFFN67DA,新生段,6.96,非都市：特定農業區 ; 非都市編定：甲種建築用地,52,1,持分移轉,12840033
RPWNMLRJQHJGFFN67DA,新生段,82.73,非都市：特定農業區 ; 非都市編定：甲種建築用地,1,1,全筆移轉,12840070
RPWNMLRJQHJGFFN67DA,新生段,11.85,非都市：特定農業區 ; 非都市編定：甲種建築用地,52,1,持分移轉,12840079
RPSNMLSLQHJGFHN77DA,五通段,10.17,非都市：鄉村區 ; 非都市編定：乙種建築用地,20,1,持分移轉,04190001
RPSNMLSLQHJGFHN77DA,五通段,1.26,非都市：鄉村區 ; 非都市編定：乙種建築用地,25,1,持分移轉,04190002
RPSNMLSLQHJGFHN77DA,五通段,71.42,非都市：鄉村區 ; 非都市編定：乙種建築用地,1,1,全筆移轉,04190013
RPSNMLSLQHJGFHN77DA,五通段,1.29,非都市：鄉村區 ; 非都市編定：乙種建築用地,20,1,持分移轉,04190014
RPSNMLSLQHJGFHN77DA,五通段,12.92,非都市：鄉村區 ; 非都市編定：乙種建築用地,12,1,持分移轉,04190015
RPUOMLRJQHJGFFN57DA,新生段,.79,非都市：特定農業區 ; 非都市編定：甲種建築用地,69,1,持分移轉,12840000
RPUOMLRJQHJGFFN57DA,新生段,.70,非都市：特定農業區 ; 非都市編定：甲種建築用地,69,1,持分移轉,12840002
RPUOMLRJQHJGFFN57DA,新生段,6.96,非都市：特定農業區 ; 非都市編定：甲種建築用地,52,1,持分移轉,12840033
RPUOMLRJQHJGFFN57DA,新生段,67.69,非都市：特定農業區 ; 非都市編定：甲種建築用地,1,1,全筆移轉,12840043
RPUOMLRJQHJGFFN57DA,新生段,11.85,非都市：特定農業區 ; 非都市編定：甲種建築用地,52,1,持分移轉,12840079
RPUOMLRJQHJGFFN57DA,新生段,1.43,非都市：特定農業區 ; 非都市編定：甲種建築用地,1,1,全筆移轉,12840093
RPVNMLPJRHJGFDN27DA,橋愛段,21.29,都市：其他:第一種住宅區,10000,27,持分移轉,12270000
RPXNMLKKRHJGFDN07DA,永發段,36.07,都市：其他:住宅區,104898,3607,持分移轉,04800000
RPQOMLKKRHJGFDN09DA,永發段,24.09,都市：其他:住宅區,104898,2409,持分移轉,04800000
RPWNMLOKQHJGFHN67DA,中山段,3.77,非都市：鄉村區 ; 非都市編定：乙種建築用地,66,2,持分移轉,00400000
RPWNMLOKQHJGFHN67DA,中山段,20.40,非都市：鄉村區 ; 非都市編定：乙種建築用地,56,2,持分移轉,00400004
RPWNMLOKQHJGFHN67DA,中山段,59.25,非都市：鄉村區 ; 非都市編定：乙種建築用地,1,1,全筆移轉,00400010
RPWNMLOKQHJGFHN67DA,中山段,.32,非都市：鄉村區 ; 非都市編定：乙種建築用地,66,2,持分移轉,00400035
RPROMLPJRHJGFDN96DA,橋愛段,26.80,都市：其他:第一種住宅區,10000,34,持分移轉,12270000
RPROMLKKRHJGFDN56DA,永發段,26.85,都市：其他:住宅區,104898,2685,持分移轉,04800000
RPUOMLKKRHJGFDN86DA,永發段,26.47,都市：其他:住宅區,104898,2647,持分移轉,04800000
RPXNMLPJRHJGFDN47DA,橋愛段,26.80,都市：其他:第一種住宅區,10000,34,持分移轉,12270000
RPXOMLKKRHJGFDN17DA,永發段,24.09,都市：其他:住宅區,104898,2409,持分移轉,04800000
RPWPMLKKRHJGFDN17DA,永發段,24.09,都市：其他:住宅區,104898,2409,持分移轉,04800000
RPTPMLKKRHJGFDN86DA,永發段,36.07,都市：其他:住宅區,104898,3607,持分移轉,04800000
RPXPMLKKRHJGFDN27DA,永發段,26.47,都市：其他:住宅區,104898,2647,持分移轉,04800000
RPOOMLRJQHJGFFN96DA,新生段,.79,非都市：特定農業區 ; 非都市編定：甲種建築用地,69,1,持分移轉,12840000
RPOOMLRJQHJGFFN96DA,新生段,.70,非都市：特定農業區 ; 非都市編定：甲種建築用地,69,1,持分移轉,12840002
RPOOMLRJQHJGFFN96DA,新生段,6.96,非都市：特定農業區 ; 非都市編定：甲種建築用地,52,1,持分移轉,12840033
RPOOMLRJQHJGFFN96DA,新生段,67.05,非都市：特定農業區 ; 非都市編定：甲種建築用地,1,1,全筆移轉,12840055
RPOOMLRJQHJGFFN96DA,新生段,11.85,非都市：特定農業區 ; 非都市編定：甲種建築用地,52,1,持分移轉,12840079
RPOOMLRJQHJGFFN96DA,新生段,3.68,非都市：特定農業區 ; 非都市編定：甲種建築用地,1,1,全筆移轉,12840096
RPTOMLOKQHJGFHN47DA,中山段,3.77,非都市：鄉村區 ; 非都市編定：乙種建築用地,33,1,持分移轉,00400000
RPTOMLOKQHJGFHN47DA,中山段,20.40,非都市：鄉村區 ; 非都市編定：乙種建築用地,28,1,持分移轉,00400004
RPTOMLOKQHJGFHN47DA,中山段,99.26,非都市：鄉村區 ; 非都市編定：乙種建築用地,1,1,全筆移轉,00400020
RPTOMLOKQHJGFHN47DA,中山段,.32,非都市：鄉村區 ; 非都市編定：乙種建築用地,33,1,持分移轉,00400035
RPVOMLKKRHJGFDN96DA,永發段,25.08,都市：其他:住宅區,104898,2508,持分移轉,04800000
RPPOMLOKQHJGFHN07DA,中山段,3.77,非都市：鄉村區 ; 非都市編定：乙種建築用地,33,1,持分移轉,00400000
RPPOMLOKQHJGFHN07DA,中山段,20.40,非都市：鄉村區 ; 非都市編定：乙種建築用地,28,1,持分移轉,00400004
RPPOMLOKQHJGFHN07DA,中山段,77.42,非都市：鄉村區 ; 非都市編定：乙種建築用地,1,1,全筆移轉,00400015
RPPOMLOKQHJGFHN07DA,中山段,.32,非都市：鄉村區 ; 非都市編定：乙種建築用地,33,1,持分移轉,00400035
RPOPMLKKRHJGFDN98DA,永發段,36.07,都市：其他:住宅區,104898,3607,持分移轉,04800000
RPXOMLOKQHJGFHN87DA,中山段,3.77,非都市：鄉村區 ; 非都市編定：乙種建築用地,33,1,持分移轉,00400000
RPXOMLOKQHJGFHN87DA,中山段,20.40,非都市：鄉村區 ; 非都市編定：乙種建築用地,28,1,持分移轉,00400004
RPXOMLOKQHJGFHN87DA,中山段,88.65,非都市：鄉村區 ; 非都市編定：乙種建築用地,1,1,全筆移轉,00400026
RPXOMLOKQHJGFHN87DA,中山段,.32,非都市：鄉村區 ; 非都市編定：乙種建築用地,33,1,持分移轉,00400035
RPQPMLKKRHJGFDN56DA,永發段,24.09,都市：其他:住宅區,104898,2409,持分移轉,04800000
RPRPMLKKRHJGFDN66DA,永發段,36.27,都市：其他:住宅區,104898,3627,持分移轉,04800000
RPVOMLRJQHJGFFN67DA,新生段,.79,非都市：特定農業區 ; 非都市編定：甲種建築用地,69,1,持分移轉,12840000
RPVOMLRJQHJGFFN67DA,新生段,.70,非都市：特定農業區 ; 非都市編定：甲種建築用地,69,1,持分移轉,12840002
RPVOMLRJQHJGFFN67DA,新生段,6.96,非都市：特定農業區 ; 非都市編定：甲種建築用地,52,1,持分移轉,12840033
RPVOMLRJQHJGFFN67DA,新生段,161.10,非都市：特定農業區 ; 非都市編定：甲種建築用地,1,1,全筆移轉,12840046
RPVOMLRJQHJGFFN67DA,新生段,11.85,非都市：特定農業區 ; 非都市編定：甲種建築用地,52,1,持分移轉,12840079
RPXNMLRJQHJGFFN77DA,新生段,.79,非都市：特定農業區 ; 非都市編定：甲種建築用地,69,1,持分移轉,12840000
RPXNMLRJQHJGFFN77DA,新生段,.70,非都市：特定農業區 ; 非都市編定：甲種建築用地,69,1,持分移轉,12840002
RPXNMLRJQHJGFFN77DA,新生段,6.96,非都市：特定農業區 ; 非都市編定：甲種建築用地,52,1,持分移轉,12840033
RPXNMLRJQHJGFFN77DA,新生段,88.41,非都市：特定農業區 ; 非都市編定：甲種建築用地,1,1,全筆移轉,12840051
RPXNMLRJQHJGFFN77DA,新生段,11.85,非都市：特定農業區 ; 非都市編定：甲種建築用地,52,1,持分移轉,12840079
RPWOMLRJQHJGFFN77DA,新生段,.79,非都市：特定農業區 ; 非都市編定：甲種建築用地,69,1,持分移轉,12840000
RPWOMLRJQHJGFFN77DA,新生段,.70,非都市：特定農業區 ; 非都市編定：甲種建築用地,69,1,持分移轉,12840002
RPWOMLRJQHJGFFN77DA,新生段,14.85,非都市：特定農業區 ; 非都市編定：甲種建築用地,17,1,持分移轉,12840011
RPWNMLTLPHJGFFN97DA,螺陽段,52.00,都市：其他:住宅區,1,1,全筆移轉,00660020
RPWOMLRJQHJGFFN77DA,新生段,53.51,非都市：特定農業區 ; 非都市編定：甲種建築用地,1,1,全筆移轉,12840012
RPTNMLKKRHJGFHN07DA,中山段,3.77,非都市：鄉村區 ; 非都市編定：乙種建築用地,33,1,持分移轉,00400000
RPWNMLTLPHJGFFN97DA,螺陽段,30.29,都市：其他:住宅區,21,1,持分移轉,00660024
RPTNMLKKRHJGFHN07DA,中山段,20.40,非都市：鄉村區 ; 非都市編定：乙種建築用地,28,1,持分移轉,00400004
RPTNMLKKRHJGFHN07DA,中山段,59.28,非都市：鄉村區 ; 非都市編定：乙種建築用地,1,1,全筆移轉,00400008
RPWNMLTLPHJGFFN97DA,螺陽段,2.24,都市：其他:住宅區,21,1,持分移轉,00660026
RPTNMLKKRHJGFHN07DA,中山段,.32,非都市：鄉村區 ; 非都市編定：乙種建築用地,33,1,持分移轉,00400035
RPWNMLTLPHJGFFN97DA,螺陽段,1.14,都市：其他:道路用地,21,1,持分移轉,00770019
RPRNMLOKQHJGFHN17DA,中山段,3.77,非都市：鄉村區 ; 非都市編定：乙種建築用地,33,1,持分移轉,00400000
RPRNMLOKQHJGFHN17DA,中山段,102.66,非都市：鄉村區 ; 非都市編定：乙種建築用地,1,1,全筆移轉,00400005
RPRNMLOKQHJGFHN17DA,中山段,.32,非都市：鄉村區 ; 非都市編定：乙種建築用地,33,1,持分移轉,00400035
RPTNMLOKQHJGFHN37DA,中山段,3.77,非都市：鄉村區 ; 非都市編定：乙種建築用地,33,1,持分移轉,00400000
RPTNMLOKQHJGFHN37DA,中山段,68.95,非都市：鄉村區 ; 非都市編定：乙種建築用地,1,1,全筆移轉,00400002
RPTNMLOKQHJGFHN37DA,中山段,.32,非都市：鄉村區 ; 非都市編定：乙種建築用地,33,1,持分移轉,00400035
RPWNMLPJRHJGFDN37DA,橋愛段,29.17,都市：其他:第一種住宅區,10000,37,持分移轉,12270000
RPROMLOKQHJGFHN27DA,中山段,3.77,非都市：鄉村區 ; 非都市編定：乙種建築用地,33,1,持分移轉,00400000
RPROMLOKQHJGFHN27DA,中山段,20.40,非都市：鄉村區 ; 非都市編定：乙種建築用地,28,1,持分移轉,00400004
RPROMLOKQHJGFHN27DA,中山段,77.94,非都市：鄉村區 ; 非都市編定：乙種建築用地,1,1,全筆移轉,00400017
RPROMLOKQHJGFHN27DA,中山段,.32,非都市：鄉村區 ; 非都市編定：乙種建築用地,33,1,持分移轉,00400035
RPUNMLTKPHJGFFN67DA,螺陽段,69.00,都市：其他:住宅區,1,1,全筆移轉,00660009
RPUNMLTKPHJGFFN67DA,螺陽段,30.29,都市：其他:住宅區,21,1,持分移轉,00660024
RPOOMLOKQHJGFHN96DA,中山段,3.77,非都市：鄉村區 ; 非都市編定：乙種建築用地,33,1,持分移轉,00400000
RPUNMLTKPHJGFFN67DA,螺陽段,2.24,都市：其他:住宅區,21,1,持分移轉,00660026
RPUNMLTKPHJGFFN67DA,螺陽段,1.14,都市：其他:道路用地,21,1,持分移轉,00770019
RPOOMLOKQHJGFHN96DA,中山段,20.40,非都市：鄉村區 ; 非都市編定：乙種建築用地,28,1,持分移轉,00400004
RPOOMLOKQHJGFHN96DA,中山段,58.96,非都市：鄉村區 ; 非都市編定：乙種建築用地,1,1,全筆移轉,00400013
RPOOMLOKQHJGFHN96DA,中山段,.32,非都市：鄉村區 ; 非都市編定：乙種建築用地,33,1,持分移轉,00400035
RPXNMLSKPHJGFFN87DA,螺陽段,76.00,都市：其他:住宅區,1,1,全筆移轉,00660004
RPXNMLSKPHJGFFN87DA,螺陽段,30.29,都市：其他:住宅區,21,1,持分移轉,00660024
RPXNMLSKPHJGFFN87DA,螺陽段,2.24,都市：其他:住宅區,21,1,持分移轉,00660026
RPXNMLSKPHJGFFN87DA,螺陽段,1.14,都市：其他:道路用地,21,1,持分移轉,00770019
RPTNMLSKPHJGFFN47DA,螺陽段,72.00,都市：其他:住宅區,1,1,全筆移轉,00660003
RPTNMLSKPHJGFFN47DA,螺陽段,30.29,都市：其他:住宅區,21,1,持分移轉,00660024
RPTNMLSKPHJGFFN47DA,螺陽段,2.24,都市：其他:住宅區,21,1,持分移轉,00660026
RPUNMLOJRHJGFGN37DA,儒林段,47.66,都市：其他:住宅區,1,1,全筆移轉,04970000
RPTNMLSKPHJGFFN47DA,螺陽段,1.14,都市：其他:道路用地,21,1,持分移轉,00770019
RPUNMLOJRHJGFGN37DA,儒林段,33.52,都市：其他:住宅區,1,1,全筆移轉,05000019
RPXNMLKMPHJGFFN27DA,螺陽段,69.00,都市：其他:住宅區,1,1,全筆移轉,00660022
RPXNMLKMPHJGFFN27DA,螺陽段,30.29,都市：其他:住宅區,21,1,持分移轉,00660024
RPXNMLKMPHJGFFN27DA,螺陽段,2.24,都市：其他:住宅區,21,1,持分移轉,00660026
RPXNMLKMPHJGFFN27DA,螺陽段,1.14,都市：其他:道路用地,21,1,持分移轉,00770019
RPRNMLKKRHJGFHN86DA,中山段,3.77,非都市：鄉村區 ; 非都市編定：乙種建築用地,33,1,持分移轉,00400000
RPPNMLSLQHJGFBN86DA,伸股段,22.63,都市：其他:第一種住宅區,100000,4269,持分移轉,03180001
RPRNMLKKRHJGFHN86DA,中山段,20.40,非都市：鄉村區 ; 非都市編定：乙種建築用地,28,1,持分移轉,00400004
RPRNMLKKRHJGFHN86DA,中山段,59.61,非都市：鄉村區 ; 非都市編定：乙種建築用地,1,1,全筆移轉,00400014
RPRNMLKKRHJGFHN86DA,中山段,.32,非都市：鄉村區 ; 非都市編定：乙種建築用地,33,1,持分移轉,00400035
RPUNMLSLQHJGFBN37DA,伸股段,32.88,都市：其他:第一種住宅區,100000,6202,持分移轉,03180001
RPSNMLPJRHJGFDN96DA,橋愛段,19.71,都市：其他:第一種住宅區,10000,25,持分移轉,12270000
RPSOMLPJRHJGFDN07DA,橋愛段,21.29,都市：其他:第一種住宅區,10000,27,持分移轉,12270000
RPTNMLPJRHJGFDN07DA,橋愛段,21.29,都市：其他:第一種住宅區,20000,54,持分移轉,12270000
RPVOMLOKQHJGFHN67DA,中山段,3.77,非都市：鄉村區 ; 非都市編定：乙種建築用地,33,1,持分移轉,00400000
RPVOMLOKQHJGFHN67DA,中山段,20.40,非都市：鄉村區 ; 非都市編定：乙種建築用地,28,1,持分移轉,00400004
RPVOMLOKQHJGFHN67DA,中山段,68.57,非都市：鄉村區 ; 非都市編定：乙種建築用地,1,1,全筆移轉,00400033
RPVOMLOKQHJGFHN67DA,中山段,.32,非都市：鄉村區 ; 非都市編定：乙種建築用地,33,1,持分移轉,00400035
RPWOMLOKQHJGFHN77DA,中山段,3.77,非都市：鄉村區 ; 非都市編定：乙種建築用地,33,1,持分移轉,00400000
RPWOMLOKQHJGFHN77DA,中山段,20.40,非都市：鄉村區 ; 非都市編定：乙種建築用地,28,1,持分移轉,00400004
RPWOMLOKQHJGFHN77DA,中山段,68.37,非都市：鄉村區 ; 非都市編定：乙種建築用地,1,1,全筆移轉,00400032
RPWOMLOKQHJGFHN77DA,中山段,.32,非都市：鄉村區 ; 非都市編定：乙種建築用地,33,1,持分移轉,00400035
RPPOMLPJRHJGFDN76DA,橋愛段,26.80,都市：其他:第一種住宅區,10000,34,持分移轉,12270000
RPQNMLSLQHJGFBN96DA,伸股段,23.57,都市：其他:第一種住宅區,100000,4446,持分移轉,03180001
RPWNMLTJRHJGFDN77DA,和平段,26.75,都市：其他:第一種住宅區,10000,115,持分移轉,11770000
RPOOMLTJRHJGFDN07DA,和平段,18.38,都市：其他:第一種住宅區,20000,158,持分移轉,11770000
RPXNMLTJRHJGFDN87DA,和平段,26.75,都市：其他:第一種住宅區,10000,115,持分移轉,11770000
