﻿編號,土地位置,土地移轉面積平方公尺,使用分區或編定,權利人持分分母,權利人持分分子,移轉情形,地號
The serial number, land position,land shifting area square meter,the use zoning or compiles and checks,,,,land parcel
RPSNMLOKQHJGFDN96DB,新員水段,1.20,非都市：鄉村區 ; 非都市編定：乙種建築用地,2880000,37827,持分移轉,04800000
RPSNMLOKQHJGFDN96DB,新員水段,31.66,非都市：鄉村區 ; 非都市編定：乙種建築用地,1000000,37413,持分移轉,04800004
RPSNMLOKQHJGFDN96DB,新員水段,2.64,非都市：鄉村區 ; 非都市編定：乙種建築用地,1000000,37413,持分移轉,04800030
RPVNMLPKQHJGFDN27CB,新西東段,21.83,非都市：特定農業區 ; 非都市編定：甲種建築用地,100000,2391,持分移轉,10130000
RPVNMLPKQHJGFDN27CB,新西東段,11.10,非都市：特定農業區 ; 非都市編定：甲種建築用地,100000,2391,持分移轉,10140000
RPWNMLPKQHJGFDN37CB,新西東段,21.48,非都市：特定農業區 ; 非都市編定：甲種建築用地,100000,2353,持分移轉,10130000
RPVNMLPKQHJGFDN27CB,新西東段,9.97,非都市：特定農業區 ; 非都市編定：甲種建築用地,100000,2391,持分移轉,10150000
RPWNMLPKQHJGFDN37CB,新西東段,10.93,非都市：特定農業區 ; 非都市編定：甲種建築用地,100000,2353,持分移轉,10140000
RPUNMLOKQHJGFEN17CB,橋頭段,116.61,非都市：鄉村區 ; 非都市編定：乙種建築用地,128307,11661,持分移轉,11090000
RPPNMLOKQHJGFDN56CB,美港段,23.38,非都市：鄉村區 ; 非都市編定：乙種建築用地,74018,2338,持分移轉,04210000
RPWNMLPKQHJGFDN37CB,新西東段,9.81,非都市：特定農業區 ; 非都市編定：甲種建築用地,100000,2353,持分移轉,10150000
RPTNMLPKQHJGFDN07CB,新西東段,15.16,非都市：特定農業區 ; 非都市編定：甲種建築用地,100000,1661,持分移轉,10130000
RPTNMLPKQHJGFDN07CB,新西東段,7.71,非都市：特定農業區 ; 非都市編定：甲種建築用地,100000,1661,持分移轉,10140000
RPTNMLPKQHJGFDN07CB,新西東段,6.93,非都市：特定農業區 ; 非都市編定：甲種建築用地,100000,1661,持分移轉,10150000
RPQNMLQKQHJGFBN76DB,和中段,65.00,都市：住,1,1,全筆移轉,00950096
RPPNMLQKQHJGFCN66CB,福鹿段,28.04,非都市：特定農業區 ; 非都市編定：甲種建築用地,1000,37,持分移轉,02620000
RPPNMLQKQHJGFCN66CB,福鹿段,.99,非都市：特定農業區 ; 非都市編定：交通用地,952,8,持分移轉,02090002
RPPNMLQKQHJGFBN66DB,和中段,65.00,都市：住,1,1,全筆移轉,00950095
RPPNMLRKQHJGFBN66CB,伸同段,20.63,都市：住,10000000,130546,持分移轉,04510000
RPQNMLTKQHJGFEN27CB,高鐵社頭段,.51,都市：住,73,1,持分移轉,00900081
RPQNMLTKQHJGFEN27CB,高鐵社頭段,22.44,都市：住,49,1,持分移轉,00900082
RPQNMLTKQHJGFEN27CB,高鐵社頭段,74.00,都市：住,1,1,全筆移轉,00900055
RPQNMLTKQHJGFEN27CB,高鐵社頭段,3.70,都市：住,1,1,全筆移轉,00900053
RPPNMLTKQHJGFDN07CB,新西東段,14.47,非都市：特定農業區 ; 非都市編定：甲種建築用地,100000,1585,持分移轉,10130000
RPPNMLTKQHJGFDN07CB,新西東段,7.36,非都市：特定農業區 ; 非都市編定：甲種建築用地,100000,1585,持分移轉,10140000
RPPNMLTKQHJGFDN07CB,新西東段,6.61,非都市：特定農業區 ; 非都市編定：甲種建築用地,100000,1585,持分移轉,10150000
RPSNMLKLQHJGFAN88CB,延平段,23.55,都市：住,10000,75,持分移轉,10770000
RPQNMLKLQHJGFAN68CB,華南段,21.10,非都市：鄉村區 ; 非都市編定：乙種建築用地,100000,423,持分移轉,05630000
RPTNMLKLQHJGFDN66CB,永南段,26.37,非都市：鄉村區 ; 非都市編定：乙種建築用地,100000,4019,持分移轉,10120000
RPPNMLTKQHJGFEN17CB,高鐵社頭段,.51,都市：住,73,1,持分移轉,00900081
RPPNMLTKQHJGFEN17CB,高鐵社頭段,22.44,都市：住,49,1,持分移轉,00900082
RPPNMLTKQHJGFEN17CB,高鐵社頭段,77.70,都市：住,1,1,全筆移轉,00900075
RPSNMLKLQHJGFDN56CB,永南段,32.00,非都市：鄉村區 ; 非都市編定：乙種建築用地,100000,4877,持分移轉,10120000
RPPNMLLLQHJGFDN98CB,鎮安段,25.47,非都市：鄉村區 ; 非都市編定：乙種建築用地,100000,2325,持分移轉,16260000
RPQNMLLLQHJGFDN09CB,鎮安段,25.77,非都市：鄉村區 ; 非都市編定：乙種建築用地,100000,2353,持分移轉,16260000
RPQNMLKLQHJGFFN56CB,進樂段,110.10,都市：住,1,1,全筆移轉,09390025
RPRNMLMLQHJGFCN56CB,福鹿段,28.88,非都市：特定農業區 ; 非都市編定：甲種建築用地,1000,58,持分移轉,02770000
RPRNMLMLQHJGFCN56CB,福鹿段,.87,非都市：特定農業區 ; 非都市編定：交通用地,952,7,持分移轉,02090002
RPQNMLMLQHJGFDN56CB,橋愛段,27.04,都市：住,100000,1004,持分移轉,13040000
RPPNMLMLQHJGFDN09CB,橋愛段,31.48,都市：住,100000,1169,持分移轉,13040000
RPPNMLMLQHJGFEN56CB,中賢段,23.95,都市：住,100000,1932,持分移轉,16000000
RPSNMLMLQHJGFCN66CB,福鹿段,28.88,非都市：特定農業區 ; 非都市編定：甲種建築用地,1000,58,持分移轉,02770000
RPSNMLMLQHJGFCN66CB,福鹿段,.87,非都市：特定農業區 ; 非都市編定：交通用地,952,7,持分移轉,02090002
RPQNMLMLQHJGFCN09CB,福鹿段,35.35,非都市：特定農業區 ; 非都市編定：甲種建築用地,1000,71,持分移轉,02770000
RPQNMLMLQHJGFCN09CB,福鹿段,.87,非都市：特定農業區 ; 非都市編定：交通用地,952,7,持分移轉,02090002
RPPNMLNLQHJGFCN09CB,三元段,30.00,非都市：特定農業區 ; 非都市編定：甲種建築用地,100000,2950,持分移轉,08170028
RPPNMLNLQHJGFCN09CB,三元段,4.84,非都市：特定農業區 ; 非都市編定：甲種建築用地,575000,4841,持分移轉,08170026
RPPNMLQLQHJGFDN86CB,三潭段,87.22,非都市：特定農業區 ; 非都市編定：甲種建築用地,1,1,全筆移轉,10270002
RPPNMLQLQHJGFHN27CB,北勢段,21.65,非都市：鄉村區 ; 非都市編定：乙種建築用地,41576,2165,持分移轉,09710000
RPPNMLMLQHJGFFN66CB,大松段,24.06,都市：商,1000000,16897,持分移轉,01780000
RPQNMLNLQHJGFCN56CB,福鹿段,28.88,非都市：特定農業區 ; 非都市編定：甲種建築用地,1000,58,持分移轉,02770000
RPQNMLNLQHJGFCN56CB,福鹿段,.87,非都市：特定農業區 ; 非都市編定：交通用地,952,7,持分移轉,02090002
RPQNMLRLQHJGFDN07CB,三條段,44.04,都市：住,100000,1005,持分移轉,07580000
RPUNMLRLQHJGFDN47CB,豐年段,27.78,都市：住,100000,690,持分移轉,08380000
RPQNMLQLQHJGFHN37CB,北勢段,21.65,非都市：鄉村區 ; 非都市編定：乙種建築用地,41576,2165,持分移轉,09710000
RPPNMLRLQHJGFDN96CB,三潭段,54.50,非都市：特定農業區 ; 非都市編定：甲種建築用地,1,1,全筆移轉,01030043
RPPNMLRLQHJGFDN96CB,三潭段,21.48,非都市：特定農業區 ; 非都市編定：甲種建築用地,1872,45,持分移轉,01030055
RPPNMLRLQHJGFDN96CB,三潭段,1.64,非都市：特定農業區 ; 非都市編定：甲種建築用地,195,2,持分移轉,01030054
RPQNMLSLQHJGFAN86CB,溪南段,67.29,非都市：鄉村區 ; 非都市編定：乙種建築用地,1,1,全筆移轉,13130020
RPRNMLSLQHJGFEN47DB,仁雅段,37.01,都市：住,100000,5818,持分移轉,05150000
RPQNMLSLQHJGFAN86CB,溪南段,.60,非都市：鄉村區 ; 非都市編定：交通用地,20,1,持分移轉,13000002
RPQNMLSLQHJGFAN86CB,溪南段,3.21,非都市：鄉村區 ; 非都市編定：乙種建築用地,20,1,持分移轉,13010002
RPQNMLSLQHJGFAN86CB,溪南段,14.51,非都市：鄉村區 ; 非都市編定：乙種建築用地,20,1,持分移轉,13130001
RPRNMLKMQHJGFBN98CB,大雅段,.70,非都市：特定農業區 ; 非都市編定：甲種建築用地,100000,2271,持分移轉,09970001
RPRNMLKMQHJGFBN98CB,大雅段,28.30,非都市：鄉村區 ; 非都市編定：乙種建築用地,100000,2271,持分移轉,09980001
RPQNMLRLQHJGFBN86CB,伸東段,154.79,都市：住,46100,15479,持分移轉,05940000
RPSNMLKMQHJGFBN09CB,大雅段,.70,非都市：特定農業區 ; 非都市編定：甲種建築用地,100000,2271,持分移轉,09970001
RPSNMLKMQHJGFBN09CB,大雅段,28.30,非都市：鄉村區 ; 非都市編定：乙種建築用地,100000,2271,持分移轉,09980001
RPPNMLMJRHJGFBN78CB,福澤段,14.13,非都市：鄉村區 ; 非都市編定：乙種建築用地,1,1,全筆移轉,06290002
RPPNMLMJRHJGFBN78CB,福澤段,68.16,非都市：鄉村區 ; 非都市編定：乙種建築用地,1,1,全筆移轉,06290005
RPPNMLMJRHJGFBN78CB,福澤段,.63,非都市：鄉村區 ; 非都市編定：乙種建築用地,30,1,持分移轉,06290000
RPPNMLMJRHJGFBN78CB,福澤段,.17,非都市：鄉村區 ; 非都市編定：乙種建築用地,30,1,持分移轉,06290004
RPPNMLMJRHJGFBN78CB,福澤段,28.72,非都市：鄉村區 ; 非都市編定：乙種建築用地,30,1,持分移轉,06290038
RPPNMLMJRHJGFDN98CB,黎明段,16.84,都市：住,100000,2715,持分移轉,10580000
RPPNMLMJRHJGFDN98CB,黎明段,10.01,都市：住,100000,2715,持分移轉,10580002
RPQNMLKMQHJGFBN88CB,大雅段,.70,非都市：特定農業區 ; 非都市編定：甲種建築用地,100000,2271,持分移轉,09970001
RPQNMLKMQHJGFBN88CB,大雅段,28.30,非都市：鄉村區 ; 非都市編定：乙種建築用地,100000,2271,持分移轉,09980001
RPQNMLMJRHJGFFN66CB,螺陽段,73.00,都市：住,1,1,全筆移轉,00210033
RPQNMLMJRHJGFFN66CB,螺陽段,16.82,都市：住,11,1,持分移轉,00210028
RPQNMLMJRHJGFFN66CB,螺陽段,1.36,都市：住,14,1,持分移轉,00230000
RPWNMLMJRHJGFHN47CB,成功段,88.00,都市：住,3474,88,持分移轉,06800000
RPXNMLMJRHJGFHN57CB,成功段,83.00,都市：住,3474,83,持分移轉,06800000
RPXNMLMJRHJGFHN57CB,成功段,16.00,都市：住,3474,16,持分移轉,06800000
RPPNMLOJRHJGFAN88CB,阿夷段阿夷小段,30.90,非都市：鄉村區 ; 非都市編定：乙種建築用地,1000000,10951,持分移轉,00720003
RPPNMLOJRHJGFAN88CB,阿夷段阿夷小段,1.35,非都市：特定農業區 ; 非都市編定：甲種建築用地,1000000,10951,持分移轉,04210001
RPVNMLMJRHJGFHN37CB,成功段,83.00,都市：住,3474,83,持分移轉,06800000
RPVNMLMJRHJGFHN37CB,成功段,16.52,都市：住,347400,1652,持分移轉,06800000
RPOOMLMJRHJGFHN76CB,成功段,83.00,都市：住,3474,83,持分移轉,06800000
RPOOMLMJRHJGFHN76CB,成功段,16.00,都市：住,3474,16,持分移轉,06800000
RPQNMLOJRHJGFAN98CB,阿夷段阿夷小段,35.32,非都市：鄉村區 ; 非都市編定：乙種建築用地,1000000,12516,持分移轉,00720003
RPQNMLOJRHJGFAN98CB,阿夷段阿夷小段,1.54,非都市：特定農業區 ; 非都市編定：甲種建築用地,1000000,12516,持分移轉,04210001
RPRNMLOJRHJGFHN17CB,太平東段,39.19,非都市：鄉村區 ; 非都市編定：乙種建築用地,100000,1695,持分移轉,16480000
RPRNMLOJRHJGFHN17CB,太平東段,15.07,非都市：鄉村區 ; 非都市編定：乙種建築用地,100000,1695,持分移轉,17000000
RPRNMLOJRHJGFHN17CB,太平東段,3.21,非都市：鄉村區 ; 非都市編定：乙種建築用地,100000,1695,持分移轉,17010000
RPRNMLOJRHJGFHN17CB,太平東段,.98,非都市：鄉村區 ; 非都市編定：乙種建築用地,100000,1695,持分移轉,17020000
RPRNMLOJRHJGFHN17CB,太平東段,.10,非都市：鄉村區 ; 非都市編定：乙種建築用地,100000,1695,持分移轉,17030000
RPRNMLOJRHJGFHN17CB,太平東段,18.81,非都市：鄉村區 ; 非都市編定：乙種建築用地,100000,1695,持分移轉,17040000
RPRNMLOJRHJGFHN17CB,太平東段,4.21,非都市：鄉村區 ; 非都市編定：乙種建築用地,100000,1695,持分移轉,17050000
RPSNMLOJRHJGFDN86CB,橋愛段,88.67,都市：住,1,1,全筆移轉,11960005
RPSNMLOJRHJGFDN86CB,橋愛段,6.24,都市：住,14,1,持分移轉,11960006
RPSNMLOJRHJGFHN27CB,太平東段,38.82,非都市：鄉村區 ; 非都市編定：乙種建築用地,100000,1679,持分移轉,16480000
RPSNMLOJRHJGFHN27CB,太平東段,14.93,非都市：鄉村區 ; 非都市編定：乙種建築用地,100000,1679,持分移轉,17000000
RPSNMLOJRHJGFHN27CB,太平東段,3.18,非都市：鄉村區 ; 非都市編定：乙種建築用地,100000,1679,持分移轉,17010000
RPSNMLOJRHJGFHN27CB,太平東段,.97,非都市：鄉村區 ; 非都市編定：乙種建築用地,100000,1679,持分移轉,17020000
RPSNMLOJRHJGFHN27CB,太平東段,.10,非都市：鄉村區 ; 非都市編定：乙種建築用地,100000,1679,持分移轉,17030000
RPSNMLOJRHJGFHN27CB,太平東段,18.64,非都市：鄉村區 ; 非都市編定：乙種建築用地,100000,1679,持分移轉,17040000
RPSNMLOJRHJGFHN27CB,太平東段,4.17,非都市：鄉村區 ; 非都市編定：乙種建築用地,100000,1679,持分移轉,17050000
RPTNMLOJRHJGFHN37CB,太平東段,31.26,非都市：鄉村區 ; 非都市編定：乙種建築用地,100000,1352,持分移轉,16480000
RPTNMLOJRHJGFHN37CB,太平東段,12.02,非都市：鄉村區 ; 非都市編定：乙種建築用地,100000,1352,持分移轉,17000000
RPTNMLOJRHJGFHN37CB,太平東段,2.56,非都市：鄉村區 ; 非都市編定：乙種建築用地,100000,1352,持分移轉,17010000
RPTNMLOJRHJGFHN37CB,太平東段,.78,非都市：鄉村區 ; 非都市編定：乙種建築用地,100000,1352,持分移轉,17020000
RPTNMLOJRHJGFHN37CB,太平東段,.08,非都市：鄉村區 ; 非都市編定：乙種建築用地,100000,1352,持分移轉,17030000
RPTNMLOJRHJGFHN37CB,太平東段,15.01,非都市：鄉村區 ; 非都市編定：乙種建築用地,100000,1352,持分移轉,17040000
RPTNMLOJRHJGFHN37CB,太平東段,3.36,非都市：鄉村區 ; 非都市編定：乙種建築用地,100000,1352,持分移轉,17050000
RPUNMLOJRHJGFHN47CB,太平東段,32.16,非都市：鄉村區 ; 非都市編定：乙種建築用地,100000,1391,持分移轉,16480000
RPUNMLOJRHJGFHN47CB,太平東段,12.37,非都市：鄉村區 ; 非都市編定：乙種建築用地,100000,1391,持分移轉,17000000
RPUNMLOJRHJGFHN47CB,太平東段,2.63,非都市：鄉村區 ; 非都市編定：乙種建築用地,100000,1391,持分移轉,17010000
RPUNMLOJRHJGFHN47CB,太平東段,.81,非都市：鄉村區 ; 非都市編定：乙種建築用地,100000,1391,持分移轉,17020000
RPUNMLOJRHJGFHN47CB,太平東段,.08,非都市：鄉村區 ; 非都市編定：乙種建築用地,100000,1391,持分移轉,17030000
RPUNMLOJRHJGFHN47CB,太平東段,15.44,非都市：鄉村區 ; 非都市編定：乙種建築用地,100000,1391,持分移轉,17040000
RPUNMLOJRHJGFHN47CB,太平東段,3.46,非都市：鄉村區 ; 非都市編定：乙種建築用地,100000,1391,持分移轉,17050000
RPQNMLQJRHJGFBN66CB,泉州段,23.28,非都市：鄉村區 ; 非都市編定：乙種建築用地,100000,3088,持分移轉,01690031
RPQNMLQJRHJGFBN66CB,泉州段,7.39,非都市：鄉村區 ; 非都市編定：乙種建築用地,100000,3658,持分移轉,01690036
RPPNMLSJRHJGFHN37CB,成功段,57.00,都市：住,1,1,全筆移轉,16380009
RPPNMLSJRHJGFHN37CB,成功段,.31,都市：住,13,1,持分移轉,16380017
RPTNMLQJRHJGFBN96CB,泉州段,23.28,非都市：鄉村區 ; 非都市編定：乙種建築用地,100000,3088,持分移轉,01690031
RPTNMLQJRHJGFBN96CB,泉州段,7.39,非都市：鄉村區 ; 非都市編定：乙種建築用地,100000,3658,持分移轉,01690036
RPPNMLTJRHJGFDN07CB,橋愛段,89.32,都市：住,1,1,全筆移轉,11960012
RPPNMLTJRHJGFDN07CB,橋愛段,6.24,都市：住,14,1,持分移轉,11960006
RPPNMLTJRHJGFDN07CB,橋愛段,13.66,都市：住,4,1,持分移轉,11960011
RPRNMLNKRHJGFHN17CB,太平東段,49.59,非都市：鄉村區 ; 非都市編定：乙種建築用地,100000,2145,持分移轉,16480000
RPRNMLNKRHJGFHN17CB,太平東段,19.07,非都市：鄉村區 ; 非都市編定：乙種建築用地,100000,2145,持分移轉,17000000
RPRNMLNKRHJGFHN17CB,太平東段,4.06,非都市：鄉村區 ; 非都市編定：乙種建築用地,100000,2145,持分移轉,17010000
RPRNMLNKRHJGFHN17CB,太平東段,1.24,非都市：鄉村區 ; 非都市編定：乙種建築用地,100000,2145,持分移轉,17020000
RPRNMLNKRHJGFHN17CB,太平東段,.13,非都市：鄉村區 ; 非都市編定：乙種建築用地,100000,2145,持分移轉,17030000
RPRNMLNKRHJGFHN17CB,太平東段,23.81,非都市：鄉村區 ; 非都市編定：乙種建築用地,100000,2145,持分移轉,17040000
RPRNMLNKRHJGFHN17CB,太平東段,5.33,非都市：鄉村區 ; 非都市編定：乙種建築用地,100000,2145,持分移轉,17050000
RPPNMLPKRHJGFAN09CB,延平段,16.53,都市：住,10000,57,持分移轉,09790000
RPQNMLPKRHJGFAN56CB,延平段,22.62,都市：住,10000,78,持分移轉,09790000
