﻿鄉鎮市區,交易標的,土地位置建物門牌,土地面積平方公尺,都市土地使用分區,非都市土地使用分區,非都市土地使用編定,租賃年月日,租賃筆棟數,租賃層次,總樓層數,建物型態,主要用途,主要建材,建築完成年月,建物總面積平方公尺,建物現況格局-房,建物現況格局-廳,建物現況格局-衛,建物現況格局-隔間,有無管理組織,有無附傢俱,總額元,單價元平方公尺,車位類別,車位面積平方公尺,車位總額元,備註,編號,出租型態,有無管理員,租賃期間,有無電梯,附屬設備,租賃住宅服務
The villages and towns urban district,transaction sign,land sector position building sector house number plate,land shifting total area square meter,the use zoning or compiles and checks,the non-metropolis land use district,non-metropolis land use,transaction year month and day,transaction pen number,shifting level,total floor number,building state,main use,main building materials,construction to complete the years,building shifting total area,Building present situation pattern - room,building present situation pattern - hall,building present situation pattern - health,building present situation pattern - compartmented,Whether there is manages the organization,Whether there is attaches the furniture,total price NTD,the unit price (NTD / square meter),the berth category,berth shifting total area square meter,the berth total price NTD,the note,serial number,Rental type,Residential Manager,Rental period,elevator,equipment,Rental residential services
彰化市,租賃房屋,彰化縣彰化市金馬路三段９５巷２０號四樓,0.0,,,,1130809,土地0建物1車位0,四層,13,住宅大樓(11層含以上有電梯),住家用,鋼筋混凝土造,0830623,111.43,3,2,2,有,有,有,17600,158,,0.0,0,,RPPNMLMKQHJGFAN78CC,整棟(戶)出租,有,1130823~1140822,有,冷氣、熱水器、洗衣機、電視機、冰箱、瓦斯或天然氣,社會住宅包租轉租
彰化市,租賃房屋,彰化縣彰化市孝德街２４巷７號六樓,0.0,,,,1130809,土地0建物1車位0,六層,7,華廈(10層含以下有電梯),住家用,鋼筋混凝土造,0830823,123.19,3,2,2,有,有,有,15000,122,,0.0,0,,RPQNMLMKQHJGFAN88CC,整棟(戶)出租,有,1130901~1140831,有,冷氣、熱水器、洗衣機、冰箱、瓦斯或天然氣,社會住宅包租轉租
員林市,租賃房屋,彰化縣員林市惠來街５０巷１３號,0.0,,,,1130806,土地0建物1車位0,全,3,透天厝,住商用,鋼筋混凝土造,0700424,119.0,2,2,3,有,無,無,14000,118,,0.0,0,此為國家住宅及都市更新中心社會住宅包租代管計畫。,RPQNMLMKQHJGFDN56CC,整棟(戶)出租,無,1130806~1140805,無,熱水器、瓦斯或天然氣,社會住宅包租轉租
秀水鄉,租賃房屋,彰化縣秀水鄉中山路６４５號,0.0,,,,1130715,土地0建物0車位0,全,4,透天厝,住家、店鋪、停車空間,鋼筋混凝土造,0821129,39.67,3,0,3,有,無,無,24000,605,,0.0,0,多人共同承租3；急出租／急承租；,RPPNMLNKQHJGFAN88CC,分租套房,無,1130720~1131019,無,冷氣、洗衣機,一般包租
員林市,租賃房屋,彰化縣員林市員林大道五段２１５號十三樓,0.0,,,,1130802,土地0建物1車位0,十三層,14,住宅大樓(11層含以上有電梯),集合住宅,鋼筋混凝土造,1110418,106.01,2,2,2,有,有,有,15634,147,,0.0,0,此為國家住宅及都市更新中心社會住宅包租代管計畫。管理費2566元。,RPPNMLNKQHJGFDN56CC,整棟(戶)出租,有,1130802~1140801,有,冷氣、熱水器、電視機、瓦斯或天然氣,社會住宅代管
員林市,租賃房屋,彰化縣員林市莒光路７３６巷９號７樓之８,3.57,住,,,1130805,土地1建物1車位0,七層,15,住宅大樓(11層含以上有電梯),住家用,鋼筋混凝土造,0860411,40.75,1,1,1,有,有,有,10000,245,,0.0,0,租金總額含管理費；,RPQNMLNKQHJGFDN66CC,獨立套房,有,1130811~1140810,有,冷氣、熱水器、洗衣機,
彰化市,租賃房屋,彰化縣彰化市延長街５２巷８號４樓之７,0.0,,,,1130726,土地0建物1車位0,四層,5,華廈(10層含以下有電梯),住家用,鋼筋混凝土造,0950522,31.77,1,0,1,有,有,有,6500,205,,0.0,0,,RPRNMLOKQHJGFAN56CC,獨立套房,無,1130820~1140819,有,冷氣、熱水器、電視機、冰箱、有線電視、網路,社會住宅包租轉租
彰化市,租賃房屋,彰化縣彰化市延長街５２巷８號４樓之２０,0.0,,,,1130726,土地0建物1車位0,四層,5,華廈(10層含以下有電梯),住家用,鋼筋混凝土造,0950522,31.95,1,0,1,有,有,有,6500,203,,0.0,0,,RPSNMLOKQHJGFAN66CC,獨立套房,無,1130801~1140731,有,冷氣、熱水器、電視機、冰箱、有線電視、網路,社會住宅包租轉租
彰化市,租賃房屋,彰化縣彰化市延長街５２巷８號３樓之１９,0.0,,,,1130726,土地0建物1車位0,三層,5,華廈(10層含以下有電梯),住家用,鋼筋混凝土造,0950522,34.02,1,0,1,有,有,有,6500,191,,0.0,0,,RPTNMLOKQHJGFAN76CC,獨立套房,無,1130801~1140731,有,冷氣、熱水器、電視機、冰箱、有線電視、網路,社會住宅包租轉租
彰化市,租賃房屋,彰化縣彰化市延長街５２巷８號４樓之１１,0.0,,,,1130726,土地0建物1車位0,四層,5,華廈(10層含以下有電梯),住家用,鋼筋混凝土造,0950522,32.18,1,0,1,有,有,有,6500,202,,0.0,0,,RPUNMLOKQHJGFAN86CC,獨立套房,無,1130805~1140804,有,冷氣、熱水器、電視機、冰箱、有線電視、網路,社會住宅包租轉租
大村鄉,租賃房屋,彰化縣大村鄉山腳路９４之２３號,0.0,,,,1130813,土地0建物1車位0,一層,5,公寓(5樓含以下無電梯),集合住宅,鋼筋混凝土造,0970806,30.84,1,0,1,有,有,有,4700,152,,0.0,0,,RPPNMLOKQHJGFDN66CC,獨立套房,有,1130901~1140831,無,冷氣、熱水器、電視機、冰箱、有線電視、網路,社會住宅包租轉租
大村鄉,租賃房屋,彰化縣大村鄉山腳路７９巷１３３號,0.0,,,,1130813,土地0建物1車位0,全,3,透天厝,住家用,鋼筋混凝土造,0790205,123.53,3,2,3,有,無,無,13000,105,,0.0,0,,RPQNMLOKQHJGFDN76CC,整棟(戶)出租,無,1130905~1160904,無,冷氣、熱水器,社會住宅包租轉租
彰化市,租賃房屋,彰化縣彰化市埔陽街１８２之９號,0.0,,,,1130730,土地0建物1車位0,一層,12,住宅大樓(11層含以上有電梯),住家用,鋼筋混凝土造,0841227,120.45,3,2,2,有,有,無,15000,125,,0.0,0,,RPPNMLPKQHJGFAN09CC,整棟(戶)出租,有,1130805~1140804,有,冷氣、熱水器、瓦斯或天然氣,社會住宅代管
彰化市,租賃房屋,彰化縣彰化市平和十三街７０巷２號８樓,0.0,,,,1130730,土地0建物1車位0,八層,8,華廈(10層含以下有電梯),住家用,鋼筋混凝土造,0830929,42.74,1,0,1,有,有,有,8500,199,,0.0,0,,RPQNMLPKQHJGFAN56CC,獨立套房,有,1130805~1140804,有,冷氣、熱水器、洗衣機、電視機、冰箱、有線電視、網路,社會住宅代管
彰化市,租賃房屋,彰化縣彰化市延長街５２巷８號４樓之１５,0.0,,,,1130730,土地0建物1車位0,四層,5,華廈(10層含以下有電梯),住家用,鋼筋混凝土造,0950522,32.18,1,0,1,有,有,有,6500,202,,0.0,0,,RPRNMLPKQHJGFAN66CC,獨立套房,無,1130805~1140804,有,冷氣、熱水器、電視機、冰箱、有線電視、網路,社會住宅包租轉租
線西鄉,租賃房屋,彰化縣線西鄉中央路三段１１９巷２１號,0.0,,,,1130730,土地0建物1車位0,全,2,透天厝,住家用,鋼筋混凝土加強磚造,0700105,125.56,4,2,3,有,無,有,18000,143,,0.0,0,,RPPNMLPKQHJGFBN56CC,整棟(戶)出租,無,1130801~1140731,無,冷氣、熱水器、電視機,社會住宅代管
員林市,租賃房屋,彰化縣員林市中山路二段６０２號,270.73,工,,,1130814,土地2建物1車位0,見其他登記事項,2,工廠,住商用,加強磚造,0500312,36.19,0,0,0,無,無,無,52000,,,0.0,0,租金總額含稅；含有多個門牌且未個別計算租金彰化縣員林市中山路二段604號；含增建或未登記建物；,RPPNMLPKQHJGFDN76CC,,無,1130901~1160831,無,,
員林市,租賃房屋+車位,彰化縣員林市龍富二街１８號１４樓之３,0.0,,,,1130729,土地0建物1車位1,十四層,15,住宅大樓(11層含以上有電梯),集合住宅,鋼筋混凝土造,1120710,138.97,2,2,2,有,有,無,17500,142,坡道平面,29.45,2000,,RPQNMLPKQHJGFDN86CC,整棟(戶)出租,有,1130801~1140731,有,冷氣、熱水器、瓦斯或天然氣,社會住宅代管
彰化市,租賃房屋,彰化縣彰化市曉陽路５８號７樓,60.5,住,,,1130810,土地1建物1車位0,七層,7,辦公商業大樓,辦公室,鋼筋混凝土造,0900305,184.1,0,0,1,有,無,有,28444,155,,0.0,0,租金總額含稅；管理費；含增建或未登記建物；續租案件；,RPPNMLQKQHJGFAN56CC,,無,1130901~1140831,有,,
鹿港鎮,土地,永安段3386地號,224.0,住,,,1130809,土地1建物0車位0,,,其他,,,,0.0,0,0,0,無,無,無,35000,156,,0.0,0,,RPQNMLQKQHJGFCN86CC,,,1130813~1160907,,,
員林市,租賃房屋,彰化縣員林市育英路３７之２號４樓,0.0,,,,1130815,土地0建物1車位0,四層,4,公寓(5樓含以下無電梯),住家用,鋼筋混凝土造,0770823,87.78999999999999,3,1,1,有,無,有,16000,182,,0.0,0,,RPPNMLQKQHJGFDN86CC,整棟(戶)出租,無,1130819~1140818,無,冷氣、熱水器、洗衣機、冰箱,一般代管
彰化市,租賃房屋+車位,彰化縣彰化市孝德街２４巷７號六樓,0.0,,,,1130723,土地0建物1車位1,六層,7,華廈(10層含以下有電梯),住家用,鋼筋混凝土造,0830823,123.19,3,2,2,有,有,有,15000,122,坡道機械,0.0,0,車位面積無法分算。,RPPNMLSKQHJGFAN76CC,整棟(戶)出租,有,1130801~1140731,有,冷氣、熱水器、洗衣機、電視機、冰箱,
彰化市,租賃房屋,彰化縣彰化市三民路３６１號,0.0,,,,1130727,土地0建物0車位0,全,3,透天厝,住商用,鋼筋混凝土加強磚造,0610719,43.2,6,1,3,有,無,有,6000,139,,0.0,0,,RPQNMLSKQHJGFAN86CC,分租套房,無,1130801~1150801,無,冷氣、熱水器,
彰化市,租賃房屋,彰化縣彰化市力行路９４之２號６樓,0.0,,,,1130731,土地0建物1車位0,六層,7,華廈(10層含以下有電梯),住家用,鋼筋混凝土造,0820809,142.16,3,2,2,有,有,無,15000,106,,0.0,0,,RPPNMLTKQHJGFAN86CC,整棟(戶)出租,有,1130801~1160731,有,熱水器、瓦斯或天然氣,社會住宅包租轉租
大村鄉,租賃房屋,彰化縣大村鄉山腳路９６之２２號２樓,0.0,,,,1130817,土地0建物1車位0,二層,5,華廈(10層含以下有電梯),住家用,鋼筋混凝土造,1010525,37.39,1,0,1,有,有,有,5500,147,,0.0,0,此租約訂定租金不含管理費，費用由承租人另行支付,RPPNMLTKQHJGFDN17CC,獨立套房,有,1130820~1140819,有,冷氣、熱水器、洗衣機、電視機、冰箱、有線電視、網路,一般轉租
二林鎮,租賃房屋,彰化縣二林鎮萬原路一段６５９巷７弄１０號,0.0,,,,1130813,土地0建物1車位0,全,3,透天厝,住家用,鋼筋混凝土造,1090306,177.41,4,2,3,有,無,有,19000,107,,0.0,0,,RPPNMLTKQHJGFGN47CC,整棟(戶)出租,無,1130815~1140814,無,熱水器,社會住宅代管
溪湖鎮,租賃房屋,彰化縣溪湖鎮弘農路２３４號,0.0,,,,1130809,土地0建物0車位0,全,2,透天厝,住家用,加強磚造,0750310,19.0,8,0,8,有,無,有,7500,395,,0.0,0,電費另計電費1度6元，含水費,RPPNMLKLQHJGFHN76CC,分租套房,無,1130815~1140814,無,冷氣、熱水器、洗衣機、電視機、冰箱、網路,
溪湖鎮,租賃房屋,彰化縣溪湖鎮弘農路２３４號,0.0,,,,1130809,土地0建物0車位0,全,2,透天厝,住家用,加強磚造,0750310,19.0,8,0,8,有,無,有,7500,395,,0.0,0,電費另計電費1度6元，含水費,RPQNMLKLQHJGFHN86CC,分租套房,無,1130815~1140814,無,冷氣、熱水器、洗衣機、電視機、冰箱、網路,
溪湖鎮,租賃房屋,彰化縣溪湖鎮弘農路２３４號,0.0,,,,1130814,土地0建物0車位0,全,2,透天厝,住家用,加強磚造,0750310,17.85,8,0,8,有,無,有,7000,392,,0.0,0,1.電費另計電費1度6元，含水費2.已預付半年租金，所以前6個月每月6500元，第7個月開始每月7000元,RPRNMLKLQHJGFHN96CC,分租套房,無,1130822~1140821,無,冷氣、熱水器、洗衣機、電視機、冰箱、網路,
彰化市,租賃房屋,彰化縣彰化市金馬路三段５３巷５號九樓,0.0,,,,1130813,土地0建物1車位0,九層,13,住宅大樓(11層含以上有電梯),住家用,鋼筋混凝土造,0830729,141.79,3,1,2,有,有,有,17000,120,,0.0,0,,RPQNMLMLQHJGFAN98CC,整棟(戶)出租,有,1130901~1140831,有,冷氣、熱水器,社會住宅代管
彰化市,租賃房屋,彰化縣彰化市彰美路一段１３２巷５３號,0.0,,,,1130820,土地0建物1車位0,全,2,透天厝,住家用,加強磚造,0650513,58.66,3,2,2,有,無,有,15500,264,,0.0,0,此為國家住宅及都市更新中心社會住宅包租代管計畫。,RPRNMLQLQHJGFAN86CC,整棟(戶)出租,無,1130820~1140819,無,冷氣、熱水器、洗衣機、電視機、冰箱、瓦斯或天然氣,社會住宅代管
大村鄉,租賃房屋,彰化縣大村鄉山腳路９６之２１號二樓,0.0,,,,1130820,土地0建物1車位0,二層,5,華廈(10層含以下有電梯),住家用,鋼筋混凝土造,1010525,37.39,1,0,1,有,有,有,5500,147,,0.0,0,此租約訂金租金不含管理費，費用由承租人另行支付,RPPNMLQLQHJGFDN96CC,獨立套房,有,1130820~1140819,有,冷氣、熱水器、洗衣機、電視機、冰箱、有線電視、網路,一般轉租
溪湖鎮,租賃房屋,彰化縣溪湖鎮文二街３號７樓之２,0.0,,,,1130820,土地0建物1車位0,七層,8,華廈(10層含以下有電梯),住家用,鋼筋混凝土造,0820702,33.23,1,0,1,有,無,有,5800,175,,0.0,0,此為國家住宅及都市更新中心社會住宅包租代管計畫。,RPPNMLQLQHJGFHN37CC,獨立套房,無,1130820~1140819,有,冷氣、熱水器、電視機、冰箱,社會住宅代管
溪湖鎮,租賃房屋,彰化縣溪湖鎮文二街３號８樓之２,0.0,,,,1130820,土地0建物1車位0,八層,8,華廈(10層含以下有電梯),住家用,鋼筋混凝土造,0820702,33.23,1,0,1,有,無,有,5500,166,,0.0,0,此為國家住宅及都市更新中心社會住宅包租代管計畫。,RPQNMLQLQHJGFHN47CC,獨立套房,無,1130820~1140819,有,冷氣、熱水器、電視機、冰箱,社會住宅代管
彰化市,租賃房屋,彰化縣彰化市大埔路５０５巷９號１０２室,0.0,,,,1130820,土地0建物0車位0,一層,5,公寓(5樓含以下無電梯),住家用,鋼筋混凝土造,0771231,14.87,3,2,2,有,無,有,4200,282,,0.0,0,承租102室，室內面積為14.87，公共區域共用設備：冷氣.冰箱.洗衣機.電視.飲水機.熱水器各一台,RPVNMLRLQHJGFAN37CC,分租雅房,無,1130901~1140831,無,冷氣,一般代管
彰化市,租賃房屋,彰化縣彰化市大埔路５０５巷９號１０３室,0.0,,,,1130820,土地0建物0車位0,一層,5,公寓(5樓含以下無電梯),住家用,鋼筋混凝土造,0771231,9.91,3,2,2,有,無,有,3500,353,,0.0,0,承租103室，室內面積為9.91平方公尺公共區域共用設備：冷氣.冰箱.洗衣機.電視.飲水機.熱水器各一台,RPWNMLRLQHJGFAN47CC,分租雅房,無,1130901~1140831,無,冷氣,一般代管
彰化市,租賃房屋,彰化縣彰化市大埔路５０５巷９號１０１室,0.0,,,,1130820,土地0建物0車位0,一層,5,公寓(5樓含以下無電梯),住家用,鋼筋混凝土造,0771231,19.83,3,2,2,有,無,有,5200,262,,0.0,0,承租101室，房間面積為19.83公共區域共用設備：冷氣.冰箱.洗衣機.電視.飲水機.熱水器各一台,RPXNMLRLQHJGFAN57CC,分租套房,無,1130901~1140831,無,冷氣,一般代管
大村鄉,租賃房屋,彰化縣大村鄉山腳路９４之２３號四樓,0.0,,,,1130819,土地0建物1車位0,四層,5,公寓(5樓含以下無電梯),集合住宅,鋼筋混凝土造,0970806,31.14,1,0,1,有,有,有,4700,151,,0.0,0,,RPPNMLRLQHJGFDN07CC,獨立套房,有,1130901~1140831,無,冷氣、熱水器、電視機、冰箱、有線電視、網路,社會住宅包租轉租
彰化市,租賃房屋+車位,彰化縣彰化市彰泰二街７７號７樓,0.0,,,,1130814,土地0建物1車位1,七層,7,華廈(10層含以下有電梯),住家用,鋼筋混凝土造,0890809,113.07,3,2,2,有,有,有,14000,131,坡道平面,9.91,500,,RPRNMLSLQHJGFAN07CC,整棟(戶)出租,有,1130901~1140831,有,冷氣、熱水器、洗衣機、電視機、冰箱、瓦斯或天然氣,社會住宅代管
彰化市,租賃房屋,彰化縣彰化市太極新村２０號３樓,0.0,,,,1130813,土地0建物1車位0,三層,7,華廈(10層含以下有電梯),集合住宅,鋼筋混凝土造,0980821,205.87,5,2,2,有,有,有,15000,73,,0.0,0,,RPSNMLSLQHJGFAN17CC,整棟(戶)出租,有,1130825~1140824,有,冷氣、熱水器、瓦斯或天然氣,社會住宅代管
彰化市,租賃房屋,彰化縣彰化市延長街５２巷８號３樓之１２,0.0,,,,1130815,土地0建物1車位0,三層,5,華廈(10層含以下有電梯),住家用,鋼筋混凝土造,0950522,32.17,1,0,1,有,有,有,6500,202,,0.0,0,,RPTNMLSLQHJGFAN27CC,獨立套房,無,1130820~1140819,有,冷氣、熱水器、電視機、冰箱、有線電視、網路,社會住宅包租轉租
員林市,租賃房屋+車位,彰化縣員林市員林大道六段５２號,0.0,,,,1130814,土地0建物0車位1,全,4,透天厝,店舖、住宅、梯間,鋼筋混凝土造,1100701,17.32,5,6,6,有,無,有,8000,459,一樓平面,0.54,300,,RPPNMLNJRHJGFDN56CC,分租套房,有,1130827~1140826,無,冷氣、熱水器、洗衣機、瓦斯或天然氣、網路,一般轉租
彰化市,租賃房屋,彰化縣彰化市力行路１３３巷３２號,0.0,,,,1130814,土地0建物0車位0,全,3,透天厝,住家用,鋼筋混凝土加強磚造,0640117,19.83,8,0,8,有,無,有,5500,277,,0.0,0,租賃建物部分範圍，且未計入共有部分面積；,RPRNMLOJRHJGFAN56CC,分租套房,無,1130815~1140814,無,冷氣、熱水器、洗衣機、冰箱,一般代管
員林市,租賃房屋+車位,彰化縣員林市永昌街８８巷２３號３樓,19.87,住,,,1130811,土地1建物1車位1,三層,13,住宅大樓(11層含以上有電梯),住家用,鋼筋混凝土造,0850212,203.81,3,2,2,有,有,無,14000,69,坡道平面,0.0,0,,RPPNMLPJRHJGFDN76CC,整棟(戶)出租,有,1130910~1150909,有,冷氣,一般包租
員林市,租賃房屋,彰化縣員林市育英路５７-７號,97.0,住,,,1130814,土地2建物1車位0,全,1,透天厝,住商用,鋼筋混凝土造,0960515,53.04,0,1,1,有,無,無,22000,415,,0.0,0,員林段34-23、34-24地號，上有2筆建號員林段7365、7366建號，因起造人申請使用執照時，誤將兩筆建號的住址登記相反。係由彰化縣政府發文：府建管字第1130317780號，進行住址更正，更正進度尚未完成。故本次實價登錄申報，依照原簽訂契約地址之建號員林段7365建號進行申報。如有疑慮，本店可提供彰化縣政府公文函副本，供貴單位為審核參考依據。,RPRNMLQJRHJGFDN07CC,,無,1130918~1140917,無,,
大村鄉,租賃房屋,彰化縣大村鄉山腳路９６之１５號,0.0,,,,1130820,土地0建物1車位0,一層,5,華廈(10層含以下有電梯),住家用,鋼筋混凝土造,1010525,37.39,1,0,1,有,有,有,5500,147,,0.0,0,社會住宅包租代管案件租金市價打8折，包租代管租金不含管理費,RPPNMLLKRHJGFDN09CC,獨立套房,無,1130901~1140831,有,冷氣、熱水器、洗衣機、電視機、冰箱,社會住宅包租轉租
大村鄉,租賃房屋,彰化縣大村鄉山腳路９６之２１號２樓,0.0,,,,1130820,土地0建物1車位0,二層,5,華廈(10層含以下有電梯),住家用,鋼筋混凝土造,1010525,37.39,1,0,1,有,有,有,5500,147,,0.0,0,社會住宅包租代管案件租金市價打8折，包租代管租金不含管理費,RPQNMLLKRHJGFDN56CC,獨立套房,無,1130820~1140819,有,冷氣、熱水器、洗衣機、電視機、冰箱,社會住宅包租轉租
員林市,租賃房屋,彰化縣員林市新義街３５０號,0.0,,,,1130816,土地0建物0車位0,全,5,透天厝,人行道、店舖、停車空間、住宅,鋼筋混凝土造,1020430,18.18,14,0,14,有,無,有,5380,296,,0.0,0,租金總額含網路費；其他網路電視；續租案件；,RPRNMLLKRHJGFDN66CC,分租套房,無,1130826~1140825,無,冷氣、熱水器、電視機、冰箱、網路,一般代管
