﻿編號,車位類別,車位價格,車位面積平方公尺,車位所在樓層
Serial number,berth category,berth price,berth area square meter,
RPUNMLPKQHJGFAO07CC,坡道平面,0,,地下一樓
RPWNMLQKQHJGFAO37CC,坡道平面,0,,地下五樓含以下
RPPNMLSKQHJGFAO86CC,坡道平面,0,27.10,地下一樓
RPQNMLKLQHJGFAO88CC,一樓平面,2000,,一樓
RPXNMLRLQHJGFAO67CC,坡道平面,0,32.63,地下一樓
RPSNMLOJRHJGFAO76CC,一樓平面,0,,一樓
RPSNMLOJRHJGFAO76CC,坡道機械,0,,地下一樓
RPVNMLQKRHJGFAO37CC,坡道平面,0,37.39,地下三樓
RPRNMLLKRHJGFAO09CC,坡道平面,0,,地下一樓
