﻿編號,屋齡,建物移轉面積平方公尺,主要用途,主要建材,建築完成日期,總層數,建物分層,移轉情形
The serial number,room age,building shifting area square meter,the main use,main building materials,construction completes the date,total layer,building lamination,
RPQNMLLKQHJGFAO88CC,14,234.41,停車空間、集合住宅,鋼筋混凝土造,99年3月15日,四層,,
RPPNMLMKQHJGFAO88CC,1,78.04,集合住宅,鋼筋混凝土造,112年5月30日,二十九層,,
RPRNMLMKQHJGFAO09CC,27,18.36,辦公室　　,鋼筋混凝土造,86年7月15日,十二層,,
RPPNMLMKQHJGFAO88CC,1,41.31,共有部分,鋼筋混凝土造,112年5月30日,二十九層,,
RPPNMLLKQHJGFAO78CC,37,19.47,住商用,鋼筋混凝土造,76年6月19日,三層,,
RPRNMLMKQHJGFAO09CC,27,3.36,共有部分,鋼筋混凝土造,86年7月15日,十二層,,
RPRNMLMKQHJGFAO09CC,27,.08,共有部分,鋼筋混凝土造,86年7月15日,十二層,,
RPRNMLMKQHJGFAO09CC,27,6.80,共有部分,鋼筋混凝土造,86年7月15日,十二層,,
RPSNMLMKQHJGFAO56CC,52,19.83,住家用,加強磚造,61年9月25日,二層,,
RPUNMLMKQHJGFAO76CC,39,42.00,住家用,加強磚造,74年8月7日,二層,,
RPVNMLMKQHJGFAO86CC,10,28.05,集合住宅,鋼筋混凝土造,103年8月30日,十二層,,
RPVNMLMKQHJGFAO86CC,10,21.32,共有部分,鋼筋混凝土造,103年8月30日,十二層,,
RPPNMLNKQHJGFAO98CC,13,175.13,策略性產業辦公室、機電空間,鋼筋混凝土造,100年7月18日,十四層,,
RPPNMLNKQHJGFAO98CC,13,25.17,共有部分,鋼筋混凝土造,100年7月18日,十四層,,
RPPNMLNKQHJGFAO98CC,13,46.23,共有部分,鋼筋混凝土造,100年7月18日,十四層,,
RPQNMLNKQHJGFAO09CC,31,96.58,住家用,鋼筋混凝土造,82年3月6日,六層,,
RPQNMLNKQHJGFAO09CC,31,9.91,共有部分,鋼筋混凝土造,82年3月6日,六層,,
RPQNMLNKQHJGFAO09CC,31,8.40,共有部分,鋼筋混凝土造,82年3月6日,六層,,
RPRNMLNKQHJGFAO56CC,26,31.05,住家用,鋼筋混凝土造,87年2月11日,七層,,
RPRNMLNKQHJGFAO56CC,26,8.32,防空避難室兼停車空間、騎樓,鋼筋混凝土造,87年2月11日,七層,,
RPRNMLNKQHJGFAO56CC,26,5.41,電梯樓梯間、水箱、機械室,鋼筋混凝土造,87年2月11日,七層,,
RPRNMLNKQHJGFAO56CC,26,9.44,通道間,鋼筋混凝土造,87年2月11日,七層,,
RPSNMLQKQHJGFAO96CC,29,96.88,住家用,鋼筋混凝土造,84年5月22日,七層,,
RPRNMLQKQHJGFAO86CC,31,89.11,住家用,鋼筋混凝土造,82年8月7日,七層,,
RPQNMLPKQHJGFAO66CC,32,23.97,住家用,鋼筋混凝土造,81年11月18日,七層,,
RPSNMLQKQHJGFAO96CC,29,10.75,共有部分,鋼筋混凝土造,84年5月22日,七層,,
RPPNMLQKQHJGFAO66CC,4,83.90,集合住宅,鋼筋混凝土造,110年1月4日,二十四層,,
RPQNMLPKQHJGFAO66CC,32,5.44,共有部分,鋼筋混凝土造,81年11月18日,七層,,
RPRNMLQKQHJGFAO86CC,31,12.54,共有部分,鋼筋混凝土造,82年8月7日,七層,,
RPSNMLQKQHJGFAO96CC,29,.18,共有部分,鋼筋混凝土造,84年5月22日,七層,,
RPPNMLQKQHJGFAO66CC,4,44.62,共有部分,鋼筋混凝土造,110年1月4日,二十四層,,
RPTNMLPKQHJGFAO96CC,16,21.26,策略性產業辦公室,鋼筋混凝土造,97年9月11日,十三層,,
RPRNMLQKQHJGFAO86CC,31,14.16,共有部分,鋼筋混凝土造,82年8月7日,七層,,
RPSNMLQKQHJGFAO96CC,29,13.73,共有部分,鋼筋混凝土造,84年5月22日,七層,,
RPTNMLPKQHJGFAO96CC,16,7.42,樓梯間、機械室、水箱、開放空間,鋼筋混凝土造,97年9月11日,十三層,,
RPTNMLPKQHJGFAO96CC,16,3.40,停車空間兼防空避難室、機械室、機房、受電室,鋼筋混凝土造,97年9月11日,十八層,,
RPTNMLPKQHJGFAO96CC,16,.02,守衛室,鋼筋混凝土造,97年9月11日,十三層,,
RPUNMLPKQHJGFAO07CC,28,93.15,住家用,鋼筋混凝土造,85年2月14日,十六層,,
RPUNMLPKQHJGFAO07CC,28,18.71,共有部分,鋼筋混凝土造,85年2月14日,十八層,,
RPUNMLPKQHJGFAO07CC,28,43.95,共有部分,鋼筋混凝土造,85年2月14日,十八層,,
RPVNMLQKQHJGFAO27CC,30,20.40,住家用,鋼筋混凝土造,83年3月23日,七層,,
RPVNMLQKQHJGFAO27CC,30,10.91,共有部分,鋼筋混凝土造,83年3月23日,七層,,
RPWNMLQKQHJGFAO37CC,16,21.12,策略性產業辦公室,鋼筋混凝土造,97年9月11日,十三層,,
RPWNMLQKQHJGFAO37CC,16,7.39,樓梯間、機械室、水箱、開放空間,鋼筋混凝土造,97年9月11日,十三層,,
RPWNMLQKQHJGFAO37CC,16,31.58,停車空間兼防空避難室、機械室、機房、受電室,鋼筋混凝土造,97年9月11日,十八層,,
RPWNMLQKQHJGFAO37CC,16,.01,守衛室,鋼筋混凝土造,97年9月11日,十八層,,
RPWNMLQKQHJGFAO37CC,16,.02,守衛室,鋼筋混凝土造,97年9月11日,十三層,,
RPQNMLTKQHJGFAO07CC,12,51.51,騎樓、停車空間、店舖、住宅、樓梯間,鋼筋混凝土造,101年7月28日,四層,,
RPPNMLSKQHJGFAO86CC,17,137.64,集合住宅,鋼筋混凝土造,96年11月1日,二十九層,,
RPPNMLSKQHJGFAO86CC,17,68.29,管理室、中繼泵浦室、梯間、機房、防空避難室兼停車空間,鋼筋混凝土造,96年11月1日,二十九層,,
RPPNMLSKQHJGFAO86CC,17,22.43,梯間,鋼筋混凝土造,96年11月1日,二十九層,,
RPPNMLSKQHJGFAO86CC,17,.42,管理室〈防災中心〉,鋼筋混凝土造,96年11月1日,二十九層,,
RPPNMLSKQHJGFAO86CC,17,4.09,梯間,鋼筋混凝土造,96年11月1日,二十九層,,
RPPNMLSKQHJGFAO86CC,17,7.19,管理室〈大樓休閒中心〉,鋼筋混凝土造,96年11月1日,二十九層,,
RPSNMLKLQHJGFAO09CC,25,70.81,辦公室,鋼筋混凝土造,88年2月20日,三層,,
RPSNMLKLQHJGFAO09CC,25,12.90,共有部分,鋼筋混凝土造,88年2月20日,三層,,
RPQNMLKLQHJGFAO88CC,1,35.84,集合住宅,鋼筋混凝土造,112年5月4日,五層,,
RPRNMLTKQHJGFAO17CC,12,62.13,騎樓、停車空間、店舖、住宅、樓梯間,鋼筋混凝土造,101年7月28日,四層,,
RPQNMLKLQHJGFAO88CC,1,29.26,共有部分,鋼筋混凝土造,112年5月4日,六層,,
RPSNMLTKQHJGFAO27CC,15,84.32,集合住宅,鋼筋混凝土造,98年6月17日,十四層,,
RPPNMLKLQHJGFAO78CC,28,33.18,住家用,鋼筋混凝土造,86年1月31日,十二層,,
RPSNMLTKQHJGFAO27CC,15,17.08,防空避難室兼停車空間、梯間、消防浦泵室、汙水機房、蓄水池、發電機房、台電受電室、電信室、開放空間、公共服務空間、管理空間、垃圾處理室,鋼筋混凝土造,98年6月17日,,,
RPPNMLKLQHJGFAO78CC,28,7.93,共有部分,鋼筋混凝土造,86年1月31日,十二層,,
RPSNMLTKQHJGFAO27CC,15,18.18,梯間、機房、水箱,鋼筋混凝土造,98年6月17日,十四層,,
RPVNMLKLQHJGFAO76CC,10,152.87,集合住宅,鋼筋混凝土造,103年11月17日,二十七層,,
RPVNMLKLQHJGFAO76CC,10,24.48,共有部分,鋼筋混凝土造,103年11月17日,二十七層,,
RPVNMLKLQHJGFAO76CC,10,52.52,共有部分,鋼筋混凝土造,103年11月17日,二十七層,,
RPWNMLKLQHJGFAO86CC,11,110.57,集合住宅,鋼筋混凝土造,102年9月16日,十四層,,
RPWNMLKLQHJGFAO86CC,11,17.62,共有部分,鋼筋混凝土造,102年9月16日,十四層,,
RPWNMLKLQHJGFAO86CC,11,31.90,共有部分,鋼筋混凝土造,102年9月16日,十四層,,
RPUNMLKLQHJGFAO66CC,10,152.87,集合住宅,鋼筋混凝土造,103年11月17日,二十七層,,
RPUNMLKLQHJGFAO66CC,10,24.48,共有部分,鋼筋混凝土造,103年11月17日,二十七層,,
RPUNMLKLQHJGFAO66CC,10,52.52,共有部分,鋼筋混凝土造,103年11月17日,二十七層,,
RPPNMLNLQHJGFAO09CC,17,17.02,集合住宅,鋼筋混凝土造,96年3月5日,十一層,,
RPPNMLNLQHJGFAO09CC,17,8.10,停車空間、防空避難室、樓梯間、機械室、水箱,鋼筋混凝土造,96年3月5日,十一層,,
RPQNMLLLQHJGFAO98CC,27,31.24,住家用,鋼筋混凝土造,87年2月11日,七層,,
RPQNMLLLQHJGFAO98CC,27,8.32,防空避難室兼停車空間、騎樓,鋼筋混凝土造,87年2月11日,七層,,
RPQNMLLLQHJGFAO98CC,27,5.41,電梯樓梯間、水箱、機械室,鋼筋混凝土造,87年2月11日,七層,,
RPQNMLLLQHJGFAO98CC,27,9.44,通道間,鋼筋混凝土造,87年2月11日,七層,,
RPQNMLNLQHJGFAO56CC,,48.83,住家用,鋼筋混凝土造,,七層,,
RPQNMLNLQHJGFAO56CC,34,10.23,共有部分,鋼筋混凝土造,80年1月12日,七層,,
RPXNMLRLQHJGFAO67CC,2,65.67,集合住宅,鋼筋混凝土造,111年9月19日,二十三層,,
RPXNMLRLQHJGFAO67CC,2,65.84,共有部分,鋼筋混凝土造,111年9月19日,二十三層,,
RPUNMLNLQHJGFAO96CC,27,24.25,辦公室,鋼筋混凝土造,86年7月15日,十二層,,
RPTNMLNLQHJGFAO86CC,28,25.26,住家用,鋼筋混凝土造,85年8月30日,十二層,,
RPUNMLNLQHJGFAO96CC,27,4.44,共有部分,鋼筋混凝土造,86年7月15日,十二層,,
RPTNMLNLQHJGFAO86CC,28,11.11,共有部分,鋼筋混凝土造,85年8月30日,十二層,,
RPUNMLNLQHJGFAO96CC,27,.11,共有部分,鋼筋混凝土造,86年7月15日,十二層,,
RPUNMLNLQHJGFAO96CC,27,9.01,共有部分,鋼筋混凝土造,86年7月15日,十二層,,
RPSNMLNLQHJGFAO76CC,6,92.14,補習班,鋼筋混凝土造,107年8月20日,十四層,,
RPSNMLNLQHJGFAO76CC,6,38.53,共有部分,鋼筋混凝土造,107年8月20日,十四層,,
RPRNMLMJRHJGFAO09CC,39,16.00,住家用,加強磚造,74年8月7日,二層,,
RPVNMLQLQHJGFAO37CC,49,16.53,住家用,加強磚造,64年6月1日,二層,,
RPQNMLNJRHJGFAO09CC,13,111.62,策略性產業辦公室,鋼筋混凝土造,100年7月18日,十四層,,
RPQNMLNJRHJGFAO09CC,13,20.45,共有部分,鋼筋混凝土造,100年7月18日,十四層,,
RPQNMLNJRHJGFAO09CC,13,25.43,共有部分,鋼筋混凝土造,100年7月18日,十四層,,
RPRNMLNJRHJGFAO56CC,10,108.70,集合住宅、機電空間,鋼筋混凝土造,103年11月17日,二十五層,,
RPRNMLNJRHJGFAO56CC,10,21.95,共有部分,鋼筋混凝土造,103年11月17日,二十五層,,
RPRNMLNJRHJGFAO56CC,10,33.02,共有部分,鋼筋混凝土造,103年11月17日,二十七層,,
RPSNMLOJRHJGFAO76CC,28,533.10,商業用,鋼筋混凝土造,85年2月29日,十三層,,
RPSNMLOJRHJGFAO76CC,28,61.18,共有部分,鋼筋混凝土造,85年2月29日,十三層,,
RPSNMLOJRHJGFAO76CC,28,82.08,共有部分,鋼筋混凝土造,85年2月29日,十三層,,
RPVNMLQKRHJGFAO37CC,5,144.28,集合住宅,鋼筋混凝土造,108年9月25日,十四層,,
RPVNMLQKRHJGFAO37CC,5,72.53,共有部分,鋼筋混凝土造,108年9月25日,十二層,,
RPVNMLQKRHJGFAO37CC,5,28.93,共有部分,鋼筋混凝土造,108年9月25日,十四層,,
RPRNMLLKRHJGFAO09CC,26,90.57,住宅,鋼筋混凝土造,87年4月10日,十二層,,
RPRNMLLKRHJGFAO09CC,26,.30,店舖,鋼筋混凝土造,87年4月10日,十二層,,
RPRNMLLKRHJGFAO09CC,26,.19,店舖,鋼筋混凝土造,87年4月10日,十二層,,
RPRNMLLKRHJGFAO09CC,26,17.05,住家用、突出物、梯間,鋼筋混凝土造,87年4月10日,十二層,,
RPRNMLLKRHJGFAO09CC,26,.06,住家用、突出物、梯間,鋼筋混凝土造,87年4月10日,十二層,,
RPRNMLLKRHJGFAO09CC,26,.04,住家用、突出物、梯間,鋼筋混凝土造,87年4月10日,十二層,,
RPRNMLLKRHJGFAO09CC,26,22.76,住家用、地下室、夾層,鋼筋混凝土造,87年4月10日,十二層,,
