﻿編號,土地位置,土地移轉面積平方公尺,使用分區或編定,權利人持分分母,權利人持分分子,移轉情形,地號
The serial number, land position,land shifting area square meter,the use zoning or compiles and checks,,,,land parcel
RPVNMLPJRHJGFAO07DA,竹蓮段,6.62,都市：其他:道路用地,16,1,持分移轉,14450000
RPRPMLKKRHJGFAO09DA,西濱段,29.72,都市：其他:道路用地,20,1,持分移轉,06650000
RPWOMLMJRHJGFAO96DA,北門段,2.25,都市：其他:道路用地,12,3,持分移轉,13440007
RPOOMLQJRHJGFAO56DA,唐高段,22.00,都市：其他:道路用地,1,1,全筆移轉,08340018
RPQOMLNLQHJGFAO56DA,北門段,12.80,都市：其他:道路用地,28800,5191,持分移轉,20150000
RPQOMLNLQHJGFAO56DA,北門段,15.86,都市：其他:道路用地,28800,5191,持分移轉,20230000
RPSNMLPJRHJGFAO76DA,福林段,11.59,都市：其他:道路用地,10000,100,持分移轉,03030001
RPPNMLRLQHJGFAO76DA,介壽段,23.51,都市：其他:第二種住宅區,10000,489,持分移轉,01830000
RPPNMLRLQHJGFAO76DA,介壽段,3.23,都市：其他:道路用地,10000,489,持分移轉,01830001
RPPNMLLKRHJGFAO78DA,大學段,1.56,都市：其他:第二種住宅區,1,1,全筆移轉,02880001
RPPNMLLKRHJGFAO78DA,大學段,1.02,都市：其他:道路用地,1,1,全筆移轉,02940001
RPPOMLKKRHJGFAO78DA,前溪段,8.44,非都市：特定農業區 ; 非都市編定：甲種建築用地,60000,8319,持分移轉,03920001
RPTNMLMJRHJGFAO56DA,高翠段,67.89,都市：其他:保護區,60000,2138,持分移轉,09340000
RPTNMLMJRHJGFAO56DA,高翠段,31.30,都市：其他:保護區,60000,2138,持分移轉,09340002
RPPNMLLJRHJGFAO68DA,東明段,42.91,都市：其他:第一種住宅區,200000,618,持分移轉,00240000
RPSOMLSLQHJGFAO27DA,仙水段,17.07,都市：其他:第一種商業區,10000,76,持分移轉,07090000
RPQTMLOJRHJGFAO07DA,武陵段,14.62,都市：其他:第一種住宅區,16,1,持分移轉,06950000
RPQTMLOJRHJGFAO07DA,武陵段,47.00,都市：其他:第一種住宅區,1,1,全筆移轉,06950011
RPOSMLOJRHJGFAO76DA,南寮段,22.55,都市：其他:人行步道用地,18,8,持分移轉,01560001
RPOSMLOJRHJGFAO76DA,康樂段,33.90,都市：其他:道路用地,100000,20641,持分移轉,01880000
RPOSMLOJRHJGFAO76DA,西濱段,9.14,都市：其他:第一之一種住宅區,1,1,全筆移轉,06280000
RPOSMLOJRHJGFAO76DA,西濱段,99.79,都市：其他:道路用地,1,1,全筆移轉,06300000
RPSNMLMJRHJGFAO09DA,高翠段,71.20,都市：其他:保護區,60000,2242,持分移轉,09340000
RPSNMLMJRHJGFAO09DA,高翠段,4.48,都市：其他:道路用地,18,1,持分移轉,09340001
RPSNMLMJRHJGFAO09DA,高翠段,32.82,都市：其他:保護區,60000,2242,持分移轉,09340002
RPSNMLMJRHJGFAO09DA,高翠段,.37,都市：其他:道路用地,18,1,持分移轉,09340003
RPUNMLPJRHJGFAO07EA,東山段二小段,55.00,都市：其他:公園用地,2,1,持分移轉,04780000
RPUOMLPJRHJGFAO07DA,聚吉段,30.70,都市：其他:第二種住宅區,10,1,持分移轉,00190001
RPSNMLMJRHJGFAO09DA,高翠段,78.97,都市：其他:保護區,60000,2955,持分移轉,09370000
RPSNMLMJRHJGFAO09DA,高翠段,34.69,都市：其他:道路用地,18,1,持分移轉,09370001
RPSNMLMJRHJGFAO09DA,高翠段,54.24,都市：其他:保護區,60000,2955,持分移轉,09370002
RPSNMLMJRHJGFAO09DA,高翠段,16.45,都市：其他:保護區,60000,2955,持分移轉,09370003
RPSNMLMJRHJGFAO09DA,高翠段,2.12,都市：其他:道路用地,18,1,持分移轉,09370004
RPOOMLPJRHJGFAO09DA,光武段,20.76,都市：其他:第二種住宅區,100000,688,持分移轉,11260000
RPXRMLSJQHJGFAO87DA,仙水段,17.07,都市：其他:第一種商業區,10000,76,持分移轉,07090000
RPPSMLOJRHJGFAO86DA,西濱段,110.63,都市：其他:道路用地,1,1,全筆移轉,05230000
RPVOMLKMQHJGFAO86DA,東橋段,10.21,都市：其他:第二種住宅區,10000,183,持分移轉,00500000
RPVRMLOJRHJGFAO37DA,崙子段,3.51,都市：其他:第一種住宅區,100000,833,持分移轉,02340000
RPVRMLOJRHJGFAO37DA,崙子段,6.75,都市：其他:第一種住宅區,100000,833,持分移轉,02350000
RPUSMLOJRHJGFAO37DA,茄苳段,3.03,非都市：山坡地保育區 ; 非都市編定：丙種建築用地,398,1,持分移轉,02190000
RPUSMLOJRHJGFAO37DA,茄苳段,13.02,非都市：山坡地保育區 ; 非都市編定：丙種建築用地,10000,29,持分移轉,02400000
RPQNMLPJRHJGFAO66EA,忠孝段,18.00,都市：其他:第一種住宅區,1,1,全筆移轉,01140000
RPPNMLPJRHJGFAO56EA,忠孝段,1.00,都市：其他:第一種住宅區,1,1,全筆移轉,01140004
RPSQMLOKQHJGFAO96DA,金雅段,31.74,非都市：鄉村區 ; 非都市編定：乙種建築用地,100000,1616,持分移轉,00970000
RPTRMLSJQHJGFAO47DA,育賢段,155.14,都市：其他:第一種住宅區,1,1,全筆移轉,00210008
RPQOMLMJRHJGFAO98DA,水源段,4.96,非都市：鄉村區 ; 非都市編定：乙種建築用地,20,3,持分移轉,05740000
RPQOMLMJRHJGFAO98DA,水源段,1.08,非都市：鄉村區 ; 非都市編定：乙種建築用地,60,3,持分移轉,05760000
RPQOMLMJRHJGFAO98DA,水源段,74.59,非都市：鄉村區 ; 非都市編定：乙種建築用地,5,3,持分移轉,05780000
RPQOMLMJRHJGFAO98DA,水源段,1.44,非都市：鄉村區 ; 非都市編定：乙種建築用地,60,3,持分移轉,05830000
RPTPMLQJRHJGFAO17DA,康樂段,22.00,都市：其他:第一之一種住宅區,100000,1033,持分移轉,03870000
RPVOMLTLQHJGFAO67DA,新興段,26.55,都市：其他:第一種住宅區,20,1,持分移轉,17270000
RPVOMLTLQHJGFAO67DA,新興段,.90,都市：其他:第一種住宅區,20,1,持分移轉,17270001
RPRUMLOJRHJGFAO27DA,南港段,499.13,非都市：特定農業區 ; 非都市編定：農牧用地,3,2,持分移轉,02070000
RPRNMLMKQHJGFAO98DA,水源段,132.20,非都市：特定農業區 ; 非都市編定：農牧用地,64,1,持分移轉,00340000
RPRNMLMKQHJGFAO98DA,水源段,52.86,非都市：特定農業區 ; 非都市編定：農牧用地,2,1,持分移轉,04100000
RPRNMLMKQHJGFAO98DA,水源段,316.13,非都市：特定農業區 ; 非都市編定：農牧用地,2,1,持分移轉,04130000
RPQOMLPJRHJGFAO66DA,光復段,49.58,都市：其他:第一種住宅區,100000,130,持分移轉,02990000
RPQNMLQJRHJGFAO66DA,中央段,18.00,都市：其他:道路用地,54,3,持分移轉,07610000
RPQNMLQJRHJGFAO66DA,中央段,11.22,都市：其他:道路用地,54,3,持分移轉,09190002
RPTOMLPJRHJGFAO96DA,香雅段,64.52,非都市：鄉村區 ; 非都市編定：乙種建築用地,1,1,全筆移轉,06330006
RPQNMLQJRHJGFAO66DA,中央段,5.94,都市：其他:道路用地,54,3,持分移轉,09230000
RPQNMLQJRHJGFAO66DA,中央段,50.33,都市：其他:道路用地,54,3,持分移轉,09390000
RPQNMLQJRHJGFAO66DA,中央段,8.61,都市：其他:道路用地,54,3,持分移轉,09410000
RPQNMLQJRHJGFAO66DA,中央段,6.39,都市：其他:道路用地,54,3,持分移轉,09420000
RPQNMLQJRHJGFAO66DA,中央段,.67,都市：其他:道路用地,54,3,持分移轉,09510003
RPTOMLPJRHJGFAO96DA,香雅段,12.79,非都市：鄉村區 ; 非都市編定：乙種建築用地,24,3,持分移轉,06330008
RPRQMLQJRHJGFAO07DA,中雅段,39.00,都市：其他:第二種住宅區,1,1,全筆移轉,02210008
RPRQMLQJRHJGFAO07DA,中雅段,75.00,都市：其他:第二種住宅區,1,1,全筆移轉,02210010
RPRQMLQJRHJGFAO07DA,中雅段,3.00,都市：其他:第二種住宅區,1,1,全筆移轉,02210017
RPWOMLQJRHJGFAO37DA,信義段,41.63,都市：其他:第一種住宅區,100000,2529,持分移轉,01320000
RPWOMLQJRHJGFAO37DA,信義段,3.31,都市：其他:第一種商業區,100000,2529,持分移轉,01730000
RPWOMLQJRHJGFAO37DA,信義段,.13,都市：其他:第一種商業區,100000,2529,持分移轉,01790000
RPSOMLOKQHJGFAO76DA,和平段,32.33,都市：其他:道路用地,90,15,持分移轉,07190000
RPSOMLOKQHJGFAO76DA,和平段,42.00,都市：其他:道路用地,3,1,持分移轉,07320000
RPTOMLOKQHJGFAO86DA,和平段,42.00,都市：其他:道路用地,3,1,持分移轉,07320000
RPTRMLTLQHJGFAO77DA,美山段,5.42,都市：其他:第二之一種住宅區,53040,28850,持分移轉,03970001
RPTRMLTLQHJGFAO77DA,美山段,152.54,都市：其他:第二之一種住宅區,5627544,3679388,持分移轉,04120000
RPUNMLMJRHJGFAO66DA,光華段,2.93,都市：其他:道路用地,600,20,持分移轉,09220001
RPRNMLNKQHJGFAO09DA,香雅段,81.31,非都市：特定農業區 ; 非都市編定：甲種建築用地,1,1,全筆移轉,02850000
RPPNMLSJRHJGFAO76DA,福林段,133.69,都市：其他:道路用地,1404,35,持分移轉,00190000
RPPNMLSJRHJGFAO76DA,崙子段,59.33,都市：其他:道路用地,24,1,持分移轉,15320000
RPXNMLNJRHJGFAO07DA,武陵段,10.25,都市：其他:第一種住宅區,100000,67,持分移轉,03160003
RPWOMLTJRHJGFAO67DA,力行段,41.55,非都市：山坡地保育區 ; 非都市編定：丁種建築用地,100000,1375,持分移轉,01150000
RPRNMLQJRHJGFAO76DA,中央段,19.75,都市：其他:道路用地,1200,20,持分移轉,12780000
RPWOMLTJRHJGFAO67DA,力行段,28.76,非都市：山坡地保育區 ; 非都市編定：丁種建築用地,100000,1152,持分移轉,01150050
RPXPMLQJRHJGFAO57DA,新興段,154.00,都市：其他:第一種住宅區,1,1,全筆移轉,20100005
RPOTMLQJRHJGFAO17EA,南門段四小段,29.67,都市：其他:道路用地,3,1,持分移轉,01770025
RPOQMLTJRHJGFAO07DA,三姓段,6.68,都市：其他:第一種商業區,100000,376,持分移轉,05210000
RPOQMLTJRHJGFAO07DA,三姓段,.12,都市：其他:乙種工業區,266,1,持分移轉,05700008
RPTNMLMKRHJGFAO66DA,崙子段,4.20,都市：其他:第一種住宅區,10000,27,持分移轉,00230000
RPQNMLLKRHJGFAO98EA,北門段,17.13,都市：其他:第二種住宅區,30000,303,持分移轉,24630000
RPROMLQJRHJGFAO86DA,武陵段,14.58,都市：其他:第一種住宅區,10000,58,持分移轉,03160001
RPTOMLLKRHJGFAO66DA,南華段,19.72,都市：其他:第一種商業區,100000,1923,持分移轉,04010000
RPTPMLQLQHJGFAO27DA,北門段,4.25,都市：其他:第二種住宅區,16,1,持分移轉,19080000
RPTPMLQLQHJGFAO27DA,北門段,3.31,都市：其他:道路用地,16,1,持分移轉,19120000
RPTPMLQLQHJGFAO27DA,北門段,16.12,都市：其他:第二種住宅區,16,1,持分移轉,19130000
RPTNMLTJQHJGFAO17DA,自由段,29.10,都市：其他:第一種住宅區,10000,183,持分移轉,05820000
RPRPMLQLQHJGFAO07DA,北門段,8.50,都市：其他:第二種住宅區,8,1,持分移轉,19080000
RPRPMLQLQHJGFAO07DA,北門段,6.62,都市：其他:道路用地,8,1,持分移轉,19120000
RPRPMLQLQHJGFAO07DA,北門段,32.25,都市：其他:第二種住宅區,8,1,持分移轉,19130000
RPVNMLTLQHJGFAO57DA,仁愛段,37.00,都市：其他:乙種工業區,1,1,全筆移轉,08540003
RPVNMLTLQHJGFAO57DA,仁愛段,9.00,,1,1,全筆移轉,08540005
RPVNMLTLQHJGFAO57DA,仁愛段,11.00,,1,1,全筆移轉,08540006
RPXOMLKKRHJGFAO96DA,民富段,.67,都市：其他:道路用地,6,1,持分移轉,26230001
RPXOMLKKRHJGFAO96DA,民富段,1.33,都市：其他:道路用地,6,2,持分移轉,26230001
RPXOMLKKRHJGFAO96DA,民富段,.67,都市：其他:道路用地,6,1,持分移轉,26230001
RPXOMLKKRHJGFAO96DA,民富段,.67,都市：其他:道路用地,6,1,持分移轉,26230001
RPOPMLQJRHJGFAO66DA,唐高段,22.53,都市：其他:第一種住宅區,10000,82,持分移轉,06290000
RPQOMLKKRHJGFAO88DA,三姓段,6.68,都市：其他:第一種商業區,100000,376,持分移轉,05210000
RPQOMLKKRHJGFAO88DA,三姓段,.12,都市：其他:乙種工業區,266,1,持分移轉,05700008
RPUNMLLKRHJGFAO66DA,東光段,11.22,都市：其他:第二種商業區,10000,333,持分移轉,09060000
RPPNMLNKRHJGFAO98DA,民富段,6.17,都市：其他:第二種商業區,100000,1296,持分移轉,18270000
RPSNMLMKRHJGFAO56DA,北門段,14.47,都市：其他:第一種住宅區,30000,1332,持分移轉,04560000
RPSNMLMKRHJGFAO56DA,北門段,16.65,都市：其他:第一種住宅區,30000,1332,持分移轉,04570000
RPTNMLQKRHJGFAO07DA,舊社段,59.65,非都市：鄉村區 ; 非都市編定：乙種建築用地,320,9,持分移轉,05320000
RPSNMLPJRHJGFAO86EA,科學段一小段,82.67,都市：其他:第一種住宅區,1,1,全筆移轉,06140000
RPXOMLQKPHJGFAO37DA,中雅段,38.33,都市：其他:第二種住宅區,6,2,持分移轉,00280000
RPXOMLQKPHJGFAO37DA,中雅段,11.38,都市：其他:第二種商業區,1200,91,持分移轉,00280001
RPXOMLQKPHJGFAO37DA,中雅段,12.74,都市：其他:第二種住宅區,1200,91,持分移轉,00280010
RPROMLLJQHJGFAO88DA,崙子段,56.00,都市：其他:第一種住宅區,1,1,全筆移轉,17230000
RPSPMLLJQHJGFAO09DA,介壽段,5.78,都市：其他:道路用地,5,2,持分移轉,00730000
RPWPMLTLQHJGFAO87DA,光武段,.32,都市：其他:第二種商業區,10000,33,持分移轉,07700000
RPWPMLTLQHJGFAO87DA,光武段,14.57,都市：其他:第二種商業區,10000,33,持分移轉,10700000
RPWNMLMJRHJGFAO86DA,光復段,32.43,都市：其他:第一種商業區,14,2,持分移轉,10360000
RPTPMLKLQHJGFAO66DA,聚吉段,12.53,都市：其他:第二種商業區,10000,51,持分移轉,00740000
RPWNMLMJRHJGFAO86DA,光復段,.14,都市：其他:商業區,14,2,持分移轉,10360006
RPPUMLNJRHJGFAO96DA,仙水段,8.89,都市：其他:第一種商業區,580,15,持分移轉,07270000
RPVOMLNJRHJGFAO96DA,南門段二小段,3.08,都市：其他:道路用地,24,1,持分移轉,02710002
RPUNMLPJRHJGFAO96DA,光華段,23.40,都市：其他:第二種住宅區,15,1,持分移轉,08180000
RPTNMLPJRHJGFAO86DA,光華段,2.00,都市：其他:第一種住宅區,10000,155,持分移轉,06730000
RPTNMLPJRHJGFAO86DA,光華段,24.91,都市：其他:第一種住宅區,10000,1060,持分移轉,06730001
RPTNMLPJRHJGFAO86DA,光華段,.33,都市：其他:第一種住宅區,10000,33,持分移轉,06730006
RPTNMLQJRHJGFAO96DA,東山段一小段,4.20,都市：其他:第一種住宅區,5,1,持分移轉,02860001
RPVNMLQJRHJGFAO17DA,福林段,25.23,非都市：鄉村區 ; 非都市編定：乙種建築用地,400000,19864,持分移轉,06130013
RPTNMLQJRHJGFAO96DA,東山段一小段,9.80,都市：其他:第一種住宅區,5,1,持分移轉,02870000
RPTNMLQJRHJGFAO96DA,東山段一小段,22.80,都市：其他:第一種住宅區,5,1,持分移轉,02880000
RPSTMLOJRHJGFAO27DA,民主段,9.39,都市：其他:第二種商業區,130000,2736,持分移轉,12240000
RPPOMLQJRHJGFAO66DA,建華段,37.59,都市：其他:第一種住宅區,100000,5390,持分移轉,09050000
RPPOMLQJRHJGFAO66DA,建華段,1.31,都市：其他:道路用地,100000,5390,持分移轉,09050001
RPPOMLQJRHJGFAO66DA,建華段,.14,都市：其他:第一種住宅區,100000,5390,持分移轉,09050002
RPQOMLQJRHJGFAO76DA,建華段,29.47,都市：其他:第一種住宅區,100000,4225,持分移轉,09050000
RPQOMLQJRHJGFAO76DA,建華段,1.02,都市：其他:道路用地,100000,4225,持分移轉,09050001
RPQOMLQJRHJGFAO76DA,建華段,.11,都市：其他:第一種住宅區,100000,4225,持分移轉,09050002
RPTNMLRKPHJGFAO96DA,香中段,2.93,都市：其他:第一種商業區,10000,362,持分移轉,07980000
RPTNMLRKPHJGFAO96DA,香中段,14.74,都市：其他:第一種商業區,10000,362,持分移轉,08070001
RPWNMLSJQHJGFAO37DA,復中段,.17,都市：其他:第二種住宅區,12,1,持分移轉,07670004
RPUPMLMLPHJGFAO86DA,雅溪段,36.90,非都市：山坡地保育區 ; 非都市編定：丙種建築用地,1,1,全筆移轉,01340000
RPUPMLMLPHJGFAO86DA,雅溪段,732.54,非都市：山坡地保育區 ; 非都市編定：丙種建築用地,1,1,全筆移轉,01350000
RPWNMLSJQHJGFAO37DA,復中段,37.00,都市：其他:第二種住宅區,12,1,持分移轉,07730000
RPSSMLOJRHJGFAO17DA,茄苳段,3.03,非都市：山坡地保育區 ; 非都市編定：丙種建築用地,398,1,持分移轉,02190000
RPSSMLOJRHJGFAO17DA,茄苳段,13.02,非都市：山坡地保育區 ; 非都市編定：丙種建築用地,10000,29,持分移轉,02400000
RPSOMLTKQHJGFAO27DA,東山段一小段,3.96,都市：其他:第二種住宅區,10000,24,持分移轉,09060000
RPOOMLMJQHJGFAO68DA,朝山段,145.47,都市：其他:道路用地,10000,1957,持分移轉,06370001
RPOOMLMJQHJGFAO68DA,朝山段,25.89,都市：其他:道路用地,1,1,全筆移轉,06380003
RPRNMLOKQHJGFAO66EA,西濱段,23.43,都市：其他:道路用地,5,1,持分移轉,02070000
RPXNMLMJQHJGFAO86DA,朝山段,748.18,都市：其他:第二之一種住宅區,100,80,持分移轉,06340000
RPXNMLMJQHJGFAO86DA,朝山段,4.61,都市：其他:道路用地,1,1,全筆移轉,06340002
RPXNMLMJQHJGFAO86DA,朝山段,581.17,都市：其他:道路用地,1000,905,持分移轉,06380001
RPPNMLKKRHJGFAO78EA,和平段,18.07,都市：其他:第二種住宅區,10000,21,持分移轉,04800000
RPTPMLMKQHJGFAO76DA,北門段,9.48,都市：其他:第一種住宅區,10000,30,持分移轉,02270000
RPPOMLMJQHJGFAO78DA,朝山段,187.04,都市：其他:第二之一種住宅區,100,20,持分移轉,06340000
RPPOMLMJQHJGFAO78DA,朝山段,102.96,都市：其他:第二之一種住宅區,1,1,全筆移轉,06380002
RPPOMLMJQHJGFAO78DA,朝山段,2.78,都市：其他:第二之一種住宅區,1,1,全筆移轉,06380004
RPQOMLMJQHJGFAO88DA,朝山段,7.09,都市：其他:第二之一種住宅區,1,1,全筆移轉,06370002
RPQOMLMJQHJGFAO88DA,朝山段,2.40,都市：其他:第二之一種住宅區,1,1,全筆移轉,06380005
RPQOMLMJQHJGFAO88DA,朝山段,152.20,都市：其他:道路用地,1,1,全筆移轉,06400002
RPQOMLMJQHJGFAO88DA,朝山段,101.58,都市：其他:道路用地,1,1,全筆移轉,06400005
RPRNMLKKRHJGFAO88DA,民富段,8.98,都市：其他:第一種住宅區,100000,753,持分移轉,02490000
RPWUMLNJRHJGFAO67DA,康樂段,21.91,都市：其他:第一之一種住宅區,80,1,持分移轉,02180000
RPUOMLMJQHJGFAO66DA,朝山段,173.93,都市：其他:道路用地,10000,2340,持分移轉,06370001
RPROMLMJQHJGFAO98DA,朝山段,159.44,都市：其他:道路用地,10000,2145,持分移轉,06370001
RPWPMLMKQHJGFAO07DA,中山段三小段,12.53,都市：其他:第二種商業區,1314,122,持分移轉,01920000
RPWPMLMKQHJGFAO07DA,中山段三小段,16.00,都市：其他:第二種商業區,1,1,全筆移轉,01930007
RPQNMLLKRHJGFAO88DA,朝山段,17.87,都市：其他:廣場用地,1,1,全筆移轉,06340001
RPWPMLMKQHJGFAO07DA,中山段三小段,3.00,都市：其他:第二種商業區,1,1,全筆移轉,02170008
RPQNMLLKRHJGFAO88DA,朝山段,264.47,都市：其他:道路用地,10000,3558,持分移轉,06370001
RPWPMLMKQHJGFAO07DA,中山段三小段,1.00,都市：其他:第二種商業區,1,1,全筆移轉,02170032
RPQNMLLKRHJGFAO88DA,朝山段,61.01,都市：其他:道路用地,1000,95,持分移轉,06380001
RPROMLNLQHJGFAO66DA,南華段,11.60,都市：其他:第一種住宅區,10000,625,持分移轉,02050000
RPROMLNLQHJGFAO66DA,南華段,48.61,都市：其他:第一種住宅區,1,1,全筆移轉,02050011
RPOQMLQKQHJGFAO76DA,復興段,24.27,都市：其他:公園用地,2160,45,持分移轉,03930000
RPOQMLQKQHJGFAO76DA,復興段,3.44,都市：其他:道路用地,2160,45,持分移轉,03930001
RPSNMLTKQHJGFAO17DA,光復段,56.82,都市：其他:第一種住宅區,100000,149,持分移轉,02990000
RPOQMLQKQHJGFAO76DA,復興段,1.28,都市：其他:綠地用地,162,3,持分移轉,03960000
RPOQMLQKQHJGFAO76DA,復興段,.00,都市：其他:公園用地,162,3,持分移轉,03960001
RPOQMLQKQHJGFAO76DA,復興段,3.20,都市：其他:綠地用地,648,9,持分移轉,03970000
RPOQMLQKQHJGFAO76DA,復興段,73.76,都市：其他:道路用地,21600,2250,持分移轉,03980000
RPOQMLQKQHJGFAO76DA,復興段,18.32,都市：其他:綠地用地,21600,2250,持分移轉,03980001
RPOQMLQKQHJGFAO76DA,復興段,.68,都市：其他:公園用地,3600,400,持分移轉,03980004
RPOQMLQKQHJGFAO76DA,復興段,.26,都市：其他:道路用地,600,50,持分移轉,03990000
RPOQMLQKQHJGFAO76DA,復興段,3.40,都市：其他:道路用地,600,50,持分移轉,04060000
RPOQMLQKQHJGFAO76DA,復興段,.01,都市：其他:公園用地,120,10,持分移轉,04060001
RPOQMLQKQHJGFAO76DA,復興段,231.70,都市：其他:公園用地,1800,90,持分移轉,04090000
RPOQMLQKQHJGFAO76DA,復興段,134.63,都市：其他:道路用地,600,30,持分移轉,04090005
RPRNMLMKRHJGFAO09DA,復中段,19.00,都市：其他:第二種住宅區,1,1,全筆移轉,06770000
RPRNMLMKRHJGFAO09DA,復中段,134.00,都市：其他:第二種住宅區,1,1,全筆移轉,06780000
RPQNMLKKRHJGFAO78DA,武陵段,15.92,都市：其他:第一種住宅區,100000,853,持分移轉,00940000
RPROMLKKRHJGFAO98DA,崙子段,93.00,都市：其他:第一種住宅區,1,1,全筆移轉,02170034
RPUOMLLKRHJGFAO76DA,光復段,3.16,都市：其他:第一種住宅區,10000,83,持分移轉,09960000
RPTPMLNKQHJGFAO86DA,新興段,.96,都市：其他:第一種住宅區,10000,172,持分移轉,00830000
RPSNMLKKRHJGFAO98DA,國道段,18.19,都市：其他:第二種住宅區,100000,300,持分移轉,11170000
RPTPMLNKQHJGFAO86DA,新興段,.40,都市：其他:第一種住宅區,10000,172,持分移轉,00830003
RPTPMLNKQHJGFAO86DA,新興段,.19,都市：其他:第一種住宅區,10000,172,持分移轉,00830008
RPTPMLNKQHJGFAO86DA,新興段,1.39,都市：其他:第一種住宅區,10000,172,持分移轉,00830009
RPTPMLNKQHJGFAO86DA,新興段,25.40,都市：其他:第二種住宅區,5,1,持分移轉,02630006
RPSPMLKLQHJGFAO56DA,麗園段,41.01,非都市：山坡地保育區 ; 非都市編定：丙種建築用地,2,1,持分移轉,06400000
RPROMLNKQHJGFAO56DA,和平段,21.46,都市：其他:第二種住宅區,10000,66,持分移轉,10610000
RPXOMLNKQHJGFAO17DA,三姓段,6.68,都市：其他:第一種商業區,100000,376,持分移轉,05210000
RPXOMLNKQHJGFAO17DA,三姓段,.12,都市：其他:乙種工業區,266,1,持分移轉,05700008
RPWNMLKLQHJGFAO76DA,介壽段,56.44,都市：其他:工業區,500000,6711,持分移轉,01090002
RPQPMLQJRHJGFAO86DA,光復段,49.58,都市：其他:第一種住宅區,100000,130,持分移轉,02990000
RPOOMLMKRHJGFAO88DA,中雅段,20.22,都市：其他:第一種商業區,10000,17,持分移轉,02140000
RPOOMLMKRHJGFAO88DA,崙子段,.43,都市：其他:第一種商業區,10000,17,持分移轉,20600000
RPUOMLLLQHJGFAO76DA,南華段,35.84,都市：其他:第一種住宅區,10000,387,持分移轉,03150000
RPTPMLLLQHJGFAO76DA,中隘段,.26,非都市：山坡地保育區 ; 非都市編定：丙種建築用地,100000,139,持分移轉,03420000
RPTPMLLLQHJGFAO76DA,中隘段,.01,非都市：山坡地保育區 ; 非都市編定：丙種建築用地,100000,139,持分移轉,03460000
RPTPMLLLQHJGFAO76DA,中隘段,.30,非都市：山坡地保育區 ; 非都市編定：丙種建築用地,100000,139,持分移轉,03470000
RPTPMLLLQHJGFAO76DA,中隘段,12.49,非都市：山坡地保育區 ; 非都市編定：丙種建築用地,10000,112,持分移轉,03520000
RPTPMLLLQHJGFAO76DA,中隘段,.56,非都市：山坡地保育區 ; 非都市編定：丙種建築用地,100000,139,持分移轉,03540000
RPTPMLLLQHJGFAO76DA,中隘段,.19,非都市：山坡地保育區 ; 非都市編定：丙種建築用地,100000,139,持分移轉,03550000
RPTPMLLLQHJGFAO76DA,中隘段,13.22,非都市：山坡地保育區 ; 非都市編定：丙種建築用地,100000,432,持分移轉,03570000
RPXQMLPJOHJGFAO27DA,武陵段,28.52,都市：其他:第一種住宅區,10000,829,持分移轉,06590001
RPVPMLMKQHJGFAO96DA,美城段,22.10,非都市：山坡地保育區 ; 非都市編定：丙種建築用地,48,1,持分移轉,03360000
RPQSMLNJRHJGFAO86DA,美城段,3.41,非都市：山坡地保育區 ; 非都市編定：丙種建築用地,100000,576,持分移轉,01270035
RPQSMLNJRHJGFAO86DA,美城段,85.28,非都市：山坡地保育區 ; 非都市編定：丙種建築用地,1,1,全筆移轉,01480020
RPQSMLNJRHJGFAO86DA,美城段,10.03,非都市：山坡地保育區 ; 非都市編定：丙種建築用地,100000,2941,持分移轉,01480035
RPQSMLNJRHJGFAO86DA,美城段,21.14,非都市：山坡地保育區 ; 非都市編定：丙種建築用地,100000,2941,持分移轉,01480043
SPVPMLMKQHJGFAO07DA,美城段,22.10,非都市：山坡地保育區 ; 非都市編定：丙種建築用地,48,1,持分移轉,03360000
RPVQMLNLQHJGFAO27DA,海埔段,2312.31,都市：其他:農業區,1,1,全筆移轉,00850001
RPXNMLTJRHJGFAO67DA,東山段一小段,.22,都市：其他:第二種住宅區,100000,517,持分移轉,09580001
RPXNMLTJRHJGFAO67DA,東山段一小段,.43,都市：其他:第二種住宅區,100000,517,持分移轉,09580002
RPXNMLTJRHJGFAO67DA,東山段一小段,19.48,都市：其他:第二種住宅區,10000,107,持分移轉,09620000
RPXNMLTJRHJGFAO67DA,東山段一小段,1.07,都市：其他:第二種住宅區,100000,517,持分移轉,09620001
RPXNMLTJRHJGFAO67DA,東山段一小段,.39,都市：其他:道路用地,10000,107,持分移轉,09620003
RPXNMLTJRHJGFAO67DA,東山段一小段,1.28,都市：其他:第二種住宅區,100000,517,持分移轉,09640001
RPPOMLMJRHJGFAO88DA,東明段,21.81,都市：其他:第一種住宅區,10000,125,持分移轉,11100000
RPVNMLTJRHJGFAO47DA,湖港段,79.30,非都市：鄉村區 ; 非都市編定：乙種建築用地,1,1,全筆移轉,12530000
RPTNMLKMQHJGFAO56DA,長春段,40.17,都市：其他:第二種住宅區,100000,1056,持分移轉,16130000
RPUNMLTJRHJGFAO37DA,光武段,15.58,都市：其他:第二種商業區,200000,232,持分移轉,10220000
RPSPMLTJRHJGFAO37DA,西濱段,27.53,都市：其他:道路用地,1,1,全筆移轉,05240000
RPQNMLQJQHJGFAO56DA,延壽段,2421.08,非都市：山坡地保育區 ; 非都市編定：農牧用地,1,1,全筆移轉,02200000
RPQNMLQJQHJGFAO56DA,延壽段,36.09,非都市：山坡地保育區 ; 非都市編定：農牧用地,1,1,全筆移轉,02210000
RPQNMLQJQHJGFAO56DA,延壽段,193.28,非都市：山坡地保育區 ; 非都市編定：水利用地,6,3,持分移轉,02230000
RPQNMLQJQHJGFAO56DA,延壽段,805.10,非都市：山坡地保育區 ; 非都市編定：水利用地,1,1,全筆移轉,02240000
RPQNMLQJQHJGFAO56DA,延壽段,5545.25,非都市：山坡地保育區 ; 非都市編定：農牧用地,1,1,全筆移轉,03510000
RPQNMLQJQHJGFAO56DA,延壽段,250.85,非都市：山坡地保育區 ; 非都市編定：農牧用地,1,1,全筆移轉,04560000
RPSOMLTJRHJGFAO27DA,西門段一小段,23.26,都市：其他:第二種商業區,10000,268,持分移轉,02020000
RPRRMLOJRHJGFAO96DA,五福段,178.73,非都市：山坡地保育區 ; 非都市編定：丙種建築用地,1,1,全筆移轉,06670000
RPRRMLOJRHJGFAO96DA,五福段,430.12,非都市：山坡地保育區 ; 非都市編定：農牧用地,1,1,全筆移轉,06680002
RPXPMLTJRHJGFAO87DA,康朗段,178.62,都市：其他:第一之一種住宅區,1,1,全筆移轉,04960000
RPXPMLTJRHJGFAO87DA,康朗段,3.82,都市：其他:道路用地,1,1,全筆移轉,04960001
RPWPMLTJRHJGFAO77DA,康朗段,159.74,都市：其他:第一之一種住宅區,1,1,全筆移轉,04950000
RPWPMLTJRHJGFAO77DA,康朗段,8.26,都市：其他:道路用地,1,1,全筆移轉,04980001
RPWPMLTJRHJGFAO77DA,康朗段,12.20,都市：其他:第一之一種住宅區,1,1,全筆移轉,04990001
RPXOMLQJRHJGFAO47DA,武陵段,26.00,都市：其他:第一種住宅區,100000,170,持分移轉,03160003
RPQQMLQJRHJGFAO07EA,科學段一小段,16.85,都市：其他:第一種住宅區,1000000,7759,持分移轉,03340000
RPTOMLKKRHJGFAO56DA,崙子段,46.20,都市：其他:住宅區,100000,133,持分移轉,20650000
RPXOMLNJPHJGFAO96DA,東山段一小段,7.70,都市：其他:第二種商業區,10,1,持分移轉,08570000
RPQPMLLKRHJGFAO09DA,南湖段,42.97,非都市：山坡地保育區 ; 非都市編定：丙種建築用地,100000,161,持分移轉,04110000
RPOTMLOJRHJGFAO86DA,武陵段,42.00,都市：其他:第一種住宅區,6,3,持分移轉,09510001
RPXOMLNJPHJGFAO96DA,東山段一小段,8.20,都市：其他:第二種住宅區,10,1,持分移轉,08570002
RPXSMLOJRHJGFAO67DA,武陵段,42.00,都市：其他:第一種住宅區,6,3,持分移轉,09510001
RPUNMLLLQHJGFAO66DA,民主段,8.66,都市：其他:第二種住宅區,200000,876,持分移轉,07740001
RPXOMLNJPHJGFAO96DA,東山段一小段,2.90,都市：其他:第二種商業區,10,1,持分移轉,09330002
RPOTMLOJRHJGFAO86DA,武陵段,2.00,都市：其他:第一種住宅區,6,3,持分移轉,09510002
RPXOMLNJPHJGFAO96DA,東山段一小段,6.50,都市：其他:第二種住宅區,10,1,持分移轉,09330015
RPQPMLLKRHJGFAO09DA,南湖段,1.16,非都市：山坡地保育區 ; 非都市編定：丙種建築用地,100000,317,持分移轉,04110003
RPOTMLOJRHJGFAO86DA,武陵段,19.00,都市：其他:第一種住宅區,6,3,持分移轉,09520001
RPOTMLOJRHJGFAO86DA,武陵段,2.00,都市：其他:第一種住宅區,6,3,持分移轉,09520002
RPXSMLOJRHJGFAO67DA,武陵段,2.00,都市：其他:第一種住宅區,6,3,持分移轉,09510002
RPXSMLOJRHJGFAO67DA,武陵段,19.00,都市：其他:第一種住宅區,6,3,持分移轉,09520001
RPXSMLOJRHJGFAO67DA,武陵段,2.00,都市：其他:第一種住宅區,6,3,持分移轉,09520002
RPQPMLKKRHJGFAO98DA,福林段,21.42,都市：其他:第一種住宅區,10000,108,持分移轉,00490000
RPPNMLRJRHJGFAO66DA,長春段,25.81,都市：其他:第二種住宅區,100000,1118,持分移轉,15850000
RPROMLMKRHJGFAO56DA,民富段,17.34,都市：其他:第一種住宅區,10000,92,持分移轉,06950000
RPOOMLRLOHJGFAO56DA,千甲段,2035.91,都市：其他:農業區,10,9,持分移轉,03940000
RPOOMLRLOHJGFAO56DA,千甲段,61.34,都市：其他:農業區,10,9,持分移轉,10830000
RPOOMLRLOHJGFAO56DA,千甲段,118.49,都市：其他:農業區,10,9,持分移轉,10840000
RPUOMLTJRHJGFAO47DA,力行段,39.55,非都市：山坡地保育區 ; 非都市編定：丁種建築用地,100000,1309,持分移轉,01150000
RPWPMLNJRHJGFAO17DA,民富段,68.00,都市：其他:第一種住宅區,1,1,全筆移轉,05180000
RPUOMLTJRHJGFAO47DA,力行段,27.36,非都市：山坡地保育區 ; 非都市編定：丁種建築用地,100000,1096,持分移轉,01150050
RPQQMLQJRHJGFAO96DA,中雅段,7.30,都市：其他:第二種住宅區,100000,746,持分移轉,00960001
RPTNMLTJRHJGFAO27DA,福林段,101.92,都市：其他:住宅區(附帶條件),1,1,全筆移轉,13120000
RPRNMLTJRHJGFAO07DA,福林段,65.54,都市：其他:住宅區(附帶條件),1,1,全筆移轉,13130000
RPSNMLTJRHJGFAO17DA,福林段,66.38,都市：其他:住宅區(附帶條件),1,1,全筆移轉,13180000
RPQNMLTJRHJGFAO96DA,福林段,222.63,都市：其他:住宅區(附帶條件),1,1,全筆移轉,13170000
RPQNMLTJRHJGFAO96DA,福林段,75.38,都市：其他:住宅區(附帶條件),1,1,全筆移轉,13190000
RPPNMLTJRHJGFAO86DA,福林段,105.66,都市：其他:住宅區(附帶條件),1,1,全筆移轉,13200000
RPRNMLQKRHJGFAO86DA,民富段,6.00,都市：其他:第一種住宅區,1,1,全筆移轉,11210000
RPRNMLQKRHJGFAO86DA,民富段,735.00,都市：其他:第一種住宅區,1,1,全筆移轉,11220000
RPRNMLQKRHJGFAO86DA,民富段,8.00,都市：其他:第一種住宅區,1,1,全筆移轉,11600001
RPUNMLRLQHJGFAO27DA,青山段,.09,非都市：山坡地保育區 ; 非都市編定：丙種建築用地,330,1,持分移轉,04380000
RPUNMLRLQHJGFAO27DA,青山段,.01,非都市：山坡地保育區 ; 非都市編定：丙種建築用地,330,1,持分移轉,04410000
RPUNMLRLQHJGFAO27DA,青山段,2.79,非都市：山坡地保育區 ; 非都市編定：丙種建築用地,330,1,持分移轉,04680000
RPUNMLRLQHJGFAO27DA,青山段,150.83,非都市：山坡地保育區 ; 非都市編定：丙種建築用地,1,1,全筆移轉,04730000
RPUNMLRLQHJGFAO27DA,青山段,.02,非都市：山坡地保育區 ; 非都市編定：丙種建築用地,330,1,持分移轉,04980000
RPUNMLRLQHJGFAO27DA,青山段,.81,非都市：山坡地保育區 ; 非都市編定：丙種建築用地,330,1,持分移轉,05000000
RPUNMLRLQHJGFAO27DA,青山段,.48,非都市：山坡地保育區 ; 非都市編定：丙種建築用地,330,1,持分移轉,05180000
RPUNMLRLQHJGFAO27DA,青山段,.53,非都市：山坡地保育區 ; 非都市編定：丙種建築用地,330,1,持分移轉,05230000
RPUNMLRLQHJGFAO27DA,青山段,3.91,非都市：山坡地保育區 ; 非都市編定：丙種建築用地,330,1,持分移轉,05320000
RPUNMLRLQHJGFAO27DA,青山段,.40,非都市：山坡地保育區 ; 非都市編定：丙種建築用地,330,1,持分移轉,05720000
RPUNMLRLQHJGFAO27DA,青山段,.76,非都市：山坡地保育區 ; 非都市編定：丙種建築用地,330,1,持分移轉,05790000
RPUNMLRLQHJGFAO27DA,青山段,.15,非都市：山坡地保育區 ; 非都市編定：丙種建築用地,330,1,持分移轉,05800000
RPUNMLRLQHJGFAO27DA,青山段,.35,非都市：山坡地保育區 ; 非都市編定：丙種建築用地,330,1,持分移轉,06220000
RPUNMLRLQHJGFAO27DA,青山段,.37,非都市：山坡地保育區 ; 非都市編定：丙種建築用地,330,1,持分移轉,06240000
RPUNMLRLQHJGFAO27DA,青山段,.06,非都市：山坡地保育區 ; 非都市編定：丙種建築用地,330,1,持分移轉,06250000
RPUNMLRLQHJGFAO27DA,青山段,.01,非都市：山坡地保育區 ; 非都市編定：丙種建築用地,330,1,持分移轉,06620000
RPUNMLRLQHJGFAO27DA,青山段,.09,非都市：山坡地保育區 ; 非都市編定：丙種建築用地,330,1,持分移轉,06630000
RPUNMLRLQHJGFAO27DA,青山段,.91,非都市：山坡地保育區 ; 非都市編定：丙種建築用地,330,1,持分移轉,06640000
RPUNMLRLQHJGFAO27DA,青山段,.01,非都市：山坡地保育區 ; 非都市編定：丙種建築用地,330,1,持分移轉,06680000
RPUNMLRLQHJGFAO27DA,青山段,1.04,非都市：山坡地保育區 ; 非都市編定：丙種建築用地,330,1,持分移轉,06690000
RPUNMLRLQHJGFAO27DA,青山段,2.41,非都市：山坡地保育區 ; 非都市編定：丙種建築用地,330,1,持分移轉,06700000
RPUNMLRLQHJGFAO27DA,青山段,2.99,非都市：山坡地保育區 ; 非都市編定：丙種建築用地,330,1,持分移轉,06730000
RPUNMLRLQHJGFAO27DA,青山段,.05,非都市：山坡地保育區 ; 非都市編定：丙種建築用地,330,1,持分移轉,06960000
RPUNMLRLQHJGFAO27DA,青山段,.02,非都市：山坡地保育區 ; 非都市編定：丙種建築用地,330,1,持分移轉,06970000
RPUNMLRLQHJGFAO27DA,青山段,.37,非都市：山坡地保育區 ; 非都市編定：丙種建築用地,330,1,持分移轉,06990000
RPUNMLRLQHJGFAO27DA,青山段,.08,非都市：山坡地保育區 ; 非都市編定：丙種建築用地,330,1,持分移轉,07000000
RPUNMLRLQHJGFAO27DA,青山段,1.25,非都市：山坡地保育區 ; 非都市編定：丙種建築用地,330,1,持分移轉,07300000
RPUNMLRLQHJGFAO27DA,青山段,.11,非都市：山坡地保育區 ; 非都市編定：丙種建築用地,330,1,持分移轉,07310000
RPUNMLRLQHJGFAO27DA,青山段,.59,非都市：山坡地保育區 ; 非都市編定：丙種建築用地,330,1,持分移轉,07410000
RPUNMLRLQHJGFAO27DA,青山段,.01,非都市：山坡地保育區 ; 非都市編定：丙種建築用地,330,1,持分移轉,08220000
RPUNMLRLQHJGFAO27DA,青山段,.15,非都市：山坡地保育區 ; 非都市編定：丙種建築用地,330,1,持分移轉,08230000
RPUNMLRLQHJGFAO27DA,青山段,.19,非都市：山坡地保育區 ; 非都市編定：丙種建築用地,330,1,持分移轉,08260000
RPUNMLRLQHJGFAO27DA,青山段,.97,非都市：山坡地保育區 ; 非都市編定：丙種建築用地,330,1,持分移轉,08500000
RPUNMLRLQHJGFAO27DA,青山段,1.21,非都市：山坡地保育區 ; 非都市編定：丙種建築用地,330,1,持分移轉,08510000
RPUNMLRLQHJGFAO27DA,青山段,.00,非都市：山坡地保育區 ; 非都市編定：丙種建築用地,330,1,持分移轉,08670000
RPUNMLRLQHJGFAO27DA,青山段,.02,非都市：山坡地保育區 ; 非都市編定：丙種建築用地,330,1,持分移轉,08680000
RPUNMLRLQHJGFAO27DA,青山段,.05,非都市：山坡地保育區 ; 非都市編定：丙種建築用地,330,1,持分移轉,08740000
RPUNMLRLQHJGFAO27DA,青山段,.30,非都市：山坡地保育區 ; 非都市編定：丙種建築用地,330,1,持分移轉,08750000
RPUNMLRLQHJGFAO27DA,青山段,4.83,非都市：山坡地保育區 ; 非都市編定：丙種建築用地,330,1,持分移轉,09710000
RPTNMLPJRHJGFAO96EA,港北段,17.93,都市：其他:第一之一種住宅區,100000,515,持分移轉,00360000
RPQRMLNLQHJGFAO86DA,成德段,10.11,都市：其他:第一種住宅區,100000,10083,持分移轉,02280000
RPQNMLQLPHJGFAO66DA,民富段,19.80,都市：其他:第二種商業區,5,1,持分移轉,26100002
RPQRMLNLQHJGFAO86DA,成德段,42.93,都市：其他:第一種住宅區,100000,10083,持分移轉,02510000
RPQNMLQLPHJGFAO66DA,民富段,18.40,都市：其他:第二種商業區,5,1,持分移轉,26110001
RPROMLQKQHJGFAO86DA,東明段,501.00,都市：其他:第一種住宅區,1,1,全筆移轉,08020000
RPSPMLKMQHJGFAO66DA,民富段,26.25,都市：其他:第二種商業區,4,1,持分移轉,19040000
RPSPMLKMQHJGFAO66DA,民富段,1.85,都市：其他:道路用地,48,1,持分移轉,19140000
RPSPMLKMQHJGFAO66DA,民富段,2.92,都市：其他:第二種商業區,48,1,持分移轉,19200000
RPSPMLKMQHJGFAO66DA,民富段,.83,都市：其他:第二種商業區,48,1,持分移轉,19220000
RPSPMLKMQHJGFAO66DA,民富段,3.69,都市：其他:道路用地,48,1,持分移轉,19830000
RPVOMLQKQHJGFAO27DA,竹蓮段,137.00,都市：其他:第二種住宅區,1,1,全筆移轉,21260000
RPQNMLPJRHJGFAO56DA,民富段,1.30,都市：其他:第一種住宅區,100000,109,持分移轉,02490000
RPQNMLPJRHJGFAO56DA,民富段,48.00,都市：其他:第一種住宅區,100000,3087,持分移轉,03220000
RPOOMLNJRHJGFAO88DA,北門段,8.59,都市：其他:第二種商業區,10000,52,持分移轉,11230000
RPWNMLTJRHJGFAO57DA,明湖段,124.55,非都市：山坡地保育區 ; 非都市編定：丙種建築用地,10000,324,持分移轉,06500000
RPQUMLOJRHJGFAO17DA,舊社段,38.63,非都市：鄉村區 ; 非都市編定：乙種建築用地,100000,579,持分移轉,05250000
RPWNMLQKQHJGFAO27DA,育賢段,34.35,都市：其他:第一種住宅區,100000,1006,持分移轉,00040001
RPQQMLOKQHJGFAO76DA,育賢段,53.65,都市：其他:第一種住宅區,100000,1571,持分移轉,00040001
RPQQMLQLQHJGFAO07DA,育賢段,43.85,都市：其他:第一種住宅區,100000,1284,持分移轉,00040001
RPSSMLOKQHJGFAO17DA,育賢段,43.95,都市：其他:第一種住宅區,100000,1287,持分移轉,00040001
RPVOMLNLMHJGFAO66DA,崙子段,37.47,都市：其他:住宅區,10000,149,持分移轉,20880000
RPTQMLOKQHJGFAO07DA,育賢段,53.65,都市：其他:第一種住宅區,100000,1571,持分移轉,00040001
RPPUMLPKMHJGFAO76DA,崙子段,28.42,都市：其他:住宅區,10000,113,持分移轉,20880000
RPORMLNLMHJGFAO88DA,崙子段,37.47,都市：其他:住宅區,10000,149,持分移轉,20880000
RPPPMLOJRHJGFAO56DA,崙子段,29.81,都市：其他:住宅區,100000,1766,持分移轉,28890000
RPXNMLPJRHJGFAO27DA,崙子段,37.47,都市：其他:住宅區,10000,149,持分移轉,20880000
RPWOMLPJRHJGFAO27DA,崙子段,37.47,都市：其他:住宅區,10000,149,持分移轉,20880000
RPOQMLTLQHJGFAO17DA,崙子段,24.16,都市：其他:住宅區,100000,1431,持分移轉,28890000
RPUNMLKMQHJGFAO66DA,崙子段,16.49,都市：其他:住宅區,100000,977,持分移轉,28890000
RPVTMLOJRHJGFAO57DA,舊社段,32.29,非都市：鄉村區 ; 非都市編定：乙種建築用地,100000,484,持分移轉,05250000
RPVQMLTLQHJGFAO87DA,崙子段,23.13,都市：其他:住宅區,100000,1370,持分移轉,28890000
RPWTMLOJRHJGFAO67DA,舊社段,32.29,非都市：鄉村區 ; 非都市編定：乙種建築用地,100000,484,持分移轉,05250000
RPXNMLKMQHJGFAO96DA,崙子段,16.49,都市：其他:住宅區,100000,977,持分移轉,28890000
RPWNMLKMQHJGFAO86DA,崙子段,22.64,都市：其他:住宅區,100000,1341,持分移轉,28890000
RPXTMLOJRHJGFAO77DA,舊社段,32.29,非都市：鄉村區 ; 非都市編定：乙種建築用地,100000,484,持分移轉,05250000
RPPUMLOJRHJGFAO07DA,舊社段,36.62,非都市：鄉村區 ; 非都市編定：乙種建築用地,100000,549,持分移轉,05250000
RPPSMLPKMHJGFAO56DA,崙子段,31.19,都市：其他:住宅區,10000,124,持分移轉,20880000
RPOUMLOJRHJGFAO96DA,舊社段,24.28,非都市：鄉村區 ; 非都市編定：乙種建築用地,100000,364,持分移轉,05250000
RPXSMLNLMHJGFAO27DA,崙子段,21.13,都市：其他:住宅區,10000,84,持分移轉,20880000
RPUNMLQKMHJGFAO66DA,崙子段,24.90,都市：其他:住宅區,10000,99,持分移轉,20880000
RPSNMLQKMHJGFAO09DA,崙子段,24.90,都市：其他:住宅區,10000,99,持分移轉,20880000
RPSQMLPKMHJGFAO66DA,崙子段,27.66,都市：其他:住宅區,10000,110,持分移轉,20880000
RPOQMLPKMHJGFAO88DA,崙子段,27.66,都市：其他:住宅區,10000,110,持分移轉,20880000
RPOUMLPKMHJGFAO66DA,崙子段,28.42,都市：其他:住宅區,10000,113,持分移轉,20880000
RPPOMLPJRHJGFAO56DA,崙子段,20.12,都市：其他:住宅區,10000,80,持分移轉,20880000
RPWNMLPJRHJGFAO17DA,崙子段,28.42,都市：其他:住宅區,10000,113,持分移轉,20880000
RPTOMLKMQHJGFAO66DA,崙子段,31.30,都市：其他:住宅區,100000,1854,持分移轉,28890000
RPSQMLTLQHJGFAO57DA,崙子段,25.15,都市：其他:住宅區,100000,1490,持分移轉,28890000
RPTNMLOJRHJGFAO76DA,崙子段,23.13,都市：其他:住宅區,100000,1370,持分移轉,28890000
RPPQMLOJRHJGFAO66DA,崙子段,17.13,都市：其他:住宅區,100000,1015,持分移轉,28890000
RPVQMLOJRHJGFAO27DA,崙子段,23.60,都市：其他:住宅區,100000,1398,持分移轉,28890000
RPWQMLOJRHJGFAO37DA,崙子段,23.13,都市：其他:住宅區,100000,1370,持分移轉,28890000
RPUNMLOJRHJGFAO86DA,崙子段,23.60,都市：其他:住宅區,100000,1398,持分移轉,28890000
RPRQMLOJRHJGFAO86DA,崙子段,23.60,都市：其他:住宅區,100000,1398,持分移轉,28890000
RPORMLOJRHJGFAO66DA,崙子段,23.60,都市：其他:住宅區,200000,2796,持分移轉,28890000
RPXQMLOJRHJGFAO47DA,崙子段,17.54,都市：其他:住宅區,100000,1039,持分移轉,28890000
RPXNMLOJRHJGFAO17DA,崙子段,24.16,都市：其他:住宅區,100000,1431,持分移轉,28890000
RPTRMLOJRHJGFAO17DA,崙子段,23.13,都市：其他:住宅區,100000,1370,持分移轉,28890000
RPXOMLOJRHJGFAO27DA,崙子段,28.80,都市：其他:住宅區,100000,1706,持分移轉,28890000
RPPOMLOJRHJGFAO09DA,崙子段,23.60,都市：其他:住宅區,100000,1398,持分移轉,28890000
RPROMLOJRHJGFAO66DA,崙子段,22.65,都市：其他:住宅區,100000,1342,持分移轉,28890000
RPXPMLOJRHJGFAO37DA,崙子段,23.60,都市：其他:住宅區,100000,1398,持分移轉,28890000
RPUPMLOJRHJGFAO07DA,崙子段,29.74,都市：其他:住宅區,100000,1762,持分移轉,28890000
RPURMLOJRHJGFAO27DA,崙子段,17.13,都市：其他:住宅區,100000,1015,持分移轉,28890000
RPQUMLNJRHJGFAO07DA,崙子段,17.13,都市：其他:住宅區,100000,1015,持分移轉,28890000
RPTPMLOJRHJGFAO96DA,崙子段,23.13,都市：其他:住宅區,100000,1370,持分移轉,28890000
RPVNMLOJRHJGFAO96DA,崙子段,25.15,都市：其他:住宅區,100000,1490,持分移轉,28890000
RPQRMLOJRHJGFAO86DA,崙子段,17.13,都市：其他:住宅區,100000,1015,持分移轉,28890000
RPTQMLOJRHJGFAO07DA,崙子段,17.69,都市：其他:住宅區,100000,1048,持分移轉,28890000
RPRPMLOJRHJGFAO76DA,崙子段,23.70,都市：其他:住宅區,100000,1404,持分移轉,28890000
RPTOMLOJRHJGFAO86DA,崙子段,25.15,都市：其他:住宅區,100000,1490,持分移轉,28890000
RPWPMLOJRHJGFAO27DA,崙子段,23.70,都市：其他:住宅區,100000,1404,持分移轉,28890000
RPQOMLOJRHJGFAO56DA,崙子段,16.49,都市：其他:住宅區,100000,977,持分移轉,28890000
RPSQMLOJRHJGFAO96DA,崙子段,25.15,都市：其他:住宅區,100000,1490,持分移轉,28890000
RPPTMLOJRHJGFAO96DA,崙子段,24.66,都市：其他:住宅區,100000,1461,持分移轉,28890000
RPVNMLKMQHJGFAO76DA,崙子段,16.64,都市：其他:住宅區,100000,986,持分移轉,28890000
RPOOMLKMQHJGFAO78DA,崙子段,23.60,都市：其他:住宅區,100000,1398,持分移轉,28890000
RPQOMLKMQHJGFAO98DA,崙子段,17.13,都市：其他:住宅區,100000,1015,持分移轉,28890000
RPSNMLOJRHJGFAO66DA,崙子段,16.98,都市：其他:住宅區,100000,1006,持分移轉,28890000
RPSPMLOJRHJGFAO86DA,崙子段,16.98,都市：其他:住宅區,100000,1006,持分移轉,28890000
RPVPMLOJRHJGFAO17DA,崙子段,17.13,都市：其他:住宅區,100000,1015,持分移轉,28890000
RPQQMLOJRHJGFAO76DA,崙子段,23.13,都市：其他:住宅區,100000,1370,持分移轉,28890000
RPUQMLOJRHJGFAO17DA,崙子段,25.15,都市：其他:住宅區,100000,1490,持分移轉,28890000
RPPRMLOJRHJGFAO76DA,崙子段,23.60,都市：其他:住宅區,100000,1398,持分移轉,28890000
RPSRMLOJRHJGFAO07DA,崙子段,25.15,都市：其他:住宅區,100000,1490,持分移轉,28890000
RPPNMLOJRHJGFAO98DA,崙子段,18.37,都市：其他:住宅區,100000,1088,持分移轉,28890000
RPWOMLOJRHJGFAO17DA,崙子段,16.98,都市：其他:住宅區,100000,1006,持分移轉,28890000
RPOOMLOJRHJGFAO98DA,崙子段,31.30,都市：其他:住宅區,100000,1854,持分移轉,28890000
RPOOMLKKRHJGFAO68DA,明湖段,44.82,非都市：山坡地保育區 ; 非都市編定：丙種建築用地,100000,427,持分移轉,06440000
RPXNMLKKRHJGFAO86DA,明湖段,56.90,非都市：山坡地保育區 ; 非都市編定：丙種建築用地,100000,542,持分移轉,06440000
RPOPMLOJRHJGFAO09DA,崙子段,16.64,都市：其他:住宅區,100000,986,持分移轉,28890000
RPQPMLOJRHJGFAO66DA,崙子段,17.13,都市：其他:住宅區,100000,1015,持分移轉,28890000
RPUOMLOJRHJGFAO96DA,崙子段,16.64,都市：其他:住宅區,100000,986,持分移轉,28890000
