﻿鄉鎮市區,交易標的,土地位置建物門牌,土地移轉總面積平方公尺,都市土地使用分區,非都市土地使用分區,非都市土地使用編定,交易年月日,交易筆棟數,移轉層次,總樓層數,建物型態,主要用途,主要建材,建築完成年月,建物移轉總面積平方公尺,建物現況格局-房,建物現況格局-廳,建物現況格局-衛,建物現況格局-隔間,有無管理組織,總價元,單價元平方公尺,車位類別,車位移轉總面積平方公尺,車位總價元,備註,編號,主建物面積,附屬建物面積,陽台面積,電梯,移轉編號
The villages and towns urban district,transaction sign,land sector position building sector house number plate,land shifting total area square meter,the use zoning or compiles and checks,the non-metropolis land use district,non-metropolis land use,transaction year month and day,transaction pen number,shifting level,total floor number,building state,main use,main building materials,construction to complete the years,building shifting total area,Building present situation pattern - room,building present situation pattern - hall,building present situation pattern - health,building present situation pattern - compartmented,Whether there is manages the organization,total price NTD,the unit price (NTD / square meter),the berth category,berth shifting total area square meter,the berth total price NTD,the note,serial number,main building area,auxiliary building area,balcony area,elevator,transaction number
元長鄉,土地,仁德段1414地號,4016.0,,特定農業區,農牧用地,1130902,土地1建物0車位0,,,其他,,,,0.0,0,0,0,無,無,4819200,1200,,0.0,0,,RPPNMLOJRHJGFEP86DA,0.0,0.0,0.0,無,001
斗六市,土地,黃厝段763地號,3608.0,,特定農業區,農牧用地,1130902,土地2建物0車位0,,,其他,,,,0.0,0,0,0,無,無,15800000,4379,,0.0,0,本件買賣，賣主之水、電、水權一併移轉為買主所有未登記建物；農作物；農業設施；,RPQNMLLKRHJGFAP09EA,0.0,0.0,0.0,無,002
崙背鄉,土地,舊庄段421地號,3668.0,,特定農業區,農牧用地,1130902,土地1建物0車位0,,,其他,,,,0.0,0,0,0,無,無,5135200,1400,,0.0,0,,RPPNMLPJRHJGFCP76DA,0.0,0.0,0.0,無,
土庫鎮,土地,石廟子段151-10地號,168.0,,鄉村區,乙種建築用地,1130905,土地1建物0車位0,,,其他,,,,0.0,0,0,0,無,無,2000000,11905,,0.0,0,親友、員工、共有人或其他特殊關係間之交易；未登記建物；,RPRNMLLKRHJGFDP76DA,0.0,0.0,0.0,無,
元長鄉,土地,長南段1159-2地號,414.63,,特定農業區,甲種建築用地,1130905,土地3建物0車位0,,,其他,,,,0.0,2,0,1,有,無,2837195,6843,,0.0,0,未登記建物；,RPTNMLQJRHJGFEP47DA,0.0,0.0,0.0,無,
斗六市,土地,大潭段社口小段63-10地號,32.49,都市：其他:道路用地,,,1130904,土地4建物0車位0,,,其他,,,,0.0,0,0,0,無,無,550000,16928,,0.0,0,親友、員工、共有人或其他特殊關係間之交易；,RPPNMLOJRHJGFAP56EA,0.0,0.0,0.0,無,
北港鎮,房地(土地+建物),雲林縣北港鎮大同路３５５之１號一樓,30.07,住,,,1130902,土地1建物1車位0,一層,十層,華廈(10層含以下有電梯),住家用,鋼筋混凝土造,0880603,181.88,4,1,2,有,有,5000000,27491,,0.0,0,親友、員工、共有人或其他特殊關係間之交易；,RPRNMLNKRHJGFEP07DA,99.45,0.0,8.44,有,003
虎尾鎮,土地,廉使南段933地號,10.35,,特定農業區,交通用地,1130906,土地4建物0車位0,,,其他,,,,0.0,0,0,0,無,無,53320,5152,,0.0,0,,RPRNMLMKRHJGFDP96EA,0.0,0.0,0.0,無,004
虎尾鎮,土地,廉使南段933地號,10.35,,特定農業區,交通用地,1130906,土地4建物0車位0,,,其他,,,,0.0,0,0,0,無,無,53020,5123,,0.0,0,,RPSNMLMKRHJGFDP07EA,0.0,0.0,0.0,無,004
東勢鄉,土地,新美段565地號,3796.04,,特定農業區,農牧用地,1130903,土地2建物0車位0,,,其他,,,,0.0,0,0,0,無,無,4631168,1220,,0.0,0,,RPQNMLMKRHJGFFP07EA,0.0,0.0,0.0,無,
台西鄉,房地(土地+建物),雲林縣台西鄉崙豐路６１之５號,106.27,,一般農業區,甲種建築用地,1130904,土地2建物1車位0,全,三層,透天厝,住家用,鋼筋混凝土造,0820325,229.06,5,1,5,有,無,2470000,10783,,0.0,0,,RPPNMLNKRHJGFFP07EA,229.06,0.0,0.0,無,006
莿桐鄉,土地,樹子腳段1634地號,1551.0,,特定農業區,農牧用地,1130907,土地2建物0車位0,,,其他,,,,0.0,0,0,0,無,無,2200000,1418,,0.0,0,親友、員工、共有人或其他特殊關係間之交易；農作物；,RPRNMLTJRHJGFAP17DA,0.0,0.0,0.0,無,
水林鄉,土地,西興段912地號,1477.34,,特定農業區,農牧用地,1130902,土地1建物0車位0,,,其他,,,,0.0,0,0,0,無,無,800000,542,,0.0,0,,RPPNMLNKRHJGFEP86DA,0.0,0.0,0.0,無,007
四湖鄉,房地(土地+建物),雲林縣四湖鄉文化路２０巷２０弄１４號,77.19,,一般農業區,甲種建築用地,1130903,土地1建物1車位0,全,二層,透天厝,住家用,加強磚造,0751120,120.96,2,2,0,有,無,600000,4960,,0.0,0,瑕疵物件；毛胚屋；,RPPNMLQKRHJGFEP17DA,112.32,0.0,8.64,無,
台西鄉,土地,五華段1244地號,3551.02,,一般農業區,農牧用地,1130902,土地2建物0車位0,,,其他,,,,0.0,0,0,0,無,無,3600000,1014,,0.0,0,親友、員工、共有人或其他特殊關係間之交易；,RPQNMLNKRHJGFFP07DA,0.0,0.0,0.0,無,008
台西鄉,土地,明德段244地號,1045.38,,一般農業區,農牧用地,1130910,土地1建物0車位0,,,其他,,,,0.0,0,0,0,無,無,450000,430,,0.0,0,,RPRNMLQKRHJGFFP47DA,0.0,0.0,0.0,無,
虎尾鎮,土地,廉使南段929地號,13.77,,特定農業區,交通用地,1130912,土地4建物0車位0,,,其他,,,,0.0,0,0,0,無,無,72330,5253,,0.0,0,,RPRNMLQKRHJGFDP37EA,0.0,0.0,0.0,無,
元長鄉,土地,崙子段505地號,365.0,,鄉村區,乙種建築用地,1130909,土地1建物0車位0,,,其他,,,,0.0,0,0,0,無,無,1324800,3630,,0.0,0,,RPPNMLQKRHJGFEP27EA,0.0,0.0,0.0,無,009
崙背鄉,土地,東興段320地號,273.89,,鄉村區,乙種建築用地,1130903,土地1建物0車位0,,,其他,,,,0.0,0,0,0,無,無,3260000,11903,,0.0,0,親友、員工、共有人或其他特殊關係間之交易；未登記建物；,RPRQMLLKRHJGFCP96DA,0.0,0.0,0.0,無,
北港鎮,土地,扶朝段1163地號,923.0,,特定農業區,農牧用地,1130901,土地1建物0車位0,,,其他,,,,0.0,0,0,0,無,無,1100000,1192,,0.0,0,,RPPNMLLMQHJGFEP76DA,0.0,0.0,0.0,無,
元長鄉,土地,龍岩厝段1864地號,2211.0,,特定農業區,農牧用地,1130902,土地1建物0車位0,,,其他,,,,0.0,0,0,0,無,無,2874300,1300,,0.0,0,,RPRNMLQKRHJGFEP37DA,0.0,0.0,0.0,無,
四湖鄉,土地,洋北段520地號,580.37,,一般農業區,農牧用地,1130918,土地1建物0車位0,,,其他,,,,0.0,0,0,0,無,無,986629,1700,,0.0,0,親友、員工、共有人或其他特殊關係間之交易；,RPQNMLSKRHJGFEP47DA,0.0,0.0,0.0,無,
虎尾鎮,土地,廉使南段933地號,2.31,,特定農業區,交通用地,1130912,土地1建物0車位0,,,其他,,,,0.0,0,0,0,無,無,11200,4848,,0.0,0,,RPSNMLQKRHJGFDP47EA,0.0,0.0,0.0,無,004
褒忠鄉,土地,田洋段403-1地號,92.0,,鄉村區,乙種建築用地,1130904,土地1建物0車位0,,,其他,,,,0.0,0,0,0,無,無,700000,7609,,0.0,0,,RPTNMLQKRHJGFDP57EA,0.0,0.0,0.0,無,
褒忠鄉,土地,龍林段339地號,359.64,,鄉村區,乙種建築用地,1130906,土地2建物0車位0,,,其他,,,,0.0,0,0,0,無,無,2000000,5561,,0.0,0,未登記建物；,RPQNMLSKRHJGFDP47EA,0.0,0.0,0.0,無,
斗南鎮,房地(土地+建物),雲林縣斗南鎮後庄路２１之８號,106.88,住,,,1130903,土地2建物1車位0,全,三層,透天厝,住家用,鋼筋混凝土造,1130410,124.77,3,2,3,有,無,9380000,75178,,0.0,0,,RPPNMLSKRHJGFBP07DA,124.77,0.0,0.0,無,
褒忠鄉,土地,潮洋厝段639-1地號,1478.0,,特定農業區,農牧用地,1130904,土地1建物0車位0,,,其他,,,,0.0,0,0,0,無,無,2900000,1962,,0.0,0,,RPQNMLSKRHJGFDP37DA,0.0,0.0,0.0,無,
古坑鄉,土地,草嶺段1-128地號,562.67,,山坡地保育區,丙種建築用地,1130913,土地2建物0車位0,,,其他,,,,0.0,0,0,0,無,無,1410000,2506,,0.0,0,親友、員工、共有人或其他特殊關係間之交易；,RPQNMLSKRHJGFAP17EA,0.0,0.0,0.0,無,
虎尾鎮,土地,福德段13地號,114.79,,鄉村區,水利用地,1130911,土地1建物0車位0,,,其他,,,,0.0,0,0,0,無,無,344379,3000,,0.0,0,親友、員工、共有人或其他特殊關係間之交易；,RPPNMLSKRHJGFDP37EA,0.0,0.0,0.0,無,
斗六市,房地(土地+建物),雲林縣斗六市文化路７８８巷８４弄５號,93.17,,特定農業區,甲種建築用地,1130819,土地1建物1車位0,全,三層,透天厝,住家用,鋼筋混凝土造,0820525,165.26,4,2,4,有,無,6000000,36306,,0.0,0,頂樓加蓋；,RPSNMLOJRHJGFAP76DA,159.86,2.07,3.33,無,011
斗南鎮,房地(土地+建物),雲林縣斗南鎮興仁街４３號,75.0,商,,,1130824,土地1建物1車位0,全,三層,透天厝,住商用,鋼筋混凝土加強磚造,0700326,190.02,0,0,0,無,無,7600000,39996,,0.0,0,含3間衛浴頂樓加蓋；,RPPNMLSJRHJGFBP96DA,190.02,0.0,0.0,無,012
褒忠鄉,土地,忠東段86地號,1055.0,農,,,1130826,土地1建物0車位0,,,其他,,,,0.0,0,0,0,無,無,2800000,2654,,0.0,0,,RPPNMLTJRHJGFDP27DA,0.0,0.0,0.0,無,
北港鎮,房地(土地+建物),雲林縣北港鎮文明路１００巷１４號,60.78,住,,,1130819,土地1建物1車位0,全,二層,透天厝,住家用,加強磚造,0620825,111.5,4,2,2,有,無,960000,8610,,0.0,0,相關登記規費及稅金皆由買方負擔親友、員工、共有人或其他特殊關係間之交易；,RPRNMLPJRHJGFEP17DA,110.46,1.04,0.0,無,
元長鄉,土地,元長段461-1地號,259.81,,特定農業區,農牧用地,1130823,土地1建物0車位0,,,其他,,,,0.0,0,0,0,無,無,315000,1212,,0.0,0,,RPVNMLQJRHJGFEP67DA,0.0,0.0,0.0,無,
水林鄉,房地(土地+建物),雲林縣水林鄉中厝２１之５號,95.85,住,,,1130803,土地3建物1車位0,全,三層,透天厝,住家用,鋼筋混凝土造,1130201,141.15,4,2,4,有,無,9050000,64116,,0.0,0,,RPPNMLRJRHJGFEP17DA,129.8,0.0,11.35,無,
北港鎮,土地,南陽段251地號,21.93,住,,,1130825,土地1建物0車位0,,,其他,,,,0.0,0,0,0,無,無,351400,16024,,0.0,0,土地一筆持分3/8買賣，6.63坪，每坪53000元正。,RPRNMLTJRHJGFEP57DA,0.0,0.0,0.0,無,013
北港鎮,土地,南陽段251地號,23.39,住,,,1130825,土地1建物0車位0,,,其他,,,,0.0,0,0,0,無,無,707500,30248,,0.0,0,土地一筆持分16/40買賣，共7.075坪，每坪10萬元正。,SPRNMLTJRHJGFEP67DA,0.0,0.0,0.0,無,013
台西鄉,土地,萬興段572地號,438.29,,鄉村區,乙種建築用地,1130820,土地1建物0車位0,,,其他,,,,0.0,0,0,0,無,無,669600,1528,,0.0,0,,RPQNMLLLQHJGFFP86DA,0.0,0.0,0.0,無,
古坑鄉,土地,荷苞段1117地號,1281.55,,山坡地保育區,農牧用地,1130822,土地1建物0車位0,,,其他,,,,0.0,0,0,0,無,無,6978000,5445,,0.0,0,,RPPNMLKKRHJGFAP88EA,0.0,0.0,0.0,無,
斗南鎮,房地(土地+建物),雲林縣斗南鎮光復街３６號三樓之１１,1.68,,,,1130829,土地1建物1車位0,三層,十二層,住宅大樓(11層含以上有電梯),住家用,鋼筋混凝土造,0880412,95.72999999999999,1,1,1,有,有,1900000,19847,,0.0,0,,RPPNMLKKRHJGFBP98EA,60.51,0.0,0.0,有,
元長鄉,土地,龍岩厝段241-1地號,123.0,,特定農業區,水利用地,1130819,土地1建物0車位0,,,其他,,,,0.0,0,0,0,無,無,381000,3098,,0.0,0,政府機關標讓售；,RPPNMLKKRHJGFEP66EA,0.0,0.0,0.0,無,
斗六市,房地(土地+建物)+車位,雲林縣斗六市長春路２４號四樓,19.07,住,,,1130819,土地1建物1車位1,四層,八層,華廈(10層含以下有電梯),住家用,鋼筋混凝土造,0820301,126.01,3,2,2,有,有,5500000,43647,坡道機械,0.0,0,親友、員工、共有人或其他特殊關係間之交易；,RPPNMLTKQHJGFAP96DA,79.48,0.0,15.0,有,015
斗六市,土地,埤口段188地號,123.63,住,,,1130813,土地1建物0車位0,,,其他,,,,0.0,0,0,0,無,無,10095300,81657,,0.0,0,,RPTNMLQLQHJGFAP17DA,0.0,0.0,0.0,無,
斗六市,房地(土地+建物),雲林縣斗六市保源六街２７之１０號,128.15,工,,,1130821,土地2建物1車位0,全,三層,透天厝,其他,鋼筋混凝土造,1011008,191.46,4,3,4,有,無,14200000,74167,,0.0,0,其他增建；,RPPNMLPJRHJGFAP56DA,182.56,0.0,8.9,無,
斗南鎮,房地(土地+建物),雲林縣斗南鎮民生路７８號九樓之２,17.95,商,,,1130808,土地1建物1車位0,九層,九層,華廈(10層含以下有電梯),住家用,鋼筋混凝土造,0830122,139.6,4,2,2,有,有,4600000,32951,,0.0,0,,RPRNMLKKRHJGFBP09DA,91.61,1.35,3.35,有,
西螺鎮,土地,廣興段456地號,657.05,,鄉村區,乙種建築用地,1130802,土地1建物0車位0,,,其他,,,,0.0,0,0,0,無,無,5800000,8827,,0.0,0,,RPPNMLKKRHJGFCP98DA,0.0,0.0,0.0,無,
土庫鎮,土地,大荖段284-5地號,79.0,,特定農業區,農牧用地,1130818,土地1建物0車位0,,,其他,,,,0.0,0,0,0,無,無,310570,3931,,0.0,0,,RPQNMLTJRHJGFDP37DA,0.0,0.0,0.0,無,
土庫鎮,土地,大荖段1421地號,1928.0,,特定農業區,農牧用地,1130821,土地1建物0車位0,,,其他,,,,0.0,0,0,0,無,無,3759600,1950,,0.0,0,,RPRNMLTJRHJGFDP47DA,0.0,0.0,0.0,無,
北港鎮,房地(土地+建物),雲林縣北港鎮興隆街４７號,77.46,商,,,1130810,土地1建物1車位0,全,四層,透天厝,住商用,鋼筋混凝土造,0860507,275.67,5,3,6,有,無,10380000,37654,,0.0,0,,RPSNMLTJRHJGFEP67DA,254.04,0.0,21.63,無,
四湖鄉,房地(土地+建物),雲林縣四湖鄉延平南路２１－１、２１－２號,807.94,,一般農業區,農牧用地,1130823,土地3建物1車位0,全,三層,透天厝,住家用,鋼筋混凝土造,0870324,155.24,4,1,3,有,無,1000000,6442,,0.0,0,賣方因資金急需週轉償債，故將其持分賣與共有人。親友、員工、共有人或其他特殊關係間之交易；急買急賣；,RPVNMLTJRHJGFEP97DA,147.24,0.0,8.0,無,
北港鎮,房地(土地+建物),雲林縣北港鎮文化路３７之１號十二樓,14.34,商,,,1130801,土地1建物1車位0,十二層,十二層,住宅大樓(11層含以上有電梯),住家用,鋼筋混凝土造,0840526,127.52,3,2,2,有,有,3900000,30583,,0.0,0,,RPPNMLKKRHJGFEP56DA,90.12,0.0,7.52,有,
水林鄉,土地,西井段2105地號,1404.66,,特定農業區,農牧用地,1130814,土地1建物0車位0,,,其他,,,,0.0,0,0,0,無,無,1500000,1068,,0.0,0,,RPRNMLLKRHJGFEP86DA,0.0,0.0,0.0,無,016
東勢鄉,土地,東南段435-8地號,132.0,住,,,1130818,土地1建物0車位0,,,其他,,,,0.0,0,0,0,無,無,3473910,26318,,0.0,0,,RPPNMLKKRHJGFFP66DA,0.0,0.0,0.0,無,
斗六市,土地,咬狗段320-1地號,1120.46,,山坡地保育區,農牧用地,1130824,土地1建物0車位0,,,其他,,,,0.0,0,0,0,無,無,896000,800,,0.0,0,,RPPNMLOLQHJGFAP56DA,0.0,0.0,0.0,無,017
莿桐鄉,土地,饒平段198地號,229.53,,鄉村區,乙種建築用地,1130819,土地2建物0車位0,,,其他,,,,0.0,0,0,0,無,無,1400000,6099,,0.0,0,親友、員工、共有人或其他特殊關係間之交易；未登記建物；,RPSNMLKMQHJGFAP56DA,0.0,0.0,0.0,無,
斗六市,房地(土地+建物),雲林縣斗六市科一路６０１號,122.84,,工業區,丁種建築用地,1130808,土地2建物1車位0,全,三層,透天厝,住家用,鋼筋混凝土造,1041228,215.0,4,3,4,有,無,14000000,65116,,0.0,0,其他增建；,RPRNMLLKRHJGFAP09DA,199.0,0.0,16.0,無,018
斗南鎮,房地(土地+建物),雲林縣斗南鎮新庄２７之１２號,100.85,,鄉村區,乙種建築用地,1130831,土地1建物1車位0,全,四層,透天厝,住家用,鋼筋混凝土造,0970118,199.38,4,3,3,有,無,8000000,40124,,0.0,0,其他增建；,RPSNMLKKRHJGFBP56DA,173.27,12.09,14.02,無,019
崙背鄉,土地,豐草段523地號,4652.0,,特定農業區,農牧用地,1130806,土地1建物0車位0,,,其他,,,,0.0,0,0,0,無,無,2791200,600,,0.0,0,親友、員工、共有人或其他特殊關係間之交易；,RPPNMLSJRHJGFCP07DA,0.0,0.0,0.0,無,
崙背鄉,土地,港尾段903-12地號,129.59,,鄉村區,乙種建築用地,1130816,土地3建物0車位0,,,其他,,,,0.0,0,0,0,無,無,1293600,9982,,0.0,0,,RPPNMLTJRHJGFCP17DA,0.0,0.0,0.0,無,
虎尾鎮,房地(土地+建物),雲林縣虎尾鎮中興路１１９號,104.0,,特定農業區,甲種建築用地,1130808,土地1建物1車位0,全,二層,透天厝,住家用,鋼筋混凝土造,0671121,136.49,4,2,2,有,無,6100000,44692,,0.0,0,含傢俱設備費；,RPUNMLKKRHJGFDP96DA,130.02,0.0,6.47,無,
口湖鄉,土地,崇文段348地號,154.0,,一般農業區,養殖用地,1130813,土地2建物0車位0,,,其他,,,,0.0,0,0,0,無,無,231000,1500,,0.0,0,,RPSNMLMKQHJGFEP96DA,0.0,0.0,0.0,無,
口湖鄉,土地,崇文段348-2地號,162.0,,一般農業區,養殖用地,1130813,土地1建物0車位0,,,其他,,,,0.0,0,0,0,無,無,243000,1500,,0.0,0,,SPSNMLMKQHJGFEP07DA,0.0,0.0,0.0,無,
口湖鄉,土地,崇文段348-3地號,116.0,,一般農業區,養殖用地,1130813,土地1建物0車位0,,,其他,,,,0.0,0,0,0,無,無,174000,1500,,0.0,0,,TPSNMLMKQHJGFEP17DA,0.0,0.0,0.0,無,
四湖鄉,土地,三姓段395地號,2534.0,,一般農業區,農牧用地,1130829,土地1建物0車位0,,,其他,,,,0.0,0,0,0,無,無,1317680,520,,0.0,0,,RPTNMLKKRHJGFEP96DA,0.0,0.0,0.0,無,
虎尾鎮,房地(土地+建物)+車位,雲林縣虎尾鎮松園三路１１２號四樓之９,20.63,住,,,1130819,土地1建物1車位1,四層,十層,華廈(10層含以下有電梯),住家用,鋼筋混凝土造,1090519,102.66,1,1,1,有,有,5750000,56010,坡道平面,40.97,0,含租約；,RPPNMLMKRHJGFDP76EA,36.81,0.0,4.85,有,020
斗六市,房地(土地+建物)+車位,雲林縣斗六市正義街５３號十二樓之１,22.28,住,,,1130813,土地1建物1車位1,十二層,十二層,住宅大樓(11層含以上有電梯),住家用,鋼筋混凝土造,1130607,127.71000000000001,2,2,1,有,有,11400000,97295,坡道平面,24.93,1400000,,RPRNMLRJRHJGFAP96DA,60.4,0.0,7.91,有,
崙背鄉,房地(土地+建物),雲林縣崙背鄉南昌路７６０之６號,107.8,,特定農業區,甲種建築用地,1130802,土地4建物1車位0,全,三層,透天厝,住家用,鋼筋混凝土造,1130207,146.67,4,2,3,有,無,9200000,62726,,0.0,0,,RPSNMLKKRHJGFCP66DA,130.67,16.0,0.0,無,
西螺鎮,土地,三塊厝段三塊厝小段1203-1地號,3711.0,,特定農業區,農牧用地,1130823,土地1建物0車位0,,,其他,,,,0.0,0,0,0,無,無,8535300,2300,,0.0,0,,RPPNMLLKRHJGFCP09DA,0.0,0.0,0.0,無,
虎尾鎮,房地(土地+建物),雲林縣虎尾鎮虎興西十一街２１號,103.12,住,,,1130818,土地1建物1車位0,全,三層,透天厝,住家用,鋼筋混凝土造,1071024,200.61,5,3,4,有,無,16300000,81252,,0.0,0,,RPPOMLRLQHJGFDP27DA,192.06,0.0,8.55,無,021
褒忠鄉,土地,新湖段1548地號,68.61,,特定農業區,農牧用地,1130802,土地2建物0車位0,,,其他,,,,0.0,0,0,0,無,無,312000,4547,,0.0,0,畸零地或有合併使用效益；,RPSNMLKKRHJGFDP76DA,0.0,0.0,0.0,無,
口湖鄉,土地,梧庄段1123地號,30.38,,一般農業區,農牧用地,1130825,土地1建物0車位0,,,其他,,,,0.0,0,0,0,無,無,275620,9072,,0.0,0,親友、員工、共有人或其他特殊關係間之交易；,RPWNMLMJRHJGFEP37DA,0.0,0.0,0.0,無,
水林鄉,土地,興南段156地號,2867.0,,特定農業區,農牧用地,1130830,土地1建物0車位0,,,其他,,,,0.0,0,0,0,無,無,1433500,500,,0.0,0,,RPQNMLMKRHJGFEP86DA,0.0,0.0,0.0,無,
台西鄉,土地,海口段638地號,280.0,住,,,1130820,土地3建物0車位0,,,其他,,,,0.0,0,0,0,無,無,3180000,11357,,0.0,0,未登記建物；,RPPNMLLLQHJGFFP76DA,0.0,0.0,0.0,無,
東勢鄉,土地,港底段177地號,4636.0,,特定農業區,農牧用地,1130806,土地2建物0車位0,,,其他,,,,0.0,0,0,0,無,無,5000000,1079,,0.0,0,申請容許使用畜牧設施,RPPNMLNKRHJGFFP96DA,0.0,0.0,0.0,無,022
斗六市,房地(土地+建物),雲林縣斗六市四維路６６號,76.69,住,,,1130813,土地1建物1車位0,全,四層,透天厝,住商用,鋼筋混凝土造,0960105,218.0,6,1,7,有,無,17700000,81193,,0.0,0,,RPQOMLMLQHJGFAP56DA,185.27,6.03,26.7,無,
斗六市,房地(土地+建物)+車位,雲林縣斗六市文化路９３８巷７２號九樓之２,32.72,,特定農業區,甲種建築用地,1130821,土地1建物1車位1,九層,十層,華廈(10層含以下有電梯),住家用,鋼筋混凝土造,1120726,151.5,3,2,2,有,有,9000000,59406,坡道平面,31.58,0,,RPUNMLTLQHJGFAP57DA,74.85,0.0,6.85,有,023
斗六市,房地(土地+建物)+車位,雲林縣斗六市石榴路２２８之６號六樓之１,22.24,,一般農業區,甲種建築用地,1130826,土地1建物1車位1,六層,九層,華廈(10層含以下有電梯),住家用,鋼筋混凝土造,1110728,105.49000000000001,2,1,1,有,有,6500000,61617,坡道平面,26.46,0,,RPQNMLNJRHJGFAP09DA,49.18,0.0,5.1,有,024
莿桐鄉,土地,番子段873-2地號,585.0,,特定農業區,農牧用地,1130827,土地1建物0車位0,,,其他,,,,0.0,0,0,0,無,無,940000,1607,,0.0,0,親友、員工、共有人或其他特殊關係間之交易；,RPRNMLKKRHJGFAP98DA,0.0,0.0,0.0,無,
莿桐鄉,土地,番子段873-1地號,585.0,,特定農業區,農牧用地,1130827,土地1建物0車位0,,,其他,,,,0.0,0,0,0,無,無,940000,1607,,0.0,0,親友、員工、共有人或其他特殊關係間之交易；,RPSNMLKKRHJGFAP09DA,0.0,0.0,0.0,無,025
斗六市,房地(土地+建物),雲林縣斗六市科一路８０９號,82.16,,工業區,丁種建築用地,1130810,土地3建物1車位0,全,三層,透天厝,住家用,鋼筋混凝土造,1120325,146.1,4,2,5,有,無,11400000,78029,,0.0,0,,RPVNMLKKRHJGFAP76DA,140.7,0.0,5.4,無,026
古坑鄉,房地(土地+建物),雲林縣古坑鄉永興路１６６之１６號四樓,29.16,,鄉村區,乙種建築用地,1130801,土地1建物1車位0,四層,七層,華廈(10層含以下有電梯),住家用,鋼筋混凝土造,1050630,103.80000000000001,2,1,1,有,有,3800000,36609,,0.0,0,親友、員工、共有人或其他特殊關係間之交易；,RPTNMLMKRHJGFAP76DA,61.74,0.0,8.82,有,027
斗南鎮,土地,小東段376地號,968.75,農,,,1130818,土地1建物0車位0,,,其他,,,,0.0,0,0,0,無,無,6740000,6957,,0.0,0,親友、員工、共有人或其他特殊關係間之交易；,RPQNMLOKRHJGFBP76DA,0.0,0.0,0.0,無,
西螺鎮,土地,新吳厝段481地號,47.37,,鄉村區,乙種建築用地,1130807,土地1建物0車位0,,,其他,,,,0.0,0,0,0,無,無,859800,18151,,0.0,0,,RPQNMLMKRHJGFCP66DA,0.0,0.0,0.0,無,028
土庫鎮,房地(土地+建物),雲林縣土庫鎮新生街３０巷１１之１３號,100.58,,鄉村區,乙種建築用地,1130816,土地2建物1車位0,全,三層,透天厝,住家用,鋼筋混凝土造,1101103,133.25,4,2,3,有,無,9000000,67542,,0.0,0,,RPWNMLNLQHJGFDP47DA,123.9,0.0,9.35,無,
斗六市,土地,梅林東段473地號,33.15,,一般農業區,農牧用地,1130815,土地1建物0車位0,,,其他,,,,0.0,0,0,0,無,無,56789,1713,,0.0,0,地清或未辦繼承標售；,RPPNMLLKRHJGFAP98EA,0.0,0.0,0.0,無,
古坑鄉,土地,湳子段99地號,9630.05,,特定專用區,特定目的事業用地,1130826,土地9建物0車位0,,,其他,,,,0.0,0,0,0,無,無,8300000,862,,0.0,0,親友、員工、共有人或其他特殊關係間之交易；,RPQNMLNKRHJGFAP66EA,0.0,0.0,0.0,無,
莿桐鄉,房地(土地+建物),雲林縣莿桐鄉中正路１６８號,76.0,住,,,1130820,土地1建物1車位0,全,三層,透天厝,住商用,加強磚造、磚造,0641117,152.02,4,2,3,有,無,8400000,55256,,0.0,0,其他增建；,RPTNMLNJRHJGFAP76DA,144.84,0.0,7.18,無,
斗六市,房地(土地+建物)+車位,雲林縣斗六市公正街３９號七樓之２４,4.68,商,,,1130812,土地1建物1車位1,七層,十層,華廈(10層含以下有電梯),住家用,鋼筋混凝土造,0871030,56.22,1,0,1,有,有,2700000,48026,坡道平面,13.5,0,,RPVNMLMKRHJGFAP96DA,22.83,0.0,2.44,有,029
斗六市,房地(土地+建物),雲林縣斗六市崙仔路５１之１１號,113.91,,鄉村區,乙種建築用地,1130814,土地3建物1車位0,全,三層,透天厝,住家用,鋼筋混凝土造,1130426,164.79,4,3,3,有,無,10350000,62807,,0.0,0,,RPSNMLNKRHJGFAP76DA,156.56,0.0,8.23,無,
斗六市,房地(土地+建物),雲林縣斗六市大學路一段５９９之５號四樓,15.03,住,,,1130816,土地1建物1車位0,四層,十四層,住宅大樓(11層含以上有電梯),住家用,鋼筋混凝土造,0831120,132.25,3,2,2,有,有,5300000,40076,,0.0,0,,RPRNMLQKRHJGFAP96DA,85.26,4.2,8.48,有,
古坑鄉,房地(土地+建物),雲林縣古坑鄉中山路５巷２之１３號,83.0,農,,,1130824,土地1建物1車位0,全,三層,透天厝,住家用,鋼筋混凝土造,0871218,167.02,4,2,2,有,無,5200000,31134,,0.0,0,其他增建；,RPPNMLRKRHJGFAP86DA,155.65,0.0,11.37,無,
古坑鄉,土地,東興段248地號,122.0,住,,,1130814,土地1建物0車位0,,,其他,,,,0.0,0,0,0,無,無,5530000,45328,,0.0,0,未登記建物；,RPRNMLSKRHJGFAP17DA,0.0,0.0,0.0,無,
斗南鎮,房地(土地+建物),雲林縣斗南鎮明昌路２３０巷３１號,131.28,住,,,1130812,土地3建物1車位0,全,三層,透天厝,住家用,鋼筋混凝土造,1090427,195.54,3,2,4,有,無,11800000,60346,,0.0,0,,RPRNMLQKQHJGFBP96DA,184.13,0.0,11.41,無,030
斗南鎮,土地,大同段370地號,302.1,住,,,1130829,土地3建物0車位0,,,其他,,,,0.0,0,0,0,無,無,3515784,11638,,0.0,0,親友、員工、共有人或其他特殊關係間之交易；,RPRNMLMKRHJGFBP66DA,0.0,0.0,0.0,無,
土庫鎮,土地,大荖段2645-5地號,1137.0,,特定農業區,農牧用地,1130802,土地1建物0車位0,,,其他,,,,0.0,0,0,0,無,無,2605773,2292,,0.0,0,農作物；,RPRNMLKKRHJGFDP66DA,0.0,0.0,0.0,無,
虎尾鎮,土地,高北段144地號,1340.31,商,,,1130827,土地1建物0車位0,,,其他,,,,0.0,0,0,0,無,無,132579800,98917,,0.0,0,,RPPNMLNKRHJGFDP76DA,0.0,0.0,0.0,無,
北港鎮,土地,新東段68-1地號,240.32,住,,,1130808,土地1建物0車位0,,,其他,,,,0.0,0,0,0,無,無,11640000,48435,,0.0,0,親友、員工、共有人或其他特殊關係間之交易；,RPSNMLQKQHJGFEP37DA,0.0,0.0,0.0,無,
元長鄉,土地,長興段1367地號,39.67,住,,,1130829,土地1建物0車位0,,,其他,,,,0.0,0,0,0,無,無,300000,7562,,0.0,0,,RPTNMLQKRHJGFEP57DA,0.0,0.0,0.0,無,
莿桐鄉,房地(土地+建物)+車位,雲林縣莿桐鄉西安路２０之２號五樓之３,54.67,都市：其他:住宅區,,,1130820,土地2建物1車位1,五層,五層,華廈(10層含以下有電梯),住家用,鋼筋混凝土造,1130202,135.82,3,2,2,有,有,7770000,57208,一樓平面,0.0,0,,RPPNMLNKRHJGFAP56EA,84.02,0.0,9.33,有,
莿桐鄉,土地,麻園段131-3地號,174.0,,一般農業區,農牧用地,1130816,土地1建物0車位0,,,其他,,,,0.0,0,0,0,無,無,116298,668,,0.0,0,地清或未辦繼承標售；,RPRNMLNKRHJGFAP76EA,0.0,0.0,0.0,無,
斗六市,房地(土地+建物),雲林縣斗六市棒球八街６１號,142.0,住,,,1130817,土地1建物1車位0,全,四層,透天厝,住家用,鋼筋混凝土造,1020830,304.77,5,2,5,有,無,27500000,90232,,0.0,0,其他增建；,RPQNMLQKRHJGFAP96EA,279.27,0.0,25.5,有,031
大埤鄉,土地,蘆竹巷段1900地號,1743.0,,特定農業區,農牧用地,1130824,土地1建物0車位0,,,其他,,,,0.0,0,0,0,無,無,3137400,1800,,0.0,0,,RPPNMLQKRHJGFBP96EA,0.0,0.0,0.0,無,
大埤鄉,土地,蘆竹巷段1901地號,1742.0,,特定農業區,農牧用地,1130824,土地1建物0車位0,,,其他,,,,0.0,0,0,0,無,無,3135600,1800,,0.0,0,,RPQNMLQKRHJGFBP07EA,0.0,0.0,0.0,無,
西螺鎮,房地(土地+建物),雲林縣西螺鎮延平路２６７號,57.0,商,,,1130826,土地1建物1車位0,全,一層,透天厝,住家用,加強磚造,0440701,47.75,1,1,1,有,無,3800000,79581,,0.0,0,,RPPNMLNKRHJGFCP76EA,47.75,0.0,0.0,無,
古坑鄉,房地(土地+建物),雲林縣古坑鄉興園２７之２號,49.26,,鄉村區,乙種建築用地,1130805,土地1建物1車位0,全,三層,透天厝,住家用,加強磚造、鋼鐵造,0671005,94.12,3,2,1,有,無,2180000,23162,,0.0,0,其他增建；,RPSNMLQJQHJGFAP86DA,89.67,0.0,4.45,無,
斗六市,房地(土地+建物),雲林縣斗六市鎮北路６６６號,76.63,,鄉村區,乙種建築用地,1130803,土地4建物1車位0,全,四層,透天厝,住家用,鋼筋混凝土造,1120503,152.76,4,2,4,有,無,11000000,72008,,0.0,0,,RPUNMLRKRHJGFAP37DA,145.68,0.0,7.08,無,
斗六市,土地,光明段366地號,99.04,,工業區,丁種建築用地,1130807,土地1建物0車位0,,,其他,,,,0.0,0,0,0,無,無,3750000,37863,,0.0,0,,RPVNMLRKRHJGFAP47DA,0.0,0.0,0.0,無,
莿桐鄉,土地,四合段148地號,344.77,,鄉村區,乙種建築用地,1130819,土地1建物0車位0,,,其他,,,,0.0,0,0,0,無,無,910000,2639,,0.0,0,親友、員工、共有人或其他特殊關係間之交易；,RPSNMLSKRHJGFAP27DA,0.0,0.0,0.0,無,
斗南鎮,土地,義德段762地號,1242.64,,鄉村區,乙種建築用地,1130815,土地1建物0車位0,,,其他,,,,0.0,0,0,0,無,無,13908267,11193,,0.0,0,,RPPNMLMKRHJGFBP09DA,0.0,0.0,0.0,無,
斗南鎮,土地,義德段762地號,357.52,,鄉村區,乙種建築用地,1130815,土地1建物0車位0,,,其他,,,,0.0,0,0,0,無,無,4001550,11193,,0.0,0,,RPQNMLMKRHJGFBP56DA,0.0,0.0,0.0,無,
斗南鎮,房地(土地+建物),雲林縣斗南鎮後庄路２１之１０號,109.73,住,,,1130831,土地2建物1車位0,全,三層,透天厝,住家用,鋼筋混凝土造,1130410,125.28,3,2,3,有,無,9450000,75431,,0.0,0,,RPQNMLSKRHJGFBP17DA,125.28,0.0,0.0,無,
斗南鎮,房地(土地+建物),雲林縣斗南鎮建國二路２８２號,94.54,住,,,1130807,土地4建物1車位0,全,四層,透天厝,住商用,鋼筋混凝土造,1070601,233.21,4,2,4,有,無,16000000,68608,,0.0,0,,RPRNMLSKRHJGFBP27DA,205.87,0.0,27.34,無,
虎尾鎮,土地,大庄段408地號,95.16,都市：其他:住宅區,,,1130814,土地2建物0車位0,,,其他,,,,0.0,0,0,0,無,無,791488,8317,,0.0,0,親友、員工、共有人或其他特殊關係間之交易；未登記建物；,RPPNMLTKRHJGFDP37DA,0.0,0.0,0.0,無,
台西鄉,土地,公館段372-3地號,12.49,,鄉村區,乙種建築用地,1130827,土地1建物0車位0,,,其他,,,,0.0,0,0,0,無,無,189000,15132,,0.0,0,親友、員工、共有人或其他特殊關係間之交易；,RPPNMLSKRHJGFFP47DA,0.0,0.0,0.0,無,
古坑鄉,房地(土地+建物),雲林縣古坑鄉華南２５之６號,3707.0,,山坡地保育區,農牧用地,1130813,土地2建物1車位0,一層,一層,農舍,農業用,鋼鐵造有牆,0981223,180.0,4,3,4,有,無,14500000,,,0.0,0,,RPPNMLKMQHJGFAP98EA,180.0,0.0,0.0,無,
斗六市,土地,九老爺段2249地號,3470.0,,特定農業區,農牧用地,1130701,土地3建物0車位0,,,其他,,,,0.0,0,0,0,無,無,9500000,2738,,0.0,0,交易標的包含雲林縣斗南鎮新庄段新庄小段1080-1地號權利範圍:全部雲林縣斗南鎮新庄段新庄小段1082-1地號權利範圍:全部未登記建物；,RPUNMLOJRHJGFAP96DA,0.0,0.0,0.0,無,
斗六市,房地(土地+建物),雲林縣斗六市文化路２１５號,70.0,住,,,1130707,土地1建物1車位0,全,三層,透天厝,住商用,鋼筋混凝土造,0750717,144.4,4,2,3,有,無,10700000,74100,,0.0,0,其他增建；,RPRNMLQJRHJGFAP86DA,144.4,0.0,0.0,無,
西螺鎮,土地,三塊厝段三塊厝小段1398地號,4960.0,,特定農業區,農牧用地,1130716,土地1建物0車位0,,,其他,,,,0.0,0,0,0,無,無,11500000,2319,,0.0,0,,RPPNMLKMQHJGFCP09DA,0.0,0.0,0.0,無,
四湖鄉,土地,三姓段111地號,2172.0,,一般農業區,農牧用地,1130716,土地1建物0車位0,,,其他,,,,0.0,0,0,0,無,無,1100000,506,,0.0,0,親友、員工、共有人或其他特殊關係間之交易；,RPPOMLNJRHJGFEP86DA,0.0,0.0,0.0,無,
口湖鄉,土地,新湖段978-6地號,44.5,商,,,1130728,土地1建物0車位0,,,其他,,,,0.0,0,0,0,無,無,201918,4537,,0.0,0,,RPSNMLQJRHJGFEP37DA,0.0,0.0,0.0,無,
崙背鄉,土地,中勸段13地號,30.11,農,,,1130730,土地1建物0車位0,,,其他,,,,0.0,0,0,0,無,無,455500,15128,,0.0,0,親友、員工、共有人或其他特殊關係間之交易；,RPPNMLKMPHJGFCP98DA,0.0,0.0,0.0,無,
崙背鄉,土地,舊庄段1869地號,4455.0,,特定農業區,農牧用地,1130720,土地1建物0車位0,,,其他,,,,0.0,0,0,0,無,無,7796000,1750,,0.0,0,,RPUNMLOJRHJGFCP17DA,0.0,0.0,0.0,無,
莿桐鄉,土地,大埔尾段2755地號,1692.0,,特定農業區,農牧用地,1130711,土地1建物0車位0,,,其他,,,,0.0,0,0,0,無,無,13050000,7713,,0.0,0,資訊由買賣雙方提供有合併使用效益農作物；,RPQNMLOJRHJGFAP66EA,0.0,0.0,0.0,無,
古坑鄉,土地,大湖底段263-349地號,51.0,,山坡地保育區,丙種建築用地,1130731,土地1建物0車位0,,,其他,,,,0.0,0,0,0,無,無,534990,10490,,0.0,0,政府機關標讓售；,RPQNMLKKRHJGFAP98EA,0.0,0.0,0.0,無,
斗六市,土地,大崙段大崙小段714地號,1490.0,,特定農業區,農牧用地,1130713,土地1建物0車位0,,,其他,,,,0.0,0,0,0,無,無,25600000,17181,,0.0,0,,RPXQMLTKQHJGFAP08DA,0.0,0.0,0.0,無,032
斗六市,房地(土地+建物),雲林縣斗六市嘉安三街１２號,115.31,住,,,1130731,土地1建物1車位0,全,三層,透天厝,住家用,鋼筋混凝土造,0960816,211.45,7,2,8,有,無,10300000,48711,,0.0,0,其他增建；,RPUNMLQLQHJGFAP27DA,211.45,0.0,0.0,無,
斗南鎮,房地(土地+建物),雲林縣斗南鎮隆昌街２６巷１７號,118.0,住,,,1130722,土地1建物1車位0,全,三層,透天厝,住家用,鋼筋混凝土造,0971015,175.48,4,2,4,有,無,10160000,57898,,0.0,0,其他增建；,RPQNMLQLQHJGFBP96DA,152.13,0.0,23.35,無,
北港鎮,土地,福德段845地號,1685.2,,特定農業區,農牧用地,1130718,土地1建物0車位0,,,其他,,,,0.0,0,0,0,無,無,1348160,800,,0.0,0,,RPRNMLMKRHJGFEP96DA,0.0,0.0,0.0,無,
褒忠鄉,土地,新湖段667地號,1001.0,,特定農業區,農牧用地,1130730,土地1建物0車位0,,,其他,,,,0.0,0,0,0,無,無,1600000,1598,,0.0,0,,RPQNMLMKRHJGFDP86EA,0.0,0.0,0.0,無,
東勢鄉,土地,媽埔段863地號,1657.08,,特定農業區,農牧用地,1130719,土地1建物0車位0,,,其他,,,,0.0,0,0,0,無,無,1988496,1200,,0.0,0,,RPPNMLMKRHJGFFP96EA,0.0,0.0,0.0,無,
崙背鄉,房地(土地+建物),雲林縣崙背鄉崙前５之３號,126.64,住,,,1130703,土地1建物1車位0,全,三層,透天厝,住商用,鋼筋混凝土造,1130515,218.36,4,2,3,有,無,11000000,50376,,0.0,0,,RPSNMLOJRHJGFCP96DA,202.5,0.0,15.86,無,
北港鎮,土地,溝皂段858地號,2241.0,,特定農業區,農牧用地,1130727,土地1建物0車位0,,,其他,,,,0.0,0,0,0,無,無,2308105,1030,,0.0,0,,RPQNMLTLQHJGFEP57DA,0.0,0.0,0.0,無,
口湖鄉,土地,新湖段1091地號,2403.0,農,,,1130720,土地4建物0車位0,,,其他,,,,0.0,0,0,0,無,無,9061401,3771,,0.0,0,增值稅買方負擔本案土地長期淹水無法耕種含土地增值稅或其他稅費1213740元；,RPQNMLKKRHJGFEP66DA,0.0,0.0,0.0,無,
口湖鄉,房地(土地+建物),雲林縣口湖鄉青蚶５９之１號,425.33,,鄉村區,乙種建築用地,1130729,土地4建物1車位0,全,三層,透天厝,住家用,加強磚造,0750826,453.22,7,2,5,有,無,4000000,8826,,0.0,0,其他增建；,RPUNMLKKRHJGFEP07DA,352.27,0.0,100.95,無,033
莿桐鄉,土地,樹子腳段1929地號,1998.0,,特定農業區,農牧用地,1130710,土地1建物0車位0,,,其他,,,,0.0,0,0,0,無,無,4000000,2002,,0.0,0,親友、員工、共有人或其他特殊關係間之交易；,RPTNMLKKRHJGFAP56DA,0.0,0.0,0.0,無,
莿桐鄉,土地,樹子腳段2082地號,2521.0,,特定農業區,農牧用地,1130724,土地1建物0車位0,,,其他,,,,0.0,0,0,0,無,無,5040000,1999,,0.0,0,,RPPNMLLKRHJGFAP88DA,0.0,0.0,0.0,無,
崙背鄉,房地(土地+建物),雲林縣崙背鄉豐榮３１６之３１號,105.55,,鄉村區,乙種建築用地,1130714,土地3建物1車位0,全,三層,透天厝,住家用,ＲＣ造,1120605,179.33,4,2,3,有,無,8400000,46841,,0.0,0,,RPQNMLTLQHJGFCP37DA,173.64,0.0,5.69,無,
元長鄉,土地,客子厝段1025地號,20247.17,,特定農業區,農牧用地,1130707,土地11建物0車位0,,,其他,,,,0.0,0,0,0,無,無,18222617,900,,0.0,0,農作物；,RPTNMLTLPHJGFEP77DA,0.0,0.0,0.0,無,
虎尾鎮,房地(土地+建物),雲林縣虎尾鎮六十甲路７號九樓之３,25.54,住,,,1130726,土地1建物1車位0,九層,十層,華廈(10層含以下有電梯),住家用,鋼筋混凝土造,1120327,101.49,2,1,2,有,有,9160000,90255,,0.0,0,,RPVNMLKKRHJGFDP07DA,68.09,0.0,6.71,有,034
虎尾鎮,房地(土地+建物),雲林縣虎尾鎮松園三路１００號十樓之１,17.54,住,,,1130721,土地1建物1車位0,十層,十一層,住宅大樓(11層含以上有電梯),住家用,鋼筋混凝土造,1110908,77.75,2,1,1,有,有,6700000,86174,,0.0,0,,RPUNMLQKRHJGFDP57DA,48.62,0.0,3.8,有,035
四湖鄉,土地,西頂段376地號,1417.84,,一般農業區,農牧用地,1130712,土地1建物0車位0,,,其他,,,,0.0,0,0,0,無,無,766000,540,,0.0,0,政府機關標讓售；,RPSNMLNKRHJGFEP17DA,0.0,0.0,0.0,無,
林內鄉,土地,長興段585地號,5222.06,,特定農業區,農牧用地,1130727,土地1建物0車位0,,,其他,,,,0.0,0,0,0,無,無,10200000,1953,,0.0,0,,RPTNMLLKRHJGFAP66DA,0.0,0.0,0.0,無,
古坑鄉,土地,東和段81地號,1064.0,,特定農業區,農牧用地,1130728,土地1建物0車位0,,,其他,,,,0.0,0,0,0,無,無,3000000,2820,,0.0,0,,RPUNMLMKRHJGFAP86DA,0.0,0.0,0.0,無,
斗六市,土地,黃厝段688地號,2528.0,,特定農業區,農牧用地,1130731,土地1建物0車位0,,,其他,,,,0.0,0,0,0,無,無,7677000,3037,,0.0,0,,RPPNMLNKRHJGFAP09DA,0.0,0.0,0.0,無,
林內鄉,土地,新興段968地號,33.89,農,,,1130726,土地1建物0車位0,,,其他,,,,0.0,0,0,0,無,無,51250,1512,,0.0,0,親友、員工、共有人或其他特殊關係間之交易；,RPTNMLSKRHJGFAP37DA,0.0,0.0,0.0,無,
林內鄉,土地,新興段1151地號,20.11,住,,,1130726,土地2建物0車位0,,,其他,,,,0.0,0,0,0,無,無,364800,18140,,0.0,0,親友、員工、共有人或其他特殊關係間之交易；,RPVNMLSKRHJGFAP57DA,0.0,0.0,0.0,無,
莿桐鄉,土地,大埔尾段2625地號,207.0,,特定農業區,甲種建築用地,1130729,土地1建物0車位0,,,其他,,,,0.0,0,0,0,無,無,5600000,27053,,0.0,0,,RPVNMLTKRHJGFAP67DA,0.0,0.0,0.0,無,
斗南鎮,土地,北銘段552-1地號,936.0,住,,,1130722,土地3建物0車位0,,,其他,,,,0.0,0,0,0,無,無,50960000,54444,,0.0,0,未登記建物；,RPPNMLQKRHJGFBP86DA,0.0,0.0,0.0,無,
虎尾鎮,土地,蕃薯段798-1地號,1229.0,,特定農業區,農牧用地,1130712,土地1建物0車位0,,,其他,,,,0.0,0,0,0,無,無,3718000,3025,,0.0,0,,RPSNMLQKRHJGFDP37DA,0.0,0.0,0.0,無,
四湖鄉,土地,林厝寮段662地號,4062.0,,一般農業區,農牧用地,1130703,土地2建物0車位0,,,其他,,,,0.0,0,0,0,無,無,2580000,635,,0.0,0,,RPPNMLTKRHJGFEP47DA,0.0,0.0,0.0,無,
斗南鎮,土地,興國段1033-11地號,125.0,住,,,1130721,土地2建物0車位0,,,其他,,,,0.0,0,0,0,無,無,3360000,26880,,0.0,0,未登記建物；,RPQNMLSKRHJGFBP27EA,0.0,0.0,0.0,無,
二崙鄉,房地(土地+建物),雲林縣二崙鄉湳子路１７５之３號,128.73,,鄉村區,乙種建築用地,1130619,土地2建物1車位0,全,三層,透天厝,住家用,鋼筋混凝土造,1130604,174.9,4,2,3,有,無,11930000,68210,,0.0,0,,RPQNMLPJRHJGFCP86DA,165.46,0.0,9.44,無,
斗六市,房地(土地+建物),雲林縣斗六市文化路６５７巷８３號,87.23,,一般農業區,甲種建築用地,1130608,土地4建物1車位0,全,三層,透天厝,住家用,鋼筋混凝土造,1120911,127.37,3,2,4,有,有,9700000,76156,,0.0,0,其他增建；,RPQNMLLKRHJGFAP98DA,117.67,0.0,9.7,無,
大埤鄉,土地,豐田段1241地號,224.0,,特定農業區,農牧用地,1130611,土地1建物0車位0,,,其他,,,,0.0,0,0,0,無,無,230000,1027,,0.0,0,,RPPNMLKLQHJGFBP88DA,0.0,0.0,0.0,無,036
褒忠鄉,土地,忠東段1091地號,204.0,住,,,1130618,土地1建物0車位0,,,其他,,,,0.0,0,0,0,無,無,4412268,21629,,0.0,0,,RPQNMLKKRHJGFDP56DA,0.0,0.0,0.0,無,
西螺鎮,房地(土地+建物),雲林縣西螺鎮八德街９７巷１５號,102.23,住,,,1130607,土地2建物1車位0,全,四層,透天厝,住家用,鋼筋混凝土造,1130112,239.71,4,3,5,有,有,18300000,76342,,0.0,0,,RPOOMLNJRHJGFCP56DA,224.47,0.0,15.24,有,
東勢鄉,土地,圳頭段1024地號,3280.0,,特定農業區,農牧用地,1130617,土地1建物0車位0,,,其他,,,,0.0,0,0,0,無,無,3312400,1010,,0.0,0,,RPPNMLSLQHJGFFP47DA,0.0,0.0,0.0,無,037
崙背鄉,房地(土地+建物),雲林縣崙背鄉崙前５號,99.84,住,,,1130613,土地1建物1車位0,全,三層,透天厝,住商用,鋼筋混凝土造,1130515,216.69,4,2,3,有,無,10800000,49841,,0.0,0,,RPPNMLOJRHJGFCP66DA,200.79,0.0,15.9,無,
崙背鄉,房地(土地+建物),雲林縣崙背鄉崙前５之１號,100.41,住,,,1130607,土地1建物1車位0,全,三層,透天厝,住商用,鋼筋混凝土造,1130515,218.08,4,2,3,有,無,10880000,49890,,0.0,0,,RPQNMLOJRHJGFCP76DA,202.5,0.0,15.58,無,
崙背鄉,房地(土地+建物),雲林縣崙背鄉崙前５之２號,108.44,住,,,1130611,土地1建物1車位0,全,三層,透天厝,住商用,鋼筋混凝土造,1130515,218.08,4,2,3,有,無,10600000,48606,,0.0,0,,RPRNMLOJRHJGFCP86DA,202.5,0.0,15.58,無,
水林鄉,房地(土地+建物),雲林縣水林鄉中厝２１之８號,97.74,住,,,1130623,土地2建物1車位0,全,三層,透天厝,住家用,鋼筋混凝土造,1130201,141.15,4,2,4,有,無,9100000,64470,,0.0,0,,RPSNMLQKRHJGFEP47DA,129.8,0.0,11.35,無,
斗南鎮,土地,建國段749地號,137.0,住,,,1130619,土地1建物0車位0,,,其他,,,,0.0,0,0,0,無,無,6470000,47226,,0.0,0,,RPPNMLOKRHJGFBP66DA,0.0,0.0,0.0,無,
西螺鎮,土地,漢北段914地號,323.51,住,,,1130609,土地3建物0車位0,,,其他,,,,0.0,0,0,0,無,無,8000000,24729,,0.0,0,,RPPNMLQKRHJGFCP07EA,0.0,0.0,0.0,無,
斗六市,土地,溝子埧段柴裡小段1321地號,2354.0,,特定農業區,農牧用地,1130513,土地2建物0車位0,,,其他,,,,0.0,0,0,0,無,無,2000000,850,,0.0,0,,RPUNMLQJRHJGFAP17DA,0.0,0.0,0.0,無,
口湖鄉,土地,外埔段60-6地號,388.62,,一般農業區,養殖用地,1130527,土地3建物0車位0,,,其他,,,,0.0,0,0,0,無,無,372452,958,,0.0,0,,RPTNMLNJRHJGFEP17DA,0.0,0.0,0.0,無,038
口湖鄉,土地,外埔段74地號,313.97,,一般農業區,農牧用地,1130527,土地3建物0車位0,,,其他,,,,0.0,0,0,0,無,無,314762,1003,,0.0,0,,RPWNMLNJRHJGFEP47DA,0.0,0.0,0.0,無,039
莿桐鄉,土地,莿桐段379-71地號,67.0,商,,,1130502,土地1建物0車位0,,,其他,,,,0.0,0,0,0,無,無,2593000,38701,,0.0,0,未登記建物；,RPPNMLSJRHJGFAP86DA,0.0,0.0,0.0,無,
西螺鎮,房地(土地+建物),雲林縣西螺鎮福興路１２４號,725.0,住,,,1130514,土地1建物1車位0,全,二層,透天厝,住家用,磚造,0300110,215.1,3,1,1,有,無,31251675,145289,,0.0,0,,RPQNMLQJRHJGFCP07EA,65.1,150.0,0.0,無,
四湖鄉,土地,東海豐段451地號,2840.35,,一般農業區,農牧用地,1130517,土地1建物0車位0,,,其他,,,,0.0,0,0,0,無,無,1870000,658,,0.0,0,政府機關標讓售；,RPPNMLTJRHJGFEP37DA,0.0,0.0,0.0,無,
林內鄉,土地,林內段1064-5地號,207.0,,鄉村區,乙種建築用地,1130512,土地1建物0車位0,,,其他,,,,0.0,0,0,0,無,無,2400000,11594,,0.0,0,,RPOOMLMKQHJGFAP88DA,0.0,0.0,0.0,無,
褒忠鄉,房地(土地+建物),雲林縣褒忠鄉三民路１４７巷２５之２１號,71.17,都市：其他:道路用地,,,1130510,土地4建物1車位0,全,三層,透天厝,住家用,鋼筋混凝土造,1101104,93.85,4,2,2,有,無,3550000,37826,,0.0,0,,RPUNMLTJRHJGFDP77DA,85.73,0.0,8.12,無,040
虎尾鎮,土地,廉使北段1018地號,549.03,,鄉村區,乙種建築用地,1130516,土地1建物0車位0,,,其他,,,,0.0,0,0,0,無,無,13610000,24789,,0.0,0,,RPQNMLQKRHJGFDP17DA,0.0,0.0,0.0,無,
水林鄉,土地,天保段1030地號,5947.07,,特定農業區,農牧用地,1130530,土地2建物0車位0,,,其他,,,,0.0,0,0,0,無,無,3000000,504,,0.0,0,親友、員工、共有人或其他特殊關係間之交易；,RPSNMLOJRHJGFEP17DA,0.0,0.0,0.0,無,
古坑鄉,土地,高林南段648地號,708.4,,鄉村區,乙種建築用地,1130527,土地1建物0車位0,,,其他,,,,0.0,0,0,0,無,無,7060000,9966,,0.0,0,,RPQNMLQKRHJGFAP86DA,0.0,0.0,0.0,無,
土庫鎮,土地,越港段739-1地號,250.0,住,,,1130512,土地1建物0車位0,,,其他,,,,0.0,0,0,0,無,無,11600000,46400,,0.0,0,,RPTNMLRKRHJGFDP57DA,0.0,0.0,0.0,無,
虎尾鎮,土地,高南段323地號,1456.18,住,,,1130426,土地1建物0車位0,,,其他,,,,0.0,0,0,0,無,無,110000000,75540,,0.0,0,,RPTNMLLMPHJGFDP96DA,0.0,0.0,0.0,無,
台西鄉,土地,五華段1201地號,2218.0,,一般農業區,農牧用地,1130426,土地1建物0車位0,,,其他,,,,0.0,0,0,0,無,無,4657800,2100,,0.0,0,賣方向縣政府申請農業用地畜牧設施容許已核發可蓋雞舍使用權歸買方農業設施；,RPRNMLNKRHJGFFP17DA,0.0,0.0,0.0,無,041
斗六市,土地,斗六三段398地號,180.62,商,,,1130402,土地2建物0車位0,,,其他,,,,0.0,0,0,0,無,無,18823142,104214,,0.0,0,,RPRNMLNKRHJGFAP66DA,0.0,0.0,0.0,無,
虎尾鎮,房地(土地+建物)+車位,雲林縣虎尾鎮永興路４３１號八樓之５,20.37,住,,,1130416,土地1建物1車位1,八層,十層,華廈(10層含以下有電梯),住家用,鋼筋混凝土造,1121211,111.03,2,1,1,有,有,9450000,87710,坡道平面,20.39,1500000,,RPQNMLRKRHJGFDP27DA,55.27,0.0,6.46,有,
西螺鎮,土地,漢北段992地號,136.69,住,,,1130324,土地1建物0車位0,,,其他,,,,0.0,0,0,0,無,無,6200000,45358,,0.0,0,,RPPNMLKKRHJGFCP09EA,0.0,0.0,0.0,無,042
斗六市,房地(土地+建物)+車位,雲林縣斗六市正義街５３號十一樓之２,19.6,住,,,1130311,土地1建物1車位1,十一層,十二層,住宅大樓(11層含以上有電梯),住家用,鋼筋混凝土造,1130607,116.25,2,2,1,有,有,9160000,84976,坡道平面,24.93,1400000,預售屋、或土地及建物分件登記案件；,RPQNMLOLQHJGFAP66DA,56.24,0.0,4.37,有,
斗南鎮,土地,新庄段新庄小段1092地號,1945.0,,特定農業區,農牧用地,1130204,土地1建物0車位0,,,其他,,,,0.0,0,0,0,無,無,4200000,2159,,0.0,0,,RPPNMLNJRHJGFBP09DA,0.0,0.0,0.0,無,
斗六市,土地,咬狗庄段836地號,7303.79,,山坡地保育區,農牧用地,1130108,土地2建物0車位0,,,其他,,,,0.0,0,0,0,無,無,9830000,1346,,0.0,0,,RPQOMLKMQHJGFAP09DA,0.0,0.0,0.0,無,
古坑鄉,房地(土地+建物),雲林縣古坑鄉華山９１號,1937.0,,山坡地保育區,特定目的事業用地,1130125,土地1建物2車位0,全,一層,透天厝,其他,鋼架有壁造、鋼骨造,0840620,563.35,14,1,3,有,無,21000000,37277,,0.0,0,法空增建鐵皮其他增建；,RPUNMLKMQHJGFAP76DA,563.35,0.0,0.0,無,
斗六市,房地(土地+建物)+車位,雲林縣斗六市正義街５３號八樓之３,24.55,住,,,1121225,土地1建物1車位1,八層,十二層,住宅大樓(11層含以上有電梯),住家用,鋼筋混凝土造,1130607,137.73,3,2,2,有,有,10560000,81321,坡道平面,23.86,1300000,預售屋、或土地及建物分件登記案件；,RPTNMLRJRHJGFAP17DA,66.52,0.0,9.08,有,
崙背鄉,房地(土地+建物),雲林縣崙背鄉東興２之１８號,74.38,,特定農業區,甲種建築用地,1121003,土地1建物1車位0,全,三層,透天厝,住家用,鋼筋混凝土造,1130521,139.11,4,2,3,有,無,9500000,68291,,0.0,0,預售屋、或土地及建物分件登記案件；,RPSNMLQJRHJGFCP17DA,133.29,5.82,0.0,無,
東勢鄉,土地,西安段1106地號,1090.94,,鄉村區,乙種建築用地,1120915,土地5建物0車位0,,,其他,,,,0.0,0,0,0,無,無,9200000,8433,,0.0,0,,RPQNMLPLQHJGFFP27DA,0.0,0.0,0.0,無,043
崙背鄉,房地(土地+建物),雲林縣崙背鄉東興２之２２號,92.84,,特定農業區,甲種建築用地,1120814,土地1建物1車位0,全,三層,透天厝,住家用,鋼筋混凝土造,1130521,160.45,3,2,3,有,無,8200000,51106,,0.0,0,預售屋、或土地及建物分件登記案件；,RPPNMLQJRHJGFCP86DA,148.54,11.91,0.0,無,
斗六市,房地(土地+建物)+車位,雲林縣斗六市正義一街１９號,23.93,住,,,1120710,土地1建物1車位1,一層,十二層,住宅大樓(11層含以上有電梯),商業用,鋼筋混凝土造,1130607,122.03999999999999,0,0,0,無,有,11310000,101956,坡道平面,23.86,1300000,預售屋、或土地及建物分件登記案件；,RPPNMLRJRHJGFAP76DA,72.83,0.0,0.0,有,
虎尾鎮,房地(土地+建物),雲林縣虎尾鎮虎興西一街１３８號三樓之１,53.93,住,,,1120609,土地1建物1車位0,三層,五層,華廈(10層含以下有電梯),住家用,鋼筋混凝土造,1130507,113.19,3,2,2,有,有,7400000,65377,,0.0,0,預售屋、或土地及建物分件登記案件；,RPUNMLSKQHJGFDP67DA,78.76,0.0,9.23,有,
莿桐鄉,房地(土地+建物),雲林縣莿桐鄉大美１之１６８號,162.71,,一般農業區,甲種建築用地,1120617,土地3建物1車位0,全,二層,透天厝,住家用,鋼筋混凝土造,1130426,154.29,3,2,3,有,無,9280000,60146,,0.0,0,預售屋、或土地及建物分件登記案件；,RPXNMLLMQHJGFAP17DA,147.01,0.0,7.28,無,
斗六市,房地(土地+建物)+車位,雲林縣斗六市正義街５５號八樓,27.85,住,,,1120515,土地1建物1車位1,八層,十二層,住宅大樓(11層含以上有電梯),住家用,鋼筋混凝土造,1130607,154.01999999999998,3,2,2,有,有,11850000,81726,坡道平面,24.93,1300000,預售屋、或土地及建物分件登記案件；,RPUNMLRJRHJGFAP27DA,75.37,0.0,10.3,有,
土庫鎮,房地(土地+建物),雲林縣土庫鎮仁愛街１９之９號,135.61,,鄉村區,乙種建築用地,1120502,土地2建物1車位0,全,三層,透天厝,住家用,鋼筋混凝土造,1130515,172.86,4,2,4,有,無,8360000,48363,,0.0,0,預售屋、或土地及建物分件登記案件；,RPSNMLRKRHJGFDP47DA,163.85,0.0,9.01,無,
斗南鎮,土地,僑真段567-2地號,303.0,住,,,1120419,土地2建物0車位0,,,其他,,,,0.0,0,0,0,無,無,8707462,28737,,0.0,0,,RPRNMLOKRHJGFBP86DA,0.0,0.0,0.0,無,
西螺鎮,房地(土地+建物),雲林縣西螺鎮頂南６３之１１號,58.0,,鄉村區,乙種建築用地,1120210,土地1建物1車位0,全,三層,透天厝,住家用,鋼筋混凝土造,1130426,104.34,3,2,3,有,無,8000000,76672,,0.0,0,預售屋、或土地及建物分件登記案件；,RPQNMLKKRHJGFCP09DA,94.8,0.0,9.54,無,
斗六市,房地(土地+建物)+車位,雲林縣斗六市正義街５３號四樓之３,24.55,住,,,1111024,土地1建物1車位1,四層,十二層,住宅大樓(11層含以上有電梯),住家用,鋼筋混凝土造,1130607,138.8,3,2,2,有,有,9700000,73768,坡道平面,24.93,1300000,預售屋、或土地及建物分件登記案件；,RPSNMLRJRHJGFAP07DA,66.52,0.0,9.08,有,
崙背鄉,房地(土地+建物),雲林縣崙背鄉信義路１９之８號,110.91,住,,,1110824,土地2建物1車位0,全,三層,透天厝,住家用,鋼筋混凝土造,1120913,188.09,4,2,4,有,無,9700000,51571,,0.0,0,預售屋、或土地及建物分件登記案件；,RPQNMLNJRHJGFCP66DA,175.87,0.0,12.22,無,
崙背鄉,房地(土地+建物),雲林縣崙背鄉信義路１９之９號,169.14,住,,,1110806,土地2建物1車位0,全,三層,透天厝,住家用,鋼筋混凝土造,1120913,212.93,4,2,4,有,無,11800000,55417,,0.0,0,預售屋、或土地及建物分件登記案件；,RPPNMLNJRHJGFCP56DA,199.09,0.0,13.84,無,
崙背鄉,房地(土地+建物),雲林縣崙背鄉信義路１９之１號,110.99,住,,,1110713,土地1建物1車位0,全,三層,透天厝,住家用,鋼筋混凝土造,1120913,203.88,4,2,4,有,無,11900000,58368,,0.0,0,預售屋、或土地及建物分件登記案件；,RPQNMLQKRHJGFCP07DA,190.26,0.0,13.62,無,
崙背鄉,房地(土地+建物),雲林縣崙背鄉信義路１９之５號,103.83,住,,,1110426,土地1建物1車位0,全,三層,透天厝,住家用,鋼筋混凝土造,1120913,204.29,4,2,4,有,無,11880000,58153,,0.0,0,預售屋、或土地及建物分件登記案件；,RPQNMLTJRHJGFCP27DA,190.63,0.0,13.66,無,
斗南鎮,房地(土地+建物),雲林縣斗南鎮新生三路６５３巷６號,105.97,住,,,1110403,土地5建物1車位0,全,三層,透天厝,住家用,鋼筋混凝土造,1130321,188.41,5,2,5,有,無,9500000,50422,,0.0,0,預售屋、或土地及建物分件登記案件；,RPTNMLMKRHJGFBP86DA,184.16,0.0,4.25,無,
崙背鄉,房地(土地+建物),雲林縣崙背鄉信義路１９之６號,115.63,住,,,1110404,土地2建物1車位0,全,三層,透天厝,住家用,鋼筋混凝土造,1120913,188.09,4,2,4,有,無,9800000,52103,,0.0,0,預售屋、或土地及建物分件登記案件；,RPRNMLNJRHJGFCP76DA,175.87,0.0,12.22,無,
虎尾鎮,房地(土地+建物)+車位,雲林縣虎尾鎮虎興西一街１３８號三樓之３,25.78,住,,,1110303,土地1建物1車位1,三層,五層,華廈(10層含以下有電梯),住家用,鋼筋混凝土造,1130507,63.769999999999996,1,1,1,有,有,4240000,61387,一樓平面,10.99,1000000,預售屋、或土地及建物分件登記案件；,RPXNMLRLQHJGFDP97DA,37.25,0.0,3.5,有,
崙背鄉,房地(土地+建物),雲林縣崙背鄉信義路１９之２號,102.43,住,,,1110326,土地1建物1車位0,全,三層,透天厝,住家用,鋼筋混凝土造,1120913,204.29,4,2,4,有,無,11700000,57272,,0.0,0,預售屋、或土地及建物分件登記案件；,RPTNMLNJRHJGFCP96DA,190.63,0.0,13.66,無,
虎尾鎮,房地(土地+建物)+車位,雲林縣虎尾鎮虎興西一街１３６號五樓之５,39.45,住,,,1110218,土地1建物1車位1,五層,五層,華廈(10層含以下有電梯),住家用,鋼筋混凝土造,1130507,92.55,2,2,2,有,有,6000000,61305,一樓平面,10.99,1000000,預售屋、或土地及建物分件登記案件；,RPTNMLSKQHJGFDP57DA,57.24,0.0,5.88,有,
斗南鎮,房地(土地+建物),雲林縣斗南鎮新生三路６５３巷１２號,114.97,住,,,1101006,土地5建物1車位0,全,三層,透天厝,住家用,鋼筋混凝土造,1130321,161.39,5,2,4,有,無,8800000,54526,,0.0,0,預售屋、或土地及建物分件登記案件；,RPUNMLMKRHJGFBP96DA,157.21,0.0,4.18,無,
斗南鎮,房地(土地+建物),雲林縣斗南鎮新生三路６５３巷１１號,98.97,住,,,1101001,土地5建物1車位0,全,三層,透天厝,住家用,鋼筋混凝土造,1130321,173.17,5,2,4,有,無,8800000,50817,,0.0,0,預售屋、或土地及建物分件登記案件；,RPXNMLMKRHJGFBP27DA,169.01,0.0,4.16,無,
虎尾鎮,房地(土地+建物)+車位,雲林縣虎尾鎮虎興西一街１３６號三樓之７,40.19,住,,,1100922,土地1建物1車位1,三層,五層,華廈(10層含以下有電梯),住家用,鋼筋混凝土造,1130507,95.08,2,2,1,有,有,5440000,53395,一樓平面,10.99,950000,預售屋、或土地及建物分件登記案件；,RPWNMLSKQHJGFDP87DA,58.62,0.0,6.48,有,
西螺鎮,房地(土地+建物)+車位,雲林縣西螺鎮光復西路３３３之５號三樓之３,47.27,住,,,1100918,土地1建物1車位1,三層,五層,華廈(10層含以下有電梯),住家用,鋼筋混凝土造,1130112,145.9,4,1,2,有,有,7460000,51131,一樓平面,0.0,800000,預售屋、或土地及建物分件登記案件；,RPTNMLMJRHJGFCP86DA,91.44,0.0,8.46,有,
虎尾鎮,房地(土地+建物)+車位,雲林縣虎尾鎮虎興西一街１３６號三樓之８,37.38,住,,,1100927,土地1建物1車位1,三層,五層,華廈(10層含以下有電梯),住家用,鋼筋混凝土造,1130507,100.84,2,2,1,有,有,5280000,48191,一樓平面,10.99,950000,預售屋、或土地及建物分件登記案件；,RPXNMLSKQHJGFDP97DA,54.61,0.0,6.45,有,
斗南鎮,房地(土地+建物),雲林縣斗南鎮新生三路６５３巷３６號,98.97,住,,,1100814,土地5建物1車位0,全,三層,透天厝,住家用,鋼筋混凝土造,1130321,189.76,5,1,5,有,無,8900000,46901,,0.0,0,預售屋、或土地及建物分件登記案件；,RPSNMLMKRHJGFBP76DA,185.57,0.0,4.19,無,
斗南鎮,房地(土地+建物),雲林縣斗南鎮新生三路６５３巷１６號,98.97,住,,,1100814,土地5建物1車位0,全,三層,透天厝,住家用,鋼筋混凝土造,1130321,173.17,5,2,4,有,無,8700000,50240,,0.0,0,預售屋、或土地及建物分件登記案件；,RPVNMLMKRHJGFBP07DA,169.01,0.0,4.16,無,
斗南鎮,房地(土地+建物),雲林縣斗南鎮新生三路６５３巷２０號,98.97,住,,,1100821,土地5建物1車位0,全,三層,透天厝,住家用,鋼筋混凝土造,1130321,173.17,5,1,4,有,無,8200000,47352,,0.0,0,預售屋、或土地及建物分件登記案件；,RPWNMLMKRHJGFBP17DA,169.01,0.0,4.16,無,
虎尾鎮,房地(土地+建物),雲林縣虎尾鎮永興南一街３６之１號,110.94,住,,,1100823,土地4建物1車位0,全,三層,透天厝,住家用,鋼筋混凝土造,1130508,181.18,4,2,5,有,有,8700000,48019,,0.0,0,預售屋、或土地及建物分件登記案件；,RPUNMLTKQHJGFDP77DA,171.46,0.0,9.72,無,
西螺鎮,房地(土地+建物),雲林縣西螺鎮光復西路３３３之５號二樓之７,35.74,住,,,1100717,土地1建物1車位0,二層,五層,華廈(10層含以下有電梯),住家用,鋼筋混凝土造,1130112,97.84,3,1,2,有,有,5030000,51410,,0.0,0,預售屋、或土地及建物分件登記案件；,RPQNMLKMQHJGFCP56DA,67.8,0.0,7.72,有,
虎尾鎮,房地(土地+建物)+車位,雲林縣虎尾鎮虎興西一街１３８號四樓之２,56.59,住,,,1100711,土地1建物1車位1,四層,五層,華廈(10層含以下有電梯),住家用,鋼筋混凝土造,1130507,131.21,3,2,2,有,有,6950000,50324,一樓平面,10.99,900000,預售屋、或土地及建物分件登記案件；,RPVNMLSKQHJGFDP77DA,82.53,0.0,8.91,有,
西螺鎮,房地(土地+建物),雲林縣西螺鎮光復西路３３３之５號四樓之１,35.77,住,,,1100428,土地1建物1車位0,四層,五層,華廈(10層含以下有電梯),住家用,鋼筋混凝土造,1130112,97.92,3,1,2,有,有,5030000,51368,,0.0,0,,RPUNMLPJRHJGFCP27DA,67.87,0.0,7.72,有,
莿桐鄉,房地(土地+建物),雲林縣莿桐鄉大美１之１２９號,185.47,,一般農業區,甲種建築用地,1100318,土地3建物1車位0,全,二層,透天厝,住家用,鋼筋混凝土造,1130426,166.41,3,2,3,有,無,8300000,49877,,0.0,0,,RPOOMLLMQHJGFAP98DA,160.58,0.0,5.83,無,
莿桐鄉,房地(土地+建物),雲林縣莿桐鄉大美１之１３３號,181.18,,一般農業區,甲種建築用地,1100321,土地3建物1車位0,全,二層,透天厝,住家用,鋼筋混凝土造,1130426,154.29,3,2,3,有,無,8000000,51850,,0.0,0,,RPPNMLLJRHJGFAP78DA,147.01,0.0,7.28,無,
莿桐鄉,房地(土地+建物),雲林縣莿桐鄉大美１之１５５號,163.0,,一般農業區,甲種建築用地,1100314,土地3建物1車位0,全,二層,透天厝,住家用,鋼筋混凝土造,1130426,154.29,3,2,3,有,無,7600000,49258,,0.0,0,於中華民國112年9月1日讓渡；讓渡金額:930萬,RPQNMLLJRHJGFAP88DA,147.01,0.0,7.28,無,
莿桐鄉,房地(土地+建物),雲林縣莿桐鄉大美１之１３８號,176.9,,一般農業區,甲種建築用地,1100319,土地3建物1車位0,全,二層,透天厝,住家用,鋼筋混凝土造,1130426,166.41,3,2,3,有,無,8160000,49036,,0.0,0,,RPXNMLLJRHJGFAP96DA,159.13,0.0,7.28,無,
莿桐鄉,房地(土地+建物),雲林縣莿桐鄉大美１之１２３號,190.82,,一般農業區,甲種建築用地,1100308,土地3建物1車位0,全,二層,透天厝,住家用,鋼筋混凝土造,1130426,166.41,3,2,3,有,無,8450000,50778,,0.0,0,,RPSNMLMJRHJGFAP56DA,159.13,0.0,7.28,無,
莿桐鄉,房地(土地+建物),雲林縣莿桐鄉大美１之１６６號,162.99,,一般農業區,甲種建築用地,1100318,土地3建物1車位0,全,二層,透天厝,住家用,鋼筋混凝土造,1130426,154.28,3,2,3,有,無,7880000,51076,,0.0,0,,RPWNMLLMQHJGFAP07DA,148.46,0.0,5.82,無,
莿桐鄉,房地(土地+建物),雲林縣莿桐鄉大美１之１５８號,163.0,,一般農業區,甲種建築用地,1100321,土地3建物1車位0,全,二層,透天厝,住家用,鋼筋混凝土造,1130426,154.29,3,2,3,有,無,7880000,51073,,0.0,0,,RPRNMLLJRHJGFAP98DA,147.01,0.0,7.28,無,
莿桐鄉,房地(土地+建物),雲林縣莿桐鄉大美１之１６３號,162.99,,一般農業區,甲種建築用地,1100307,土地3建物1車位0,全,二層,透天厝,住家用,鋼筋混凝土造,1130426,154.28,3,2,3,有,無,7880000,51076,,0.0,0,,RPVNMLLJRHJGFAP76DA,148.46,0.0,5.82,無,
莿桐鄉,房地(土地+建物),雲林縣莿桐鄉大美１之１５６號,163.0,,一般農業區,甲種建築用地,1100326,土地3建物1車位0,全,二層,透天厝,住家用,鋼筋混凝土造,1130426,154.29,3,2,3,有,無,8000000,51850,,0.0,0,,RPOOMLLJRHJGFAP78DA,147.01,0.0,7.28,無,
西螺鎮,房地(土地+建物)+車位,雲林縣西螺鎮光復西路３３３之５號三樓之６,36.54,住,,,1100205,土地1建物1車位1,三層,五層,華廈(10層含以下有電梯),住家用,鋼筋混凝土造,1130112,114.86999999999999,3,1,2,有,有,5850000,50927,一樓平面,0.0,700000,,RPPNMLMJRHJGFCP09DA,68.33,0.0,8.88,有,
西螺鎮,房地(土地+建物)+車位,雲林縣西螺鎮光復西路３３３之５號四樓之７,35.74,住,,,1100221,土地1建物1車位1,四層,五層,華廈(10層含以下有電梯),住家用,鋼筋混凝土造,1130112,114.33,3,1,2,有,有,5830000,50993,一樓平面,0.0,800000,,RPQNMLMJRHJGFCP56DA,67.8,0.0,7.72,有,
西螺鎮,房地(土地+建物)+車位,雲林縣西螺鎮光復西路３３３之５號四樓之２,36.54,住,,,1100221,土地1建物1車位1,四層,五層,華廈(10層含以下有電梯),住家用,鋼筋混凝土造,1130112,116.52,3,1,2,有,有,5950000,51064,一樓平面,0.0,800000,,RPRNMLMJRHJGFCP66DA,68.33,0.0,8.88,有,
西螺鎮,房地(土地+建物)+車位,雲林縣西螺鎮光復西路３３３之５號四樓之８,34.3,住,,,1100221,土地1建物1車位1,四層,五層,華廈(10層含以下有電梯),住家用,鋼筋混凝土造,1130112,110.39999999999999,3,1,2,有,有,5630000,50996,一樓平面,0.0,800000,,RPVNMLPJRHJGFCP37DA,66.58,0.0,5.91,有,
西螺鎮,房地(土地+建物)+車位,雲林縣西螺鎮光復西路３３３之５號四樓之５,42.33,住,,,1100127,土地1建物1車位1,四層,五層,華廈(10層含以下有電梯),住家用,鋼筋混凝土造,1130112,132.41,3,1,2,有,有,6760000,51054,一樓平面,0.0,800000,,RPWNMLPJRHJGFCP47DA,80.8,0.0,8.67,有,
西螺鎮,房地(土地+建物),雲林縣西螺鎮茄苳路８０號二樓之１,19.23,住,,,1091123,土地3建物1車位0,二層,十一層,住宅大樓(11層含以上有電梯),住家用,鋼筋混凝土造,1130603,99.92999999999999,2,2,2,有,有,4370000,43731,,0.0,0,,RPTNMLLKRHJGFCP86DA,70.04,0.0,3.51,有,
西螺鎮,房地(土地+建物)+車位,雲林縣西螺鎮茄苳路８０號二樓之７,14.69,住,,,1090919,土地3建物1車位1,二層,十一層,住宅大樓(11層含以上有電梯),住家用,鋼筋混凝土造,1130603,102.97,2,2,1,有,有,4080000,44183,坡道平面,26.47,700000,,RPPNMLMKRHJGFCP66EA,52.33,0.0,3.84,有,
斗六市,房地(土地+建物)+車位,雲林縣斗六市斗六一路１１號八樓之１,20.54,住,,,1090605,土地2建物1車位1,八層,九層,華廈(10層含以下有電梯),住家用,鋼筋混凝土造,1120609,86.39,2,1,1,有,有,5380000,62276,坡道機械,5.12,0,預售屋、或土地及建物分件登記案件；,RPQNMLSKPHJGFAP86DA,50.92,0.0,3.02,有,
