﻿編號,土地位置,土地移轉面積平方公尺,使用分區或編定,權利人持分分母,權利人持分分子,移轉情形,地號
The serial number, land position,land shifting area square meter,the use zoning or compiles and checks,,,,land parcel
RPPNMLOJRHJGFEP86DA,仁德段,4016.00,非都市：特定農業區 ; 非都市編定：農牧用地,2,1,持分移轉,14140000
RPSNMLMKRHJGFDP07EA,廉使南段,3.69,非都市：特定農業區 ; 非都市編定：交通用地,16,2,持分移轉,09290000
RPSNMLMKRHJGFDP07EA,廉使南段,1.52,非都市：特定農業區 ; 非都市編定：交通用地,16,2,持分移轉,09300000
RPSNMLMKRHJGFDP07EA,廉使南段,4.63,非都市：特定農業區 ; 非都市編定：交通用地,16,2,持分移轉,09330000
RPSNMLMKRHJGFDP07EA,廉使南段,.51,非都市：特定農業區 ; 非都市編定：交通用地,16,2,持分移轉,09340000
RPRNMLLKRHJGFDP76DA,石廟子段,168.00,非都市：鄉村區 ; 非都市編定：乙種建築用地,1,1,全筆移轉,01510010
RPPNMLOJRHJGFAP56EA,大潭段社口小段,3.24,都市：其他:道路用地,672,1,持分移轉,00630000
RPPNMLOJRHJGFAP56EA,大潭段社口小段,22.42,都市：其他:住宅區,24,1,持分移轉,00630010
RPPNMLOJRHJGFAP56EA,大潭段社口小段,6.67,都市：其他:住宅區,24,1,持分移轉,00630023
RPPNMLOJRHJGFAP56EA,大潭段社口小段,.17,都市：其他:住宅區,24,1,持分移轉,00630059
RPPNMLPJRHJGFCP76DA,舊庄段,3668.00,非都市：特定農業區 ; 非都市編定：農牧用地,1,1,全筆移轉,04210000
RPQNMLLKRHJGFAP09EA,黃厝段,1898.00,非都市：特定農業區 ; 非都市編定：農牧用地,1,1,全筆移轉,07630000
RPQNMLLKRHJGFAP09EA,黃厝段,1710.00,非都市：特定農業區 ; 非都市編定：農牧用地,1,1,全筆移轉,07640000
RPRNMLMKRHJGFDP96EA,廉使南段,3.69,非都市：特定農業區 ; 非都市編定：交通用地,16,2,持分移轉,09290000
RPRNMLMKRHJGFDP96EA,廉使南段,1.52,非都市：特定農業區 ; 非都市編定：交通用地,16,2,持分移轉,09300000
RPRNMLMKRHJGFDP96EA,廉使南段,4.63,非都市：特定農業區 ; 非都市編定：交通用地,16,2,持分移轉,09330000
RPRNMLMKRHJGFDP96EA,廉使南段,.51,非都市：特定農業區 ; 非都市編定：交通用地,16,2,持分移轉,09340000
RPRNMLNKRHJGFEP07DA,北糖段,30.07,都市：其他:住宅區,10000000,33434,持分移轉,05830000
RPTNMLQJRHJGFEP47DA,長南段,280.00,非都市：特定農業區 ; 非都市編定：甲種建築用地,2,1,持分移轉,11590002
RPTNMLQJRHJGFEP47DA,長南段,84.14,非都市：特定農業區 ; 非都市編定：甲種建築用地,4716,334,持分移轉,11610001
RPTNMLQJRHJGFEP47DA,長南段,50.50,非都市：特定農業區 ; 非都市編定：甲種建築用地,4716,334,持分移轉,11610002
RPQNMLMKRHJGFFP07EA,新美段,1898.00,非都市：特定農業區 ; 非都市編定：農牧用地,1,1,全筆移轉,05640000
RPQNMLMKRHJGFFP07EA,新美段,1898.04,非都市：特定農業區 ; 非都市編定：農牧用地,1,1,全筆移轉,05650000
RPPNMLNKRHJGFEP86DA,西興段,1477.34,非都市：特定農業區 ; 非都市編定：農牧用地,1,1,全筆移轉,09120000
RPPNMLNKRHJGFFP07EA,港西段,93.52,非都市：一般農業區 ; 非都市編定：甲種建築用地,1,1,全筆移轉,00690000
RPPNMLNKRHJGFFP07EA,港西段,12.75,非都市：一般農業區 ; 非都市編定：甲種建築用地,1,1,全筆移轉,00800000
RPQNMLNKRHJGFFP07DA,五華段,1776.98,非都市：一般農業區 ; 非都市編定：農牧用地,1,1,全筆移轉,12440000
RPQNMLNKRHJGFFP07DA,五華段,1774.04,非都市：一般農業區 ; 非都市編定：農牧用地,1,1,全筆移轉,12450000
RPRNMLTJRHJGFAP17DA,樹子腳段,912.00,非都市：特定農業區 ; 非都市編定：農牧用地,1,1,全筆移轉,16340000
RPRNMLTJRHJGFAP17DA,樹子腳段,639.00,非都市：特定農業區 ; 非都市編定：農牧用地,1,1,全筆移轉,16350000
RPRNMLQKRHJGFFP47DA,明德段,1045.38,非都市：一般農業區 ; 非都市編定：農牧用地,3,1,持分移轉,02440000
RPRQMLLKRHJGFCP96DA,東興段,273.89,非都市：鄉村區 ; 非都市編定：乙種建築用地,1,1,全筆移轉,03200000
RPPNMLQKRHJGFEP27EA,崙子段,365.00,非都市：鄉村區 ; 非都市編定：乙種建築用地,576,18,持分移轉,05050000
RPRNMLQKRHJGFDP37EA,廉使南段,7.39,非都市：特定農業區 ; 非都市編定：交通用地,16,4,持分移轉,09290000
RPRNMLQKRHJGFDP37EA,廉使南段,3.04,非都市：特定農業區 ; 非都市編定：交通用地,16,4,持分移轉,09300000
RPRNMLQKRHJGFDP37EA,廉使南段,2.31,非都市：特定農業區 ; 非都市編定：交通用地,16,1,持分移轉,09330000
RPRNMLQKRHJGFDP37EA,廉使南段,1.02,非都市：特定農業區 ; 非都市編定：交通用地,16,4,持分移轉,09340000
RPPNMLQKRHJGFEP17DA,順天段,77.19,非都市：一般農業區 ; 非都市編定：甲種建築用地,1,1,全筆移轉,10510000
RPPNMLLMQHJGFEP76DA,扶朝段,923.00,非都市：特定農業區 ; 非都市編定：農牧用地,1,1,全筆移轉,11630000
RPSNMLQKRHJGFDP47EA,廉使南段,2.31,非都市：特定農業區 ; 非都市編定：交通用地,16,1,持分移轉,09330000
RPQNMLSKRHJGFEP47DA,洋北段,580.37,非都市：一般農業區 ; 非都市編定：農牧用地,1,1,全筆移轉,05200000
RPQNMLSKRHJGFDP47EA,龍林段,34.43,非都市：鄉村區 ; 非都市編定：交通用地,1000,313,持分移轉,03380000
RPQNMLSKRHJGFDP47EA,龍林段,325.21,非都市：鄉村區 ; 非都市編定：乙種建築用地,1000,313,持分移轉,03390000
RPQNMLSKRHJGFAP17EA,草嶺段,430.00,非都市：山坡地保育區 ; 非都市編定：丙種建築用地,1,1,全筆移轉,00010128
RPQNMLSKRHJGFAP17EA,草嶺段,132.67,非都市：山坡地保育區 ; 非都市編定：丙種建築用地,3,1,持分移轉,00130004
RPQNMLSKRHJGFDP37DA,潮洋厝段,1478.00,非都市：特定農業區 ; 非都市編定：農牧用地,1,1,全筆移轉,06390001
RPTNMLQKRHJGFDP57EA,田洋段,92.00,非都市：鄉村區 ; 非都市編定：乙種建築用地,1,1,全筆移轉,04030001
RPPNMLSKRHJGFBP07DA,太興段,35.13,都市：其他:住宅區,24,2,持分移轉,11370001
RPPNMLSKRHJGFBP07DA,太興段,71.75,都市：其他:住宅區,1,1,全筆移轉,11370008
RPSNMLOJRHJGFAP76DA,大竹圍段,93.17,非都市：特定農業區 ; 非都市編定：甲種建築用地,1,1,全筆移轉,09250000
RPPNMLSKRHJGFDP37EA,福德段,114.79,非都市：鄉村區 ; 非都市編定：水利用地,9,2,持分移轉,00130000
RPRNMLQKRHJGFEP37DA,龍岩厝段,2211.00,非都市：特定農業區 ; 非都市編定：農牧用地,1,1,全筆移轉,18640000
RPPNMLSJRHJGFBP96DA,中天段,75.00,都市：其他:商業區,1,1,全筆移轉,06470000
RPPNMLTJRHJGFDP27DA,忠東段,1055.00,都市：其他:農業區,1,1,全筆移轉,00860000
RPVNMLQJRHJGFEP67DA,元長段,259.81,非都市：特定農業區 ; 非都市編定：農牧用地,16,1,持分移轉,04610001
RPRNMLPJRHJGFEP17DA,華北段,60.78,都市：其他:住宅區,1,1,全筆移轉,01190000
RPPNMLRJRHJGFEP17DA,埔尾段,22.31,都市：其他:住宅區,20,2,持分移轉,02240005
RPPNMLRJRHJGFEP17DA,埔尾段,61.53,都市：其他:住宅區,1,1,全筆移轉,02240010
RPPNMLRJRHJGFEP17DA,埔尾段,12.01,都市：其他:住宅區,1,1,全筆移轉,02240019
RPPNMLKKRHJGFAP88EA,荷苞段,1281.55,非都市：山坡地保育區 ; 非都市編定：農牧用地,1,1,全筆移轉,11170000
SPRNMLTJRHJGFEP67DA,南陽段,23.39,都市：其他:住宅區,40,16,持分移轉,02510000
RPRNMLTJRHJGFEP57DA,南陽段,21.93,都市：其他:住宅區,8,3,持分移轉,02510000
RPQNMLLLQHJGFFP86DA,萬興段,438.29,非都市：鄉村區 ; 非都市編定：乙種建築用地,1,1,全筆移轉,05720000
RPPNMLKKRHJGFBP98EA,南昌段,1.68,都市：其他:零售市場用地,100000,34,持分移轉,05600000
RPPNMLKKRHJGFEP66EA,龍岩厝段,123.00,非都市：特定農業區 ; 非都市編定：水利用地,1,1,全筆移轉,02410001
RPTNMLQLQHJGFAP17DA,埤口段,123.63,都市：其他:住宅區,1,1,全筆移轉,01880000
RPPNMLPJRHJGFAP56DA,保庄段,33.14,都市：其他:工業區,212114,6628,持分移轉,05230000
RPPNMLPJRHJGFAP56DA,保庄段,95.01,都市：其他:工業區,1,1,全筆移轉,05230006
RPPNMLTKQHJGFAP96DA,海豐崙段朱丹灣小段,19.07,都市：其他:住宅區,47917,1111,持分移轉,03270000
RPPNMLKKRHJGFCP98DA,廣興段,657.05,非都市：鄉村區 ; 非都市編定：乙種建築用地,1,1,全筆移轉,04560000
RPQNMLTJRHJGFDP37DA,大荖段,79.00,非都市：特定農業區 ; 非都市編定：農牧用地,1,1,全筆移轉,02840005
RPRNMLKKRHJGFBP09DA,興國段,17.95,都市：其他:商業區,239600,1795,持分移轉,03710000
RPRNMLTJRHJGFDP47DA,大荖段,1928.00,非都市：特定農業區 ; 非都市編定：農牧用地,1,1,全筆移轉,14210000
RPSNMLTJRHJGFEP67DA,太平段,77.46,都市：其他:商業區,1,1,全筆移轉,04800000
RPRNMLLKRHJGFEP86DA,西井段,1404.66,非都市：特定農業區 ; 非都市編定：農牧用地,1,1,全筆移轉,21050000
RPPNMLKKRHJGFEP56DA,南陽段,14.34,都市：其他:商業區,10000,16,持分移轉,01530000
RPVNMLTJRHJGFEP97DA,三崙段,712.00,非都市：一般農業區 ; 非都市編定：農牧用地,1,1,全筆移轉,25160001
RPPNMLKKRHJGFFP66DA,東南段,132.00,都市：其他:住宅區,1,1,全筆移轉,04350008
RPVNMLTJRHJGFEP97DA,三崙段,73.44,非都市：鄉村區 ; 非都市編定：乙種建築用地,15000,610,持分移轉,26460000
RPVNMLTJRHJGFEP97DA,三崙段,22.50,非都市：鄉村區 ; 非都市編定：乙種建築用地,2,1,持分移轉,26460012
RPPNMLOLQHJGFAP56DA,咬狗段,1120.46,非都市：山坡地保育區 ; 非都市編定：農牧用地,60000,2500,持分移轉,03200001
RPSNMLKMQHJGFAP56DA,饒平段,215.00,非都市：鄉村區 ; 非都市編定：乙種建築用地,2,1,持分移轉,01980000
RPSNMLKMQHJGFAP56DA,饒平段,14.54,非都市：鄉村區 ; 非都市編定：乙種建築用地,2,1,持分移轉,02020000
RPRNMLLKRHJGFAP09DA,科加段,13.59,非都市：工業區 ; 非都市編定：丁種建築用地,10000,102,持分移轉,00070035
RPRNMLLKRHJGFAP09DA,科加段,109.25,非都市：工業區 ; 非都市編定：丁種建築用地,1,1,全筆移轉,00070052
RPSNMLKKRHJGFBP56DA,東明段,100.85,非都市：鄉村區 ; 非都市編定：乙種建築用地,1,1,全筆移轉,00600002
RPPNMLSJRHJGFCP07DA,豐草段,4652.00,非都市：特定農業區 ; 非都市編定：農牧用地,1,1,全筆移轉,05230000
RPPNMLTJRHJGFCP17DA,港尾段,124.92,非都市：鄉村區 ; 非都市編定：乙種建築用地,1,1,全筆移轉,09030012
RPPNMLTJRHJGFCP17DA,港尾段,4.19,非都市：鄉村區 ; 非都市編定：交通用地,36,1,持分移轉,09220000
RPPNMLTJRHJGFCP17DA,港尾段,.47,非都市：鄉村區 ; 非都市編定：水利用地,36,1,持分移轉,09230000
RPUNMLKKRHJGFDP96DA,過溪子段,104.00,非都市：特定農業區 ; 非都市編定：甲種建築用地,1,1,全筆移轉,43090001
TPSNMLMKQHJGFEP17DA,崇文段,116.00,非都市：一般農業區 ; 非都市編定：養殖用地,1,1,全筆移轉,03480003
RPTNMLKKRHJGFEP96DA,三姓段,2534.00,非都市：一般農業區 ; 非都市編定：農牧用地,1,1,全筆移轉,03950000
SPSNMLMKQHJGFEP07DA,崇文段,162.00,非都市：一般農業區 ; 非都市編定：養殖用地,1,1,全筆移轉,03480002
RPSNMLMKQHJGFEP96DA,崇文段,131.00,非都市：一般農業區 ; 非都市編定：養殖用地,1,1,全筆移轉,03480000
RPSNMLMKQHJGFEP96DA,崇文段,23.00,非都市：一般農業區 ; 非都市編定：養殖用地,1,1,全筆移轉,03480001
RPPNMLMKRHJGFDP76EA,高北段,20.63,都市：其他:住宅區,20000,274,持分移轉,04170000
RPPNMLLKRHJGFCP09DA,三塊厝段三塊厝小段,3711.00,非都市：特定農業區 ; 非都市編定：農牧用地,1,1,全筆移轉,12030001
RPRNMLRJRHJGFAP96DA,三平段,22.28,都市：其他:住宅區,10000,108,持分移轉,00220000
RPPOMLRLQHJGFDP27DA,高北段,103.12,都市：其他:住宅區,1,1,全筆移轉,02290037
RPSNMLKKRHJGFCP66DA,福興段,77.00,非都市：特定農業區 ; 非都市編定：甲種建築用地,1,1,全筆移轉,13050005
RPSNMLKKRHJGFCP66DA,福興段,8.30,非都市：特定農業區 ; 非都市編定：甲種建築用地,1,1,全筆移轉,13050008
RPSNMLKKRHJGFCP66DA,福興段,22.00,非都市：特定農業區 ; 非都市編定：甲種建築用地,11,1,持分移轉,13050009
RPSNMLKKRHJGFCP66DA,福興段,.50,非都市：特定農業區 ; 非都市編定：甲種建築用地,20,1,持分移轉,13050011
RPSNMLKKRHJGFDP76DA,新湖段,42.18,非都市：特定農業區 ; 非都市編定：農牧用地,56,2,持分移轉,15480000
RPSNMLKKRHJGFDP76DA,新湖段,26.43,非都市：特定農業區 ; 非都市編定：農牧用地,56,2,持分移轉,15660000
RPQNMLMKRHJGFEP86DA,興南段,2867.00,非都市：特定農業區 ; 非都市編定：農牧用地,1,1,全筆移轉,01560000
RPWNMLMJRHJGFEP37DA,梧庄段,30.38,非都市：一般農業區 ; 非都市編定：農牧用地,191520,5320,持分移轉,11230000
RPPNMLLLQHJGFFP76DA,海口段,35.00,都市：其他:住宅區,2,1,持分移轉,03880002
RPPNMLLLQHJGFFP76DA,海口段,239.00,都市：其他:住宅區,8,4,持分移轉,06380000
RPPNMLLLQHJGFFP76DA,海口段,6.00,都市：其他:住宅區,4,2,持分移轉,06380001
RPQOMLMLQHJGFAP56DA,大潭段大潭小段,76.69,都市：其他:住宅區,1,1,全筆移轉,09960026
RPPNMLNKRHJGFFP96DA,港底段,2318.00,非都市：特定農業區 ; 非都市編定：農牧用地,1,1,全筆移轉,01770000
RPPNMLNKRHJGFFP96DA,港底段,2318.00,非都市：特定農業區 ; 非都市編定：農牧用地,1,1,全筆移轉,01780000
RPRNMLKKRHJGFAP98DA,番子段,585.00,非都市：特定農業區 ; 非都市編定：農牧用地,1,1,全筆移轉,08730002
RPUNMLTLQHJGFAP57DA,大竹圍段,32.72,非都市：特定農業區 ; 非都市編定：甲種建築用地,1000000,8109,持分移轉,00230000
RPQNMLNJRHJGFAP09DA,榴中段,22.24,非都市：一般農業區 ; 非都市編定：甲種建築用地,10000,75,持分移轉,08880000
RPSNMLKKRHJGFAP09DA,番子段,585.00,非都市：特定農業區 ; 非都市編定：農牧用地,1,1,全筆移轉,08730001
RPQNMLOKRHJGFBP76DA,小東段,968.75,都市：其他:農業區,4,1,持分移轉,03760000
RPVNMLKKRHJGFAP76DA,科加段,73.50,非都市：工業區 ; 非都市編定：丁種建築用地,1,1,全筆移轉,00070168
RPVNMLKKRHJGFAP76DA,科加段,.15,非都市：工業區 ; 非都市編定：丁種建築用地,59,1,持分移轉,00070178
RPVNMLKKRHJGFAP76DA,科加段,8.51,非都市：工業區 ; 非都市編定：丁種建築用地,10000,74,持分移轉,00070188
RPQNMLMKRHJGFCP66DA,新吳厝段,47.37,非都市：鄉村區 ; 非都市編定：乙種建築用地,70,8,持分移轉,04810000
RPTNMLMKRHJGFAP76DA,永興段,29.16,非都市：鄉村區 ; 非都市編定：乙種建築用地,100000,824,持分移轉,05060000
RPPNMLLKRHJGFAP98EA,梅林東段,33.15,非都市：一般農業區 ; 非都市編定：農牧用地,1,1,全筆移轉,04730000
RPWNMLNLQHJGFDP47DA,馬公厝段,25.43,非都市：鄉村區 ; 非都市編定：乙種建築用地,13,1,持分移轉,01650009
RPWNMLNLQHJGFDP47DA,馬公厝段,75.15,非都市：鄉村區 ; 非都市編定：乙種建築用地,1,1,全筆移轉,01650112
RPTNMLNJRHJGFAP76DA,莿桐段,76.00,都市：其他:住宅區,1,1,全筆移轉,03760090
RPQNMLNKRHJGFAP66EA,湳子段,1431.02,非都市：特定專用區 ; 非都市編定：農牧用地,1,1,全筆移轉,00370000
RPQNMLNKRHJGFAP66EA,湳子段,161.23,非都市：特定專用區 ; 非都市編定：水利用地,1,1,全筆移轉,00930000
RPQNMLNKRHJGFAP66EA,湳子段,52.12,非都市：特定專用區 ; 非都市編定：水利用地,1,1,全筆移轉,00940000
RPQNMLNKRHJGFAP66EA,湳子段,4045.10,非都市：特定專用區 ; 非都市編定：特定目的事業用地,1,1,全筆移轉,00990000
RPQNMLNKRHJGFAP66EA,湳子段,939.38,非都市：特定專用區 ; 非都市編定：特定目的事業用地,1,1,全筆移轉,01030000
RPQNMLNKRHJGFAP66EA,湳子段,1521.43,非都市：特定專用區 ; 非都市編定：農牧用地,1,1,全筆移轉,01110000
RPQNMLNKRHJGFAP66EA,湳子段,58.67,非都市：特定專用區 ; 非都市編定：農牧用地,1,1,全筆移轉,01120000
RPQNMLNKRHJGFAP66EA,湳子段,885.22,非都市：特定專用區 ; 非都市編定：農牧用地,1,1,全筆移轉,01130000
RPQNMLNKRHJGFAP66EA,湳子段,535.88,非都市：特定專用區 ; 非都市編定：農牧用地,1,1,全筆移轉,01140000
RPPNMLRKRHJGFAP86DA,西華段,83.00,都市：其他:農業區,1,1,全筆移轉,12570060
RPVNMLMKRHJGFAP96DA,中正一段,4.68,都市：其他:商業區,10000,31,持分移轉,08100000
RPSNMLNKRHJGFAP76DA,崙仔段,75.00,非都市：鄉村區 ; 非都市編定：乙種建築用地,1,1,全筆移轉,02170002
RPSNMLNKRHJGFAP76DA,崙仔段,38.15,非都市：鄉村區 ; 非都市編定：乙種建築用地,13611000,762914,持分移轉,02170011
RPSNMLNKRHJGFAP76DA,崙仔段,.76,非都市：鄉村區 ; 非都市編定：乙種建築用地,34,2,持分移轉,02170018
RPRNMLSKRHJGFAP17DA,東興段,122.00,都市：其他:住宅區,1,1,全筆移轉,02480000
RPRNMLQKRHJGFAP96DA,林頭段,15.03,都市：其他:住宅區,8083,94,持分移轉,05110000
RPRNMLMKRHJGFBP66DA,大同段,278.45,都市：其他:住宅區,75,7,持分移轉,03700000
RPRNMLMKRHJGFBP66DA,大同段,2.20,都市：其他:住宅區,75,7,持分移轉,03790000
RPRNMLMKRHJGFBP66DA,大同段,21.45,都市：其他:住宅區,10,1,持分移轉,03800000
RPRNMLQKQHJGFBP96DA,中興段,6.56,都市：其他:第二種住宅區,34,1,持分移轉,07580001
RPRNMLQKQHJGFBP96DA,中興段,97.00,都市：其他:第二種住宅區,1,1,全筆移轉,07650001
RPRNMLQKQHJGFBP96DA,中興段,27.72,都市：其他:第二種住宅區,32,1,持分移轉,07650004
RPRNMLKKRHJGFDP66DA,大荖段,1137.00,非都市：特定農業區 ; 非都市編定：農牧用地,1,1,全筆移轉,26450005
RPSNMLQKQHJGFEP37DA,新東段,240.32,都市：其他:住宅區,1,1,全筆移轉,00680001
RPPNMLNKRHJGFDP76DA,高北段,1340.31,都市：其他:商業區,1,1,全筆移轉,01440000
RPQNMLQKRHJGFAP96EA,北環段,142.00,都市：其他:住宅區,1,1,全筆移轉,01830004
RPTNMLQKRHJGFEP57DA,長興段,39.67,都市：其他:住宅區,52560,1826,持分移轉,13670000
RPRNMLNKRHJGFAP76EA,麻園段,174.00,非都市：一般農業區 ; 非都市編定：農牧用地,1,1,全筆移轉,01310003
RPPNMLQKRHJGFBP96EA,蘆竹巷段,1743.00,非都市：特定農業區 ; 非都市編定：農牧用地,1,1,全筆移轉,19000000
RPPNMLNKRHJGFAP56EA,莿桐段,43.82,都市：其他:住宅區,147800,4382,持分移轉,03760027
RPPNMLNKRHJGFAP56EA,莿桐段,10.85,都市：其他:道路用地,366000,10850,持分移轉,03760190
RPQNMLQKRHJGFBP07EA,蘆竹巷段,1742.00,非都市：特定農業區 ; 非都市編定：農牧用地,1,1,全筆移轉,19010000
RPSNMLQJQHJGFAP86DA,新園段,49.26,非都市：鄉村區 ; 非都市編定：乙種建築用地,1,1,全筆移轉,10260000
RPVNMLRKRHJGFAP47DA,光明段,99.04,非都市：工業區 ; 非都市編定：丁種建築用地,1,1,全筆移轉,03660000
RPPNMLNKRHJGFCP76EA,西螺段,57.00,都市：其他:商業區,1,1,全筆移轉,10450003
RPUNMLRKRHJGFAP37DA,明德段,54.62,非都市：鄉村區 ; 非都市編定：乙種建築用地,1,1,全筆移轉,07270002
RPUNMLRKRHJGFAP37DA,明德段,.07,非都市：鄉村區 ; 非都市編定：乙種建築用地,62,1,持分移轉,07270062
RPUNMLRKRHJGFAP37DA,明德段,.07,非都市：鄉村區 ; 非都市編定：乙種建築用地,62,1,持分移轉,07270063
RPUNMLRKRHJGFAP37DA,明德段,21.87,非都市：鄉村區 ; 非都市編定：乙種建築用地,62,1,持分移轉,07270064
RPQNMLSKRHJGFBP17DA,太興段,35.13,都市：其他:住宅區,24,2,持分移轉,11370001
RPQNMLSKRHJGFBP17DA,太興段,74.60,都市：其他:住宅區,1,1,全筆移轉,11370010
RPPNMLMKRHJGFBP09DA,義德段,1242.64,非都市：鄉村區 ; 非都市編定：乙種建築用地,30650000,12860007,持分移轉,07620000
RPQNMLMKRHJGFBP56DA,義德段,357.52,非都市：鄉村區 ; 非都市編定：乙種建築用地,30650000,3699997,持分移轉,07620000
RPSNMLSKRHJGFAP27DA,四合段,344.77,非都市：鄉村區 ; 非都市編定：乙種建築用地,4,1,持分移轉,01480000
RPPNMLTKRHJGFDP37DA,大庄段,70.20,都市：其他:住宅區,1,1,全筆移轉,04080000
RPPNMLTKRHJGFDP37DA,大庄段,24.96,都市：其他:住宅區,1,1,全筆移轉,04090000
RPPNMLKMQHJGFAP98EA,大湖底段,2150.00,非都市：山坡地保育區 ; 非都市編定：農牧用地,1,1,全筆移轉,02020168
RPPNMLSKRHJGFFP47DA,公館段,12.49,非都市：鄉村區 ; 非都市編定：乙種建築用地,1,1,全筆移轉,03720003
RPPNMLKMQHJGFAP98EA,大湖底段,1557.00,非都市：山坡地保育區 ; 非都市編定：農牧用地,1,1,全筆移轉,02020488
RPRNMLSKRHJGFBP27DA,中興段,.29,都市：其他:道路用地,42,2,持分移轉,03040001
RPRNMLSKRHJGFBP27DA,中興段,3.50,都市：其他:第二種住宅區,25200,350,持分移轉,03050009
RPRNMLSKRHJGFBP27DA,中興段,4.75,都市：其他:第二種住宅區,16,2,持分移轉,03050015
RPRNMLSKRHJGFBP27DA,中興段,86.00,都市：其他:第二種住宅區,1,1,全筆移轉,03050023
RPUNMLOJRHJGFAP96DA,九老爺段,3030.00,非都市：特定農業區 ; 非都市編定：農牧用地,1,1,全筆移轉,22490000
RPUNMLOJRHJGFAP96DA,九老爺段,70.00,非都市：特定農業區 ; 非都市編定：甲種建築用地,1,1,全筆移轉,22490001
RPUNMLOJRHJGFAP96DA,九老爺段,370.00,非都市：特定農業區 ; 非都市編定：農牧用地,1,1,全筆移轉,22510000
RPRNMLQJRHJGFAP86DA,海豐崙段海豐崙小段,70.00,都市：其他:住宅區,1,1,全筆移轉,03470006
RPPNMLKMQHJGFCP09DA,三塊厝段三塊厝小段,4960.00,非都市：特定農業區 ; 非都市編定：農牧用地,1,1,全筆移轉,13980000
RPSNMLQJRHJGFEP37DA,新湖段,44.50,都市：其他:商業區,4,1,持分移轉,09780006
RPPOMLNJRHJGFEP86DA,三姓段,2172.00,非都市：一般農業區 ; 非都市編定：農牧用地,1,1,全筆移轉,01110000
RPQNMLOJRHJGFAP66EA,大埔尾段,1692.00,非都市：特定農業區 ; 非都市編定：農牧用地,1,1,全筆移轉,27550000
RPUNMLOJRHJGFCP17DA,舊庄段,4455.00,非都市：特定農業區 ; 非都市編定：農牧用地,1,1,全筆移轉,18690000
RPQNMLKKRHJGFAP98EA,大湖底段,51.00,非都市：山坡地保育區 ; 非都市編定：丙種建築用地,1,1,全筆移轉,02630349
RPPNMLKMPHJGFCP98DA,中勸段,30.11,都市：其他:農業區,22948,8962,持分移轉,00130000
RPUNMLQLQHJGFAP27DA,嘉東段,115.31,都市：其他:住宅區,1,1,全筆移轉,03210000
RPXQMLTKQHJGFAP08DA,大崙段大崙小段,1490.00,非都市：特定農業區 ; 非都市編定：農牧用地,1,1,全筆移轉,07140000
RPQNMLQLQHJGFBP96DA,明昌段,118.00,都市：其他:第二種住宅區,1,1,全筆移轉,16690020
RPRNMLMKRHJGFEP96DA,福德段,1685.20,非都市：特定農業區 ; 非都市編定：農牧用地,1,1,全筆移轉,08450000
RPPNMLMKRHJGFFP96EA,媽埔段,1657.08,非都市：特定農業區 ; 非都市編定：農牧用地,1,1,全筆移轉,08630000
RPQNMLMKRHJGFDP86EA,新湖段,1001.00,非都市：特定農業區 ; 非都市編定：農牧用地,1,1,全筆移轉,06670000
RPSNMLOJRHJGFCP96DA,面前厝段,126.64,都市：其他:住宅區,1,1,全筆移轉,09610003
RPQNMLTLQHJGFEP57DA,溝皂段,2241.00,非都市：特定農業區 ; 非都市編定：農牧用地,1,1,全筆移轉,08580000
RPTNMLKKRHJGFAP56DA,樹子腳段,1998.00,非都市：特定農業區 ; 非都市編定：農牧用地,4,3,持分移轉,19290000
RPUNMLKKRHJGFEP07DA,下崙段,155.33,非都市：鄉村區 ; 非都市編定：乙種建築用地,6,1,持分移轉,09960001
RPUNMLKKRHJGFEP07DA,下崙段,211.00,非都市：鄉村區 ; 非都市編定：乙種建築用地,1,1,全筆移轉,09960010
RPUNMLKKRHJGFEP07DA,下崙段,28.00,非都市：鄉村區 ; 非都市編定：乙種建築用地,1,1,全筆移轉,09960016
RPUNMLKKRHJGFEP07DA,下崙段,31.00,非都市：鄉村區 ; 非都市編定：乙種建築用地,1,1,全筆移轉,09960017
RPQNMLKKRHJGFEP66DA,新湖段,1267.00,都市：其他:農業區,1,1,全筆移轉,10910000
RPQNMLKKRHJGFEP66DA,新湖段,293.00,都市：其他:道路用地,1,1,全筆移轉,10910001
RPQNMLKKRHJGFEP66DA,新湖段,842.00,都市：其他:住宅區,1,1,全筆移轉,10910002
RPQNMLKKRHJGFEP66DA,新湖段,1.00,都市：其他:住宅區,1,1,全筆移轉,10910003
RPPNMLLKRHJGFAP88DA,樹子腳段,2521.00,非都市：特定農業區 ; 非都市編定：農牧用地,1,1,全筆移轉,20820000
RPQNMLTLQHJGFCP37DA,豐榮段,10.02,非都市：鄉村區 ; 非都市編定：乙種建築用地,12,1,持分移轉,03210004
RPQNMLTLQHJGFCP37DA,豐榮段,93.46,非都市：鄉村區 ; 非都市編定：乙種建築用地,1,1,全筆移轉,03210008
RPQNMLTLQHJGFCP37DA,豐榮段,2.06,非都市：特定農業區 ; 非都市編定：水利用地,12,1,持分移轉,04960004
RPVNMLKKRHJGFDP07DA,高南段,25.54,都市：其他:住宅區,100000,1250,持分移轉,00720000
RPTNMLTLPHJGFEP77DA,客子厝段,2625.83,非都市：特定農業區 ; 非都市編定：農牧用地,12,10,持分移轉,09750000
RPTNMLTLPHJGFEP77DA,客子厝段,1505.00,非都市：特定農業區 ; 非都市編定：農牧用地,12,10,持分移轉,09760000
RPTNMLTLPHJGFEP77DA,客子厝段,228.33,非都市：特定農業區 ; 非都市編定：農牧用地,12,10,持分移轉,09760002
RPTNMLTLPHJGFEP77DA,客子厝段,1696.67,非都市：特定農業區 ; 非都市編定：農牧用地,12,10,持分移轉,09770000
RPTNMLTLPHJGFEP77DA,客子厝段,138.33,非都市：特定農業區 ; 非都市編定：農牧用地,12,10,持分移轉,09770002
RPTNMLTLPHJGFEP77DA,客子厝段,3123.00,非都市：特定農業區 ; 非都市編定：農牧用地,1,1,全筆移轉,09780000
RPTNMLTLPHJGFEP77DA,客子厝段,795.00,非都市：特定農業區 ; 非都市編定：農牧用地,12,10,持分移轉,10240000
RPTNMLTLPHJGFEP77DA,客子厝段,979.17,非都市：特定農業區 ; 非都市編定：農牧用地,12,10,持分移轉,10240002
RPTNMLTLPHJGFEP77DA,客子厝段,3745.83,非都市：特定農業區 ; 非都市編定：農牧用地,12,10,持分移轉,10250000
RPTNMLTLPHJGFEP77DA,客子厝段,2820.00,非都市：特定農業區 ; 非都市編定：農牧用地,12,10,持分移轉,10260000
RPTNMLTLPHJGFEP77DA,客子厝段,2590.00,非都市：特定農業區 ; 非都市編定：農牧用地,12,10,持分移轉,10270000
RPUNMLQKRHJGFDP57DA,高北段,17.54,都市：其他:住宅區,10000,114,持分移轉,04160000
RPUNMLMKRHJGFAP86DA,東和段,1064.00,非都市：特定農業區 ; 非都市編定：農牧用地,1,1,全筆移轉,00810000
RPPNMLNKRHJGFAP09DA,黃厝段,2528.00,非都市：特定農業區 ; 非都市編定：農牧用地,1,1,全筆移轉,06880000
RPTNMLLKRHJGFAP66DA,長興段,5222.06,非都市：特定農業區 ; 非都市編定：農牧用地,1,1,全筆移轉,05850000
RPSNMLNKRHJGFEP17DA,西頂段,1417.84,非都市：一般農業區 ; 非都市編定：農牧用地,1,1,全筆移轉,03760000
RPVNMLSKRHJGFAP57DA,新興段,.89,都市：其他:住宅區,72,2,持分移轉,11010000
RPVNMLSKRHJGFAP57DA,新興段,19.22,都市：其他:住宅區,72,2,持分移轉,11510000
RPVNMLTKRHJGFAP67DA,大埔尾段,207.00,非都市：特定農業區 ; 非都市編定：甲種建築用地,1,1,全筆移轉,26250000
RPTNMLSKRHJGFAP37DA,新興段,33.89,都市：其他:農業區,108,6,持分移轉,09680000
RPSNMLQKRHJGFDP37DA,蕃薯段,1229.00,非都市：特定農業區 ; 非都市編定：農牧用地,1,1,全筆移轉,07980001
RPPNMLQKRHJGFBP86DA,北銘段,66.00,都市：其他:第二種住宅區,1,1,全筆移轉,05490002
RPPNMLQKRHJGFBP86DA,北銘段,442.00,都市：其他:第二種住宅區,1,1,全筆移轉,05520001
RPPNMLQKRHJGFBP86DA,北銘段,428.00,都市：其他:第二種住宅區,1,1,全筆移轉,05530000
RPPNMLTKRHJGFEP47DA,林厝寮段,2031.00,非都市：一般農業區 ; 非都市編定：農牧用地,1,1,全筆移轉,06620000
RPPNMLTKRHJGFEP47DA,林厝寮段,2031.00,非都市：一般農業區 ; 非都市編定：農牧用地,1,1,全筆移轉,06630000
RPPNMLKLQHJGFBP88DA,豐田段,224.00,非都市：特定農業區 ; 非都市編定：農牧用地,1,1,全筆移轉,12410000
RPQNMLPJRHJGFCP86DA,湳仔段,9.91,非都市：鄉村區 ; 非都市編定：交通用地,12,1,持分移轉,02710000
RPQNMLPJRHJGFCP86DA,湳仔段,118.82,非都市：鄉村區 ; 非都市編定：乙種建築用地,1,1,全筆移轉,02720004
RPQNMLSKRHJGFBP27EA,興國段,117.00,都市：其他:第二種住宅區,1,1,全筆移轉,10330011
RPQNMLSKRHJGFBP27EA,興國段,8.00,都市：其他:第二種住宅區,1,1,全筆移轉,10570003
RPQNMLLKRHJGFAP98DA,八德段,65.16,非都市：一般農業區 ; 非都市編定：甲種建築用地,1,1,全筆移轉,01580011
RPQNMLLKRHJGFAP98DA,八德段,.67,非都市：一般農業區 ; 非都市編定：甲種建築用地,10000,148,持分移轉,01580062
RPQNMLLKRHJGFAP98DA,八德段,21.12,非都市：一般農業區 ; 非都市編定：甲種建築用地,44,1,持分移轉,01580063
RPQNMLLKRHJGFAP98DA,八德段,.27,非都市：一般農業區 ; 非都市編定：甲種建築用地,10000,182,持分移轉,01630003
RPQNMLKKRHJGFDP56DA,忠東段,204.00,都市：其他:住宅區,1,1,全筆移轉,10910000
RPPNMLSLQHJGFFP47DA,圳頭段,3280.00,非都市：特定農業區 ; 非都市編定：農牧用地,1,1,全筆移轉,10240000
RPOOMLNJRHJGFCP56DA,漢南段,71.63,都市：其他:住宅區,1,1,全筆移轉,01470020
RPOOMLNJRHJGFCP56DA,漢南段,30.60,都市：其他:住宅區,23,1,持分移轉,01470044
RPPNMLOJRHJGFCP66DA,面前厝段,99.84,都市：其他:住宅區,1,1,全筆移轉,09610000
RPRNMLOJRHJGFCP86DA,面前厝段,108.44,都市：其他:住宅區,1,1,全筆移轉,09610002
RPPNMLQKRHJGFCP07EA,漢北段,155.99,都市：其他:住宅區,1,1,全筆移轉,09140000
RPPNMLQKRHJGFCP07EA,漢北段,129.43,都市：其他:住宅區,1,1,全筆移轉,09150000
RPPNMLQKRHJGFCP07EA,漢北段,38.09,都市：其他:道路用地,1,1,全筆移轉,09160000
RPQNMLOJRHJGFCP76DA,面前厝段,100.41,都市：其他:住宅區,1,1,全筆移轉,09610001
RPPNMLOKRHJGFBP66DA,建國段,137.00,都市：其他:第二種住宅區,1,1,全筆移轉,07490000
RPUNMLQJRHJGFAP17DA,溝子埧段柴裡小段,1185.00,非都市：特定農業區 ; 非都市編定：農牧用地,1,1,全筆移轉,13210000
RPUNMLQJRHJGFAP17DA,溝子埧段柴裡小段,1169.00,非都市：特定農業區 ; 非都市編定：農牧用地,1,1,全筆移轉,13210001
RPSNMLQKRHJGFEP47DA,埔尾段,22.31,都市：其他:住宅區,20,2,持分移轉,02240005
RPSNMLQKRHJGFEP47DA,埔尾段,75.43,都市：其他:住宅區,1,1,全筆移轉,02240013
RPTNMLNJRHJGFEP17DA,外埔段,263.62,非都市：一般農業區 ; 非都市編定：養殖用地,8,1,持分移轉,00600006
RPTNMLNJRHJGFEP17DA,外埔段,64.12,非都市：鄉村區 ; 非都市編定：乙種建築用地,2000,125,持分移轉,00600019
RPTNMLNJRHJGFEP17DA,外埔段,60.88,非都市：一般農業區 ; 非都市編定：養殖用地,8,1,持分移轉,00600020
RPPNMLSJRHJGFAP86DA,莿桐段,67.00,都市：其他:商業區,1,1,全筆移轉,03790071
RPPNMLTJRHJGFEP37DA,東海豐段,2840.35,非都市：一般農業區 ; 非都市編定：農牧用地,1,1,全筆移轉,04510000
RPQNMLQJRHJGFCP07EA,西螺段,725.00,都市：其他:住宅區,1,1,全筆移轉,07680003
RPQNMLQKRHJGFDP17DA,廉使北段,549.03,非都市：鄉村區 ; 非都市編定：乙種建築用地,1,1,全筆移轉,10180000
RPWNMLNJRHJGFEP47DA,外埔段,33.44,非都市：鄉村區 ; 非都市編定：乙種建築用地,96,3,持分移轉,00680000
RPWNMLNJRHJGFEP47DA,外埔段,23.97,非都市：鄉村區 ; 非都市編定：乙種建築用地,96,3,持分移轉,00680001
RPWNMLNJRHJGFEP47DA,外埔段,256.56,非都市：一般農業區 ; 非都市編定：農牧用地,96,3,持分移轉,00740000
RPQNMLQKRHJGFAP86DA,高林南段,708.40,非都市：鄉村區 ; 非都市編定：乙種建築用地,1,1,全筆移轉,06480000
RPSNMLOJRHJGFEP17DA,天保段,5341.80,非都市：特定農業區 ; 非都市編定：農牧用地,1,1,全筆移轉,10300000
RPSNMLOJRHJGFEP17DA,天保段,605.27,非都市：特定農業區 ; 非都市編定：農牧用地,16,4,持分移轉,10310000
RPOOMLMKQHJGFAP88DA,林內段,207.00,非都市：鄉村區 ; 非都市編定：乙種建築用地,1,1,全筆移轉,10640005
RPUNMLTJRHJGFDP77DA,埔崙段,1.20,都市：其他:道路用地,24,1,持分移轉,03460023
RPUNMLTJRHJGFDP77DA,埔崙段,7.17,都市：其他:住宅區,24,1,持分移轉,03520001
RPUNMLTJRHJGFDP77DA,埔崙段,17.64,都市：其他:住宅區,16,1,持分移轉,03540000
RPUNMLTJRHJGFDP77DA,埔崙段,45.16,都市：其他:住宅區,2,1,持分移轉,03540007
RPTNMLRKRHJGFDP57DA,越港段,250.00,都市：其他:住宅區,1,1,全筆移轉,07390001
RPTNMLLMPHJGFDP96DA,高南段,1456.18,都市：其他:住宅區,1,1,全筆移轉,03230000
RPRNMLNKRHJGFFP17DA,五華段,2218.00,非都市：一般農業區 ; 非都市編定：農牧用地,1,1,全筆移轉,12010000
RPRNMLNKRHJGFAP66DA,斗六三段,166.38,都市：其他:商業區,1,1,全筆移轉,03980000
RPRNMLNKRHJGFAP66DA,斗六三段,14.24,都市：其他:商業區,1,1,全筆移轉,03990000
RPPNMLKKRHJGFCP09EA,漢北段,136.69,都市：其他:住宅區,1,1,全筆移轉,09920000
RPQNMLRKRHJGFDP27DA,高南段,20.37,都市：其他:住宅區,10000,147,持分移轉,00200000
RPQOMLKMQHJGFAP09DA,咬狗庄段,1707.57,非都市：山坡地保育區 ; 非都市編定：農牧用地,1,1,全筆移轉,08350000
RPQOMLKMQHJGFAP09DA,咬狗庄段,5596.22,非都市：山坡地保育區 ; 非都市編定：農牧用地,1,1,全筆移轉,08360000
RPPNMLNJRHJGFBP09DA,新庄段新庄小段,1945.00,非都市：特定農業區 ; 非都市編定：農牧用地,1,1,全筆移轉,10920000
RPUNMLKMQHJGFAP76DA,大湖底段,1937.00,非都市：山坡地保育區 ; 非都市編定：特定目的事業用地,1,1,全筆移轉,01320007
RPQNMLOLQHJGFAP66DA,三平段,19.60,都市：其他:住宅區,10000,95,持分移轉,00220000
RPQNMLPLQHJGFFP27DA,西安段,7.72,非都市：鄉村區 ; 非都市編定：乙種建築用地,200,50,持分移轉,11000000
RPQNMLPLQHJGFFP27DA,西安段,53.71,非都市：鄉村區 ; 非都市編定：乙種建築用地,1,1,全筆移轉,11020000
RPQNMLPLQHJGFFP27DA,西安段,33.51,非都市：鄉村區 ; 非都市編定：乙種建築用地,1,1,全筆移轉,11030000
RPQNMLPLQHJGFFP27DA,西安段,493.00,非都市：鄉村區 ; 非都市編定：乙種建築用地,1,1,全筆移轉,11050000
RPQNMLPLQHJGFFP27DA,西安段,503.00,非都市：鄉村區 ; 非都市編定：乙種建築用地,1,1,全筆移轉,11060000
RPSNMLQJRHJGFCP17DA,東興段,74.38,非都市：特定農業區 ; 非都市編定：甲種建築用地,1,1,全筆移轉,01640010
RPTNMLRJRHJGFAP17DA,三平段,24.55,都市：其他:住宅區,10000,119,持分移轉,00220000
RPPNMLRJRHJGFAP76DA,三平段,23.93,都市：其他:住宅區,10000,116,持分移轉,00220000
RPPNMLQJRHJGFCP86DA,東興段,92.84,非都市：特定農業區 ; 非都市編定：甲種建築用地,1,1,全筆移轉,01640013
RPUNMLRJRHJGFAP27DA,三平段,27.85,都市：其他:住宅區,10000,135,持分移轉,00220000
RPUNMLSKQHJGFDP67DA,高南段,53.93,都市：其他:住宅區,200000,4842,持分移轉,04100000
RPXNMLLMQHJGFAP17DA,大美段,125.80,非都市：一般農業區 ; 非都市編定：甲種建築用地,1,1,全筆移轉,01670041
RPXNMLLMQHJGFAP17DA,大美段,6.66,非都市：一般農業區 ; 非都市編定：甲種建築用地,10000,229,持分移轉,01670044
RPXNMLLMQHJGFAP17DA,大美段,30.26,非都市：一般農業區 ; 非都市編定：甲種建築用地,100000,3151,持分移轉,01670045
RPSNMLRKRHJGFDP47DA,馬公厝段,98.81,非都市：鄉村區 ; 非都市編定：乙種建築用地,1,1,全筆移轉,20900006
RPSNMLRKRHJGFDP47DA,馬公厝段,36.80,非都市：鄉村區 ; 非都市編定：乙種建築用地,8,1,持分移轉,20900012
RPRNMLOKRHJGFBP86DA,僑真段,166.00,都市：其他:第二種住宅區,1,1,全筆移轉,05670002
RPRNMLOKRHJGFBP86DA,僑真段,137.00,都市：其他:第二種住宅區,1,1,全筆移轉,05730001
RPQNMLKKRHJGFCP09DA,頂湳段,58.00,非都市：鄉村區 ; 非都市編定：乙種建築用地,1,1,全筆移轉,02270022
RPSNMLRJRHJGFAP07DA,三平段,24.55,都市：其他:住宅區,10000,119,持分移轉,00220000
RPQNMLNJRHJGFCP66DA,順天段,96.56,都市：其他:住宅區,1,1,全筆移轉,07090027
RPQNMLNJRHJGFCP66DA,順天段,14.35,都市：其他:住宅區,10000,687,持分移轉,07090029
RPQNMLQKRHJGFCP07DA,順天段,110.99,都市：其他:住宅區,1,1,全筆移轉,07090000
RPPNMLNJRHJGFCP56DA,順天段,151.11,都市：其他:住宅區,1,1,全筆移轉,07090028
RPPNMLNJRHJGFCP56DA,順天段,18.03,都市：其他:住宅區,10000,863,持分移轉,07090029
RPTNMLMKRHJGFBP86DA,興國段,9.79,都市：其他:第二種住宅區,33,1,持分移轉,14610000
RPTNMLMKRHJGFBP86DA,興國段,.39,都市：其他:第二種住宅區,36,1,持分移轉,14610013
RPTNMLMKRHJGFBP86DA,興國段,90.00,都市：其他:第二種住宅區,1,1,全筆移轉,14610015
RPTNMLMKRHJGFBP86DA,興國段,5.52,都市：其他:第二種住宅區,33,1,持分移轉,14610022
RPTNMLMKRHJGFBP86DA,興國段,.28,都市：其他:第二種住宅區,36,1,持分移轉,14610065
RPTNMLNJRHJGFCP96DA,順天段,102.43,都市：其他:住宅區,1,1,全筆移轉,07090022
RPXNMLRLQHJGFDP97DA,高南段,25.78,都市：其他:住宅區,100000,1157,持分移轉,04100000
RPRNMLNJRHJGFCP76DA,順天段,101.28,都市：其他:住宅區,1,1,全筆移轉,07090025
RPRNMLNJRHJGFCP76DA,順天段,14.35,都市：其他:住宅區,10000,687,持分移轉,07090029
RPQNMLTJRHJGFCP27DA,順天段,103.83,都市：其他:住宅區,1,1,全筆移轉,07090024
RPTNMLSKQHJGFDP57DA,高南段,39.45,都市：其他:住宅區,100000,1771,持分移轉,04100000
RPWNMLSKQHJGFDP87DA,高南段,40.19,都市：其他:住宅區,100000,1804,持分移轉,04100000
RPXNMLMKRHJGFBP27DA,興國段,9.79,都市：其他:第二種住宅區,33,1,持分移轉,14610000
RPTNMLMJRHJGFCP86DA,興西段,47.27,都市：其他:住宅區,100000,3903,持分移轉,03200000
RPXNMLMKRHJGFBP27DA,興國段,83.00,都市：其他:第二種住宅區,1,1,全筆移轉,14610006
RPXNMLMKRHJGFBP27DA,興國段,.39,都市：其他:第二種住宅區,36,1,持分移轉,14610013
RPUNMLMKRHJGFBP96DA,興國段,9.79,都市：其他:第二種住宅區,33,1,持分移轉,14610000
RPXNMLMKRHJGFBP27DA,興國段,5.52,都市：其他:第二種住宅區,33,1,持分移轉,14610022
RPXNMLMKRHJGFBP27DA,興國段,.28,都市：其他:第二種住宅區,36,1,持分移轉,14610065
RPUNMLMKRHJGFBP96DA,興國段,.39,都市：其他:第二種住宅區,36,1,持分移轉,14610013
RPUNMLMKRHJGFBP96DA,興國段,99.00,都市：其他:第二種住宅區,1,1,全筆移轉,14610021
RPUNMLMKRHJGFBP96DA,興國段,5.52,都市：其他:第二種住宅區,33,1,持分移轉,14610022
RPUNMLMKRHJGFBP96DA,興國段,.28,都市：其他:第二種住宅區,36,1,持分移轉,14610065
RPUNMLTKQHJGFDP77DA,大學段,49.86,都市：其他:住宅區,1,1,全筆移轉,03350007
RPUNMLTKQHJGFDP77DA,大學段,.39,都市：其他:住宅區,28,1,持分移轉,03370022
RPWNMLMKRHJGFBP17DA,興國段,9.79,都市：其他:第二種住宅區,33,1,持分移轉,14610000
RPUNMLTKQHJGFDP77DA,大學段,24.10,都市：其他:住宅區,12,1,持分移轉,03370023
RPSNMLMKRHJGFBP76DA,興國段,9.79,都市：其他:第二種住宅區,33,1,持分移轉,14610000
RPUNMLTKQHJGFDP77DA,大學段,36.59,都市：其他:住宅區,1,1,全筆移轉,03370032
RPSNMLMKRHJGFBP76DA,興國段,.39,都市：其他:第二種住宅區,36,1,持分移轉,14610013
RPWNMLMKRHJGFBP17DA,興國段,.39,都市：其他:第二種住宅區,36,1,持分移轉,14610013
RPSNMLMKRHJGFBP76DA,興國段,5.52,都市：其他:第二種住宅區,33,1,持分移轉,14610022
RPSNMLMKRHJGFBP76DA,興國段,83.00,都市：其他:第二種住宅區,1,1,全筆移轉,14610023
RPSNMLMKRHJGFBP76DA,興國段,.28,都市：其他:第二種住宅區,36,1,持分移轉,14610065
RPXNMLSKQHJGFDP97DA,高南段,37.38,都市：其他:住宅區,100000,1678,持分移轉,04100000
RPWNMLMKRHJGFBP17DA,興國段,83.00,都市：其他:第二種住宅區,1,1,全筆移轉,14610018
RPWNMLMKRHJGFBP17DA,興國段,5.52,都市：其他:第二種住宅區,33,1,持分移轉,14610022
RPWNMLMKRHJGFBP17DA,興國段,.28,都市：其他:第二種住宅區,36,1,持分移轉,14610065
RPQNMLKMQHJGFCP56DA,興西段,35.74,都市：其他:住宅區,100000,2951,持分移轉,03200000
RPVNMLMKRHJGFBP07DA,興國段,9.79,都市：其他:第二種住宅區,66,2,持分移轉,14610000
RPVNMLMKRHJGFBP07DA,興國段,.39,都市：其他:第二種住宅區,72,2,持分移轉,14610013
RPVNMLMKRHJGFBP07DA,興國段,83.00,都市：其他:第二種住宅區,1,1,全筆移轉,14610020
RPVNMLMKRHJGFBP07DA,興國段,5.52,都市：其他:第二種住宅區,66,2,持分移轉,14610022
RPVNMLMKRHJGFBP07DA,興國段,.28,都市：其他:第二種住宅區,72,2,持分移轉,14610065
RPPNMLLJRHJGFAP78DA,大美段,154.18,非都市：一般農業區 ; 非都市編定：甲種建築用地,1,1,全筆移轉,01670012
RPOOMLLMQHJGFAP98DA,大美段,158.47,非都市：一般農業區 ; 非都市編定：甲種建築用地,1,1,全筆移轉,01670008
RPPNMLLJRHJGFAP78DA,大美段,6.60,非都市：一般農業區 ; 非都市編定：甲種建築用地,10000,227,持分移轉,01670044
RPPNMLLJRHJGFAP78DA,大美段,20.41,非都市：一般農業區 ; 非都市編定：甲種建築用地,100000,2125,持分移轉,01670045
RPOOMLLMQHJGFAP98DA,大美段,6.60,非都市：一般農業區 ; 非都市編定：甲種建築用地,10000,227,持分移轉,01670044
RPOOMLLMQHJGFAP98DA,大美段,20.41,非都市：一般農業區 ; 非都市編定：甲種建築用地,100000,2125,持分移轉,01670045
RPUNMLPJRHJGFCP27DA,興西段,35.77,都市：其他:住宅區,100000,2953,持分移轉,03200000
RPVNMLSKQHJGFDP77DA,高南段,56.59,都市：其他:住宅區,100000,2540,持分移轉,04100000
RPQNMLLJRHJGFAP88DA,大美段,136.00,非都市：一般農業區 ; 非都市編定：甲種建築用地,1,1,全筆移轉,01670029
RPQNMLLJRHJGFAP88DA,大美段,6.60,非都市：一般農業區 ; 非都市編定：甲種建築用地,10000,227,持分移轉,01670044
RPQNMLLJRHJGFAP88DA,大美段,20.41,非都市：一般農業區 ; 非都市編定：甲種建築用地,100000,2125,持分移轉,01670045
RPSNMLMJRHJGFAP56DA,大美段,163.82,非都市：一般農業區 ; 非都市編定：甲種建築用地,1,1,全筆移轉,01670003
RPSNMLMJRHJGFAP56DA,大美段,6.60,非都市：一般農業區 ; 非都市編定：甲種建築用地,10000,227,持分移轉,01670044
RPSNMLMJRHJGFAP56DA,大美段,20.41,非都市：一般農業區 ; 非都市編定：甲種建築用地,100000,2125,持分移轉,01670045
RPWNMLLMQHJGFAP07DA,大美段,135.99,非都市：一般農業區 ; 非都市編定：甲種建築用地,1,1,全筆移轉,01670039
RPWNMLLMQHJGFAP07DA,大美段,6.60,非都市：一般農業區 ; 非都市編定：甲種建築用地,10000,227,持分移轉,01670044
RPXNMLLJRHJGFAP96DA,大美段,149.90,非都市：一般農業區 ; 非都市編定：甲種建築用地,1,1,全筆移轉,01670016
RPWNMLLMQHJGFAP07DA,大美段,20.41,非都市：一般農業區 ; 非都市編定：甲種建築用地,100000,2125,持分移轉,01670045
RPXNMLLJRHJGFAP96DA,大美段,6.60,非都市：一般農業區 ; 非都市編定：甲種建築用地,20000,454,持分移轉,01670044
RPXNMLLJRHJGFAP96DA,大美段,20.41,非都市：一般農業區 ; 非都市編定：甲種建築用地,200000,4250,持分移轉,01670045
RPVNMLLJRHJGFAP76DA,大美段,135.99,非都市：一般農業區 ; 非都市編定：甲種建築用地,1,1,全筆移轉,01670037
RPRNMLLJRHJGFAP98DA,大美段,136.00,非都市：一般農業區 ; 非都市編定：甲種建築用地,1,1,全筆移轉,01670032
RPVNMLLJRHJGFAP76DA,大美段,6.60,非都市：一般農業區 ; 非都市編定：甲種建築用地,10000,227,持分移轉,01670044
RPRNMLLJRHJGFAP98DA,大美段,6.60,非都市：一般農業區 ; 非都市編定：甲種建築用地,10000,227,持分移轉,01670044
RPVNMLLJRHJGFAP76DA,大美段,20.41,非都市：一般農業區 ; 非都市編定：甲種建築用地,100000,2125,持分移轉,01670045
RPRNMLLJRHJGFAP98DA,大美段,20.41,非都市：一般農業區 ; 非都市編定：甲種建築用地,100000,2125,持分移轉,01670045
RPOOMLLJRHJGFAP78DA,大美段,136.00,非都市：一般農業區 ; 非都市編定：甲種建築用地,1,1,全筆移轉,01670030
RPOOMLLJRHJGFAP78DA,大美段,6.60,非都市：一般農業區 ; 非都市編定：甲種建築用地,20000,454,持分移轉,01670044
RPOOMLLJRHJGFAP78DA,大美段,20.41,非都市：一般農業區 ; 非都市編定：甲種建築用地,200000,4250,持分移轉,01670045
RPWNMLPJRHJGFCP47DA,興西段,42.33,都市：其他:住宅區,100000,3495,持分移轉,03200000
RPPNMLMJRHJGFCP09DA,興西段,36.54,都市：其他:住宅區,100000,3017,持分移轉,03200000
RPVNMLPJRHJGFCP37DA,興西段,34.30,都市：其他:住宅區,100000,2832,持分移轉,03200000
RPQNMLMJRHJGFCP56DA,興西段,35.74,都市：其他:住宅區,100000,2951,持分移轉,03200000
RPRNMLMJRHJGFCP66DA,興西段,36.54,都市：其他:住宅區,100000,3017,持分移轉,03200000
RPTNMLLKRHJGFCP86DA,新街段,17.52,都市：其他:住宅區,1000000,14195,持分移轉,03710000
RPTNMLLKRHJGFCP86DA,新街段,.93,都市：其他:住宅區,1000000,14195,持分移轉,03710039
RPTNMLLKRHJGFCP86DA,新街段,.77,都市：其他:住宅區,1000000,14195,持分移轉,03710040
RPQNMLSKPHJGFAP86DA,北環段,3.60,都市：其他:住宅區,100000,1803,持分移轉,00390000
RPQNMLSKPHJGFAP86DA,北環段,16.95,都市：其他:住宅區,100000,1803,持分移轉,00400000
RPPNMLMKRHJGFCP66EA,新街段,13.39,都市：其他:住宅區,1000000,10845,持分移轉,03710000
RPPNMLMKRHJGFCP66EA,新街段,.71,都市：其他:住宅區,1000000,10845,持分移轉,03710039
RPPNMLMKRHJGFCP66EA,新街段,.59,都市：其他:住宅區,1000000,10845,持分移轉,03710040
