﻿鄉鎮市區,交易標的,土地位置建物門牌,土地移轉總面積平方公尺,都市土地使用分區,非都市土地使用分區,非都市土地使用編定,交易年月日,交易筆棟數,移轉層次,總樓層數,建物型態,主要用途,主要建材,建築完成年月,建物移轉總面積平方公尺,建物現況格局-房,建物現況格局-廳,建物現況格局-衛,建物現況格局-隔間,有無管理組織,總價元,單價元平方公尺,車位類別,車位移轉總面積平方公尺,車位總價元,備註,編號,建案名稱,棟及號,解約情形
The villages and towns urban district,transaction sign,land sector position building sector house number plate,land shifting total area square meter,the use zoning or compiles and checks,the non-metropolis land use district,non-metropolis land use,transaction year month and day,transaction pen number,shifting level,total floor number,building state,main use,main building materials,construction to complete the years,building shifting total area,Building present situation pattern - room,building present situation pattern - hall,building present situation pattern - health,building present situation pattern - compartmented,Whether there is manages the organization,total price NTD,the unit price (NTD / square meter),the berth category,berth shifting total area square meter,the berth total price NTD,the note,serial number,build case,buildings,termination type
太保市,房地(土地+建物),嘉義縣太保市後潭,113.0,住,,,1130819,土地1建物1車位0,全,3,透天厝,住家用,鋼筋混凝土造,,227.76,4,3,5,有,無,14140000,62083,,0.0,0,,RPPNMLKLQHJGFDQ56CB,銀座一番住宅新建工程-透天10戶,A棟5號,
大林鎮,房地(土地+建物),嘉義縣大林鎮甘蔗崙,105.71,住,,,1130818,土地6建物1車位0,全,3,透天厝,住家用,鋼筋混凝土造,,134.38,4,2,3,有,無,10350000,77020,,0.0,0,,RPPNMLPJRHJGFCQ86CB,輕井澤,B8棟0號,
民雄鄉,房地(土地+建物)+車位,嘉義縣民雄鄉嘉166縣道,38.63,住,,,1130811,土地2建物1車位1,七層,14,住宅大樓(11層含以上有電梯),住家用,鋼筋混凝土造,,155.66,3,1,2,有,無,10250000,73553,坡道平面,33.3,1250000,,RPRNMLQJRHJGFCQ17CB,寶格?星,7B1棟0號,
中埔鄉,房地(土地+建物),嘉義縣中埔鄉中埔國中西側400M,185.99,,一般農業區,丙種建築用地,1130814,土地4建物1車位0,全,3,透天厝,住家用,鋼筋混凝土造,,155.4,4,2,3,有,無,22160000,142600,,0.0,0,,RPPNMLQJRHJGFDQ07CB,東唐境,A棟1號,
中埔鄉,房地(土地+建物),嘉義縣中埔鄉中埔國中西側400M,119.57,,一般農業區,丙種建築用地,1130813,土地4建物1車位0,全,3,透天厝,住家用,鋼筋混凝土造,,155.4,4,2,3,有,無,16060000,103346,,0.0,0,,RPQNMLQJRHJGFDQ17CB,東唐境,A棟6號,
中埔鄉,房地(土地+建物),嘉義縣中埔鄉中埔國中西側400M,119.9,,一般農業區,丙種建築用地,1130817,土地4建物1車位0,全,3,透天厝,住家用,鋼筋混凝土造,,155.4,4,2,3,有,無,16160000,103990,,0.0,0,,RPRNMLQJRHJGFDQ27CB,東唐境,A棟16號,
中埔鄉,房地(土地+建物),嘉義縣中埔鄉中庄仔段61地號等18筆福興路幸福十街交叉口,20.09,住,,,1130818,土地1建物1車位0,七層,7,華廈(10層含以下有電梯),住家用,鋼筋混凝土造,,67.78,2,2,2,有,無,6030000,88964,,0.0,0,,RPPNMLRJRHJGFDQ17CB,元森和睦,1棟7A7號,
中埔鄉,房地(土地+建物),嘉義縣中埔鄉中埔國中西側400M,150.49,,一般農業區,丙種建築用地,1130815,土地4建物1車位0,全,3,透天厝,住家用,鋼筋混凝土造,,143.6,4,2,3,有,無,14260000,99304,,0.0,0,,RPPNMLTJRHJGFDQ37CB,東唐境,B棟2號,
中埔鄉,房地(土地+建物),嘉義縣中埔鄉中埔國中西側400M,157.7,,一般農業區,丙種建築用地,1130813,土地4建物1車位0,全,3,透天厝,住家用,鋼筋混凝土造,,143.6,4,2,3,有,無,14460000,100696,,0.0,0,,RPQNMLTJRHJGFDQ47CB,東唐境,B棟3號,
中埔鄉,房地(土地+建物),嘉義縣中埔鄉中埔國中西側400M,163.13,,一般農業區,丙種建築用地,1130813,土地4建物1車位0,全,3,透天厝,住家用,鋼筋混凝土造,,143.6,4,2,3,有,無,14560000,101393,,0.0,0,,RPRNMLTJRHJGFDQ57CB,東唐境,B棟6號,
中埔鄉,房地(土地+建物),嘉義縣中埔鄉中埔國中西側400M,200.8,,一般農業區,丙種建築用地,1130819,土地4建物1車位0,全,3,透天厝,住家用,鋼筋混凝土造,,143.6,4,2,3,有,無,15660000,109053,,0.0,0,,RPSNMLTJRHJGFDQ67CB,東唐境,B棟7號,
中埔鄉,房地(土地+建物),嘉義縣中埔鄉中埔國中西側400M,149.59,,一般農業區,丙種建築用地,1130812,土地4建物1車位0,全,3,透天厝,住家用,鋼筋混凝土造,,143.52,4,2,3,有,無,14360000,100056,,0.0,0,,RPTNMLTJRHJGFDQ77CB,東唐境,B棟8號,
中埔鄉,房地(土地+建物),嘉義縣中埔鄉中埔國中西側400M,119.83,,一般農業區,丙種建築用地,1130812,土地4建物1車位0,全,3,透天厝,住家用,鋼筋混凝土造,,143.6,4,2,3,有,無,13360000,93036,,0.0,0,,RPUNMLTJRHJGFDQ87CB,東唐境,B棟10號,
中埔鄉,房地(土地+建物),嘉義縣中埔鄉中埔國中西側400M,119.83,,一般農業區,丙種建築用地,1130818,土地4建物1車位0,全,3,透天厝,住家用,鋼筋混凝土造,,143.6,4,2,3,有,無,13160000,91643,,0.0,0,,RPVNMLTJRHJGFDQ97CB,東唐境,B棟13號,
中埔鄉,房地(土地+建物),嘉義縣中埔鄉中埔國中西側400M,131.08,,一般農業區,丙種建築用地,1130816,土地4建物1車位0,全,3,透天厝,住家用,鋼筋混凝土造,,157.86,4,2,3,有,無,14560000,92234,,0.0,0,,RPWNMLTJRHJGFDQ08CB,東唐境,C棟2號,
中埔鄉,房地(土地+建物),嘉義縣中埔鄉中埔國中西側400M,100.5,,一般農業區,丙種建築用地,1130813,土地4建物1車位0,全,3,透天厝,住家用,鋼筋混凝土造,,143.6,4,2,3,有,無,12660000,88162,,0.0,0,,RPXNMLTJRHJGFDQ18CB,東唐境,C棟11號,
中埔鄉,房地(土地+建物),嘉義縣中埔鄉中埔國中西側400M,129.53,,一般農業區,丙種建築用地,1130817,土地4建物1車位0,全,3,透天厝,住家用,鋼筋混凝土造,,143.6,4,2,3,有,無,13660000,95125,,0.0,0,,RPQOMLTJRHJGFDQ57CB,東唐境,C棟15號,
中埔鄉,房地(土地+建物),嘉義縣中埔鄉中埔國中西側400M,142.0,,一般農業區,丙種建築用地,1130811,土地4建物1車位0,全,3,透天厝,住家用,鋼筋混凝土造,,141.17,4,2,3,有,無,14060000,99596,,0.0,0,,RPROMLTJRHJGFDQ67CB,東唐境,C棟16號,
民雄鄉,房地(土地+建物),嘉義縣民雄鄉山中村牛斗山209號旁,22.1,,鄉村區,乙種建築用地,1130816,土地1建物1車位0,二層,7,華廈(10層含以下有電梯),住家用,鋼筋混凝土造,,67.69,2,2,1,有,無,4630000,68400,,0.0,0,,RPPNMLMKRHJGFCQ66CB,豐收6期,.棟2F-G號,
民雄鄉,房地(土地+建物)+車位,嘉義縣民雄鄉山中村牛斗山209號旁,26.46,,鄉村區,乙種建築用地,1130820,土地1建物1車位1,六層,7,華廈(10層含以下有電梯),住家用,鋼筋混凝土造,,97.02,2,2,2,有,無,7380000,76780,坡道機械,16.53,1200000,,RPRNMLQKRHJGFCQ27CB,豐收6期,6F-H號,
