﻿編號,土地位置,土地移轉面積平方公尺,使用分區或編定,權利人持分分母,權利人持分分子,移轉情形,地號
The serial number, land position,land shifting area square meter,the use zoning or compiles and checks,,,,land parcel
RPPNMLTJRHJGFBQ17DA,富安段,165.28,非都市：鄉村區 ; 非都市編定：乙種建築用地,1,1,全筆移轉,01780000
RPPNMLNKRHJGFBQ76EA,新庄段新庄小段,7925.00,非都市：工業區 ; 非都市編定：丁種建築用地,1,1,全筆移轉,00060005
RPQNMLNKRHJGFBQ76DA,過溝新段,5152.82,非都市：一般農業區 ; 非都市編定：養殖用地,1,1,全筆移轉,09770000
RPSNMLKKRHJGFDQ96EA,龜佛山段重劃小段,3464.00,非都市：特定農業區 ; 非都市編定：農牧用地,1,1,全筆移轉,13550000
RPQNMLNKRHJGFBQ76DA,過溝新段,1920.21,非都市：一般農業區 ; 非都市編定：養殖用地,1,1,全筆移轉,09780000
RPWNMLNKRHJGFBQ37DA,三塊厝段三家小段,1450.00,非都市：一般農業區 ; 非都市編定：農牧用地,1,1,全筆移轉,02950000
RPRNMLMKRHJGFEQ17EA,樟樹坪段,1392.00,非都市：一般農業區 ; 非都市編定：農牧用地,1,1,全筆移轉,04550000
RPPNMLNKRHJGFBQ66DA,過溝新段,2639.31,非都市：一般農業區 ; 非都市編定：養殖用地,3,1,持分移轉,10030000
RPSNMLTJRHJGFBQ47DA,溪口段,1546.65,非都市：特定農業區 ; 非都市編定：農牧用地,10000,2631,持分移轉,00290000
RPQNMLMKRHJGFBQ66DA,平和段,6.38,都市：其他:道路用地,24,3,持分移轉,03380001
RPSNMLNJRHJGFBQ86DA,溪洲段溪洲小段,595.00,非都市：鄉村區 ; 非都市編定：乙種建築用地,1,1,全筆移轉,05360000
RPSNMLNJRHJGFBQ86DA,溪洲段溪洲小段,32.00,非都市：鄉村區 ; 非都市編定：交通用地,1,1,全筆移轉,05360001
RPSNMLQKRHJGFBQ27DA,溪墘厝段,88.00,非都市：鄉村區 ; 非都市編定：乙種建築用地,1,1,全筆移轉,01330008
RPUNMLNKRHJGFBQ17DA,義竹段義竹小段,2342.00,非都市：特定農業區 ; 非都市編定：農牧用地,1,1,全筆移轉,11310000
RPTNMLSKRHJGFBQ57DA,中溝段,666.10,非都市：鄉村區 ; 非都市編定：乙種建築用地,1,1,全筆移轉,00070000
RPRNMLSKRHJGFDQ57DA,北回段,41.88,都市：其他:住宅區,2,1,持分移轉,06500000
RPQNMLSJRHJGFBQ17DA,吳竹子腳段德家小段,3010.00,非都市：特定農業區 ; 非都市編定：農牧用地,1,1,全筆移轉,03140000
RPRNMLSLQHJGFCQ47DA,民興段,89.00,都市：其他:住宅區,1,1,全筆移轉,03970000
RPPNMLTJRHJGFBQ27EA,新庄段大館小段,3554.00,非都市：工業區 ; 非都市編定：丁種建築用地,1,1,全筆移轉,00060008
RPRNMLKMQHJGFDQ86DA,麻寮段,7.61,都市：其他:道路用地,18,2,持分移轉,05620000
RPRNMLKMQHJGFDQ86DA,麻寮段,43.44,都市：其他:道路用地,1,1,全筆移轉,05780000
RPQNMLPJRHJGFBQ86DA,嘉朴段,7.60,都市：其他:住宅區,100000,132,持分移轉,02620000
RPQNMLTJRHJGFBQ37EA,新庄段大館小段,3555.00,非都市：工業區 ; 非都市編定：丁種建築用地,1,1,全筆移轉,00060009
RPPNMLQJRHJGFDQ17EA,竹子脚段松竹小段,1104.00,非都市：特定農業區 ; 非都市編定：農牧用地,2,1,持分移轉,02890000
RPQNMLTJRHJGFBQ27DA,新庄段新庄小段,2226.00,非都市：特定農業區 ; 非都市編定：農牧用地,1,1,全筆移轉,04580000
RPSNMLQJRHJGFDQ37DA,義興段,143.03,非都市：鄉村區 ; 非都市編定：乙種建築用地,1,1,全筆移轉,05890000
RPPNMLTJRHJGFEQ47DA,內甕段,5.65,都市：其他:住宅區,10000,10,持分移轉,00970009
RPPNMLTJRHJGFEQ47DA,內甕段,.27,都市：其他:保護區,10000,10,持分移轉,00970043
RPRNMLPJQHJGFBQ86DA,新生段,101.25,都市：其他:住宅區,1,1,全筆移轉,00700107
RPRNMLPJQHJGFBQ86DA,新生段,101.25,都市：其他:住宅區,1,1,全筆移轉,00700108
RPQNMLNJRHJGFEQ07EA,大半天寮段,228.50,非都市：山坡地保育區 ; 非都市編定：農牧用地,12,1,持分移轉,00630000
RPQNMLNJRHJGFEQ07EA,大半天寮段,8.00,非都市：山坡地保育區 ; 非都市編定：林業用地,6,1,持分移轉,00630045
RPQNMLNJRHJGFEQ07EA,大半天寮段,212.67,非都市：山坡地保育區 ; 非都市編定：農牧用地,12,1,持分移轉,00630048
RPRNMLTJRHJGFBQ37DA,義竹段義竹小段,1238.00,非都市：特定農業區 ; 非都市編定：農牧用地,1,1,全筆移轉,03510000
RPPNMLKMQHJGFEQ76DA,樟樹坪段,121.00,非都市：山坡地保育區 ; 非都市編定：農牧用地,1368,121,持分移轉,07180000
RPUNMLQJRHJGFCQ47DA,西庄段西庄小段,2078.00,非都市：特定農業區 ; 非都市編定：農牧用地,1,1,全筆移轉,07510000
RPRNMLOJRHJGFCQ96DA,西結段,30.92,非都市：特定農業區 ; 非都市編定：甲種建築用地,586800,107478,持分移轉,04130000
RPRNMLOJRHJGFCQ96DA,西結段,457.78,非都市：特定農業區 ; 非都市編定：甲種建築用地,1,1,全筆移轉,04140000
RPRNMLOJRHJGFCQ96DA,西結段,30.30,非都市：特定農業區 ; 非都市編定：甲種建築用地,586800,107478,持分移轉,04180000
RPQNMLTJRHJGFCQ37DA,山中段,18.50,非都市：鄉村區 ; 非都市編定：乙種建築用地,1,1,全筆移轉,02380025
RPPNMLSJRHJGFBQ07DA,大葛段,6.77,非都市：鄉村區 ; 非都市編定：乙種建築用地,80,3,持分移轉,01900000
RPPNMLSJRHJGFBQ07DA,大葛段,36.32,非都市：鄉村區 ; 非都市編定：乙種建築用地,24,3,持分移轉,01940000
RPPNMLPJRHJGFCQ86DA,潭底段潭底小段,1.25,都市：其他:住宅區,1527178,7665,持分移轉,02670004
RPPNMLPJRHJGFCQ86DA,潭底段潭底小段,.12,都市：其他:住宅區,1527178,1533,持分移轉,02670005
RPPNMLPJRHJGFCQ86DA,潭底段潭底小段,1.57,都市：其他:住宅區,1527178,7665,持分移轉,02670009
RPPNMLPJRHJGFCQ86DA,潭底段潭底小段,28.00,都市：其他:住宅區,5,1,持分移轉,02670011
RPPNMLPJRHJGFCQ86DA,潭底段潭底小段,1.54,都市：其他:住宅區,1527178,7665,持分移轉,03640012
RPRNMLOJRHJGFDQ07DA,中庄仔段,107.14,都市：其他:住宅區,1,1,全筆移轉,01300002
RPQNMLKKRHJGFBQ56EA,新店新段,4184.66,非都市：特定專用區 ; 非都市編定：養殖用地,1,1,全筆移轉,09130000
RPQNMLKKRHJGFBQ56EA,新店新段,58.47,非都市：特定專用區 ; 非都市編定：養殖用地,1,1,全筆移轉,09140000
RPPNMLKKRHJGFBQ09EA,港尾寮新段,492.66,非都市：一般農業區 ; 非都市編定：水利用地,1,1,全筆移轉,09310000
RPPNMLKKRHJGFBQ09EA,港尾寮新段,366.31,非都市：一般農業區 ; 非都市編定：水利用地,1,1,全筆移轉,09640000
RPPNMLTJRHJGFDQ47EA,竹子脚段松竹小段,590.00,非都市：特定農業區 ; 非都市編定：農牧用地,3,1,持分移轉,05960000
RPPNMLTJRHJGFDQ47EA,竹子脚段松竹小段,1430.33,非都市：特定農業區 ; 非都市編定：農牧用地,3,1,持分移轉,05980000
RPPNMLKKRHJGFEQ76EA,圳頭段,62.09,非都市：山坡地保育區 ; 非都市編定：丙種建築用地,45,2,持分移轉,02300000
RPVNMLQKQHJGFBQ47DA,溪洲段溪洲小段,2215.00,非都市：特定農業區 ; 非都市編定：農牧用地,1,1,全筆移轉,09060000
RPUNMLQKQHJGFBQ37DA,溪洲段溪洲小段,2215.00,非都市：特定農業區 ; 非都市編定：農牧用地,1,1,全筆移轉,09050000
RPQNMLMJRHJGFCQ66DA,新港段宮後小段,3465.00,非都市：特定農業區 ; 非都市編定：農牧用地,1,1,全筆移轉,00600000
RPPNMLTJRHJGFCQ37EA,豐收段,38.88,都市：其他:農,9,1,持分移轉,04050000
RPRNMLKKRHJGFCQ66DA,民北段,107.00,都市：其他:住宅區,1,1,全筆移轉,07160000
RPSNMLOJRHJGFDQ17DA,中庄仔段,111.33,都市：其他:住宅區,1,1,全筆移轉,01300003
RPRNMLTLQHJGFCQ57DA,潭底段潭底小段,1.04,都市：其他:住宅區,2903535,10373,持分移轉,02630001
RPRNMLTLQHJGFCQ57DA,潭底段潭底小段,1.08,都市：其他:住宅區,2903535,10373,持分移轉,02970001
RPRNMLTLQHJGFCQ57DA,潭底段潭底小段,1.09,都市：其他:住宅區,2903535,10373,持分移轉,03040001
RPRNMLTLQHJGFCQ57DA,潭底段潭底小段,2.63,都市：其他:住宅區,2903535,10373,持分移轉,03110001
RPRNMLTLQHJGFCQ57DA,潭底段潭底小段,44.02,都市：其他:住宅區,40,1,持分移轉,03110002
RPRNMLTLQHJGFCQ57DA,潭底段潭底小段,.91,都市：其他:住宅區,2903535,10373,持分移轉,03350001
RPRNMLTLQHJGFCQ57DA,潭底段潭底小段,.05,都市：其他:住宅區,2903535,10373,持分移轉,03350002
SPQNMLOJRHJGFCQ96DA,游厝段游東小段,2039.00,非都市：特定農業區 ; 非都市編定：農牧用地,1,1,全筆移轉,07760000
RPVNMLTJRHJGFDQ97DA,義興段,4.85,非都市：鄉村區 ; 非都市編定：乙種建築用地,1,1,全筆移轉,03020002
RPQNMLSLQHJGFEQ57DA,大湖段,137.08,非都市：森林區 ; 非都市編定：農牧用地,12,1,持分移轉,00840157
RPPNMLPJRHJGFDQ96DA,埔東段,84.13,都市：其他:住宅區,1,1,全筆移轉,07430000
RPPNMLNJRHJGFBQ56DA,見龍段,330.41,都市：其他:農業區,6,1,持分移轉,10360000
RPPNMLKKRHJGFDQ66EA,施厝寮段施家小段,2856.00,非都市：特定農業區 ; 非都市編定：農牧用地,1,1,全筆移轉,01790000
RPQNMLOJRHJGFCQ86DA,游厝段游東小段,1176.00,非都市：特定農業區 ; 非都市編定：農牧用地,1,1,全筆移轉,02610000
RPSNMLQJRHJGFCQ27DA,民農段,9.70,都市：其他:住宅區,100000,1744,持分移轉,06650000
RPTNMLQJRHJGFCQ37DA,民農段,9.79,都市：其他:住宅區,100000,1761,持分移轉,06650000
RPTNMLKKRHJGFCQ86DA,坪頂段,310.32,非都市：特定農業區 ; 非都市編定：甲種建築用地,4,1,持分移轉,01460000
RPTNMLKKRHJGFCQ86DA,頂坪段下坪小段,2461.00,非都市：特定農業區 ; 非都市編定：農牧用地,1,1,全筆移轉,02810000
RPQNMLMKRHJGFEQ07EA,南下坑段,51.72,非都市：山坡地保育區 ; 非都市編定：丙種建築用地,1,1,全筆移轉,14510001
RPQNMLMKRHJGFEQ07EA,南下坑段,11.01,非都市：山坡地保育區 ; 非都市編定：丙種建築用地,1,1,全筆移轉,14510003
RPQNMLMKRHJGFEQ07EA,南下坑段,114.84,非都市：山坡地保育區 ; 非都市編定：丙種建築用地,1,1,全筆移轉,14510004
RPQNMLMKRHJGFEQ07EA,南下坑段,116.16,非都市：山坡地保育區 ; 非都市編定：丙種建築用地,1,1,全筆移轉,14510005
RPQNMLMKRHJGFEQ07EA,南下坑段,119.73,非都市：山坡地保育區 ; 非都市編定：丙種建築用地,1,1,全筆移轉,14510006
RPQNMLMKRHJGFEQ07EA,南下坑段,122.42,非都市：山坡地保育區 ; 非都市編定：丙種建築用地,1,1,全筆移轉,14510007
RPQNMLMKRHJGFEQ07EA,南下坑段,128.34,非都市：山坡地保育區 ; 非都市編定：丙種建築用地,1,1,全筆移轉,14510008
RPQNMLMKRHJGFEQ07EA,南下坑段,129.52,非都市：山坡地保育區 ; 非都市編定：丙種建築用地,1,1,全筆移轉,14510009
RPQNMLMKRHJGFEQ07EA,南下坑段,129.89,非都市：山坡地保育區 ; 非都市編定：丙種建築用地,1,1,全筆移轉,14510010
RPQNMLMKRHJGFEQ07EA,南下坑段,132.97,非都市：山坡地保育區 ; 非都市編定：丙種建築用地,1,1,全筆移轉,14510011
RPVOMLLKRHJGFCQ27DA,五穀王段,150.37,都市：其他:住,1,1,全筆移轉,03760000
RPQNMLTLQHJGFBQ37DA,潭子墘新段,64.02,非都市：一般農業區 ; 非都市編定：甲種建築用地,1,1,全筆移轉,00760000
RPSNMLKKRHJGFDQ86DA,柳新段,25.51,非都市：鄉村區 ; 非都市編定：乙種建築用地,1,1,全筆移轉,06720000
RPRNMLNKRHJGFBQ86DA,下雙溪段兩溪小段,1783.00,非都市：特定農業區 ; 非都市編定：農牧用地,1,1,全筆移轉,00420000
RPRNMLNKRHJGFBQ86DA,下雙溪段兩溪小段,1551.00,非都市：特定農業區 ; 非都市編定：農牧用地,1,1,全筆移轉,00430000
RPSNMLKKRHJGFDQ86DA,柳新段,36.03,非都市：鄉村區 ; 非都市編定：乙種建築用地,1,1,全筆移轉,06730000
RPPNMLMKRHJGFCQ66DA,世興段,30.81,都市：其他:住宅區,1,1,全筆移轉,08290048
RPTNMLTJRHJGFDQ77DA,麻寮段,1.61,都市：其他:道路用地,72,7,持分移轉,05520001
RPRNMLKKRHJGFDQ76DA,龍德段,79.88,非都市：特定農業區 ; 非都市編定：甲種建築用地,1,1,全筆移轉,05510000
RPRNMLMLQHJGFDQ96DA,下潭新段,4032.89,非都市：特定農業區 ; 非都市編定：農牧用地,2,1,持分移轉,08310000
RPPNMLQJRHJGFBQ86DA,大槺榔段大溝小段,2433.00,都市：其他:農業區,1,1,全筆移轉,03170000
RPSNMLPJRHJGFBQ07DA,溪洲段溪洲小段,21.00,非都市：鄉村區 ; 非都市編定：交通用地,9,3,持分移轉,03970000
RPSNMLPJRHJGFBQ07DA,溪洲段溪洲小段,304.00,非都市：鄉村區 ; 非都市編定：乙種建築用地,1,1,全筆移轉,03990001
RPRNMLLKRHJGFDQ86DA,光興段,102.07,非都市：特定農業區 ; 非都市編定：甲種建築用地,1,1,全筆移轉,02500000
RPTNMLTLQHJGFCQ77DA,復興段,1101.21,非都市：一般農業區 ; 非都市編定：水利用地,1,1,全筆移轉,04800000
RPRNMLKKRHJGFDQ86EA,三界埔段,113.07,非都市：山坡地保育區 ; 非都市編定：農牧用地,738800,11307,持分移轉,02770000
RPSNMLTJRHJGFCQ57DA,江厝店段,515.20,都市：其他:農業區,5,4,持分移轉,04730000
RPOPMLLKRHJGFCQ66DA,港西段,87.00,都市：其他:商業區,1,1,全筆移轉,04450000
RPWNMLNLQHJGFBQ37DA,下雙溪段,757.00,非都市：一般農業區 ; 非都市編定：農牧用地,1,1,全筆移轉,02000000
RPPNMLNKRHJGFCQ86EA,豐收段,65.60,非都市：特定農業區 ; 非都市編定：水利用地,1,1,全筆移轉,04700001
RPPNMLLKRHJGFDQ66DA,後潭段後潭小段,113.00,都市：其他:住宅區,1,1,全筆移轉,09930012
RPQNMLQJRHJGFDQ17DA,溪洲段,669.90,非都市：一般農業區 ; 非都市編定：農牧用地,1,1,全筆移轉,01660000
RPRNMLMKRHJGFBQ76DA,六興段,84.16,都市：其他:住宅區,1,1,全筆移轉,05450000
RPPNMLQKRHJGFBQ96DA,後鎮段後鎮小段,2808.00,非都市：特定農業區 ; 非都市編定：農牧用地,1,1,全筆移轉,01190000
RPRNMLSLQHJGFBQ37DA,南勢竹段南竹小段,2610.00,非都市：特定農業區 ; 非都市編定：農牧用地,1,1,全筆移轉,05990000
RPPNMLNJRHJGFCQ66DA,建國段,2.00,都市：其他:道路用地,1,1,全筆移轉,13410000
RPPNMLNJRHJGFCQ66DA,建國段,132.00,都市：其他:住宅區,1,1,全筆移轉,13420000
RPPNMLNJRHJGFCQ66DA,建國段,94.00,都市：其他:住宅區,1,1,全筆移轉,13430000
RPPNMLNJRHJGFCQ66DA,建國段,1.79,都市：其他:住宅區,580932,65000,持分移轉,13460000
RPPNMLQJRHJGFCQ96DA,溪東段,185.84,都市：其他:住,1,1,全筆移轉,10510000
RPPNMLNJRHJGFCQ66DA,建國段,1.34,都市：其他:住宅區,580932,32500,持分移轉,13480000
RPPNMLNJRHJGFCQ66DA,建國段,2.07,都市：其他:住宅區,580932,32500,持分移轉,13480001
RPPNMLNJRHJGFCQ66DA,建國段,1.57,都市：其他:住宅區,580932,32500,持分移轉,13600000
RPSNMLRKQHJGFDQ47DA,崙子頂段崙頂小段,243.00,都市：其他:綠道用地,1,1,全筆移轉,01450000
RPSNMLRKQHJGFDQ47DA,崙子頂段崙頂小段,308.00,都市：其他:住宅區,1,1,全筆移轉,01450001
RPSNMLRKQHJGFDQ47DA,崙子頂段崙頂小段,1484.00,都市：其他:住宅區,1,1,全筆移轉,01450002
RPPNMLNKQHJGFCQ66DA,平林段,44.02,都市：其他:住宅區,1,1,全筆移轉,03370000
RPRNMLQKQHJGFCQ17DA,潭底段潭底小段,25.68,都市：其他:住宅區,100000,678,持分移轉,00610000
RPRNMLMKQHJGFDQ86DA,埔美段,85.32,都市：其他:市場用地,10000,127,持分移轉,07690000
RPSNMLKMQHJGFDQ96DA,埔段,1939.63,非都市：山坡地保育區 ; 非都市編定：農牧用地,1,1,全筆移轉,03320000
RPQNMLTJRHJGFCQ47EA,疊溪段,85.41,非都市：特定農業區 ; 非都市編定：甲種建築用地,1,1,全筆移轉,02210000
RPQNMLTJRHJGFCQ47EA,疊溪段,289.33,非都市：特定農業區 ; 非都市編定：農牧用地,12,2,持分移轉,02220000
RPTNMLRLQHJGFCQ67EA,林子尾段重建小段,171.00,非都市：一般農業區 ; 非都市編定：水利用地,1,1,全筆移轉,00260007
RPTNMLQKQHJGFBQ27DA,頂揖子寮段頂揖小段,1237.00,非都市：一般農業區 ; 非都市編定：農牧用地,1,1,全筆移轉,03940000
RPUNMLTJRHJGFBQ67DA,港尾寮段豐美小段,2477.00,非都市：特定農業區 ; 非都市編定：農牧用地,1,1,全筆移轉,11140000
RPQNMLQJRHJGFBQ96DA,大德興段,395.28,非都市：特定農業區 ; 非都市編定：農牧用地,1,1,全筆移轉,04160000
RPRNMLPJQHJGFCQ96DA,田中央段田中央小段,204.00,非都市：特定農業區 ; 非都市編定：水利用地,1,1,全筆移轉,00990001
RPQNMLTJRHJGFEQ57DA,新福段,912.05,非都市：一般農業區 ; 非都市編定：農牧用地,1,1,全筆移轉,03250000
RPXOMLLLQHJGFDQ57DA,深坑段,1101.75,非都市：山坡地保育區 ; 非都市編定：農牧用地,4,1,持分移轉,02380020
RPRNMLSJPHJGFBQ07DA,溪子下段溪子下小段,2319.00,非都市：一般農業區 ; 非都市編定：農牧用地,1,1,全筆移轉,02540000
RPRNMLSJPHJGFBQ07DA,溪子下段溪子下小段,4089.00,非都市：一般農業區 ; 非都市編定：農牧用地,1,1,全筆移轉,02560000
RPPNMLQJRHJGFDQ07DA,靖和段,42.20,非都市：特定農業區 ; 非都市編定：甲種建築用地,2,1,持分移轉,03730000
RPPNMLQJRHJGFDQ07DA,靖和段,100.70,非都市：特定農業區 ; 非都市編定：甲種建築用地,2,1,持分移轉,03740000
RPVNMLQJRHJGFCQ57DA,世興段,80.57,都市：其他:住宅區,1,1,全筆移轉,00110000
RPSNMLNLPHJGFCQ96DA,新月眉潭段,21.04,非都市：鄉村區 ; 非都市編定：乙種建築用地,3,1,持分移轉,11410000
RPSNMLNLPHJGFCQ96DA,新月眉潭段,125.58,非都市：鄉村區 ; 非都市編定：乙種建築用地,1,1,全筆移轉,11410001
RPVNMLSLQHJGFBQ77DA,六興段,79.07,都市：其他:住宅區,1,1,全筆移轉,05430000
RPVNMLSLQHJGFBQ77DA,六興段,4.64,都市：其他:住宅區,1,1,全筆移轉,05440000
RPQNMLKKRHJGFDQ76EA,和興段,48.80,都市：其他:住宅區,10000,88,持分移轉,02640000
RPRNMLNKQHJGFCQ86DA,新庄段,78.36,非都市：鄉村區 ; 非都市編定：乙種建築用地,1,1,全筆移轉,06770000
RPVNMLNKRHJGFBQ27DA,雙涵段雙涵小段,3910.00,非都市：特定農業區 ; 非都市編定：農牧用地,1,1,全筆移轉,05780000
RPUNMLQJRHJGFDQ57DA,檨仔林段,1796.55,非都市：山坡地保育區 ; 非都市編定：農牧用地,1,1,全筆移轉,09050000
RPWOMLLKRHJGFCQ37DA,三間厝新段,261.25,非都市：特定農業區 ; 非都市編定：甲種建築用地,1,1,全筆移轉,07370000
RPWOMLLKRHJGFCQ37DA,三間厝新段,261.24,非都市：特定農業區 ; 非都市編定：甲種建築用地,1,1,全筆移轉,07380000
RPWOMLLKRHJGFCQ37DA,三間厝新段,261.25,非都市：特定農業區 ; 非都市編定：甲種建築用地,1,1,全筆移轉,07390000
RPWOMLLKRHJGFCQ37DA,三間厝新段,261.24,非都市：特定農業區 ; 非都市編定：甲種建築用地,1,1,全筆移轉,07400000
RPWOMLLKRHJGFCQ37DA,三間厝新段,135.89,非都市：特定農業區 ; 非都市編定：甲種建築用地,10,8,持分移轉,07420000
RPQNMLMKRHJGFCQ76DA,崙尾段天赦小段,51.00,非都市：鄉村區 ; 非都市編定：乙種建築用地,1,1,全筆移轉,00190010
RPQNMLMKRHJGFCQ76DA,崙尾段美南小段,40.00,非都市：鄉村區 ; 非都市編定：乙種建築用地,1,1,全筆移轉,01430004
RPTNMLQJRHJGFDQ47DA,安家厝段,1372.94,非都市：特定農業區 ; 非都市編定：農牧用地,2,1,持分移轉,01320000
RPPPMLNKRHJGFBQ86DA,六腳段六嘉小段,752.00,非都市：特定農業區 ; 非都市編定：甲種建築用地,1,1,全筆移轉,02240000
RPPOMLTLQHJGFCQ47DA,金興段,2.76,都市：其他:道路用地,14,1,持分移轉,00020000
RPSOMLNKRHJGFBQ07DA,六腳段六嘉小段,195.00,非都市：特定農業區 ; 非都市編定：甲種建築用地,1,1,全筆移轉,02240005
RPPOMLTLQHJGFCQ47DA,金興段,5.61,都市：其他:農業區,14,1,持分移轉,00030000
RPPOMLTLQHJGFCQ47DA,金興段,83.79,都市：其他:農業區,1,1,全筆移轉,00150000
RPPOMLTLQHJGFCQ47DA,金興段,29.64,都市：其他:農業區,14,1,持分移轉,00220000
RPRNMLRJQHJGFBQ07DA,鴨母寮段竹村小段,4294.00,非都市：特定農業區 ; 非都市編定：農牧用地,1,1,全筆移轉,02100000
RPPNMLKKRHJGFEQ66DA,金獅寮段,4412.00,非都市：山坡地保育區 ; 非都市編定：農牧用地,1,1,全筆移轉,00120009
RPPNMLQKRHJGFEQ37EA,瓦厝埔段,500.00,非都市：一般農業區 ; 非都市編定：農牧用地,1,1,全筆移轉,04620012
RPPNMLQKRHJGFEQ37EA,瓦厝埔段,2653.00,非都市：一般農業區 ; 非都市編定：農牧用地,1,1,全筆移轉,04770000
RPSNMLNKRHJGFBQ96DA,樹林頭段樹林小段,424.00,非都市：鄉村區 ; 非都市編定：乙種建築用地,1,1,全筆移轉,04190002
RPPNMLNLPHJGFEQ86DA,內甕段,3.07,都市：其他:住宅區,73,1,持分移轉,00140013
RPPNMLNLPHJGFEQ86DA,內甕段,1.67,都市：其他:住宅區,73,1,持分移轉,00160000
RPPNMLNLPHJGFEQ86DA,內甕段,11.77,都市：其他:農業區,73,1,持分移轉,00160019
RPPNMLNLPHJGFEQ86DA,內甕段,85.00,都市：其他:住宅區,1,1,全筆移轉,00160065
RPPNMLNLPHJGFEQ86DA,內甕段,21.84,都市：其他:住宅區,10000,406,持分移轉,00160075
RPPNMLOLQHJGFCQ86DA,崙尾段美南小段,914.00,非都市：特定農業區 ; 非都市編定：農牧用地,1,1,全筆移轉,00040000
RPPNMLOLQHJGFCQ86DA,崙尾段美南小段,914.00,非都市：特定農業區 ; 非都市編定：農牧用地,1,1,全筆移轉,00040001
RPPNMLOLQHJGFCQ86DA,崙尾段美南小段,915.00,非都市：特定農業區 ; 非都市編定：農牧用地,1,1,全筆移轉,00040002
RPPNMLNLPHJGFEQ86DA,內甕段,9.73,都市：其他:住宅區,73,1,持分移轉,00160108
RPPNMLNLPHJGFEQ86DA,內甕段,1.33,都市：其他:住宅區,73,1,持分移轉,00160117
RPPNMLSJRHJGFDQ27DA,崙子頂段崙頂小段,1301.00,都市：其他:住宅區,1,1,全筆移轉,03040000
RPPNMLNJRHJGFDQ86EA,粗溪段粗溪小段,103.00,都市：其他:住宅區,1,1,全筆移轉,02770002
RPRNMLPJRHJGFDQ17DA,安家厝段,29.41,非都市：特定農業區 ; 非都市編定：甲種建築用地,100000,2095,持分移轉,16070000
RPQNMLPJRHJGFDQ07DA,安家厝段,29.42,非都市：特定農業區 ; 非都市編定：甲種建築用地,100000,2096,持分移轉,16070000
RPRNMLRKPHJGFBQ07DA,傳芳段,84.00,都市：其他:住宅區,1,1,全筆移轉,02620000
RPRNMLLKRHJGFCQ76DA,三間厝段,2440.00,非都市：特定農業區 ; 非都市編定：農牧用地,1,1,全筆移轉,05750000
RPQNMLLKRHJGFBQ56DA,仁和段,2005.28,非都市：特定農業區 ; 非都市編定：甲種建築用地,1,1,全筆移轉,02220000
RPQNMLLKRHJGFBQ56DA,仁和段,76.64,非都市：特定農業區 ; 非都市編定：甲種建築用地,12,5,持分移轉,02220002
RPSNMLRLNHJGFCQ17DA,新嘉段,143.34,非都市：特定農業區 ; 非都市編定：甲種建築用地,1,1,全筆移轉,05010000
RPWNMLTJRHJGFCQ97DA,田中央段,3292.00,非都市：特定農業區 ; 非都市編定：農牧用地,1,1,全筆移轉,08880000
RPPNMLLKRHJGFCQ66EA,頂寮段頂寮小段,1118.00,非都市：特定農業區 ; 非都市編定：農牧用地,100000,40000,持分移轉,00210000
RPRNMLNJRHJGFBQ76DA,灣南段,501.10,非都市：鄉村區 ; 非都市編定：乙種建築用地,1,1,全筆移轉,04010000
RPQNMLNKRHJGFCQ96EA,葉子寮段,3870.00,非都市：一般農業區 ; 非都市編定：農牧用地,1,1,全筆移轉,01600000
RPOOMLTJRHJGFDQ37DA,粗溪新段,130.70,都市：其他:住宅區,1,1,全筆移轉,03190002
RPXNMLTJRHJGFDQ18DA,粗溪新段,129.94,都市：其他:住宅區,1,1,全筆移轉,03190001
RPTNMLSLOHJGFBQ37DA,內厝段,8.00,都市：其他:住宅區,1,1,全筆移轉,08400000
RPUNMLSLOHJGFBQ47DA,內厝段,9.00,都市：其他:住宅區,1,1,全筆移轉,08420000
RPSNMLSLOHJGFBQ27DA,內厝段,313.00,都市：其他:住宅區,1,1,全筆移轉,08440000
RPRNMLTJRHJGFCQ47DA,秀林段,32.88,非都市：鄉村區 ; 非都市編定：乙種建築用地,13,1,持分移轉,06460007
RPRNMLTJRHJGFCQ47DA,秀林段,85.28,非都市：鄉村區 ; 非都市編定：乙種建築用地,1,1,全筆移轉,06460010
RPRNMLTJRHJGFCQ47DA,秀林段,.12,非都市：鄉村區 ; 非都市編定：乙種建築用地,13,1,持分移轉,06460016
RPPOMLTJRHJGFDQ47DA,粗溪新段,132.96,都市：其他:住宅區,1,1,全筆移轉,03190000
RPPNMLKKRHJGFCQ09DA,北斗段,100.85,都市：其他:道路用地,18,2,持分移轉,02190001
RPPNMLKKRHJGFCQ09DA,北斗段,39.22,都市：其他:道路用地,18,2,持分移轉,02190002
RPPNMLKKRHJGFCQ09DA,北斗段,153.94,都市：其他:住:附1,16,8,持分移轉,02190004
RPPNMLKKRHJGFCQ09DA,北斗段,13.72,都市：其他:人行步道用地,18,2,持分移轉,02910001
RPPNMLKKRHJGFCQ09DA,北斗段,158.59,都市：其他:住,16,8,持分移轉,02910002
RPPNMLKKRHJGFCQ09DA,北斗段,171.90,都市：其他:道路用地,18,2,持分移轉,02930000
RPPNMLKKRHJGFCQ09DA,北斗段,101.33,都市：其他:公園兼兒童遊樂場用地,18,2,持分移轉,02970000
RPRNMLNKRHJGFDQ07DA,粗溪新段,135.40,都市：其他:住宅區,1,1,全筆移轉,03190003
RPPPMLLMQHJGFDQ96DA,水東段,29.60,都市：其他:住宅區,100000,4273,持分移轉,04280000
RPQPMLLMQHJGFDQ07DA,水東段,28.83,都市：其他:住宅區,100000,4163,持分移轉,04280000
RPQOMLLKRHJGFCQ76DA,北斗段,105.46,都市：其他:住宅區,1,1,全筆移轉,03680017
RPOOMLLKRHJGFCQ56DA,北斗段,110.30,都市：其他:住宅區,1,1,全筆移轉,03680010
RPWNMLLKRHJGFCQ27DA,北斗段,105.46,都市：其他:住宅區,1,1,全筆移轉,03680008
RPXNMLLKRHJGFCQ37DA,北斗段,105.46,都市：其他:住宅區,1,1,全筆移轉,03680009
RPSOMLLKRHJGFCQ96DA,北斗段,110.30,都市：其他:住宅區,1,1,全筆移轉,03680018
RPUNMLLKRHJGFCQ07DA,北斗段,105.46,都市：其他:住宅區,1,1,全筆移轉,03680006
RPVNMLLKRHJGFCQ17DA,北斗段,105.46,都市：其他:住宅區,1,1,全筆移轉,03680007
RPPOMLLKRHJGFCQ66DA,北斗段,105.46,都市：其他:住宅區,1,1,全筆移轉,03680016
RPTOMLLKRHJGFCQ07DA,北斗段,110.30,都市：其他:住宅區,1,1,全筆移轉,03680015
RPQNMLMKRHJGFDQ86DA,水南段,7.32,都市：其他:商業區,28,2,持分移轉,01140000
RPQNMLMKRHJGFDQ86DA,水南段,70.15,都市：其他:商業區,1,1,全筆移轉,01140006
RPROMLTJPHJGFCQ37DA,大工一段,119.32,非都市：工業區 ; 非都市編定：丁種建築用地,1,1,全筆移轉,01780047
RPROMLTJPHJGFCQ37DA,大工一段,12.80,非都市：工業區 ; 非都市編定：丁種建築用地,45,1,持分移轉,01780052
RPQNMLTJPHJGFCQ17DA,大工一段,12.80,非都市：工業區 ; 非都市編定：丁種建築用地,45,1,持分移轉,01780052
RPQNMLTJPHJGFCQ17DA,大工一段,121.16,非都市：工業區 ; 非都市編定：丁種建築用地,1,1,全筆移轉,01780059
RPTOMLTJPHJGFCQ57DA,大工一段,119.32,非都市：工業區 ; 非都市編定：丁種建築用地,1,1,全筆移轉,01780046
RPTOMLTJPHJGFCQ57DA,大工一段,12.80,非都市：工業區 ; 非都市編定：丁種建築用地,45,1,持分移轉,01780052
RPQOMLPJPHJGFDQ96DA,水西段,.55,都市：其他:住宅區,10000,234,持分移轉,11610016
RPQOMLPJPHJGFDQ96DA,水西段,18.04,都市：其他:住宅區,10000,234,持分移轉,11630000
RPQOMLPJPHJGFDQ96DA,水西段,4.54,都市：其他:住宅區,10000,234,持分移轉,11630041
RPQOMLPJPHJGFDQ96DA,水西段,6.44,都市：其他:住宅區,10000,234,持分移轉,11630043
