﻿鄉鎮市區,交易標的,土地位置建物門牌,土地移轉總面積平方公尺,都市土地使用分區,非都市土地使用分區,非都市土地使用編定,交易年月日,交易筆棟數,移轉層次,總樓層數,建物型態,主要用途,主要建材,建築完成年月,建物移轉總面積平方公尺,建物現況格局-房,建物現況格局-廳,建物現況格局-衛,建物現況格局-隔間,有無管理組織,總價元,單價元平方公尺,車位類別,車位移轉總面積平方公尺,車位總價元,備註,編號,主建物面積,附屬建物面積,陽台面積,電梯,移轉編號
The villages and towns urban district,transaction sign,land sector position building sector house number plate,land shifting total area square meter,the use zoning or compiles and checks,the non-metropolis land use district,non-metropolis land use,transaction year month and day,transaction pen number,shifting level,total floor number,building state,main use,main building materials,construction to complete the years,building shifting total area,Building present situation pattern - room,building present situation pattern - hall,building present situation pattern - health,building present situation pattern - compartmented,Whether there is manages the organization,total price NTD,the unit price (NTD / square meter),the berth category,berth shifting total area square meter,the berth total price NTD,the note,serial number,main building area,auxiliary building area,balcony area,elevator,transaction number
鹿草鄉,土地,龜佛山段重劃小段1355地號,3464.0,,特定農業區,農牧用地,1130905,土地1建物0車位0,,,其他,,,,0.0,0,0,0,無,無,8130000,2347,,0.0,0,,RPSNMLKKRHJGFDQ96EA,0.0,0.0,0.0,無,001
竹崎鄉,土地,樟樹坪段455地號,1392.0,,一般農業區,農牧用地,1130903,土地1建物0車位0,,,其他,,,,0.0,0,0,0,無,無,2500000,1796,,0.0,0,,RPRNMLMKRHJGFEQ17EA,0.0,0.0,0.0,無,
義竹鄉,土地,溪洲段溪洲小段536地號,627.0,,鄉村區,乙種建築用地,1130903,土地2建物0車位0,,,其他,,,,0.0,0,0,0,無,無,3900000,6220,,0.0,0,,RPSNMLNJRHJGFBQ86DA,0.0,0.0,0.0,無,
東石鄉,土地,富安段178地號,165.28,,鄉村區,乙種建築用地,1130907,土地1建物0車位0,,,其他,,,,0.0,0,0,0,無,無,800000,4840,,0.0,0,含土地增值稅或其他稅費；,RPPNMLTJRHJGFBQ17DA,0.0,0.0,0.0,無,
布袋鎮,土地,過溝新段1003地號,2639.31,,一般農業區,養殖用地,1130909,土地1建物0車位0,,,其他,,,,0.0,0,0,0,無,無,1715549,650,,0.0,0,,RPPNMLNKRHJGFBQ66DA,0.0,0.0,0.0,無,
布袋鎮,土地,過溝新段977地號,7073.03,,一般農業區,養殖用地,1130909,土地2建物0車位0,,,其他,,,,0.0,0,0,0,無,無,4809660,680,,0.0,0,,RPQNMLNKRHJGFBQ76DA,0.0,0.0,0.0,無,
東石鄉,土地,三塊厝段三家小段295地號,1450.0,,一般農業區,農牧用地,1130911,土地1建物0車位0,,,其他,,,,0.0,0,0,0,無,無,1600000,1103,,0.0,0,,RPWNMLNKRHJGFBQ37DA,0.0,0.0,0.0,無,002
朴子市,土地,新庄段新庄小段6-5地號,7925.0,,工業區,丁種建築用地,1130902,土地1建物0車位0,,,其他,,,,0.0,0,0,0,無,無,165149075,20839,,0.0,0,政府機關標讓售；,RPPNMLNKRHJGFBQ76EA,0.0,0.0,0.0,無,
朴子市,土地,溪口段29地號,1546.65,,特定農業區,農牧用地,1130909,土地1建物0車位0,,,其他,,,,0.0,0,0,0,無,無,100000,65,,0.0,0,部分位於河川安全管制線內屬一般農業區水利用地親友、員工、共有人或其他特殊關係間之交易；,RPSNMLTJRHJGFBQ47DA,0.0,0.0,0.0,無,
朴子市,土地,平和段338-1地號,6.38,都市：其他:道路用地,,,1130903,土地1建物0車位0,,,其他,,,,0.0,0,0,0,無,無,31000,4859,,0.0,0,包含公共設施保留地用地；,RPQNMLMKRHJGFBQ66DA,0.0,0.0,0.0,無,
六腳鄉,房地(土地+建物),嘉義縣六腳鄉溪厝村溪墘厝４９之３號,88.0,,鄉村區,乙種建築用地,1130902,土地1建物1車位0,全,三層,透天厝,住家用,鋼筋混凝土造,1130709,163.56,5,1,3,有,無,7910000,48361,,0.0,0,,RPSNMLQKRHJGFBQ27DA,150.76,0.0,12.8,無,
義竹鄉,土地,義竹段義竹小段1131地號,2342.0,,特定農業區,農牧用地,1130908,土地1建物0車位0,,,其他,,,,0.0,0,0,0,無,無,2342000,1000,,0.0,0,,RPUNMLNKRHJGFBQ17DA,0.0,0.0,0.0,無,
六腳鄉,土地,中溝段7地號,666.1,,鄉村區,乙種建築用地,1130912,土地1建物0車位0,,,其他,,,,0.0,0,0,0,無,無,400000,601,,0.0,0,親友、員工、共有人或其他特殊關係間之交易；,RPTNMLSKRHJGFBQ57DA,0.0,0.0,0.0,無,
水上鄉,土地,北回段650地號,41.88,都市：其他:住宅區,,,1130906,土地1建物1車位0,一層，二層,二層,其他,住商用,鋼筋混凝土加強磚造,0691213,46.54,0,0,0,無,無,400000,9551,,0.0,0,親友、員工、共有人或其他特殊關係間之交易；,RPRNMLSKRHJGFDQ57DA,0.0,0.0,0.0,無,
朴子市,房地(土地+建物),嘉義縣朴子市仁和二路１３９號四樓之５２,7.6,住,,,1130815,土地1建物1車位0,四層,八層,華廈(10層含以下有電梯),住家用,鋼筋混凝土造,0950828,31.23,1,1,1,有,有,1480000,47390,,0.0,0,,RPQNMLPJRHJGFBQ86DA,17.27,0.0,1.92,有,
朴子市,土地,吳竹子腳段德家小段314地號,3010.0,,特定農業區,農牧用地,1130825,土地1建物0車位0,,,其他,,,,0.0,0,0,0,無,無,4515000,1500,,0.0,0,,RPQNMLSJRHJGFBQ17DA,0.0,0.0,0.0,無,
義竹鄉,土地,新庄段新庄小段458地號,2226.0,,特定農業區,農牧用地,1130825,土地1建物0車位0,,,其他,,,,0.0,0,0,0,無,無,1550000,696,,0.0,0,,RPQNMLTJRHJGFBQ27DA,0.0,0.0,0.0,無,
民雄鄉,土地,民興段397地號,89.0,住,,,1130808,土地1建物0車位0,,,其他,,,,0.0,0,0,0,無,無,7700000,86517,,0.0,0,未登記建物；,RPRNMLSLQHJGFCQ47DA,0.0,0.0,0.0,無,
太保市,土地,麻寮段578地號,51.05,都市：其他:道路用地,,,1130813,土地2建物0車位0,,,其他,,,,0.0,0,0,0,無,無,1544128,30247,,0.0,0,包含公共設施保留地用地；,RPRNMLKMQHJGFDQ86DA,0.0,0.0,0.0,無,
水上鄉,房地(土地+建物),嘉義縣水上鄉忠和村紅毛寮１之４０號,143.03,,鄉村區,乙種建築用地,1130816,土地1建物1車位0,全,二層,透天厝,住家用,鋼筋混凝土加強磚造,0680906,102.69,5,1,4,有,無,1400000,13633,,0.0,0,親友、員工、共有人或其他特殊關係間之交易；其他增建；,RPSNMLQJRHJGFDQ37DA,102.69,0.0,0.0,無,
竹崎鄉,土地,樟樹坪段718地號,121.0,,山坡地保育區,農牧用地,1130829,土地1建物0車位0,,,其他,,,,0.0,0,0,0,無,無,150000,1240,,0.0,0,親友、員工、共有人或其他特殊關係間之交易；畸零地或有合併使用效益；,RPPNMLKMQHJGFEQ76DA,0.0,0.0,0.0,無,
番路鄉,房地(土地+建物),嘉義縣番路鄉江西村６鄰平２０號七樓六,5.92,都市：其他:住宅區,,,1130806,土地2建物1車位0,七層,十八層,住宅大樓(11層含以上有電梯),住家用,鋼筋混凝土造,0820401,48.26,1,1,1,有,有,1900000,39370,,0.0,0,其他增建；,RPPNMLTJRHJGFEQ47DA,33.68,0.0,5.15,有,
朴子市,土地,新庄段大館小段6-8地號,3554.0,,工業區,丁種建築用地,1130820,土地1建物0車位0,,,其他,,,,0.0,0,0,0,無,無,48814190,13735,,0.0,0,政府機關標讓售；,RPPNMLTJRHJGFBQ27EA,0.0,0.0,0.0,無,
朴子市,土地,新庄段大館小段6-9地號,3555.0,,工業區,丁種建築用地,1130820,土地1建物0車位0,,,其他,,,,0.0,0,0,0,無,無,54619020,15364,,0.0,0,政府機關標讓售；,RPQNMLTJRHJGFBQ37EA,0.0,0.0,0.0,無,
鹿草鄉,土地,竹子脚段松竹小段289地號,1104.0,,特定農業區,農牧用地,1130807,土地1建物0車位0,,,其他,,,,0.0,0,0,0,無,無,350000,317,,0.0,0,,RPPNMLQJRHJGFDQ17EA,0.0,0.0,0.0,無,
梅山鄉,土地,大半天寮段63地號,449.17,,山坡地保育區,農牧用地,1130812,土地3建物0車位0,,,其他,,,,0.0,0,0,0,無,無,60000,134,,0.0,0,,RPQNMLNJRHJGFEQ07EA,0.0,0.0,0.0,無,
布袋鎮,土地,新生段70-107地號,202.5,住,,,1130802,土地2建物0車位0,,,其他,,,,0.0,0,0,0,無,無,3100000,15309,,0.0,0,,RPRNMLPJQHJGFBQ86DA,0.0,0.0,0.0,無,
朴子市,土地,大葛段194地號,43.09,,鄉村區,乙種建築用地,1130819,土地2建物0車位0,,,其他,,,,0.0,0,0,0,無,無,300000,6962,,0.0,0,,RPPNMLSJRHJGFBQ07DA,0.0,0.0,0.0,無,
義竹鄉,土地,義竹段義竹小段351地號,1238.0,,特定農業區,農牧用地,1130825,土地1建物0車位0,,,其他,,,,0.0,0,0,0,無,無,1050000,848,,0.0,0,,RPRNMLTJRHJGFBQ37DA,0.0,0.0,0.0,無,
大林鎮,土地,西結段414地號,519.0,,特定農業區,甲種建築用地,1130824,土地3建物0車位0,,,其他,,,,0.0,0,0,0,無,無,980000,1888,,0.0,0,土地增值稅由買方負擔,RPRNMLOJRHJGFCQ96DA,0.0,0.0,0.0,無,
大林鎮,房地(土地+建物),嘉義縣大林鎮平林里信義街４９巷１０號,32.48,住,,,1130812,土地5建物1車位0,一層,五層,公寓(5樓含以下無電梯),住家用,鋼筋混凝土造,0720312,84.86999999999999,3,1,2,有,無,2440000,28750,,0.0,0,所有稅費由買方負擔。親友、員工、共有人或其他特殊關係間之交易；其他增建；,RPPNMLPJRHJGFCQ86DA,76.96,0.0,0.0,無,
新港鄉,土地,西庄段西庄小段751地號,2078.0,,特定農業區,農牧用地,1130819,土地1建物0車位0,,,其他,,,,0.0,0,0,0,無,無,2820000,1357,,0.0,0,,RPUNMLQJRHJGFCQ47DA,0.0,0.0,0.0,無,003
民雄鄉,土地,山中段238-25地號,18.5,,鄉村區,乙種建築用地,1130826,土地1建物0車位0,,,其他,,,,0.0,0,0,0,無,無,112000,6054,,0.0,0,親友、員工、共有人或其他特殊關係間之交易；,RPQNMLTJRHJGFCQ37DA,0.0,0.0,0.0,無,
中埔鄉,房地(土地+建物),嘉義縣中埔鄉和美村幸福二街１５號,107.14,住,,,1130803,土地1建物1車位0,全,三層,透天厝,住家用,鋼筋混凝土,1130313,182.87,4,2,5,有,無,15000000,82025,,0.0,0,土地價金750萬，房屋價金750萬親友、員工、共有人或其他特殊關係間之交易；,RPRNMLOJRHJGFDQ07DA,170.24,0.0,12.63,無,
六腳鄉,土地,港尾寮新段931地號,858.97,,一般農業區,水利用地,1130827,土地2建物0車位0,,,其他,,,,0.0,0,0,0,無,無,846717,986,,0.0,0,水利地承購；,RPPNMLKKRHJGFBQ09EA,0.0,0.0,0.0,無,
義竹鄉,土地,新店新段913地號,4243.13,,特定專用區,養殖用地,1130814,土地2建物0車位0,,,其他,,,,0.0,0,0,0,無,無,2500000,589,,0.0,0,,RPQNMLKKRHJGFBQ56EA,0.0,0.0,0.0,無,
民雄鄉,土地,豐收段405地號,38.88,都市：其他:農,,,1130806,土地1建物0車位0,,,其他,,,,0.0,0,0,0,無,無,50000,1286,,0.0,0,親友、員工、共有人或其他特殊關係間之交易；,RPPNMLTJRHJGFCQ37EA,0.0,0.0,0.0,無,
鹿草鄉,土地,竹子段松竹小段598地號,2020.33,,特定農業區,農牧用地,1130810,土地2建物0車位0,,,其他,,,,0.0,0,0,0,無,無,1616000,800,,0.0,0,,RPPNMLTJRHJGFDQ47EA,0.0,0.0,0.0,無,
梅山鄉,土地,圳頭段230地號,62.09,,山坡地保育區,丙種建築用地,1130827,土地1建物0車位0,,,其他,,,,0.0,0,0,0,無,無,30000,483,,0.0,0,親友、員工、共有人或其他特殊關係間之交易；畸零地或有合併使用效益；,RPPNMLKKRHJGFEQ76EA,0.0,0.0,0.0,無,
義竹鄉,土地,溪洲段溪洲小段905地號,2215.0,,特定農業區,農牧用地,1130813,土地1建物0車位0,,,其他,,,,0.0,0,0,0,無,無,1993500,900,,0.0,0,,RPUNMLQKQHJGFBQ37DA,0.0,0.0,0.0,無,
義竹鄉,土地,溪洲段溪洲小段906地號,2215.0,,特定農業區,農牧用地,1130813,土地1建物0車位0,,,其他,,,,0.0,0,0,0,無,無,1993500,900,,0.0,0,,RPVNMLQKQHJGFBQ47DA,0.0,0.0,0.0,無,004
大林鎮,房地(土地+建物),嘉義縣大林鎮平林里光明街５７號一樓,50.82,住,,,1130822,土地7建物1車位0,一層,五層,公寓(5樓含以下無電梯),住家用,鋼筋混凝土造,0820217,113.89,3,2,2,有,無,5200000,45658,,0.0,0,,RPRNMLTLQHJGFCQ57DA,103.73,0.0,0.0,無,
新港鄉,土地,新港段宮後小段60地號,3465.0,,特定農業區,農牧用地,1130816,土地1建物0車位0,,,其他,,,,0.0,0,0,0,無,無,11000000,3175,,0.0,0,,RPQNMLMJRHJGFCQ66DA,0.0,0.0,0.0,無,
民雄鄉,土地,民北段716地號,107.0,住,,,1130831,土地1建物0車位0,,,其他,,,,0.0,0,0,0,無,無,4045900,37812,,0.0,0,未登記建物；,RPRNMLKKRHJGFCQ66DA,0.0,0.0,0.0,無,
中埔鄉,房地(土地+建物),嘉義縣中埔鄉和美村幸福二街１７號,111.33,住,,,1130803,土地1建物1車位0,全,三層,透天厝,住家用,鋼筋混凝土,1130313,185.37,4,2,5,有,無,11000000,59341,,0.0,0,土地價金550萬 ，房屋價金550萬親友、員工、共有人或其他特殊關係間之交易；,RPSNMLOJRHJGFDQ17DA,172.49,0.0,12.88,無,
中埔鄉,房地(土地+建物),嘉義縣中埔鄉中埔村中埔２３巷５２號,84.13,住,,,1130828,土地1建物1車位0,全,二層,透天厝,住商用,鋼筋混凝土加強磚造,0700409,105.49,5,3,2,有,無,4080000,38677,,0.0,0,頂樓加蓋；其他增建；,RPPNMLPJRHJGFDQ96DA,101.6,3.89,0.0,無,
水上鄉,土地,義興段302-2地號,4.85,,鄉村區,乙種建築用地,1130825,土地1建物0車位0,,,其他,,,,0.0,0,0,0,無,無,120000,24742,,0.0,0,,RPVNMLTJRHJGFDQ97DA,0.0,0.0,0.0,無,005
番路鄉,土地,大湖段84-157地號,137.08,,森林區,農牧用地,1130828,土地1建物0車位0,,,其他,,,,0.0,0,0,0,無,無,38383,280,,0.0,0,,RPQNMLSLQHJGFEQ57DA,0.0,0.0,0.0,無,006
鹿草鄉,土地,施厝寮段施家小段179地號,2856.0,,特定農業區,農牧用地,1130826,土地1建物0車位0,,,其他,,,,0.0,0,0,0,無,無,3600000,1261,,0.0,0,,RPPNMLKKRHJGFDQ66EA,0.0,0.0,0.0,無,
布袋鎮,土地,見龍段1036地號,330.41,農,,,1130827,土地1建物0車位0,,,其他,,,,0.0,0,0,0,無,無,300000,908,,0.0,0,親友、員工、共有人或其他特殊關係間之交易；,RPPNMLNJRHJGFBQ56DA,0.0,0.0,0.0,無,
溪口鄉,土地,游厝段游東小段261地號,1176.0,,特定農業區,農牧用地,1130827,土地1建物0車位0,,,其他,,,,0.0,0,0,0,無,無,1176000,1000,,0.0,0,,RPQNMLOJRHJGFCQ86DA,0.0,0.0,0.0,無,
溪口鄉,土地,游厝段游東小段776地號,2039.0,,特定農業區,農牧用地,1130827,土地1建物0車位0,,,其他,,,,0.0,0,0,0,無,無,3058500,1500,,0.0,0,,SPQNMLOJRHJGFCQ96DA,0.0,0.0,0.0,無,
民雄鄉,房地(土地+建物),嘉義縣民雄鄉文隆村鴨母６１之７９號,9.7,住,,,1130828,土地1建物1車位0,一層,五層,華廈(10層含以下有電梯),辦公用,鋼筋混凝土造,0940120,23.97,1,0,1,有,有,1220000,50897,,0.0,0,,RPSNMLQJRHJGFCQ27DA,16.21,0.0,1.65,有,
民雄鄉,房地(土地+建物),嘉義縣民雄鄉文隆村鴨母６１之７８號,9.79,住,,,1130831,土地1建物1車位0,一層,五層,華廈(10層含以下有電梯),辦公用,鋼筋混凝土造,0940120,23.97,1,0,1,有,有,1200000,50063,,0.0,0,,RPTNMLQJRHJGFCQ37DA,16.3,0.0,1.65,有,
溪口鄉,土地,頂坪段下坪小段281地號,2771.32,,特定農業區,農牧用地,1130820,土地2建物0車位0,,,其他,,,,0.0,0,0,0,無,無,3000000,1083,,0.0,0,親友、員工、共有人或其他特殊關係間之交易；未登記建物；,RPTNMLKKRHJGFCQ86DA,0.0,0.0,0.0,無,
民雄鄉,房地(土地+建物),嘉義縣民雄鄉三興村三興路２０３號,150.37,都市：其他:住,,,1130813,土地1建物1車位0,全,四層,透天厝,住家用,鋼筋混凝土造,1101102,230.89,5,2,5,有,無,17500000,75794,,0.0,0,,RPVOMLLKRHJGFCQ27DA,212.33,18.56,0.0,無,007
水上鄉,房地(土地+建物),嘉義縣水上鄉柳新村柳子林６１８號,61.54,,鄉村區,乙種建築用地,1130817,土地2建物1車位0,全,二層,透天厝,住商用,鋼筋混凝土加強磚造,0690128,152.0,2,1,3,有,無,5800000,38158,,0.0,0,頂樓加蓋；其他增建；,RPSNMLKKRHJGFDQ86DA,152.0,0.0,0.0,無,
番路鄉,土地,南下坑段1451-11地號,1056.6,,山坡地保育區,丙種建築用地,1130801,土地10建物0車位0,,,其他,,,,0.0,0,0,0,無,無,11186752,10587,,0.0,0,房屋買賣價款為0元，不計入買賣價款內。,RPQNMLMKRHJGFEQ07EA,0.0,0.0,0.0,無,
六腳鄉,土地,潭子墘新段76地號,64.02,,一般農業區,甲種建築用地,1130820,土地1建物0車位0,,,其他,,,,0.0,0,0,0,無,無,580983,9075,,0.0,0,,RPQNMLTLQHJGFBQ37DA,0.0,0.0,0.0,無,
六腳鄉,土地,下雙溪段兩溪小段42地號,3334.0,,特定農業區,農牧用地,1130806,土地2建物0車位0,,,其他,,,,0.0,0,0,0,無,無,5100000,1530,,0.0,0,,RPRNMLNKRHJGFBQ86DA,0.0,0.0,0.0,無,008
民雄鄉,土地,世興段829-48地號,30.81,住,,,1130801,土地1建物0車位0,,,其他,,,,0.0,0,0,0,無,無,650000,21097,,0.0,0,政府機關標讓售；,RPPNMLMKRHJGFCQ66DA,0.0,0.0,0.0,無,
鹿草鄉,土地,下潭新段831地號,4032.89,,特定農業區,農牧用地,1130819,土地1建物0車位0,,,其他,,,,0.0,0,0,0,無,無,5800000,1438,,0.0,0,未登記建物；農作物；,RPRNMLMLQHJGFDQ96DA,0.0,0.0,0.0,無,009
太保市,土地,麻寮段552-1地號,1.61,都市：其他:道路用地,,,1130821,土地1建物0車位0,,,其他,,,,0.0,0,0,0,無,無,48800,30311,,0.0,0,包含公共設施保留地用地；,RPTNMLTJRHJGFDQ77DA,0.0,0.0,0.0,無,010
水上鄉,土地,龍德段551地號,79.88,,特定農業區,甲種建築用地,1130827,土地1建物0車位0,,,其他,,,,0.0,0,0,0,無,無,1000000,12519,,0.0,0,未登記建物；,RPRNMLKKRHJGFDQ76DA,0.0,0.0,0.0,無,
中埔鄉,房地(土地+建物),嘉義縣中埔鄉和睦村公館７３之３號,102.07,,特定農業區,甲種建築用地,1130806,土地1建物1車位0,全,一層,透天厝,住家用,磚造,0710512,78.2,2,2,1,有,無,5100000,65217,,0.0,0,其他增建；,RPRNMLLKRHJGFDQ86DA,78.2,0.0,0.0,無,011
水上鄉,土地,三界埔段277地號,113.07,,山坡地保育區,農牧用地,1130819,土地1建物0車位0,,,其他,,,,0.0,0,0,0,無,無,150000,1327,,0.0,0,,RPRNMLKKRHJGFDQ86EA,0.0,0.0,0.0,無,
義竹鄉,土地,溪洲段溪洲小段399-1地號,325.0,,鄉村區,乙種建築用地,1130817,土地2建物0車位0,,,其他,,,,0.0,0,0,0,無,無,2000000,6154,,0.0,0,,RPSNMLPJRHJGFBQ07DA,0.0,0.0,0.0,無,
朴子市,土地,大榔段大溝小段317地號,2433.0,農,,,1130808,土地1建物0車位0,,,其他,,,,0.0,0,0,0,無,無,6500000,2672,,0.0,0,,RPPNMLQJRHJGFBQ86DA,0.0,0.0,0.0,無,
新港鄉,土地,復興段480地號,1101.21,,一般農業區,水利用地,1130821,土地1建物0車位0,,,其他,,,,0.0,0,0,0,無,無,600000,545,,0.0,0,,RPTNMLTLQHJGFCQ77DA,0.0,0.0,0.0,無,
民雄鄉,土地,江厝店段473地號,515.2,農,,,1130819,土地1建物0車位0,,,其他,,,,0.0,0,0,0,無,無,1580000,3067,,0.0,0,親友、員工、共有人或其他特殊關係間之交易；未登記建物；,RPSNMLTJRHJGFCQ57DA,0.0,0.0,0.0,無,
新港鄉,房地(土地+建物),嘉義縣新港鄉宮前村新民路５２號,87.0,商,,,1130823,土地1建物2車位0,全,二層,透天厝,住商用,鋼鐵造,0820429,164.78,3,1,1,有,無,11000000,66756,,0.0,0,其他增建；,RPOPMLLKRHJGFCQ66DA,164.78,0.0,0.0,無,
太保市,房地(土地+建物),嘉義縣太保市後潭里後潭２５７之７號,113.0,住,,,1130819,土地1建物1車位0,全,三層,透天厝,住家用,鋼筋混凝土造,1130630,229.97,4,3,5,有,無,14140000,61486,,0.0,0,土地交易總價新台幣8484000元整.建物交易總價新台幣5656000元整預售屋、或土地及建物分件登記案件；,RPPNMLLKRHJGFDQ66DA,222.65,0.0,7.32,無,
民雄鄉,土地,豐收段470-1地號,65.6,,特定農業區,水利用地,1130808,土地1建物0車位0,,,其他,,,,0.0,0,0,0,無,無,106272,1620,,0.0,0,政府機關標讓售；,RPPNMLNKRHJGFCQ86EA,0.0,0.0,0.0,無,
六腳鄉,土地,下雙溪段200地號,757.0,,一般農業區,農牧用地,1130821,土地1建物0車位0,,,其他,,,,0.0,0,0,0,無,無,400000,528,,0.0,0,,RPWNMLNLQHJGFBQ37DA,0.0,0.0,0.0,無,
六腳鄉,房地(土地+建物),嘉義縣六腳鄉蒜東村蒜頭６０２號,84.16,都市：其他:住宅區,,,1130809,土地1建物1車位0,全,三層,透天厝,住商用,鋼筋混凝土造,0830308,174.1,3,3,3,有,無,12800000,73521,,0.0,0,其他增建；,RPRNMLMKRHJGFBQ76DA,143.88,14.94,15.28,無,
義竹鄉,土地,後鎮段後鎮小段119地號,2808.0,,特定農業區,農牧用地,1130822,土地1建物0車位0,,,其他,,,,0.0,0,0,0,無,無,1600000,570,,0.0,0,親友、員工、共有人或其他特殊關係間之交易；,RPPNMLQKRHJGFBQ96DA,0.0,0.0,0.0,無,
民雄鄉,房地(土地+建物),嘉義縣民雄鄉民權路２號,234.77,住,,,1130807,土地7建物1車位0,全,二層,透天厝,住家用,鋼筋混凝土加強磚造,0710831,105.89,3,2,2,有,無,4116617,38876,,0.0,0,親友、員工、共有人或其他特殊關係間之交易；,RPPNMLNJRHJGFCQ66DA,105.89,0.0,0.0,無,
水上鄉,土地,溪洲段166地號,669.9,,一般農業區,農牧用地,1130807,土地1建物0車位0,,,其他,,,,0.0,0,0,0,無,無,900000,1343,,0.0,0,農作物；,RPQNMLQJRHJGFDQ17DA,0.0,0.0,0.0,無,
朴子市,土地,南勢竹段南竹小段599地號,2610.0,,特定農業區,農牧用地,1130720,土地1建物0車位0,,,其他,,,,0.0,0,0,0,無,無,3960000,1517,,0.0,0,,RPRNMLSLQHJGFBQ37DA,0.0,0.0,0.0,無,012
大林鎮,土地,平林段337地號,44.02,住,,,1130728,土地1建物0車位0,,,其他,,,,0.0,0,0,0,無,無,1800000,40891,,0.0,0,,RPPNMLNKQHJGFCQ66DA,0.0,0.0,0.0,無,013
大林鎮,房地(土地+建物),嘉義縣大林鎮平林里民權路１２７號,25.68,住,,,1130730,土地1建物1車位0,一層,七層,華廈(10層含以下有電梯),住家用,鋼筋混凝土造,1120320,73.99,2,1,1,有,有,7380000,99743,,0.0,0,,RPRNMLQKQHJGFCQ17DA,49.04,0.0,0.0,有,
溪口鄉,房地(土地+建物),嘉義縣溪口鄉溪東村民生街５９號,185.84,都市：其他:住,,,1130731,土地1建物1車位0,全,一層,透天厝,住家用,磚造,0561030,98.06,3,2,1,有,無,7200000,73424,,0.0,0,,RPPNMLQJRHJGFCQ96DA,73.26,24.8,0.0,無,
中埔鄉,房地(土地+建物)+車位,嘉義縣中埔鄉中埔村中埔８０之４４號,85.32,,,,1130719,土地1建物1車位1,全,三層,透天厝,其他,鋼筋混凝土造、鋼筋混凝土磚造,0841027,253.71,4,2,5,有,無,7000000,27591,坡道平面,0.0,0,,RPRNMLMKQHJGFDQ86DA,225.86,0.0,0.0,無,
太保市,土地,崙子頂段崙頂小段145-2地號,2035.0,住,,,1130707,土地3建物0車位0,,,其他,,,,0.0,0,0,0,無,無,72638440,35695,,0.0,0,,RPSNMLRKQHJGFDQ47DA,0.0,0.0,0.0,無,
中埔鄉,土地,埔段332地號,1939.63,,山坡地保育區,農牧用地,1130719,土地1建物0車位0,,,其他,,,,0.0,0,0,0,無,無,400000,206,,0.0,0,,RPSNMLKMQHJGFDQ96DA,0.0,0.0,0.0,無,
民雄鄉,土地,林子尾段重建小段26-7地號,171.0,,一般農業區,水利用地,1130711,土地1建物0車位0,,,其他,,,,0.0,0,0,0,無,無,526000,3076,,0.0,0,水利地承購；,RPTNMLRLQHJGFCQ67EA,0.0,0.0,0.0,無,
溪口鄉,房地(土地+建物),嘉義縣溪口鄉疊溪村下員林３之１８號,374.74,,特定農業區,農牧用地,1130707,土地2建物1車位0,全,三層,透天厝,住家用,鋼筋混凝土造,1130430,163.75,4,2,3,有,無,12800000,78168,,0.0,0,,RPQNMLTJRHJGFCQ47EA,140.49,23.26,0.0,無,
東石鄉,土地,頂揖子寮段頂揖小段394地號,1237.0,,一般農業區,農牧用地,1130731,土地1建物0車位0,,,其他,,,,0.0,0,0,0,無,無,700000,566,,0.0,0,,RPTNMLQKQHJGFBQ27DA,0.0,0.0,0.0,無,
朴子市,土地,大德興段416地號,395.28,,特定農業區,農牧用地,1130723,土地1建物0車位0,,,其他,,,,0.0,0,0,0,無,無,2500000,6325,,0.0,0,,RPQNMLQJRHJGFBQ96DA,0.0,0.0,0.0,無,014
六腳鄉,土地,港尾寮段豐美小段1114地號,2477.0,,特定農業區,農牧用地,1130713,土地1建物0車位0,,,其他,,,,0.0,0,0,0,無,無,3715500,1500,,0.0,0,,RPUNMLTJRHJGFBQ67DA,0.0,0.0,0.0,無,
民雄鄉,土地,田中央段田中央小段99-1地號,204.0,,特定農業區,水利用地,1130722,土地1建物0車位0,,,其他,,,,0.0,0,0,0,無,無,735000,3603,,0.0,0,政府機關標讓售；水利地承購；,RPRNMLPJQHJGFCQ96DA,0.0,0.0,0.0,無,
中埔鄉,土地,深坑段238-20地號,1101.75,,山坡地保育區,農牧用地,1130701,土地1建物0車位0,,,其他,,,,0.0,0,0,0,無,無,255000,231,,0.0,0,,RPXOMLLLQHJGFDQ57DA,0.0,0.0,0.0,無,015
水上鄉,土地,靖和段374地號,142.9,,特定農業區,甲種建築用地,1130714,土地2建物0車位0,,,其他,,,,0.0,0,0,0,無,無,1000000,6998,,0.0,0,,RPPNMLQJRHJGFDQ07DA,0.0,0.0,0.0,無,
番路鄉,土地,新福段325地號,912.05,,一般農業區,農牧用地,1130703,土地1建物0車位0,,,其他,,,,0.0,0,0,0,無,無,4000000,4386,,0.0,0,,RPQNMLTJRHJGFEQ57DA,0.0,0.0,0.0,無,
東石鄉,土地,溪子下段溪子下小段256地號,6408.0,,一般農業區,農牧用地,1130708,土地2建物0車位0,,,其他,,,,0.0,0,0,0,無,無,3236000,505,,0.0,0,農作物；機電設備；農業設施；,RPRNMLSJPHJGFBQ07DA,0.0,0.0,0.0,無,
民雄鄉,房地(土地+建物),嘉義縣民雄鄉金興村忠義街８９號,80.57,住,,,1130710,土地1建物1車位0,全,三層,透天厝,住家用,鋼筋混凝土造,0820722,144.32,5,2,4,有,無,7180000,49751,,0.0,0,土地價款：502萬元，建物價款：216萬元。頂樓加蓋；其他增建；,RPVNMLQJRHJGFCQ57DA,134.79,9.53,0.0,無,
中埔鄉,房地(土地+建物),嘉義縣中埔鄉和興村中華路５８５巷３號三樓之２,48.8,住,,,1130718,土地1建物1車位0,三層,五層,華廈(10層含以下有電梯),住家用,鋼筋混凝土造,0851011,145.63,3,2,2,有,有,5000000,34334,,0.0,0,,RPQNMLKKRHJGFDQ76EA,86.11,0.0,8.37,有,
六腳鄉,房地(土地+建物),嘉義縣六腳鄉蒜東村蒜頭６０１號,83.71,住,,,1130716,土地2建物1車位0,全,三層,透天厝,住商用,鋼筋混凝土造,0830308,172.1,3,3,3,有,無,9350000,54329,,0.0,0,其他增建；,RPVNMLSLQHJGFBQ77DA,143.26,14.94,13.9,無,
新港鄉,土地,新月眉潭段1141-1地號,146.62,,鄉村區,乙種建築用地,1130723,土地2建物0車位0,,,其他,,,,0.0,0,0,0,無,無,1000000,6820,,0.0,0,,RPSNMLNLPHJGFCQ96DA,0.0,0.0,0.0,無,016
民雄鄉,房地(土地+建物),嘉義縣民雄鄉北斗村新正二街１０２號,78.36,,鄉村區,乙種建築用地,1130717,土地1建物1車位0,全,三層,透天厝,住家用,鋼筋混凝土造,0910114,125.47,5,1,3,有,無,8460000,67426,,0.0,0,其他增建；,RPRNMLNKQHJGFCQ86DA,113.99,11.48,0.0,無,
新港鄉,土地,三間厝新段737地號,1180.87,,特定農業區,甲種建築用地,1130716,土地5建物0車位0,,,其他,,,,0.0,0,0,0,無,無,22325625,18906,,0.0,0,,RPWOMLLKRHJGFCQ37DA,0.0,0.0,0.0,無,
太保市,車位,嘉義縣太保市春珠里保鐵一路二段１０７號等,0.0,,,,1130728,土地0建物1車位1,,,其他,,,,29.87,0,0,0,無,無,1400000,,坡道平面,29.87,1400000,僅車位交易；,RPTNMLKKRHJGFDQ96DA,0.0,0.0,0.0,無,017
溪口鄉,房地(土地+建物),嘉義縣溪口鄉美南村崙尾７９之１８號,91.0,,鄉村區,乙種建築用地,1130717,土地2建物1車位0,全,三層,透天厝,住家用,鋼筋混凝土造,0861106,172.95,2,1,3,有,無,4280000,24747,,0.0,0,,RPQNMLMKRHJGFCQ76DA,163.57,9.38,0.0,無,
中埔鄉,土地,檨仔林段905地號,1796.55,,山坡地保育區,農牧用地,1130716,土地1建物0車位0,,,其他,,,,0.0,0,0,0,無,無,500000,278,,0.0,0,,RPUNMLQJRHJGFDQ57DA,0.0,0.0,0.0,無,
六腳鄉,土地,雙涵段雙涵小段578地號,3910.0,,特定農業區,農牧用地,1130719,土地1建物0車位0,,,其他,,,,0.0,0,0,0,無,無,7820000,2000,,0.0,0,,RPVNMLNKRHJGFBQ27DA,0.0,0.0,0.0,無,018
六腳鄉,土地,六腳段六嘉小段224-5地號,195.0,,特定農業區,甲種建築用地,1130703,土地1建物0車位0,,,其他,,,,0.0,0,0,0,無,無,1500000,7692,,0.0,0,,RPSOMLNKRHJGFBQ07DA,0.0,0.0,0.0,無,
六腳鄉,土地,六腳段六嘉小段224地號,752.0,,特定農業區,甲種建築用地,1130703,土地1建物0車位0,,,其他,,,,0.0,0,0,0,無,無,20000000,26596,,0.0,0,,RPPPMLNKRHJGFBQ86DA,0.0,0.0,0.0,無,
民雄鄉,房地(土地+建物),嘉義縣民雄鄉興南村建國路三段５７之３１號,121.8,農,,,1130717,土地4建物1車位0,全,二層,透天厝,住家用,鋼筋混凝土加強磚造,0720930,77.84,0,0,0,無,無,3500000,44964,,0.0,0,,RPPOMLTLQHJGFCQ47DA,77.84,0.0,0.0,無,
中埔鄉,土地,安家厝段132地號,1372.94,,特定農業區,農牧用地,1130729,土地1建物0車位0,,,其他,,,,0.0,0,0,0,無,無,3125000,2276,,0.0,0,,RPTNMLQJRHJGFDQ47DA,0.0,0.0,0.0,無,
竹崎鄉,土地,瓦厝埔段477地號,3153.0,,一般農業區,農牧用地,1130722,土地2建物0車位0,,,其他,,,,0.0,0,0,0,無,無,7850000,2490,,0.0,0,如需繳納房地合一稅，再由買方負擔。,RPPNMLQKRHJGFEQ37EA,0.0,0.0,0.0,無,019
布袋鎮,土地,樹林頭段樹林小段419-2地號,424.0,,鄉村區,乙種建築用地,1130716,土地1建物0車位0,,,其他,,,,0.0,0,0,0,無,無,3463000,8167,,0.0,0,,RPSNMLNKRHJGFBQ96DA,0.0,0.0,0.0,無,
竹崎鄉,土地,金獅寮段12-9地號,4412.0,,山坡地保育區,農牧用地,1130728,土地1建物0車位0,,,其他,,,,0.0,0,0,0,無,無,4200000,952,,0.0,0,農作物；,RPPNMLKKRHJGFEQ66DA,0.0,0.0,0.0,無,
朴子市,土地,鴨母寮段竹村小段210地號,4294.0,,特定農業區,農牧用地,1130616,土地1建物0車位0,,,其他,,,,0.0,0,0,0,無,無,5800000,1351,,0.0,0,,RPRNMLRJQHJGFBQ07DA,0.0,0.0,0.0,無,020
番路鄉,房地(土地+建物),嘉義縣番路鄉江西村李厝１５之３２號,134.41,住,,,1130611,土地7建物1車位0,全,四層,透天厝,住家用,鋼筋混凝土造,0830112,237.54,4,2,3,有,無,7500000,31574,,0.0,0,買賣總價為750萬元。拆價為14-13、16-19地號為32500元，其他共為7467500元,RPPNMLNLPHJGFEQ86DA,207.56,16.99,12.99,無,
溪口鄉,土地,崙尾段美南小段4-2地號,2743.0,,特定農業區,農牧用地,1130610,土地3建物0車位0,,,其他,,,,0.0,0,0,0,無,無,3430000,1250,,0.0,0,農作物；,RPPNMLOLQHJGFCQ86DA,0.0,0.0,0.0,無,
中埔鄉,房地(土地+建物),嘉義縣中埔鄉義仁村樹頭埔１之３２號四樓之３,29.42,,特定農業區,甲種建築用地,1130629,土地1建物1車位0,四層,五層,華廈(10層含以下有電梯),住家用,鋼筋混凝土造,1110628,79.03,1,1,1,有,有,5850000,74023,,0.0,0,含裝潢費；,RPQNMLPJRHJGFDQ07DA,52.44,0.0,2.47,有,
太保市,土地,崙子頂段崙頂小段304地號,1301.0,住,,,1130625,土地1建物0車位0,,,其他,,,,0.0,0,0,0,無,無,49800000,38278,,0.0,0,農作物；,RPPNMLSJRHJGFDQ27DA,0.0,0.0,0.0,無,
水上鄉,房地(土地+建物),嘉義縣水上鄉粗溪村粗溪２０之２８號,103.0,都市：其他:住宅區,,,1130628,土地1建物1車位0,全,一層,透天厝,住家用,磚石造,0641215,66.0,3,2,1,有,無,4200000,63636,,0.0,0,其他增建；,RPPNMLNJRHJGFDQ86EA,66.0,0.0,0.0,無,
中埔鄉,房地(土地+建物)+車位,嘉義縣中埔鄉義仁村樹頭埔１之３２號四樓之５,29.41,,特定農業區,甲種建築用地,1130629,土地1建物1車位1,四層,五層,華廈(10層含以下有電梯),住家用,鋼筋混凝土造,1110628,107.69,1,1,1,有,有,6650000,74060,坡道平面,28.7,800000,含裝潢費；,RPRNMLPJRHJGFDQ17DA,52.43,0.0,2.45,有,
民雄鄉,土地,頂寮段頂寮小段21地號,1118.0,,特定農業區,農牧用地,1130628,土地1建物0車位0,,,其他,,,,0.0,0,0,0,無,無,1118000,1000,,0.0,0,親友、員工、共有人或其他特殊關係間之交易；,RPPNMLLKRHJGFCQ66EA,0.0,0.0,0.0,無,
新港鄉,土地,三間厝段575地號,2440.0,,特定農業區,農牧用地,1130612,土地1建物0車位0,,,其他,,,,0.0,0,0,0,無,無,4450000,1824,,0.0,0,,RPRNMLLKRHJGFCQ76DA,0.0,0.0,0.0,無,
義竹鄉,房地(土地+建物),嘉義縣義竹鄉傳芳村義竹４７４號之１９,84.0,住,,,1130521,土地1建物1車位0,全,二層,透天厝,住家用,鋼筋混凝土加強磚造,0700528,99.54,4,1,1,有,無,1450000,14567,,0.0,0,陽台外推；頂樓加蓋；其他增建；,RPRNMLRKPHJGFBQ07DA,99.54,0.0,0.0,無,
朴子市,土地,仁和段222地號,2081.92,,特定農業區,甲種建築用地,1130504,土地2建物0車位0,,,其他,,,,0.0,0,0,0,無,無,25190000,12099,,0.0,0,,RPQNMLLKRHJGFBQ56DA,0.0,0.0,0.0,無,
新港鄉,房地(土地+建物),嘉義縣新港鄉菜公村菜公厝７之２號,143.34,,特定農業區,甲種建築用地,1130526,土地1建物1車位0,全,三層,透天厝,住家用,鋼筋混凝土造,1120109,216.29,5,2,6,有,無,14600000,67502,,0.0,0,,RPSNMLRLNHJGFCQ17DA,202.29,14.0,0.0,無,
民雄鄉,土地,田中央段888地號,3292.0,,特定農業區,農牧用地,1130512,土地1建物0車位0,,,其他,,,,0.0,0,0,0,無,無,8000000,2430,,0.0,0,農作物；,RPWNMLTJRHJGFCQ97DA,0.0,0.0,0.0,無,
民雄鄉,土地,葉子寮段160地號,3870.0,,一般農業區,農牧用地,1130527,土地1建物0車位0,,,其他,,,,0.0,0,0,0,無,無,3870000,1000,,0.0,0,親友、員工、共有人或其他特殊關係間之交易；,RPQNMLNKRHJGFCQ96EA,0.0,0.0,0.0,無,
六腳鄉,房地(土地+建物),嘉義縣六腳鄉灣南村灣內８１之３號,501.1,,鄉村區,乙種建築用地,1130416,土地1建物1車位0,全,一層,透天厝,住家用,鋼筋混凝土造,1071001,44.89,1,1,1,有,無,8600000,191579,,0.0,0,其他增建；,RPRNMLNJRHJGFBQ76DA,44.89,0.0,0.0,無,
水上鄉,房地(土地+建物),嘉義縣水上鄉三和村新和庄１之３１號,129.94,都市：其他:住宅區,,,1130311,土地1建物1車位0,全,三層,透天厝,住家用,鋼筋混凝土造,1130524,163.76,4,2,4,有,無,12100000,73889,,0.0,0,預售屋、或土地及建物分件登記案件；,RPXNMLTJRHJGFDQ18DA,153.57,0.0,10.19,無,
水上鄉,房地(土地+建物),嘉義縣水上鄉三和村新和庄１之３２號,130.7,都市：其他:住宅區,,,1130331,土地1建物1車位0,全,三層,透天厝,住家用,鋼筋混凝土造,1130524,166.12,4,2,4,有,無,12250000,73742,,0.0,0,預售屋、或土地及建物分件登記案件；,RPOOMLTJRHJGFDQ37DA,153.72,0.0,12.4,無,
朴子市,土地,內厝段844地號,313.0,住,,,1121215,土地1建物0車位0,,,其他,,,,0.0,0,0,0,無,無,17967640,57405,,0.0,0,依土地法第三十四條之一第一項、第二項、第三項規定辦理，如有不實，義務人願負法律責任,RPSNMLSLOHJGFBQ27DA,0.0,0.0,0.0,無,
朴子市,土地,內厝段840地號,8.0,住,,,1121215,土地1建物0車位0,,,其他,,,,0.0,0,0,0,無,無,459248,57406,,0.0,0,,RPTNMLSLOHJGFBQ37DA,0.0,0.0,0.0,無,
朴子市,土地,內厝段842地號,9.0,住,,,1121215,土地1建物0車位0,,,其他,,,,0.0,0,0,0,無,無,516180,57353,,0.0,0,,RPUNMLSLOHJGFBQ47DA,0.0,0.0,0.0,無,
民雄鄉,房地(土地+建物),嘉義縣民雄鄉秀林村林子尾２６之１１號,118.29,,鄉村區,乙種建築用地,1121130,土地3建物1車位0,全,三層,透天厝,住家用,鋼筋混凝土造,1061116,178.75,5,2,3,有,無,10400000,58182,,0.0,0,,RPRNMLTJRHJGFCQ47DA,163.51,15.24,0.0,無,021
水上鄉,房地(土地+建物),嘉義縣水上鄉三和村新和庄１之３０號,132.96,都市：其他:住宅區,,,1121013,土地1建物1車位0,全,三層,透天厝,住家用,鋼筋混凝土造,1130524,168.56,4,2,4,有,無,11800000,70005,,0.0,0,預售屋、或土地及建物分件登記案件；,RPPOMLTJRHJGFDQ47DA,155.97,0.0,12.59,無,
水上鄉,房地(土地+建物),嘉義縣水上鄉三和村新和庄１之３３號,135.4,都市：其他:住宅區,,,1121017,土地1建物1車位0,全,三層,透天厝,住家用,鋼筋混凝土造,1130524,166.34,4,2,4,有,無,11450000,68835,,0.0,0,預售屋、或土地及建物分件登記案件；,RPRNMLNKRHJGFDQ07DA,155.82,0.0,10.52,無,
民雄鄉,土地,北斗段293地號,739.54,,,,1120518,土地7建物0車位0,,,其他,,,,0.0,0,0,0,無,無,4004500,5415,,0.0,0,親友、員工、共有人或其他特殊關係間之交易；包含公共設施保留地用地；,RPPNMLKKRHJGFCQ09DA,0.0,0.0,0.0,無,
水上鄉,房地(土地+建物),嘉義縣水上鄉水頭村新進街５０號六樓之２,29.6,都市：其他:住宅區,,,1110724,土地1建物1車位0,六層,六層,華廈(10層含以下有電梯),住家用,鋼筋混凝土造,1130514,75.06,2,2,1,有,有,5300000,70610,,0.0,0,預售屋、或土地及建物分件登記案件；,RPPPMLLMQHJGFDQ96DA,52.8,0.0,4.19,有,
水上鄉,房地(土地+建物),嘉義縣水上鄉水頭村新進街５０號六樓之１,28.83,都市：其他:住宅區,,,1110725,土地1建物1車位0,六層,六層,華廈(10層含以下有電梯),住家用,鋼筋混凝土造,1130514,73.18,2,2,1,有,有,5600000,76524,,0.0,0,親友、員工、共有人或其他特殊關係間之交易；預售屋、或土地及建物分件登記案件；,RPQPMLLMQHJGFDQ07DA,51.07,0.0,4.52,有,
民雄鄉,房地(土地+建物),嘉義縣民雄鄉北斗村北勢子４７之８８號,105.46,住,,,1110524,土地1建物1車位0,全,三層,透天厝,住家用,鋼筋混凝土造,1130320,207.71,4,3,5,有,無,12900000,62106,,0.0,0,客變為:4房3廳5衛預售屋、或土地及建物分件登記案件；,RPWNMLLKRHJGFCQ27DA,196.99,10.72,0.0,無,
民雄鄉,房地(土地+建物),嘉義縣民雄鄉北斗村北勢子４７之９０號,105.46,住,,,1110513,土地1建物1車位0,全,三層,透天厝,住家用,鋼筋混凝土造,1130320,207.71,5,2,5,有,無,13080000,62972,,0.0,0,預售屋、或土地及建物分件登記案件；,RPXNMLLKRHJGFCQ37DA,196.99,10.72,0.0,無,
民雄鄉,房地(土地+建物),嘉義縣民雄鄉北斗村北勢子４７之９２號,110.3,住,,,1110521,土地1建物1車位0,全,三層,透天厝,住家用,鋼筋混凝土造,1130320,215.22,4,2,4,有,無,13200000,61333,,0.0,0,客變為:4房2廳4衛預售屋、或土地及建物分件登記案件；,RPOOMLLKRHJGFCQ56DA,204.14,11.08,0.0,無,
民雄鄉,房地(土地+建物),嘉義縣民雄鄉北斗村北勢子４７之８５號,105.46,住,,,1110507,土地1建物1車位0,全,三層,透天厝,住家用,鋼筋混凝土造,1130320,207.71,4,3,5,有,無,12750000,61384,,0.0,0,客變為:4房3廳5衛預售屋、或土地及建物分件登記案件；,RPQOMLLKRHJGFCQ76DA,196.99,10.72,0.0,無,
民雄鄉,房地(土地+建物),嘉義縣民雄鄉北斗村北勢子４７之８７號,110.3,住,,,1110508,土地1建物1車位0,全,三層,透天厝,住家用,鋼筋混凝土造,1130320,215.36,5,2,5,有,無,13100000,60828,,0.0,0,預售屋、或土地及建物分件登記案件；,RPSOMLLKRHJGFCQ96DA,204.28,11.08,0.0,無,
民雄鄉,房地(土地+建物),嘉義縣民雄鄉北斗村北勢子４７之８２號,105.46,住,,,1110424,土地1建物1車位0,全,三層,透天厝,住家用,鋼筋混凝土造,1130320,207.71,4,2,4,有,無,12980000,62491,,0.0,0,客變為:4房2廳4衛預售屋、或土地及建物分件登記案件；,RPUNMLLKRHJGFCQ07DA,196.99,10.72,0.0,無,
民雄鄉,房地(土地+建物),嘉義縣民雄鄉北斗村北勢子４７之８６號,105.46,住,,,1110424,土地1建物1車位0,全,三層,透天厝,住家用,鋼筋混凝土造,1130320,207.71,5,2,5,有,無,12960000,62395,,0.0,0,預售登錄金額1278萬  客變增建金額18萬 共計銷售金額1296萬預售屋、或土地及建物分件登記案件；,RPVNMLLKRHJGFCQ17DA,196.99,10.72,0.0,無,
民雄鄉,房地(土地+建物),嘉義縣民雄鄉北斗村北勢子４７之８３號,105.46,住,,,1110417,土地1建物1車位0,全,三層,透天厝,住家用,鋼筋混凝土造,1130320,207.71,4,3,5,有,無,12750000,61384,,0.0,0,客變為:4房3廳5衛預售屋、或土地及建物分件登記案件；,RPPOMLLKRHJGFCQ66DA,196.99,10.72,0.0,無,
民雄鄉,房地(土地+建物),嘉義縣民雄鄉北斗村北勢子４７之８１號,110.3,住,,,1110423,土地1建物1車位0,全,三層,透天厝,住家用,鋼筋混凝土造,1130320,215.22,4,2,5,有,無,12880000,59846,,0.0,0,客變為:4房2廳5衛預售屋、或土地及建物分件登記案件；,RPTOMLLKRHJGFCQ07DA,204.14,11.08,0.0,無,
水上鄉,房地(土地+建物)+車位,嘉義縣水上鄉水上村中和路２５１號,77.47,都市：其他:商業區,,,1110313,土地2建物1車位1,全,四層,透天厝,住家用,鋼筋混凝土造,1121128,201.07,5,1,4,有,無,17900000,89024,一樓平面,0.0,0,,RPQNMLMKRHJGFDQ86DA,184.4,0.0,16.67,無,
大林鎮,房地(土地+建物),嘉義縣大林鎮大美里大智三街９號,133.96,,工業區,丁種建築用地,1110126,土地2建物1車位0,全,三層,透天厝,住家用,鋼筋混凝土造,1130104,153.29,4,2,4,有,無,10960000,71498,,0.0,0,預售屋、或土地及建物分件登記案件；,RPQNMLTJPHJGFCQ17DA,143.53,9.25,0.0,無,
大林鎮,房地(土地+建物),嘉義縣大林鎮大美里大智三街３１號,132.12,,工業區,丁種建築用地,1110128,土地2建物1車位0,全,三層,透天厝,住家用,鋼筋混凝土造,1130104,149.73,4,2,4,有,無,10860000,72531,,0.0,0,預售屋、或土地及建物分件登記案件；,RPROMLTJPHJGFCQ37DA,141.77,7.45,0.0,無,
大林鎮,房地(土地+建物),嘉義縣大林鎮大美里大智三街３３號,132.12,,工業區,丁種建築用地,1110128,土地2建物1車位0,全,三層,透天厝,住家用,鋼筋混凝土造,1130104,149.73,4,2,4,有,無,10860000,72531,,0.0,0,預售屋、或土地及建物分件登記案件；,RPTOMLTJPHJGFCQ57DA,141.77,7.45,0.0,無,
水上鄉,房地(土地+建物)+車位,嘉義縣水上鄉水上村義德街９７巷６號三樓之１,29.57,住,,,1101025,土地4建物1車位1,三層,六層,華廈(10層含以下有電梯),住家用,鋼筋混凝土造,1130418,71.4,2,2,1,有,有,4750000,66527,一樓平面,0.0,600000,預售屋、或土地及建物分件登記案件；,RPQOMLPJPHJGFDQ96DA,46.94,0.0,4.75,有,
