﻿編號,土地位置,土地移轉面積平方公尺,使用分區或編定,權利人持分分母,權利人持分分子,移轉情形,地號
The serial number, land position,land shifting area square meter,the use zoning or compiles and checks,,,,land parcel
RPQNMLNKRHJGFFT57EA,海鷗段,2.60,非都市：一般農業區 ; 非都市編定：甲種建築用地,1,1,全筆移轉,02050002
RPPNMLLKRHJGFCT96EA,竹南段,580.00,非都市：特定農業區 ; 非都市編定：農牧用地,432,36,持分移轉,02420000
RPRNMLKKRHJGFFT37EA,外獅段,3124.00,非都市：山坡地保育區 ; 非都市編定：農牧用地,1,1,全筆移轉,00310000
RPPNMLQKRHJGFFT77EA,東海段,124.00,非都市：工業區 ; 非都市編定：丁種建築用地,1,1,全筆移轉,06320003
RPPNMLKKRHJGFET96DA,八瑤段,10000.00,非都市：山坡地保育區 ; 非都市編定：林業用地,1,1,全筆移轉,00310001
RPQNMLKKRHJGFDT07EA,天台段,17.55,都市：其他:農業區,19739,1755,持分移轉,07070007
RPPNMLKKRHJGFET96DA,高士段,2200.00,非都市：山坡地保育區 ; 非都市編定：農牧用地,1,1,全筆移轉,01910000
RPPNMLKKRHJGFET96DA,高士段,2930.00,非都市：山坡地保育區 ; 非都市編定：農牧用地,1,1,全筆移轉,06490000
RPSNMLNKRHJGFFT77EA,海鷗段,8.44,非都市：一般農業區 ; 非都市編定：農牧用地,4,1,持分移轉,02040000
RPPOMLKKRHJGFAT66DA,徑仔段,826.04,非都市：一般農業區 ; 非都市編定：農牧用地,1,1,全筆移轉,00230000
RPPOMLKKRHJGFAT66DA,徑仔段,875.46,非都市：一般農業區 ; 非都市編定：農牧用地,1,1,全筆移轉,00530000
RPOOMLTJRHJGFAT37DA,繁昌段,.15,非都市：鄉村區 ; 非都市編定：乙種建築用地,26400,961,持分移轉,06130001
RPOOMLTJRHJGFAT37DA,繁昌段,.37,非都市：鄉村區 ; 非都市編定：乙種建築用地,26400,961,持分移轉,06130002
RPOOMLTJRHJGFAT37DA,繁昌段,.59,非都市：鄉村區 ; 非都市編定：乙種建築用地,26400,961,持分移轉,06130003
RPOOMLTJRHJGFAT37DA,繁昌段,.84,非都市：鄉村區 ; 非都市編定：乙種建築用地,26400,961,持分移轉,06130004
RPOOMLTJRHJGFAT37DA,繁昌段,1.37,非都市：鄉村區 ; 非都市編定：乙種建築用地,26400,961,持分移轉,06130005
RPOOMLTJRHJGFAT37DA,繁昌段,1.83,非都市：鄉村區 ; 非都市編定：乙種建築用地,26400,961,持分移轉,06130006
RPOOMLTJRHJGFAT37DA,繁昌段,2.32,非都市：鄉村區 ; 非都市編定：乙種建築用地,26400,961,持分移轉,06130007
RPOOMLTJRHJGFAT37DA,繁昌段,2.96,非都市：鄉村區 ; 非都市編定：乙種建築用地,26400,961,持分移轉,06130008
RPOOMLTJRHJGFAT37DA,繁昌段,21.47,非都市：鄉村區 ; 非都市編定：乙種建築用地,26400,961,持分移轉,06130009
RPOOMLTJRHJGFAT37DA,繁昌段,6.63,非都市：鄉村區 ; 非都市編定：乙種建築用地,26400,961,持分移轉,06130011
RPOOMLTJRHJGFAT37DA,繁昌段,9.48,非都市：鄉村區 ; 非都市編定：乙種建築用地,26400,961,持分移轉,06130012
RPOOMLTJRHJGFAT37DA,繁昌段,10.14,非都市：鄉村區 ; 非都市編定：乙種建築用地,26400,961,持分移轉,06130013
RPOOMLTJRHJGFAT37DA,繁昌段,4.72,非都市：鄉村區 ; 非都市編定：乙種建築用地,26400,961,持分移轉,06130014
RPOOMLTJRHJGFAT37DA,繁昌段,3.79,非都市：鄉村區 ; 非都市編定：乙種建築用地,26400,961,持分移轉,06130015
RPOOMLTJRHJGFAT37DA,繁昌段,5.63,非都市：鄉村區 ; 非都市編定：乙種建築用地,26400,961,持分移轉,06130016
RPOOMLTJRHJGFAT37DA,繁昌段,6.24,非都市：鄉村區 ; 非都市編定：乙種建築用地,26400,961,持分移轉,06130017
RPOOMLTJRHJGFAT37DA,繁昌段,3.80,非都市：鄉村區 ; 非都市編定：乙種建築用地,26400,961,持分移轉,06130018
RPOOMLTJRHJGFAT37DA,繁昌段,8.33,非都市：鄉村區 ; 非都市編定：乙種建築用地,26400,961,持分移轉,06130019
RPOOMLTJRHJGFAT37DA,繁昌段,63.27,非都市：鄉村區 ; 非都市編定：乙種建築用地,26400,961,持分移轉,06130020
RPOOMLTJRHJGFAT37DA,繁昌段,19.34,非都市：鄉村區 ; 非都市編定：乙種建築用地,26400,961,持分移轉,06130021
RPOOMLTJRHJGFAT37DA,繁昌段,3.18,非都市：鄉村區 ; 非都市編定：乙種建築用地,26400,961,持分移轉,06130022
RPOOMLTJRHJGFAT37DA,繁昌段,25.14,非都市：鄉村區 ; 非都市編定：乙種建築用地,26400,961,持分移轉,06130023
RPOOMLTJRHJGFAT37DA,繁昌段,29.98,非都市：鄉村區 ; 非都市編定：乙種建築用地,26400,961,持分移轉,06130024
RPOOMLTJRHJGFAT37DA,繁昌段,19.09,非都市：鄉村區 ; 非都市編定：乙種建築用地,26400,961,持分移轉,06130026
RPOOMLTJRHJGFAT37DA,繁昌段,15.92,非都市：鄉村區 ; 非都市編定：乙種建築用地,26400,961,持分移轉,06130027
RPOOMLTJRHJGFAT37DA,繁昌段,10.51,非都市：鄉村區 ; 非都市編定：乙種建築用地,26400,961,持分移轉,06130028
RPOOMLTJRHJGFAT37DA,繁昌段,12.08,非都市：鄉村區 ; 非都市編定：乙種建築用地,26400,961,持分移轉,06130029
RPOOMLTJRHJGFAT37DA,繁昌段,7.01,非都市：鄉村區 ; 非都市編定：乙種建築用地,26400,961,持分移轉,06130030
RPOOMLTJRHJGFAT37DA,繁昌段,37.58,非都市：鄉村區 ; 非都市編定：乙種建築用地,26400,961,持分移轉,06130031
RPOOMLTJRHJGFAT37DA,繁昌段,8.29,非都市：鄉村區 ; 非都市編定：乙種建築用地,26400,961,持分移轉,06130032
RPOOMLTJRHJGFAT37DA,繁昌段,.66,非都市：鄉村區 ; 非都市編定：乙種建築用地,26400,961,持分移轉,06130033
RPOOMLTJRHJGFAT37DA,繁昌段,4.66,非都市：鄉村區 ; 非都市編定：乙種建築用地,26400,961,持分移轉,06130034
RPOOMLTJRHJGFAT37DA,繁昌段,16.79,非都市：鄉村區 ; 非都市編定：乙種建築用地,26400,961,持分移轉,06130035
RPOOMLTJRHJGFAT37DA,繁昌段,14.92,非都市：鄉村區 ; 非都市編定：乙種建築用地,26400,961,持分移轉,06130036
RPOOMLTJRHJGFAT37DA,繁昌段,6.92,非都市：鄉村區 ; 非都市編定：乙種建築用地,26400,961,持分移轉,06130037
RPOOMLTJRHJGFAT37DA,繁昌段,2.95,非都市：鄉村區 ; 非都市編定：乙種建築用地,26400,961,持分移轉,06130038
RPOOMLTJRHJGFAT37DA,繁昌段,21.74,非都市：鄉村區 ; 非都市編定：乙種建築用地,26400,961,持分移轉,06130039
RPOOMLTJRHJGFAT37DA,繁昌段,22.47,非都市：鄉村區 ; 非都市編定：乙種建築用地,26400,961,持分移轉,06130040
RPOOMLTJRHJGFAT37DA,繁昌段,32.63,非都市：鄉村區 ; 非都市編定：乙種建築用地,26400,961,持分移轉,06130041
RPWNMLTJRHJGFAT08DA,繁昌段,355.83,非都市：鄉村區 ; 非都市編定：乙種建築用地,26400,961,持分移轉,06130000
RPWNMLTJRHJGFAT08DA,繁昌段,33.89,非都市：鄉村區 ; 非都市編定：乙種建築用地,26400,961,持分移轉,06130010
RPWNMLTJRHJGFAT08DA,繁昌段,3.58,非都市：鄉村區 ; 非都市編定：乙種建築用地,26400,961,持分移轉,06130025
RPWNMLTJRHJGFAT08DA,繁昌段,29.09,非都市：鄉村區 ; 非都市編定：乙種建築用地,26400,961,持分移轉,06130042
RPVNMLKMQHJGFAT27DA,勝興段,67.00,都市：其他:住宅區,1,1,全筆移轉,10010018
RPPNMLMKRHJGFET17DA,石門段,17980.00,非都市：山坡地保育區 ; 非都市編定：林業用地,1,1,全筆移轉,04360000
RPTNMLMLQHJGFAT17DA,萬年段,121.00,都市：其他:住宅區,1,1,全筆移轉,12680021
RPRNMLTJRHJGFAT57DA,甘棠門段一小段,1066.24,非都市：特定農業區 ; 非都市編定：農牧用地,17,6,持分移轉,00500000
RPPNMLPJRHJGFDT27DA,大南段,144.68,都市：其他:商業區,1556475,176833,持分移轉,04530000
RPPNMLSKRHJGFCT67EA,涼山段,310.00,非都市：鄉村區 ; 非都市編定：乙種建築用地,1,1,全筆移轉,13570000
RPQNMLTJRHJGFBT57DA,春林段,41.00,都市：其他:道路用地,1,1,全筆移轉,09330000
RPQNMLTJRHJGFBT57DA,春林段,13.00,都市：其他:道路用地,1,1,全筆移轉,09340000
RPQNMLKKQHJGFCT76DA,新豐段,26.60,非都市：工業區 ; 非都市編定：丁種建築用地,10000,175,持分移轉,00460002
RPWNMLRKQHJGFCT08DA,東寧段,38.46,都市：其他:住宅區,10000,307,持分移轉,05610000
RPRNMLKKRHJGFCT96DA,萬隆段,3801.74,非都市：一般農業區 ; 非都市編定：農牧用地,1,1,全筆移轉,08110000
RPQNMLKKRHJGFCT86DA,光春段,114.23,非都市：一般農業區 ; 非都市編定：農牧用地,1,1,全筆移轉,00650004
RPPNMLKKRHJGFCT76DA,壽比段,6.34,非都市：一般農業區 ; 非都市編定：甲種建築用地,100000,785,持分移轉,02790000
RPQNMLOJRHJGFDT27DA,仁和段,52.12,都市：其他:住宅區,100000,6177,持分移轉,10340000
RPQNMLOJRHJGFDT27DA,仁和段,11.42,都市：其他:道路用地,16,1,持分移轉,10350000
RPXNMLRKQHJGFCT18DA,東寧段,40.22,都市：其他:住宅區,10000,321,持分移轉,05610000
RPQNMLOJRHJGFDT27DA,仁和段,15.18,都市：其他:道路用地,1344,42,持分移轉,10450000
RPPNMLOJRHJGFDT17DA,萬華段,105.58,非都市：鄉村區 ; 非都市編定：乙種建築用地,1,1,全筆移轉,07710000
RPQPMLQJRHJGFCT57DA,壽比段,5.54,非都市：鄉村區 ; 非都市編定：乙種建築用地,10000,35,持分移轉,07640000
RPUNMLPJRHJGFET87DA,九個厝段,2760.00,非都市：山坡地保育區 ; 非都市編定：農牧用地,1,1,全筆移轉,06500000
RPUNMLPJRHJGFET87DA,九個厝段,740.00,非都市：山坡地保育區 ; 非都市編定：丙種建築用地,1,1,全筆移轉,06990000
RPUNMLPJRHJGFET87DA,九個厝段,5290.00,非都市：山坡地保育區 ; 非都市編定：農牧用地,1,1,全筆移轉,07000000
RPUNMLPJRHJGFET87DA,九個厝段,1420.00,非都市：山坡地保育區 ; 非都市編定：農牧用地,1,1,全筆移轉,07030000
RPUNMLPJRHJGFET87DA,九個厝段,1408.00,非都市：山坡地保育區 ; 非都市編定：農牧用地,1,1,全筆移轉,07050003
RPQOMLSLQHJGFCT77DA,新田段,134.00,非都市：鄉村區 ; 非都市編定：乙種建築用地,1,1,全筆移轉,12250008
RPRNMLTJRHJGFFT18EA,新地段,3401.58,非都市：一般農業區 ; 非都市編定：特定目的事業用地,7,5,持分移轉,00260017
RPRNMLTJRHJGFFT18EA,新地段,3467.91,非都市：一般農業區 ; 非都市編定：特定目的事業用地,7,5,持分移轉,00260020
RPPNMLTJRHJGFAT47EA,玉成段,356.25,非都市：一般農業區 ; 非都市編定：農牧用地,7,1,持分移轉,02720000
RPVNMLTJRHJGFAT97DA,瑞光段,79.00,都市：其他:住宅區,1,1,全筆移轉,04610000
RPXNMLTJRHJGFAT18DA,九北段,112.44,非都市：特定農業區 ; 非都市編定：甲種建築用地,1,1,全筆移轉,00030000
RPXNMLTJRHJGFAT18DA,九北段,230.48,非都市：特定農業區 ; 非都市編定：甲種建築用地,1,1,全筆移轉,00400000
RPQNMLTJRHJGFDT77DA,大寮段,50.62,都市：其他:乙種工業區(附)(剔),18676,465,持分移轉,05800000
RPQNMLTJRHJGFDT77DA,大寮段,8.12,都市：其他:道路用地(剔),18676,465,持分移轉,05800001
RPQNMLTJRHJGFDT77DA,大寮段,155.47,都市：其他:公園兼兒童遊樂場用地(剔),18676,465,持分移轉,05800002
RPQNMLTJRHJGFDT77DA,大寮段,18.31,都市：其他:道路用地(剔),18676,465,持分移轉,05800003
RPTOMLKMQHJGFAT17DA,溝美段,31.30,都市：其他:住宅區,10000,1304,持分移轉,00630000
RPWNMLKKRHJGFAT27DA,潭頭段,27.99,都市：其他:商業區,20000,1556,持分移轉,06770000
RPQOMLTJRHJGFAT57DA,公園段二小段,19.90,都市：其他:商業區,100000,3210,持分移轉,00400000
RPSNMLLKRHJGFBT07DA,土庫段,336.00,非都市：一般農業區 ; 非都市編定：交通用地,1,1,全筆移轉,01230014
RPXNMLSLQHJGFBT28DA,中萬甲段,372.00,非都市：一般農業區 ; 非都市編定：農牧用地,1,1,全筆移轉,00670001
RPTNMLLKRHJGFBT17DA,土庫段,281.00,非都市：一般農業區 ; 非都市編定：交通用地,1,1,全筆移轉,01260007
RPROMLNJRHJGFAT07DA,新安段,2470.00,非都市：特定農業區 ; 非都市編定：農牧用地,1,1,全筆移轉,05560000
RPSNMLQJRHJGFET77DA,恆南段,75.02,都市：其他:住宅區,5,4,持分移轉,04980000
RPWOMLRLQHJGFAT08DA,繁興段,4797.35,非都市：一般農業區 ; 非都市編定：農牧用地,1,1,全筆移轉,09080000
RPUNMLTLQHJGFAT97DA,溝美段,82.06,都市：其他:住宅區,1,1,全筆移轉,09980000
RPUNMLTLQHJGFAT97DA,溝美段,8.08,都市：其他:住宅區,1,1,全筆移轉,09990001
RPRNMLOJRHJGFAT07DA,瑞光段,89.00,都市：其他:住宅區,1,1,全筆移轉,04770011
RPRPMLPJRHJGFAT37DA,溝美段,190.00,都市：其他:住宅區,1,1,全筆移轉,02520000
RPXQMLPJRHJGFAT08DA,萬惠段,3.83,都市：其他:住宅區,12,1,持分移轉,05700003
RPVQMLPJRHJGFAT87DA,萬後段,10.58,都市：其他:住宅區,1,1,全筆移轉,07650004
RPORMLPJRHJGFAT27DA,萬後段,9.42,都市：其他:住宅區,1,1,全筆移轉,07650005
RPTNMLLKRHJGFCT27DA,鳳明段,1979.00,非都市：一般農業區 ; 非都市編定：農牧用地,1,1,全筆移轉,10220000
RPQRMLPJRHJGFAT47DA,萬後段,35.78,都市：其他:住宅區,1,1,全筆移轉,07650001
RPTNMLMJQHJGFDT27DA,東港段,18.67,都市：其他:商業區,3,1,持分移轉,00490029
RPPNMLRLQHJGFDT57DA,興盛段,61.50,都市：其他:住宅區,270,70,持分移轉,03300000
RPQNMLNJRHJGFDT17DA,同安段,2649.79,非都市：一般農業區 ; 非都市編定：農牧用地,1,1,全筆移轉,09030000
RPSNMLKKRHJGFDT17DA,新愛段,109.96,都市：其他:住宅區,1,1,全筆移轉,07510027
RPUNMLTJRHJGFDT18DA,五族段,533.73,都市：其他:農業區,1,1,全筆移轉,09650000
RPUNMLTJRHJGFDT18DA,五族段,525.92,都市：其他:農業區,1,1,全筆移轉,09660001
RPUNMLTJRHJGFDT18DA,五族段,552.36,都市：其他:農業區,1,1,全筆移轉,09720000
RPQNMLLKRHJGFFT27DA,新埔段,1908.31,非都市：一般農業區 ; 非都市編定：農牧用地,1,1,全筆移轉,06190003
RPQNMLMKRHJGFET27DA,猪朥束段,1872.00,非都市：國家公園區 ; 非都市編定：,1,1,全筆移轉,01240006
RPPNMLLKRHJGFAT76EA,水源段,104.46,非都市：一般農業區 ; 非都市編定：水利用地,1,1,全筆移轉,04640003
RPQNMLTJRHJGFFT08EA,平埔厝段,65.02,非都市：鄉村區 ; 非都市編定：乙種建築用地,1,1,全筆移轉,03930000
RPXNMLKKRHJGFCT57DA,和興段,320.77,都市：其他:道路用地,400000,162061,持分移轉,02450000
RPSNMLRJQHJGFCT57DA,興義段,95.30,非都市：鄉村區 ; 非都市編定：乙種建築用地,1,1,全筆移轉,07450001
RPSNMLRLQHJGFAT57DA,溝美段,75.00,都市：其他:住宅區,1,1,全筆移轉,00170016
RPRNMLSLQHJGFAT57DA,進興段,40.84,都市：其他:農業區,1,1,全筆移轉,06630003
RPQNMLTJQHJGFET77DA,滿林段,7.92,非都市：山坡地保育區 ; 非都市編定：農牧用地,96,3,持分移轉,06990000
RPQNMLLKRHJGFET17DA,頂水泉段,2678.06,非都市：國家公園區 ; 非都市編定：,1,1,全筆移轉,11190000
RPTNMLRLQHJGFDT97DA,七塊段,372.92,非都市：一般農業區 ; 非都市編定：農牧用地,1,1,全筆移轉,07460000
RPTNMLRLQHJGFDT97DA,七塊段,1878.34,非都市：一般農業區 ; 非都市編定：農牧用地,1,1,全筆移轉,07570000
RPQNMLSLQHJGFET87DA,興安段,204.33,都市：其他:住宅區,1,1,全筆移轉,00710000
RPQNMLMJRHJGFFT27DA,獅子段,7988.00,非都市：山坡地保育區 ; 非都市編定：林業用地,1,1,全筆移轉,00930002
RPSNMLQKRHJGFDT77DA,成功段,49.63,非都市：一般農業區 ; 非都市編定：農牧用地,180000,2235,持分移轉,02550000
RPRNMLRJRHJGFAT37DA,溝美段,31.30,都市：其他:住宅區,10000,1304,持分移轉,00630000
RPQNMLMKRHJGFDT17DA,頂中段,56.95,都市：其他:商業區,1,1,全筆移轉,05810000
RPSOMLSLQHJGFAT77DA,繁華段,95.08,非都市：一般農業區 ; 非都市編定：甲種建築用地,1,1,全筆移轉,05870000
RPPNMLMKRHJGFDT07DA,盛海段,94.54,都市：其他:住宅區,1,1,全筆移轉,10730010
RPQNMLMKRHJGFAT86DA,九如段,781.00,非都市：特定農業區 ; 非都市編定：農牧用地,1,1,全筆移轉,19790000
RPPNMLOJRHJGFAT86DA,東庄段,431.00,非都市：一般農業區 ; 非都市編定：農牧用地,1,1,全筆移轉,01360003
RPPNMLNKRHJGFFT47EA,天時段,32.49,都市：其他:道路用地,4,1,持分移轉,03500000
RPPNMLNKRHJGFFT47EA,天時段,172.68,都市：其他:水溝用地,4,1,持分移轉,03510000
RPPNMLNKRHJGFFT47EA,天時段,828.17,都市：其他:農業區,4,1,持分移轉,03520000
RPOOMLPJQHJGFAT86DA,麟和段,38.63,非都市：一般農業區 ; 非都市編定：甲種建築用地,100,5,持分移轉,06960000
RPUOMLMJRHJGFCT47DA,文化段,.12,都市：其他:住宅區,16,1,持分移轉,05980007
RPPNMLRKRHJGFET67DA,新厝段,128.67,非都市：一般農業區 ; 非都市編定：水利用地,1,1,全筆移轉,07000000
RPUOMLMJRHJGFCT47DA,文化段,11.17,都市：其他:住宅區,16,1,持分移轉,05980008
RPUOMLMJRHJGFCT47DA,文化段,90.57,都市：其他:住宅區,1,1,全筆移轉,05980010
RPPOMLPJQHJGFAT96DA,麟和段,38.63,非都市：一般農業區 ; 非都市編定：甲種建築用地,100,5,持分移轉,06960000
RPWNMLNKRHJGFAT57DA,建國段,22.60,都市：其他:住宅區,15,1,持分移轉,15520000
RPWNMLNKRHJGFAT57DA,建國段,76.00,都市：其他:住宅區,1,1,全筆移轉,15540000
RPQNMLMKRHJGFAT96EA,建國段,31.00,都市：其他:住宅區,1,1,全筆移轉,06360000
RPQNMLMKRHJGFAT96EA,建國段,53.00,都市：其他:道路用地,1,1,全筆移轉,06360001
RPTOMLQLQHJGFAT67DA,水源段二小段,61.00,都市：其他:住宅區,1,1,全筆移轉,04180000
RPQNMLSKRHJGFFT08EA,太源段,73.05,非都市：鄉村區 ; 非都市編定：乙種建築用地,1,1,全筆移轉,03350000
RPPNMLPJRHJGFDT37EA,新東段,192.47,非都市：鄉村區 ; 非都市編定：乙種建築用地,2,1,持分移轉,05630000
RPPNMLPJRHJGFDT37EA,新東段,5.67,非都市：鄉村區 ; 非都市編定：乙種建築用地,1,1,全筆移轉,05640000
RPQNMLQKRHJGFAT37EA,番子寮段,133.26,非都市：一般農業區 ; 非都市編定：農牧用地,46,1,持分移轉,10050000
RPSNMLLLQHJGFCT17DA,富山段,5.82,非都市：山坡地保育區 ; 非都市編定：丙種建築用地,1,1,全筆移轉,05330001
RPPNMLTKPHJGFAT27DA,檳榔腳段二小段,101.00,都市：其他:住宅區,1,1,全筆移轉,05180000
RPPOMLKMQHJGFAT76DA,萬惠段,97.00,都市：其他:住宅區,1,1,全筆移轉,06730014
RPPOMLKMQHJGFAT76DA,萬惠段,89.00,都市：其他:住宅區,1,1,全筆移轉,06730015
RPPOMLKMQHJGFAT76DA,萬惠段,25.81,都市：其他:道路用地,16,1,持分移轉,06740000
RPOOMLNLQHJGFAT86DA,瑞光段,78.00,都市：其他:住宅區,1,1,全筆移轉,05790006
RPQNMLSLQHJGFAT47DA,新街段三小段,10.61,都市：其他:住宅區,10000,52,持分移轉,01710001
RPQNMLRJRHJGFAT27DA,勝興段,44.25,都市：其他:住宅區,16,1,持分移轉,05920000
RPQNMLSLQHJGFAT47DA,新街段三小段,.47,都市：其他:住宅區,10000,52,持分移轉,01710002
RPQNMLSLQHJGFAT47DA,灰磘段,5.52,都市：其他:住宅區,10000,52,持分移轉,10850001
RPQNMLSLQHJGFAT47DA,灰磘段,.09,都市：其他:住宅區,10000,52,持分移轉,10850002
RPQNMLSLQHJGFAT47DA,灰磘段,2.06,都市：其他:住宅區,10000,52,持分移轉,10860001
RPQNMLSLQHJGFAT47DA,灰磘段,.08,都市：其他:住宅區,10000,52,持分移轉,10860002
RPVNMLMJRHJGFAT27DA,檳榔腳段二小段,68.00,都市：其他:住宅區,1,1,全筆移轉,11720000
RPSNMLTJRHJGFAT67DA,玄聖段,2500.00,非都市：一般農業區 ; 非都市編定：農牧用地,1,1,全筆移轉,03280004
RPSNMLTJRHJGFAT67DA,玄聖段,215.17,非都市：一般農業區 ; 非都市編定：農牧用地,5,1,持分移轉,03280007
RPOOMLMLQHJGFCT96DA,頭溝水段,148.44,非都市：鄉村區 ; 非都市編定：乙種建築用地,1,1,全筆移轉,08060000
RPOOMLMLQHJGFCT96DA,頭溝水段,19.49,非都市：鄉村區 ; 非都市編定：乙種建築用地,1,1,全筆移轉,08070000
RPPNMLPLQHJGFCT27DA,科大段,138.45,非都市：鄉村區 ; 非都市編定：乙種建築用地,1,1,全筆移轉,01960000
RPPNMLPLQHJGFCT27DA,科大段,324.57,非都市：鄉村區 ; 非都市編定：乙種建築用地,1,1,全筆移轉,01970000
RPPNMLOKPHJGFCT96DA,新豐段,26.29,非都市：工業區 ; 非都市編定：丁種建築用地,20000,346,持分移轉,00460002
RPUNMLTLQHJGFCT18DA,過溝段,1705.27,非都市：特定農業區 ; 非都市編定：農牧用地,1,1,全筆移轉,05730000
RPUNMLTLQHJGFCT18DA,過溝段,1705.27,非都市：特定農業區 ; 非都市編定：農牧用地,1,1,全筆移轉,05740000
RPRNMLQJRHJGFDT57DA,南糖段,43.62,都市：其他:住宅區,4,1,持分移轉,16260003
RPRNMLQJRHJGFDT57DA,南糖段,165.32,都市：其他:住宅區,1,1,全筆移轉,16260005
RPWNMLNJRHJGFET87DA,大潭段,91.02,都市：其他:農業區,10000,1077,持分移轉,04930005
RPSNMLQJRHJGFDT67DA,南糖段,187.04,都市：其他:住宅區,1,1,全筆移轉,16260001
RPSNMLQJRHJGFDT67DA,南糖段,43.62,都市：其他:住宅區,4,1,持分移轉,16260003
RPWNMLQJRHJGFAT77DA,正安段,1010.24,非都市：一般農業區 ; 非都市編定：農牧用地,1,1,全筆移轉,05950000
RPTOMLTLQHJGFAT97DA,大埔段三小段,132.00,都市：其他:住宅區,1,1,全筆移轉,00590000
RPTOMLTLQHJGFAT97DA,大埔段三小段,135.00,都市：其他:住宅區,1,1,全筆移轉,00600000
RPPNMLKKRHJGFAT56DA,玉成段,5.68,非都市：鄉村區 ; 非都市編定：乙種建築用地,25,1,持分移轉,06960000
RPWOMLTJRHJGFAT18DA,勝興段,60.00,都市：其他:住宅區,1,1,全筆移轉,09010000
RPPNMLKKRHJGFAT56DA,玉成段,147.39,非都市：鄉村區 ; 非都市編定：乙種建築用地,1,1,全筆移轉,06960025
RPUNMLKKRHJGFAT07DA,溝美段一小段,76.00,都市：其他:住宅區,1,1,全筆移轉,02230006
RPTNMLQLQHJGFCT77DA,光明段,137.15,都市：其他:住宅區,1,1,全筆移轉,01540002
RPVNMLKKRHJGFCT37DA,大和段,3258.48,非都市：一般農業區 ; 非都市編定：農牧用地,1,1,全筆移轉,01460000
RPWNMLSLQHJGFDT38DA,東隆段,28.45,都市：其他:住宅區,10000,289,持分移轉,09320000
RPWNMLSLQHJGFDT38DA,東隆段,70.25,都市：其他:住宅區,1,1,全筆移轉,09790000
RPPNMLKMQHJGFET07DA,大光段,2795.57,非都市：國家公園區 ; 非都市編定：,1,1,全筆移轉,11920000
RPPNMLKMQHJGFET07DA,大光段,2943.16,非都市：國家公園區 ; 非都市編定：,1,1,全筆移轉,11930000
RPPNMLKMQHJGFET07DA,大光段,1262.00,非都市：國家公園區 ; 非都市編定：,1,1,全筆移轉,11940002
RPPNMLKMQHJGFET07DA,大光段,3000.02,非都市：國家公園區 ; 非都市編定：,1,1,全筆移轉,11980000
RPPNMLTJRHJGFBT57EA,鐵店段,47.00,都市：其他:道路用地,1,1,全筆移轉,09590000
RPPNMLTJRHJGFBT57EA,鐵店段,1360.00,都市：其他:乙種工業區,1,1,全筆移轉,09600000
RPPNMLNJRHJGFAT76DA,萬生段,220.00,都市：其他:住宅區,1,1,全筆移轉,00660004
RPQNMLKKRHJGFFT27EA,建興段,3654.05,都市：其他:農業區,1,1,全筆移轉,06930000
RPPNMLKKRHJGFAT66EA,福光段,4.88,都市：其他:住宅區,8,1,持分移轉,00680000
RPPNMLKKRHJGFAT66EA,福光段,57.50,都市：其他:住宅區,8,1,持分移轉,00690000
RPPNMLKKRHJGFAT66EA,福光段,4.25,都市：其他:住宅區,8,1,持分移轉,00700000
RPWNMLMJRHJGFAT37DA,北勢段,13.27,都市：其他:住宅區,10000,56,持分移轉,06900000
RPSQMLPKQHJGFCT77DA,東寧段,225.89,都市：其他:住宅區,10,3,持分移轉,13480000
RPPNMLPJRHJGFAT96DA,瑞光段,17.35,都市：其他:住宅區,10000,70,持分移轉,04730002
RPTNMLPKQHJGFDT67DA,頂愛段,135.75,非都市：鄉村區 ; 非都市編定：乙種建築用地,1,1,全筆移轉,00360001
RPTNMLPKQHJGFDT67DA,頂愛段,21.46,非都市：鄉村區 ; 非都市編定：乙種建築用地,5,1,持分移轉,00660000
RPTNMLPKQHJGFDT67DA,頂愛段,2.23,非都市：鄉村區 ; 非都市編定：乙種建築用地,10,1,持分移轉,00670000
RPTNMLPKQHJGFDT67DA,頂愛段,5.09,非都市：鄉村區 ; 非都市編定：乙種建築用地,4835,108,持分移轉,00850000
RPPNMLLMQHJGFDT07DA,五族段,28.01,非都市：鄉村區 ; 非都市編定：乙種建築用地,1,1,全筆移轉,06730000
RPOOMLKKRHJGFCT76DA,復興段,227.74,都市：其他:住宅區,1,1,全筆移轉,05130010
RPSNMLKMQHJGFAT96DA,長春段,27.46,都市：其他:住宅區,20000,206,持分移轉,02450000
RPSNMLKMQHJGFAT96DA,長春段,.01,都市：其他:住宅區,20000,206,持分移轉,02450001
RPPNMLLKRHJGFDT96DA,新義段,18.43,都市：其他:住宅區,32,1,持分移轉,00360002
RPWNMLSJQHJGFAT87DA,林內段,45.61,都市：其他:住宅區,100000,81,持分移轉,14240000
RPPNMLLKRHJGFDT96DA,新義段,65.96,都市：其他:住宅區,1,1,全筆移轉,00360033
RPPNMLLKRHJGFDT96DA,新義段,2.04,都市：其他:住宅區,32,1,持分移轉,00360081
RPPNMLLKRHJGFDT96DA,新義段,2.04,都市：其他:住宅區,32,1,持分移轉,00360082
RPQNMLLKRHJGFDT07DA,龍帝段,.61,非都市：鄉村區 ; 非都市編定：乙種建築用地,391680,11610,持分移轉,00520000
RPQNMLLKRHJGFDT07DA,龍帝段,16.04,非都市：鄉村區 ; 非都市編定：交通用地,391680,11610,持分移轉,03280000
RPQNMLLKRHJGFDT07DA,龍帝段,206.91,非都市：鄉村區 ; 非都市編定：乙種建築用地,1,1,全筆移轉,03400001
RPQNMLLKRHJGFDT07DA,龍帝段,7.78,非都市：鄉村區 ; 非都市編定：交通用地,391680,11610,持分移轉,03410000
RPSNMLMKRHJGFET47DA,草埔段,622.58,都市：其他:農業區,1,1,全筆移轉,12220000
RPSNMLMKRHJGFET47DA,草埔段,15.85,,1,1,全筆移轉,12220002
RPSNMLMKRHJGFET47DA,草埔段,99.77,都市：其他:農業區,1,1,全筆移轉,12220003
RPVNMLMKRHJGFET77DA,草埔段,459.68,都市：其他:農業區,1,1,全筆移轉,12220001
RPQNMLQJRHJGFAT17DA,溝美段一小段,33.70,都市：其他:住宅區,100000,8640,持分移轉,01500000
RPSNMLQJRHJGFAT37DA,溝美段一小段,30.11,都市：其他:住宅區,100000,7720,持分移轉,01500000
RPQNMLLJRHJGFDT96DA,新仁段,166.67,都市：其他:住宅區,1,1,全筆移轉,00200001
RPXNMLTKRHJGFAT28DA,新清溪段,56.52,都市：其他:工業區,100000,1511,持分移轉,05100000
RPRPMLQJRHJGFCT67DA,上龍泉段,298.35,都市：其他:農業區,1,1,全筆移轉,11540007
RPXNMLTKRHJGFAT28DA,新清溪段,316.16,都市：其他:工業區,1,1,全筆移轉,05120012
RPWNMLMKRHJGFET87DA,草埔段,60.80,非都市：一般農業區 ; 非都市編定：農牧用地,1,1,全筆移轉,05130000
RPWNMLMKRHJGFET87DA,草埔段,58.58,非都市：一般農業區 ; 非都市編定：農牧用地,1,1,全筆移轉,05160000
RPWNMLMKRHJGFET87DA,草埔段,1640.18,非都市：一般農業區 ; 非都市編定：農牧用地,1,1,全筆移轉,12160000
RPWNMLMKRHJGFET87DA,草埔段,725.27,都市：其他:農業區,1,1,全筆移轉,12200000
RPWNMLMKRHJGFET87DA,草埔段,138.00,非都市：一般農業區 ; 非都市編定：農牧用地,1,1,全筆移轉,12400000
RPWNMLMKRHJGFET87DA,草埔段,459.96,非都市：一般農業區 ; 非都市編定：農牧用地,1,1,全筆移轉,12410000
RPWNMLMKRHJGFET87DA,草埔段,11.41,非都市：一般農業區 ; 非都市編定：農牧用地,1,1,全筆移轉,12440000
RPWNMLMKRHJGFET87DA,草埔段,59.79,都市：其他:農業區,1,1,全筆移轉,12460000
RPWNMLMKRHJGFET87DA,草埔段,60.68,都市：其他:農業區,1,1,全筆移轉,13050000
SPRPMLQJRHJGFCT77DA,上龍泉段,73.24,都市：其他:農業區,96,15,持分移轉,11540000
SPRPMLQJRHJGFCT77DA,上龍泉段,8.27,都市：其他:農業區,118517,827,持分移轉,12120000
RPRNMLQJRHJGFAT27DA,溝美段一小段,30.11,都市：其他:住宅區,100000,7720,持分移轉,01500000
RPSOMLPJQHJGFAT27DA,麟和段,38.63,非都市：一般農業區 ; 非都市編定：甲種建築用地,100,5,持分移轉,06960000
RPTOMLPJQHJGFAT37DA,麟和段,38.63,非都市：一般農業區 ; 非都市編定：甲種建築用地,100,5,持分移轉,06960000
RPUOMLPJQHJGFAT47DA,麟和段,38.63,非都市：一般農業區 ; 非都市編定：甲種建築用地,100,5,持分移轉,06960000
RPWOMLPJQHJGFAT67DA,麟和段,38.63,非都市：一般農業區 ; 非都市編定：甲種建築用地,200,10,持分移轉,06960000
RPRNMLPKQHJGFDT47DA,關帝段,347.13,都市：其他:住宅區,1,1,全筆移轉,12310000
RPRNMLMKRHJGFET37DA,四溝段,480.10,非都市：鄉村區 ; 非都市編定：乙種建築用地,1,1,全筆移轉,05780000
RPRNMLMKRHJGFET37DA,四溝段,60.77,非都市：鄉村區 ; 非都市編定：乙種建築用地,15,1,持分移轉,05800000
RPVNMLLMPHJGFDT57DA,頂忠段,51.30,非都市：鄉村區 ; 非都市編定：乙種建築用地,1,1,全筆移轉,07240007
RPWQMLQJQHJGFAT97DA,麟仁段,45.47,都市：其他:住宅區,4,1,持分移轉,04710009
RPVNMLLMPHJGFDT57DA,頂忠段,23.44,非都市：鄉村區 ; 非都市編定：乙種建築用地,100000,6141,持分移轉,07240010
RPVNMLLMPHJGFDT57DA,頂忠段,.76,非都市：鄉村區 ; 非都市編定：乙種建築用地,20,1,持分移轉,07240021
RPRNMLMKPHJGFDT07DA,白沙段,82.66,都市：其他:住宅區,4000,164,持分移轉,01580000
RPWQMLQJQHJGFAT97DA,麟仁段,142.60,都市：其他:住宅區,1,1,全筆移轉,04710010
RPTNMLLMPHJGFDT37DA,南龍段,43.26,都市：其他:住宅區,100000,4738,持分移轉,10990003
RPQNMLSKRHJGFDT77DA,天台段,323.22,都市：其他:住宅區,1,1,全筆移轉,10110000
RPXNMLTKQHJGFAT18DA,新全段,88.02,非都市：特定農業區 ; 非都市編定：甲種建築用地,40000,5216,持分移轉,17840000
RPXNMLTKQHJGFAT18DA,新全段,660.00,非都市：特定農業區 ; 非都市編定：甲種建築用地,1,1,全筆移轉,17890000
RPWNMLTJRHJGFET48DA,公順段,82.65,都市：其他:住宅區,1,1,全筆移轉,12510000
RPVNMLQJRHJGFAT67DA,斯文段,71.00,都市：其他:住宅區,1,1,全筆移轉,06790015
RPVNMLQJRHJGFAT67DA,斯文段,24.00,都市：其他:住宅區,1,1,全筆移轉,07200005
RPPNMLOJRHJGFCT07DA,新埔段,22.75,非都市：鄉村區 ; 非都市編定：乙種建築用地,10000,139,持分移轉,02800000
RPUOMLLLQHJGFAT27DA,寶厝段,32.15,都市：其他:住宅區,10000,608,持分移轉,07150000
RPPNMLTJRHJGFAT37DA,萬年段,48.82,都市：其他:住宅區,100000,6125,持分移轉,12810001
RPRNMLKMQHJGFET27DA,興安段,87.43,都市：其他:住宅區,1,1,全筆移轉,00420000
RPSOMLMLQHJGFAT17DA,萬安段,69.00,都市：其他:住宅區,1,1,全筆移轉,03320004
RPSOMLTJRHJGFAT77DA,林內段,60.72,都市：其他:住宅區,100,11,持分移轉,07260000
RPPNMLRKQHJGFET57DA,下水泉段,6369.33,非都市：國家公園區 ; 非都市編定：,1,1,全筆移轉,08130000
RPRNMLQLOHJGFCT37DA,文化段,179.36,都市：其他:住宅區,1,1,全筆移轉,06730004
RPPNMLKKRHJGFDT96EA,大鵬段,6213.25,都市：其他:遊憩區,1,1,全筆移轉,02890000
RPPNMLKKRHJGFDT96EA,大鵬段,594.39,都市：其他:遊憩區,1,1,全筆移轉,02910000
RPWNMLNLQHJGFAT57DA,復興段,94.28,非都市：鄉村區 ; 非都市編定：乙種建築用地,1,1,全筆移轉,05610000
RPWNMLNLQHJGFAT57DA,復興段,.15,非都市：鄉村區 ; 非都市編定：乙種建築用地,16,1,持分移轉,05690001
RPTQMLQJQHJGFAT67DA,豐田段,68.00,都市：其他:住宅區,1,1,全筆移轉,06100000
RPTQMLQJQHJGFAT67DA,豐田段,1.47,都市：其他:住宅區,1073,21,持分移轉,06130000
RPVOMLTLPHJGFAT08DA,斯文段,41.32,都市：其他:住宅區,10000,135,持分移轉,12980000
RPQNMLLKRHJGFAT76DA,溝美段一小段,21.41,都市：其他:住宅區,10000,404,持分移轉,00100000
RPRNMLPKQHJGFAT17DA,公興段,9.48,非都市：一般農業區 ; 非都市編定：水利用地,1,1,全筆移轉,05320000
RPRNMLPKQHJGFAT17DA,公興段,55.92,非都市：一般農業區 ; 非都市編定：農牧用地,1,1,全筆移轉,05330000
RPRNMLPKQHJGFAT17DA,公興段,59.57,非都市：一般農業區 ; 非都市編定：農牧用地,1,1,全筆移轉,05340000
RPRNMLPKQHJGFAT17DA,公興段,9.36,非都市：一般農業區 ; 非都市編定：水利用地,1,1,全筆移轉,05350000
RPRNMLPKQHJGFAT17DA,公興段,9.23,非都市：一般農業區 ; 非都市編定：甲種建築用地,1,1,全筆移轉,05380000
RPRNMLPKQHJGFAT17DA,公興段,63.25,非都市：一般農業區 ; 非都市編定：甲種建築用地,1,1,全筆移轉,05400000
RPQNMLOKQHJGFFT57EA,保生段,52.85,都市：其他:住宅區,62700,25955,持分移轉,10900000
RPQNMLOKQHJGFFT57EA,保生段,17.74,都市：其他:住宅區,8,1,持分移轉,10990000
RPRQMLPKQHJGFCT67DA,東寧段,4.64,都市：其他:住宅區,1,1,全筆移轉,13230001
RPRQMLPKQHJGFCT67DA,東寧段,23.24,都市：其他:住宅區,1,1,全筆移轉,13250001
RPRQMLPKQHJGFCT67DA,東寧段,1.11,都市：其他:人行步道用地,1,1,全筆移轉,13250002
RPRQMLPKQHJGFCT67DA,東寧段,61.25,都市：其他:住宅區,1,1,全筆移轉,13250003
RPRQMLPKQHJGFCT67DA,東寧段,.55,都市：其他:住宅區,1,1,全筆移轉,13280000
RPRQMLPKQHJGFCT67DA,東寧段,5.54,都市：其他:道路用地,1,1,全筆移轉,13290000
RPRQMLPKQHJGFCT67DA,東寧段,153.28,都市：其他:道路用地,1,1,全筆移轉,13310000
RPRQMLPKQHJGFCT67DA,東寧段,24.72,都市：其他:住宅區,1,1,全筆移轉,13340000
RPRQMLPKQHJGFCT67DA,東寧段,176.44,都市：其他:道路用地,1,1,全筆移轉,13350000
RPRQMLPKQHJGFCT67DA,東寧段,105.57,都市：其他:住宅區,1,1,全筆移轉,13370001
RPRQMLPKQHJGFCT67DA,東寧段,4.60,都市：其他:人行步道用地,1,1,全筆移轉,13370002
RPSNMLLKRHJGFAT96DA,萬年段,49.11,都市：其他:住宅區,100000,6162,持分移轉,12810001
RPRQMLPKQHJGFCT67DA,東寧段,25.98,都市：其他:住宅區,10,3,持分移轉,13480001
RPRQMLPKQHJGFCT67DA,東寧段,.69,都市：其他:人行步道用地,2,1,持分移轉,13480002
RPRQMLPKQHJGFCT67DA,東寧段,84.40,都市：其他:道路用地,2,1,持分移轉,13490000
RPRQMLPKQHJGFCT67DA,東寧段,9.81,都市：其他:道路用地,2,1,持分移轉,13500000
RPRQMLPKQHJGFCT67DA,東寧段,349.26,都市：其他:道路用地,1,1,全筆移轉,13530000
RPSNMLRKQHJGFCT67DA,內田段,102.60,都市：其他:住宅區,1,1,全筆移轉,12890022
RPVNMLLKRHJGFCT47DA,牛角灣段,3478.09,非都市：一般農業區 ; 非都市編定：農牧用地,1,1,全筆移轉,04810000
RPSNMLRKQHJGFCT67DA,內田段,36.30,都市：其他:住宅區,12,1,持分移轉,12890028
RPTNMLLKRHJGFAT07DA,萬年段,50.37,都市：其他:住宅區,100000,6320,持分移轉,12810001
RPXOMLLLQHJGFAT57DA,麟仁段,104.65,都市：其他:農業區,20363500,1046516,持分移轉,10740010
RPXOMLLLQHJGFAT57DA,麟仁段,393.51,都市：其他:農業區,1,1,全筆移轉,10740014
RPTNMLKKRHJGFDT27DA,白沙段,126.67,都市：其他:商業區,1,1,全筆移轉,10770000
RPPNMLQJRHJGFAT07DA,溝美段一小段,33.70,都市：其他:住宅區,100000,8640,持分移轉,01500000
RPQNMLOLPHJGFAT96DA,九和段,172.79,都市：其他:住宅區,1,1,全筆移轉,10920004
RPUNMLRKRHJGFAT77DA,豐田段,3.92,都市：其他:住宅區,10000,256,持分移轉,02880001
RPUNMLRKRHJGFAT77DA,豐田段,3.97,都市：其他:住宅區,10000,256,持分移轉,02880002
RPUNMLRKRHJGFAT77DA,豐田段,4.04,都市：其他:住宅區,10000,256,持分移轉,02880003
RPUNMLRKRHJGFAT77DA,豐田段,4.10,都市：其他:住宅區,10000,256,持分移轉,02880004
RPUNMLRKRHJGFAT77DA,豐田段,4.15,都市：其他:住宅區,10000,256,持分移轉,02880005
RPRNMLQKRHJGFDT67DA,新帝段,19.56,都市：其他:商業區,2000,131,持分移轉,03340000
RPXNMLNJRHJGFET97DA,大潭段,86.88,,10000,1028,持分移轉,04930005
RPXNMLNJRHJGFET97DA,大潭段,87.05,都市：其他:農業區,20000,2060,持分移轉,04930005
RPTNMLLLQHJGFAT07DA,九北段,190.87,非都市：特定農業區 ; 非都市編定：甲種建築用地,1,1,全筆移轉,00010000
RPTNMLLLQHJGFAT07DA,九北段,106.65,非都市：特定農業區 ; 非都市編定：甲種建築用地,1,1,全筆移轉,00020000
RPTNMLLLQHJGFAT07DA,九北段,235.65,非都市：特定農業區 ; 非都市編定：甲種建築用地,1,1,全筆移轉,00410000
RPTNMLLLQHJGFAT07DA,九北段,491.69,非都市：特定農業區 ; 非都市編定：甲種建築用地,1,1,全筆移轉,00420000
RPQNMLLKRHJGFAT86EA,九和段,1117.51,非都市：一般農業區 ; 非都市編定：農牧用地,1,1,全筆移轉,01300001
RPPNMLQJQHJGFAT07EA,萬年段,87.00,都市：其他:住宅區,1,1,全筆移轉,00260007
RPTNMLQJRHJGFAT47DA,萬年段,146.00,都市：其他:住宅區,1,1,全筆移轉,05590004
RPUNMLTKOHJGFCT87DA,新厝段一小段,401.00,非都市：鄉村區 ; 非都市編定：乙種建築用地,1,1,全筆移轉,03220002
RPPNMLOLQHJGFET37DA,白砂段,880.13,非都市：國家公園區 ; 非都市編定：,1,1,全筆移轉,00510000
RPPNMLOLQHJGFET37DA,白砂段,626.56,非都市：國家公園區 ; 非都市編定：,1,1,全筆移轉,00550000
RPPNMLOLQHJGFET37DA,白砂段,459.92,非都市：國家公園區 ; 非都市編定：,1,1,全筆移轉,00580000
RPRNMLMLPHJGFET27DA,湖內段,578.22,都市：其他:農業區,1,1,全筆移轉,03830001
RPRNMLMLPHJGFET27DA,湖內段,586.34,都市：其他:農業區,1,1,全筆移轉,03830002
RPTNMLMLPHJGFET47DA,湖內段,587.22,都市：其他:農業區,1,1,全筆移轉,03830003
RPTNMLMLPHJGFET47DA,湖內段,587.93,都市：其他:農業區,1,1,全筆移轉,03830005
RPVOMLTJRHJGFAT08DA,華富段,2646.24,都市：其他:工業區,1,1,全筆移轉,04590000
RPRNMLNKRHJGFFT67EA,海鷗段,3.30,非都市：一般農業區 ; 非都市編定：甲種建築用地,1,1,全筆移轉,01820001
RPRNMLPJRHJGFCT37DA,檨興段,24.59,非都市：鄉村區 ; 非都市編定：乙種建築用地,36,2,持分移轉,01170000
RPRNMLPJRHJGFCT37DA,檨興段,.94,非都市：鄉村區 ; 非都市編定：乙種建築用地,54,2,持分移轉,01170018
RPRNMLPJRHJGFCT37DA,檨興段,150.63,非都市：鄉村區 ; 非都市編定：乙種建築用地,1,1,全筆移轉,01170030
RPRNMLPJRHJGFCT37DA,檨興段,1.20,非都市：一般農業區 ; 非都市編定：甲種建築用地,34,2,持分移轉,01400000
RPSNMLPJRHJGFCT47DA,檨興段,24.59,非都市：鄉村區 ; 非都市編定：乙種建築用地,18,1,持分移轉,01170000
RPSNMLPJRHJGFCT47DA,檨興段,.94,非都市：鄉村區 ; 非都市編定：乙種建築用地,27,1,持分移轉,01170018
RPSNMLPJRHJGFCT47DA,檨興段,114.61,非都市：鄉村區 ; 非都市編定：乙種建築用地,1,1,全筆移轉,01170031
RPSNMLPJRHJGFCT47DA,檨興段,1.20,非都市：一般農業區 ; 非都市編定：甲種建築用地,17,1,持分移轉,01400000
