﻿編號,屋齡,建物移轉面積平方公尺,主要用途,主要建材,建築完成日期,總層數,建物分層,移轉情形
The serial number,room age,building shifting area square meter,the main use,main building materials,construction completes the date,total layer,building lamination,
RPQNMLMKQHJGFAT86CC,32,217.56,住商用,鋼筋混凝土造,81年7月31日,四層,,
RPPNMLMKQHJGFAT76CC,16,9.78,辦公室,鋼筋混凝土造,97年3月5日,四層,,
RPPNMLMKQHJGFCT96CC,20,11.92,見使用執照,鋼筋混凝土造,93年7月12日,六層,,
RPPNMLMKQHJGFAT76CC,16,4.83,辦公室、機電空間、梯廳,鋼筋混凝土造,97年3月5日,四層,,
RPTNMLNKQHJGFAT27CC,39,24.80,住家用,鋼筋混凝土造,74年5月28日,三層,,
RPPNMLMKQHJGFCT96CC,20,6.15,見使用執照,鋼筋混凝土造,93年7月12日,六層,,
RPPNMLMKQHJGFCT96CC,20,1.12,停車空間、機械室,鋼筋混凝土造,93年7月12日,六層,,
RPSNMLNKQHJGFAT17CC,30,101.79,住家用,鋼筋混凝土造,83年2月7日,十五層,,
RPPNMLMKQHJGFCT96CC,20,1.11,見使用執照,鋼筋混凝土造,93年7月12日,六層,,
RPSNMLNKQHJGFAT17CC,30,22.74,守衛室，梯間，停車空間,鋼筋混凝土造,83年2月7日,十五層,,
RPVNMLNKQHJGFAT47CC,33,127.92,商業用,鋼造,81年1月6日,一層,,
RPQNMLNKQHJGFAT96CC,43,77.30,住家用,鋼筋混凝土造,70年4月20日,五層,,
RPQNMLNKQHJGFAT96CC,,132.16,樓梯間，地下室,鋼筋混凝土造,,五層,,
RPPNMLNKQHJGFCT07CC,1,67.53,集合住宅,鋼筋混凝土造,112年9月28日,五層,,
RPPNMLNKQHJGFCT07CC,1,29.80,本共有部分之項目有樓梯間、停車空間及機械室等三項,鋼筋混凝土造,112年9月28日,五層,,
RPQNMLOKQHJGFAT07CC,1,60.67,集合住宅,鋼筋混凝土造,112年10月24日,五層,,
RPQNMLOKQHJGFAT07CC,1,25.01,停車空間、電信室、樓梯間、電梯機房,鋼筋混凝土造,112年10月24日,五層,,
RPQNMLNKQHJGFCT17CC,30,141.96,住家用,鋼筋混凝土造,83年4月18日,三層,,
RPPNMLPKQHJGFAT07CC,1,65.37,集合住宅,鋼筋混凝土造,112年8月3日,五層,,
RPPNMLPKQHJGFAT07CC,1,33.73,共同梯間、停車空間、機械室、樓梯間、水箱,鋼筋混凝土造,112年8月3日,五層,,
RPPNMLQKQHJGFCT37CC,21,20.55,見使用執照,鋼筋混凝土造,92年5月1日,五層,,
RPQNMLPKQHJGFAT17CC,41,73.04,住家用,鋼筋混凝土造,72年3月5日,五層,,
RPPNMLQKQHJGFCT37CC,21,7.71,共同部份,鋼筋混凝土造,92年5月1日,五層,,
RPRNMLQKQHJGFCT57CC,20,12.22,見使用執照,鋼筋混凝土造,93年7月12日,六層,,
RPQNMLPKQHJGFAT17CC,41,4.53,防空避難室,鋼筋混凝土造,72年5月16日,,,
RPPNMLQKQHJGFCT37CC,21,1.76,停車空間,鋼筋混凝土造,92年5月1日,五層,,
RPRNMLQKQHJGFCT57CC,20,5.80,見使用執照,鋼筋混凝土造,93年7月12日,六層,,
RPQNMLPKQHJGFAT17CC,41,8.16,公共設施，樓梯，通道，突出物,鋼筋混凝土造,72年3月15日,,,
RPRNMLQKQHJGFCT57CC,20,1.12,停車空間、機械室,鋼筋混凝土造,93年7月12日,六層,,
RPRNMLQKQHJGFAT37CC,44,131.34,住家用,加強磚造,69年8月4日,二層,,
RPRNMLOKQHJGFAT17CC,20,114.28,集合住宅,鋼筋混凝土造,93年9月9日,十四層,,
RPRNMLOKQHJGFAT17CC,20,66.73,防空避難室、停車空間、活動中心、管理中心、警衛室、門廳、通廊,鋼筋混凝土造,93年9月9日,十四層,,
RPPNMLQKQHJGFAT17CC,31,86.23,住家用,鋼筋混凝土造,82年3月8日,七層,,
RPPNMLQKQHJGFAT17CC,31,28.84,共同部份,鋼筋混凝土造,82年3月8日,七層,,
RPQNMLTKQHJGFAT57CC,16,9.19,辦公室,鋼筋混凝土造,97年3月5日,四層,,
RPQNMLTKQHJGFAT57CC,16,32.86,停車空間,鋼筋混凝土造,97年3月5日,四層,,
RPQNMLTKQHJGFAT57CC,16,3.13,機械室,鋼筋混凝土造,97年3月5日,四層,,
RPQNMLTKQHJGFAT57CC,16,5.39,機械室,鋼筋混凝土造,97年3月5日,四層,,
RPQNMLTKQHJGFAT57CC,16,3.13,機械室,鋼筋混凝土造,97年3月5日,四層,,
RPQNMLTKQHJGFAT57CC,16,5.39,機械室,鋼筋混凝土造,97年3月5日,四層,,
RPQNMLTKQHJGFAT57CC,16,4.54,辦公室、機電空間、梯廳,鋼筋混凝土造,97年3月5日,四層,,
RPPNMLTKQHJGFAT47CC,17,8.51,辦公室,鋼筋混凝土造,96年5月30日,八層,,
RPPNMLTKQHJGFAT47CC,17,30.72,梯廳、防空避難室、停車空間、水箱、機械室,鋼筋混凝土造,96年5月30日,八層,,
RPPNMLTKQHJGFAT47CC,17,99.15,梯廳及停車空間,鋼筋混凝土造,96年5月30日,八層,,
RPPNMLTKQHJGFAT47CC,17,117.46,梯廳及停車空間,鋼筋混凝土造,96年5月30日,八層,,
RPQNMLLLQHJGFCT07CC,20,12.06,辦公室,鋼筋混凝土構造,93年7月12日,六層,,
RPQNMLLLQHJGFCT07CC,20,5.97,見使用執照,鋼筋混凝土造,93年7月12日,六層,,
RPUNMLTKQHJGFAT97CC,40,76.83,國民住宅,鋼筋混凝土造,73年3月16日,五層,,
RPSNMLTKQHJGFAT77CC,33,83.52,住家用,鋼筋混凝土造,80年10月14日,二層,,
RPUNMLTKQHJGFAT97CC,40,11.11,共同部份,鋼筋混凝土造,73年3月16日,,,
RPRNMLTKQHJGFAT67CC,20,114.28,集合住宅,鋼筋混凝土造,93年9月9日,十四層,,
RPQNMLLLQHJGFCT07CC,20,1.12,停車空間、機械室,鋼筋混凝土造,93年7月12日,六層,,
RPRNMLTKQHJGFAT67CC,20,66.73,防空避難室、停車空間、活動中心、管理中心、警衛室、門廳、通廊,鋼筋混凝土造,93年9月9日,十四層,,
RPPNMLLLQHJGFAT76CC,30,34.64,住家用,鋼筋混凝土造,83年12月30日,五層,,
RPPNMLTKQHJGFCT67CC,20,11.92,見使用執照,鋼筋混凝土造,93年7月12日,六層,,
RPPNMLTKQHJGFCT67CC,20,5.62,見使用執照,鋼筋混凝土造,93年7月12日,六層,,
RPPNMLTKQHJGFCT67CC,20,10.10,停車空間、機械室,鋼筋混凝土造,93年7月12日,六層,,
RPPNMLTKQHJGFCT67CC,20,1.11,見使用執照,鋼筋混凝土造,93年7月12日,六層,,
RPPNMLTKQHJGFCT67CC,20,56.13,見使用執照,鋼筋混凝土造,93年7月12日,六層,,
RPRNMLMLQHJGFCT27CC,21,76.38,商業用,鋼筋混凝土造,92年5月1日,五層,,
RPRNMLMLQHJGFCT27CC,21,36.71,共同部份,鋼筋混凝土造,92年5月1日,五層,,
RPRNMLMLQHJGFCT27CC,21,11.71,共同部份,鋼筋混凝土造,92年5月1日,五層,,
RPRNMLMLQHJGFCT27CC,21,1.76,停車空間,鋼筋混凝土造,92年5月1日,五層,,
RPPNMLNLQHJGFAT96CC,2,55.26,集合住宅,鋼筋混凝土造,111年5月9日,七層,,
RPPNMLQLQHJGFAT27CC,20,12.57,辦公室,鋼筋混凝土造,93年6月30日,六層,,
RPPNMLNLQHJGFAT96CC,2,32.09,樓梯間、停車空間,鋼筋混凝土造,111年5月9日,七層,,
RPQNMLQKQHJGFCT47CC,20,11.79,見使用執照,鋼筋混凝土造,93年7月12日,六層,,
RPPNMLQLQHJGFAT27CC,20,2.38,停車空間,鋼筋混凝土造,93年6月30日,六層,,
RPPNMLQLQHJGFAT27CC,20,6.73,電樓梯間、蓄水池、台電配電室、馬達間、受電箱、交誼廳,鋼筋混凝土造,93年6月30日,六層,,
RPQNMLQKQHJGFCT47CC,20,6.15,見使用執照,鋼筋混凝土造,93年7月12日,六層,,
RPQNMLQKQHJGFCT47CC,20,1.12,停車空間、機械室,鋼筋混凝土造,93年7月12日,六層,,
RPPNMLQLQHJGFCT47CC,8,19.47,集合住宅,鋼筋混凝土構造,105年11月4日,七層,,
RPPNMLQLQHJGFCT47CC,8,11.57,停車空間、管理委員會使用空間、消房機房（發電機室）、樓梯間、水箱間、電梯機械室,鋼筋混凝土構造,105年11月4日,七層,,
RPQNMLQLQHJGFCT57CC,8,18.96,集合住宅,鋼筋混凝土構造,105年11月4日,七層,,
RPQNMLQLQHJGFCT57CC,8,11.30,停車空間、管理委員會使用空間、消房機房（發電機室）、樓梯間、水箱間、電梯機械室,鋼筋混凝土構造,105年11月4日,七層,,
RPQNMLQLQHJGFAT37CC,17,8.51,辦公室,鋼筋混凝土造,96年5月30日,八層,,
RPSNMLQLQHJGFCT77CC,8,20.43,集合住宅,鋼筋混凝土構造,105年11月4日,七層,,
RPQNMLQLQHJGFAT37CC,17,7.69,梯廳、防空避難室、停車空間、水箱、機械室,鋼筋混凝土造,96年5月30日,八層,,
RPSNMLQLQHJGFCT77CC,8,12.16,停車空間、管理委員會使用空間、消房機房（發電機室）、樓梯間、水箱間、電梯機械室,鋼筋混凝土構造,105年11月4日,七層,,
RPOOMLQLQHJGFCT47CC,8,19.47,集合住宅,鋼筋混凝土構造,105年11月4日,七層,,
RPOOMLQLQHJGFCT47CC,8,11.57,停車空間、管理委員會使用空間、消房機房（發電機室）、樓梯間、水箱間、電梯機械室,鋼筋混凝土構造,105年11月4日,七層,,
RPRNMLQLQHJGFCT67CC,8,19.13,集合住宅,鋼筋混凝土構造,105年11月4日,七層,,
RPRNMLQLQHJGFCT67CC,8,11.34,停車空間、管理委員會使用空間、消房機房（發電機室）、樓梯間、水箱間、電梯機械室,鋼筋混凝土構造,105年11月4日,七層,,
RPQOMLQLQHJGFCT67CC,8,19.37,集合住宅,鋼筋混凝土構造,105年11月4日,七層,,
RPQOMLQLQHJGFCT67CC,8,11.48,停車空間、管理委員會使用空間、消房機房（發電機室）、樓梯間、水箱間、電梯機械室,鋼筋混凝土構造,105年11月4日,七層,,
RPSOMLRLQHJGFCT97CC,10,18.93,集合住宅,鋼筋混凝土構造,103年12月17日,七層,,
RPSOMLRLQHJGFCT97CC,10,14.96,本共有部分之項目有停車空間、樓梯間、水箱間及電梯機械室等四項。,鋼筋混凝土構造,103年12月17日,七層,,
RPROMLQLQHJGFCT77CC,8,19.47,集合住宅,鋼筋混凝土構造,105年11月4日,七層,,
RPROMLQLQHJGFCT77CC,8,11.57,停車空間、管理委員會使用空間、消房機房（發電機室）、樓梯間、水箱間、電梯機械室,鋼筋混凝土構造,105年11月4日,七層,,
RPSOMLQLQHJGFCT87CC,8,19.82,集合住宅,鋼筋混凝土構造,105年11月4日,七層,,
RPSOMLQLQHJGFCT87CC,8,11.75,停車空間、管理委員會使用空間、消房機房（發電機室）、樓梯間、水箱間、電梯機械室,鋼筋混凝土構造,105年11月4日,七層,,
RPQNMLSLQHJGFCT77CC,21,13.92,見使用執照,鋼筋混凝土造,92年5月1日,五層,,
RPQNMLSLQHJGFCT77CC,21,5.95,共同部份,鋼筋混凝土造,92年5月1日,五層,,
RPQNMLSLQHJGFCT77CC,21,1.76,停車空間,鋼筋混凝土造,92年5月1日,五層,,
RPTOMLRLQHJGFCT08CC,10,21.84,集合住宅,鋼筋混凝土構造,103年12月17日,七層,,
RPTOMLRLQHJGFCT08CC,10,17.26,本共有部分之項目有停車空間、樓梯間、水箱間及電梯機械室等四項。,鋼筋混凝土構造,103年12月17日,七層,,
RPPNMLSLQHJGFAT47CC,17,8.51,辦公室,鋼筋混凝土造,96年5月30日,八層,,
RPPNMLSLQHJGFAT47CC,17,7.62,梯廳、防空避難室、停車空間、水箱、機械室,鋼筋混凝土造,96年5月30日,八層,,
RPSNMLSLQHJGFCT97CC,21,14.93,見使用執照,鋼筋混凝土造,92年5月1日,五層,,
RPSNMLSLQHJGFCT97CC,21,4.95,共同部份,鋼筋混凝土造,92年5月1日,五層,,
RPSNMLSLQHJGFCT97CC,21,1.76,停車空間,鋼筋混凝土造,92年5月1日,五層,,
RPPNMLSLQHJGFCT67CC,21,14.45,見使用執照,鋼筋混凝土造,92年5月1日,五層,,
RPPNMLSLQHJGFCT67CC,21,4.76,共同部份,鋼筋混凝土造,92年5月1日,五層,,
RPPNMLSLQHJGFCT67CC,21,1.76,停車空間,鋼筋混凝土造,92年5月1日,五層,,
RPTNMLSLQHJGFCT08CC,21,14.93,見使用執照,鋼筋混凝土造,92年5月1日,五層,,
RPTNMLSLQHJGFCT08CC,21,4.95,共同部份,鋼筋混凝土造,92年5月1日,五層,,
RPTNMLSLQHJGFCT08CC,21,1.76,停車空間,鋼筋混凝土造,92年5月1日,五層,,
RPUNMLSLQHJGFCT18CC,20,14.22,辦公室,鋼筋混凝土構造,93年7月12日,六層,,
RPUNMLSLQHJGFCT18CC,20,7.02,見使用執照,鋼筋混凝土造,93年7月12日,六層,,
RPUNMLSLQHJGFCT18CC,20,1.12,停車空間、機械室,鋼筋混凝土造,93年7月12日,六層,,
RPVNMLSLQHJGFCT28CC,20,11.92,辦公室,鋼筋混凝土構造,93年7月12日,六層,,
RPVNMLSLQHJGFCT28CC,20,6.32,見使用執照,鋼筋混凝土造,93年7月12日,六層,,
RPVNMLSLQHJGFCT28CC,20,1.12,停車空間、機械室,鋼筋混凝土造,93年7月12日,六層,,
RPWNMLSLQHJGFCT38CC,6,72.89,住宅,鋼筋混凝土構造,108年1月18日,四層,,
RPQNMLTLQHJGFAT67CC,17,8.51,辦公室,鋼筋混凝土造,96年5月30日,八層,,
RPQNMLTLQHJGFAT67CC,17,30.72,梯廳、防空避難室、停車空間、水箱、機械室,鋼筋混凝土造,96年5月30日,八層,,
RPQNMLTLQHJGFAT67CC,17,99.15,梯廳及停車空間,鋼筋混凝土造,96年5月30日,八層,,
RPQNMLTLQHJGFAT67CC,17,117.46,梯廳及停車空間,鋼筋混凝土造,96年5月30日,八層,,
RPSNMLTLQHJGFAT87CC,17,8.51,辦公室,鋼筋混凝土造,96年5月30日,八層,,
RPSNMLTLQHJGFAT87CC,17,30.73,梯廳、防空避難室、停車空間、水箱、機械室,鋼筋混凝土造,96年5月30日,八層,,
RPSNMLTLQHJGFAT87CC,17,97.19,梯廳及停車空間,鋼筋混凝土造,96年5月30日,八層,,
RPSNMLTLQHJGFAT87CC,17,119.84,梯廳及停車空間,鋼筋混凝土造,96年5月30日,八層,,
RPQNMLMJRHJGFAT86CC,17,8.71,辦公室,鋼筋混凝土造,96年5月30日,八層,,
RPSNMLPJRHJGFAT37CC,43,9.60,住家用,加強磚造,70年11月18日,二層,,
RPQNMLMJRHJGFAT86CC,17,8.74,梯廳、防空避難室、停車空間、水箱、機械室,鋼筋混凝土造,96年5月30日,八層,,
RPRNMLTLQHJGFAT77CC,17,8.51,辦公室,鋼筋混凝土造,96年5月30日,八層,,
RPRNMLTLQHJGFAT77CC,17,30.73,梯廳、防空避難室、停車空間、水箱、機械室,鋼筋混凝土造,96年5月30日,八層,,
RPRNMLTLQHJGFAT77CC,17,97.19,梯廳及停車空間,鋼筋混凝土造,96年5月30日,八層,,
RPRNMLTLQHJGFAT77CC,17,119.84,梯廳及停車空間,鋼筋混凝土造,96年5月30日,八層,,
RPRNMLMJRHJGFCT17CC,20,11.95,辦公室,鋼筋混凝土構造,93年7月12日,六層,,
RPPNMLTJRHJGFAT47CC,17,8.51,辦公室,鋼筋混凝土造,96年5月30日,八層,,
RPRNMLMJRHJGFCT17CC,20,5.62,見使用執照,鋼筋混凝土造,93年7月12日,六層,,
RPPNMLTJRHJGFAT47CC,17,7.62,梯廳、防空避難室、停車空間、水箱、機械室,鋼筋混凝土造,96年5月30日,八層,,
RPRNMLQJRHJGFCT57CC,20,12.14,見使用執照,鋼筋混凝土造,93年7月12日,六層,,
RPRNMLMJRHJGFCT17CC,20,1.12,停車空間、機械室,鋼筋混凝土造,93年7月12日,六層,,
RPRNMLQJRHJGFCT57CC,20,5.80,見使用執照,鋼筋混凝土造,93年7月12日,六層,,
RPRNMLQJRHJGFCT57CC,20,1.12,停車空間、機械室,鋼筋混凝土造,93年7月12日,六層,,
RPRNMLMJRHJGFCT17CC,20,1.11,見使用執照,鋼筋混凝土造,93年7月12日,六層,,
RPSOMLTJRHJGFCT08CC,10,19.32,集合住宅,鋼筋混凝土構造,103年12月17日,七層,,
RPRPMLTJRHJGFCT08CC,8,19.06,集合住宅,鋼筋混凝土構造,105年11月4日,七層,,
RPSOMLTJRHJGFCT08CC,10,15.27,本共有部分之項目有停車空間、樓梯間、水箱間及電梯機械室等四項。,鋼筋混凝土構造,103年12月17日,七層,,
RPRPMLTJRHJGFCT08CC,8,11.34,停車空間、管理委員會使用空間、消房機房（發電機室）、樓梯間、水箱間、電梯機械室,鋼筋混凝土構造,105年11月4日,七層,,
RPWOMLTJRHJGFCT48CC,10,16.31,集合住宅,鋼筋混凝土構造,103年12月17日,七層,,
RPWOMLTJRHJGFCT48CC,10,12.89,本共有部分之項目有停車空間、樓梯間、水箱間及電梯機械室等四項。,鋼筋混凝土構造,103年12月17日,七層,,
RPRNMLLKRHJGFAT96CC,17,8.51,辦公室,鋼筋混凝土造,96年5月30日,八層,,
RPRNMLLKRHJGFAT96CC,17,7.62,梯廳、防空避難室、停車空間、水箱、機械室,鋼筋混凝土造,96年5月30日,八層,,
