﻿鄉鎮市區,交易標的,土地位置建物門牌,土地面積平方公尺,都市土地使用分區,非都市土地使用分區,非都市土地使用編定,租賃年月日,租賃筆棟數,租賃層次,總樓層數,建物型態,主要用途,主要建材,建築完成年月,建物總面積平方公尺,建物現況格局-房,建物現況格局-廳,建物現況格局-衛,建物現況格局-隔間,有無管理組織,有無附傢俱,總額元,單價元平方公尺,車位類別,車位面積平方公尺,車位總額元,備註,編號,出租型態,有無管理員,租賃期間,有無電梯,附屬設備,租賃住宅服務
The villages and towns urban district,transaction sign,land sector position building sector house number plate,land shifting total area square meter,the use zoning or compiles and checks,the non-metropolis land use district,non-metropolis land use,transaction year month and day,transaction pen number,shifting level,total floor number,building state,main use,main building materials,construction to complete the years,building shifting total area,Building present situation pattern - room,building present situation pattern - hall,building present situation pattern - health,building present situation pattern - compartmented,Whether there is manages the organization,Whether there is attaches the furniture,total price NTD,the unit price (NTD / square meter),the berth category,berth shifting total area square meter,the berth total price NTD,the note,serial number,Rental type,Residential Manager,Rental period,elevator,equipment,Rental residential services
屏東市,租賃房屋,屏東縣屏東市公裕街３５３巷３８之１號２樓,0.0,,,,1130731,土地0建物1車位0,二層,4,華廈(10層含以下有電梯),辦公室,鋼筋混凝土造,0970305,14.61,1,0,1,有,有,無,3600,246,,0.0,0,續租案件；,RPPNMLMKQHJGFAT76CC,獨立套房,有,1130823~1140222,有,冷氣、熱水器、電視機、冰箱、網路,一般代管
萬丹鄉,租賃房屋,屏東縣萬丹鄉金龍街８５號,0.0,,,,1130809,土地0建物1車位0,全,4,透天厝,住商用,鋼筋混凝土造,0810731,217.56,5,2,4,有,無,有,11000,51,,0.0,0,,RPQNMLMKQHJGFAT86CC,整棟(戶)出租,無,1130814~1140813,無,熱水器,社會住宅包租轉租
內埔鄉,租賃房屋,屏東縣內埔鄉南山路８８號５樓之３８,0.0,,,,1130731,土地0建物1車位0,五層,6,華廈(10層含以下有電梯),見使用執照,鋼筋混凝土造,0930712,20.3,1,0,1,有,有,無,3200,158,,0.0,0,續租案件；,RPPNMLMKQHJGFCT96CC,獨立套房,有,1130901~1140228,有,冷氣、熱水器、電視機、冰箱、網路,一般代管
屏東市,租賃房屋,屏東縣屏東市濟南街１之１７號,0.0,,,,1130807,土地0建物1車位0,四層,5,公寓(5樓含以下無電梯),住家用,鋼筋混凝土造,0700420,209.45999999999998,3,1,2,有,無,有,9000,43,,0.0,0,此為屏東縣政府包租代管計畫。,RPQNMLNKQHJGFAT96CC,整棟(戶)出租,無,1130810~1140809,無,冷氣、熱水器、洗衣機、電視機、冰箱、瓦斯或天然氣,社會住宅代管
屏東市,租賃房屋,屏東縣屏東市林森路１巷１２１之８號,0.0,,,,1130806,土地0建物1車位0,九層,15,住宅大樓(11層含以上有電梯),住家用,鋼筋混凝土造,0830207,124.53,3,2,2,有,有,有,16000,128,,0.0,0,,RPSNMLNKQHJGFAT17CC,整棟(戶)出租,有,1130820~1140819,有,冷氣、熱水器、洗衣機、電視機、冰箱、瓦斯或天然氣,社會住宅包租轉租
屏東市,租賃房屋,屏東縣屏東市民生東路５６巷２４弄１１號,0.0,,,,1130807,土地0建物0車位0,全,3,透天厝,住家用,鋼筋混凝土造,0740528,24.8,6,1,6,有,無,有,5500,222,,0.0,0,租金總額含網路費；含增建或未登記建物；,RPTNMLNKQHJGFAT27CC,分租套房,無,1130810~1140809,無,冷氣、熱水器、電視機、冰箱、網路,
屏東市,租賃房屋,屏東縣屏東市自由路６０３號,0.0,,,,1130718,土地0建物1車位0,一層,1,店面(店鋪),商業用,鋼造,0810106,127.92,0,0,0,無,無,無,80000,625,,0.0,0,租金總額含稅；租賃期間有約定不同租金113年9月18日~114年9月17日-租金：8萬114年9月18日~118年9月17日-租金：8.5萬；外牆作為廣告使用；,RPVNMLNKQHJGFAT47CC,,無,1130918~1180917,無,,
內埔鄉,租賃房屋,屏東縣內埔鄉四維路４１-５號３樓之６,0.0,,,,1130813,土地0建物1車位0,三層,5,華廈(10層含以下有電梯),集合住宅,鋼筋混凝土造,1120928,97.33,2,1,1,有,無,有,15500,159,,0.0,0,,RPPNMLNKQHJGFCT07CC,整棟(戶)出租,無,1130813~1140812,有,冷氣、熱水器、洗衣機、電視機、冰箱,社會住宅代管
內埔鄉,租賃房屋,屏東縣內埔鄉建興路６２巷３號,0.0,,,,1130806,土地0建物1車位0,全,3,透天厝,住家用,鋼筋混凝土造,0830418,141.96,4,2,3,有,無,無,13500,95,,0.0,0,,RPQNMLNKQHJGFCT17CC,整棟(戶)出租,無,1130810~1140809,無,熱水器、瓦斯或天然氣,社會住宅包租轉租
屏東市,租賃房屋,屏東縣屏東市海豐３５之３號三樓之三,0.0,,,,1130813,土地0建物1車位0,三層,5,華廈(10層含以下有電梯),集合住宅,鋼筋混凝土造,1121024,85.68,2,1,2,有,有,無,14000,163,,0.0,0,此為屏東縣政府社會住宅包租代管計畫。,RPQNMLOKQHJGFAT07CC,整棟(戶)出租,有,1130816~1140815,有,熱水器、瓦斯或天然氣,社會住宅包租轉租
屏東市,租賃房屋+車位,屏東縣屏東市華盛街３５號六樓之四,0.0,,,,1130813,土地0建物1車位1,六層,14,住宅大樓(11層含以上有電梯),集合住宅,鋼筋混凝土造,0930909,181.01,3,2,2,有,有,有,16000,88,坡道平面,0.0,0,,RPRNMLOKQHJGFAT17CC,整棟(戶)出租,有,1130815~1140814,有,冷氣、熱水器、洗衣機、電視機、瓦斯或天然氣,社會住宅包租轉租
屏東市,租賃房屋+車位,屏東縣屏東市海豐街１８巷６號２樓之３,29.02,,鄉村區,乙種建築用地,1130802,土地1建物1車位1,二層,5,華廈(10層含以下有電梯),集合住宅,鋼筋混凝土造,1120803,99.1,3,2,2,有,有,無,21000,212,一樓平面,0.0,0,,RPPNMLPKQHJGFAT07CC,整棟(戶)出租,有,1130815~1140814,有,冷氣、冰箱、瓦斯或天然氣,
屏東市,租賃房屋,屏東縣屏東市和生路二段２６２巷５之２號,0.0,,,,1130813,土地0建物1車位0,三層,5,公寓(5樓含以下無電梯),住家用,鋼筋混凝土造,0720305,85.73,3,2,2,有,無,有,15000,175,,0.0,0,,RPQNMLPKQHJGFAT17CC,整棟(戶)出租,無,1130815~1140814,無,冷氣、熱水器、洗衣機、電視機、冰箱、瓦斯或天然氣,
屏東市,租賃房屋,屏東縣屏東市興豐路４０號６樓之２,0.0,,,,1130814,土地0建物1車位0,六層,7,華廈(10層含以下有電梯),住家用,鋼筋混凝土造,0820308,115.07000000000001,3,2,2,有,有,有,15200,132,,0.0,0,,RPPNMLQKQHJGFAT17CC,整棟(戶)出租,有,1130815~1140814,有,冷氣、熱水器、洗衣機、電視機、冰箱、瓦斯或天然氣,社會住宅代管
萬丹鄉,租賃房屋,屏東縣萬丹鄉光榮街３３號,0.0,,,,1130815,土地0建物1車位0,全,2,透天厝,住家用,加強磚造,0690804,131.34,3,1,1,有,無,有,10000,76,,0.0,0,此為屏東縣政府社會住宅包租代管計畫。,RPRNMLQKQHJGFAT37CC,整棟(戶)出租,無,1130815~1140814,無,冷氣、熱水器,社會住宅代管
內埔鄉,租賃房屋,屏東縣內埔鄉壽比路２６１號５樓之１９,0.0,,,,1130801,土地0建物1車位0,五層,5,華廈(10層含以下有電梯),見使用執照,鋼筋混凝土造,0920501,30.020000000000003,1,0,1,有,有,無,4000,133,,0.0,0,續租案件；,RPPNMLQKQHJGFCT37CC,獨立套房,有,1130806~1140205,有,冷氣、熱水器、電視機、冰箱、網路,一般代管
內埔鄉,租賃房屋,屏東縣內埔鄉南山路８８號４樓之４７,0.0,,,,1130807,土地0建物1車位0,四層,6,華廈(10層含以下有電梯),見使用執照,鋼筋混凝土造,0930712,19.06,1,0,1,有,有,無,3200,168,,0.0,0,續租案件；,RPQNMLQKQHJGFCT47CC,獨立套房,有,1130901~1140831,有,冷氣、熱水器、電視機、冰箱、網路,一般代管
內埔鄉,租賃房屋,屏東縣內埔鄉南山路８８號５樓之１５,0.0,,,,1130728,土地0建物1車位0,五層,6,華廈(10層含以下有電梯),見使用執照,鋼筋混凝土造,0930712,19.14,1,0,1,有,有,無,3200,167,,0.0,0,,RPRNMLQKQHJGFCT57CC,獨立套房,有,1130801~1140731,有,冷氣、熱水器、電視機、冰箱、網路,一般代管
屏東市,租賃房屋,屏東縣屏東市民和二路４８之２１號４樓,0.0,,,,1130801,土地0建物1車位0,四層,8,華廈(10層含以下有電梯),辦公室,鋼筋混凝土造,0960530,255.84,1,0,1,有,有,無,3600,14,,0.0,0,,RPPNMLTKQHJGFAT47CC,獨立套房,有,1130806~1140205,有,冷氣、熱水器、電視機、冰箱、網路,一般代管
屏東市,租賃房屋,屏東縣屏東市公裕街３５３巷３８之８號,0.0,,,,1130729,土地0建物1車位0,一層,4,華廈(10層含以下有電梯),辦公室,鋼筋混凝土造,0970305,63.629999999999995,1,0,1,有,有,無,3600,57,,0.0,0,套房面積約14.61平方公尺，共有部分建號無法分算未計入面積。續租案件；,RPQNMLTKQHJGFAT57CC,獨立套房,有,1130806~1140205,有,冷氣、熱水器、電視機、冰箱、網路,一般代管
屏東市,租賃房屋,屏東縣屏東市華盛街３９號八樓之２,0.0,,,,1130814,土地0建物1車位0,八層,14,住宅大樓(11層含以上有電梯),集合住宅,鋼筋混凝土造,0930909,181.01,3,2,2,有,有,有,12000,66,,0.0,0,,RPRNMLTKQHJGFAT67CC,整棟(戶)出租,有,1130901~1140831,有,冷氣、熱水器、瓦斯或天然氣,社會住宅代管
麟洛鄉,租賃房屋,屏東縣麟洛鄉成功路４２號,0.0,,,,1130816,土地0建物1車位0,全,2,透天厝,住家用,鋼筋混凝土造,0801014,83.52,4,2,3,有,無,無,13000,156,,0.0,0,,RPSNMLTKQHJGFAT77CC,整棟(戶)出租,無,1130817~1140816,無,冷氣、熱水器,社會住宅包租轉租
屏東市,租賃房屋,屏東縣屏東市復興南路一段２３１巷７０之１號,0.0,,,,1130814,土地0建物1車位0,二層,5,公寓(5樓含以下無電梯),國民住宅,鋼筋混凝土造,0730316,87.94,3,2,2,有,無,有,11500,131,,0.0,0,,RPUNMLTKQHJGFAT97CC,整棟(戶)出租,無,1130831~1140830,無,冷氣、熱水器、電視機、冰箱、瓦斯或天然氣,社會住宅包租轉租
內埔鄉,租賃房屋,屏東縣內埔鄉南山路８８號２樓之３７,0.0,,,,1130807,土地0建物1車位0,二層,6,華廈(10層含以下有電梯),見使用執照,鋼筋混凝土造,0930712,84.88,1,0,1,有,有,無,3000,35,,0.0,0,續租案件；,RPPNMLTKQHJGFCT67CC,獨立套房,有,1130901~1140228,有,冷氣、熱水器、電視機、冰箱、網路,一般代管
屏東市,租賃房屋,屏東縣屏東市信義路５８巷６號４樓之５,0.0,,,,1130820,土地0建物1車位0,四層,5,華廈(10層含以下有電梯),住家用,鋼筋混凝土造,0831230,34.64,2,1,1,有,無,有,13500,390,,0.0,0,,RPPNMLLLQHJGFAT76CC,整棟(戶)出租,無,1130901~1140831,有,冷氣、熱水器、洗衣機,社會住宅代管
內埔鄉,租賃房屋,屏東縣內埔鄉南山路８８號６樓之４５,0.0,,,,1130811,土地0建物1車位0,六層,6,華廈(10層含以下有電梯),辦公室,鋼筋混凝土構造,0930712,19.15,1,0,1,有,有,無,3200,167,,0.0,0,,RPQNMLLLQHJGFCT07CC,獨立套房,有,1130812~1140811,有,冷氣、熱水器、電視機、冰箱、網路,一般代管
內埔鄉,租賃房屋,屏東縣內埔鄉壽比路２６７號,0.0,,,,1130819,土地0建物1車位0,一層,5,華廈(10層含以下有電梯),商業用,鋼筋混凝土造,0920501,126.56,1,0,1,有,有,無,3300,26,,0.0,0,續租案件；,RPRNMLMLQHJGFCT27CC,獨立套房,有,1130909~1140308,有,冷氣、熱水器、電視機、冰箱、網路,一般代管
萬丹鄉,租賃房屋+車位,屏東縣萬丹鄉保惠街１３９號二樓之五,0.0,,,,1130813,土地0建物1車位1,二層,7,華廈(10層含以下有電梯),集合住宅,鋼筋混凝土造,1110509,87.35,2,1,2,有,有,有,14700,177,一樓平面,13.73,1700,,RPPNMLNLQHJGFAT96CC,整棟(戶)出租,無,1130813~1140812,有,冷氣、熱水器、洗衣機、電視機、冰箱,社會住宅代管
長治鄉,租賃房屋,屏東縣長治鄉長春街一段５２號４樓之１３,0.0,,,,1130814,土地0建物1車位0,四層,6,華廈(10層含以下有電梯),辦公室,鋼筋混凝土造,0930630,21.68,1,0,1,有,有,無,4050,187,,0.0,0,續租案件；,RPPNMLQLQHJGFAT27CC,獨立套房,有,1130901~1140228,有,冷氣、熱水器、電視機、冰箱、網路,一般代管
屏東市,租賃房屋,屏東縣屏東市民和二路４８之１１號６樓,0.0,,,,1130813,土地0建物1車位0,六層,8,華廈(10層含以下有電梯),辦公室,鋼筋混凝土造,0960530,16.2,1,0,1,有,有,無,3800,235,,0.0,0,續租案件；,RPQNMLQLQHJGFAT37CC,獨立套房,有,1130815~1140214,有,冷氣、熱水器、電視機、冰箱、網路,一般代管
內埔鄉,租賃房屋,屏東縣內埔鄉壽比路２２８號７樓之５,0.0,,,,1130815,土地0建物0車位0,七層,7,華廈(10層含以下有電梯),集合住宅,鋼筋混凝土構造,1051104,31.04,3,0,3,有,有,有,6000,193,,0.0,0,租金總額含管理費；網路費；,RPPNMLQLQHJGFCT47CC,分租套房,有,1130901~1140831,有,冷氣、熱水器、洗衣機、電視機、冰箱、有線電視、網路,一般代管
內埔鄉,租賃房屋,屏東縣內埔鄉壽比路２３２號６樓之５,0.0,,,,1130812,土地0建物0車位0,六層,7,華廈(10層含以下有電梯),集合住宅,鋼筋混凝土構造,1051104,30.26,3,0,3,有,有,有,5500,182,,0.0,0,租金總額含管理費；網路費；,RPQNMLQLQHJGFCT57CC,分租套房,有,1130901~1140831,有,冷氣、熱水器、洗衣機、電視機、冰箱、有線電視、網路,一般代管
內埔鄉,租賃房屋,屏東縣內埔鄉壽比路２３０號６樓之２,0.0,,,,1130811,土地0建物0車位0,六層,7,華廈(10層含以下有電梯),集合住宅,鋼筋混凝土構造,1051104,30.47,2,0,2,有,有,有,6000,197,,0.0,0,租金總額含管理費；網路費；,RPRNMLQLQHJGFCT67CC,分租套房,有,1130901~1140831,有,冷氣、熱水器、洗衣機、電視機、冰箱、有線電視、網路,一般代管
內埔鄉,租賃房屋,屏東縣內埔鄉壽比路２２８號６樓之２,0.0,,,,1130815,土地0建物0車位0,六層,7,華廈(10層含以下有電梯),集合住宅,鋼筋混凝土構造,1051104,32.59,2,0,2,有,有,有,6000,184,,0.0,0,租金總額含管理費；網路費；,RPSNMLQLQHJGFCT77CC,分租套房,有,1130901~1140831,有,冷氣、熱水器、洗衣機、電視機、冰箱、有線電視、網路,一般代管
內埔鄉,租賃房屋,屏東縣內埔鄉壽比路２２８號７樓之５,0.0,,,,1130812,土地0建物0車位0,七層,7,華廈(10層含以下有電梯),集合住宅,鋼筋混凝土構造,1051104,31.04,3,0,3,有,有,有,6000,193,,0.0,0,租金總額含管理費；網路費；,RPOOMLQLQHJGFCT47CC,分租套房,有,1130901~1140831,有,冷氣、熱水器、洗衣機、電視機、冰箱、有線電視、網路,一般代管
內埔鄉,租賃房屋,屏東縣內埔鄉壽比路２２８號５樓之３,0.0,,,,1130812,土地0建物0車位0,五層,7,華廈(10層含以下有電梯),集合住宅,鋼筋混凝土構造,1051104,30.85,3,0,3,有,有,有,5600,182,,0.0,0,租金總額含管理費；網路費；,RPQOMLQLQHJGFCT67CC,分租套房,有,1130701~1140630,有,冷氣、熱水器、洗衣機、電視機、冰箱、有線電視、網路,一般代管
內埔鄉,租賃房屋,屏東縣內埔鄉壽比路２２８號３樓之５,0.0,,,,1130815,土地0建物0車位0,三層,7,華廈(10層含以下有電梯),集合住宅,鋼筋混凝土構造,1051104,31.04,3,0,3,有,有,有,5600,180,,0.0,0,租金總額含管理費；網路費；,RPROMLQLQHJGFCT77CC,分租套房,有,1130901~1140831,有,冷氣、熱水器、洗衣機、電視機、冰箱、有線電視、網路,一般代管
內埔鄉,租賃房屋,屏東縣內埔鄉壽比路２３２號２樓之１,0.0,,,,1130813,土地0建物0車位0,二層,7,華廈(10層含以下有電梯),集合住宅,鋼筋混凝土構造,1051104,31.57,2,0,2,有,有,有,6000,190,,0.0,0,租金總額含管理費；網路費；,RPSOMLQLQHJGFCT87CC,分租套房,有,1130901~1140831,有,冷氣、熱水器、洗衣機、電視機、冰箱、有線電視、網路,一般代管
內埔鄉,租賃房屋,屏東縣內埔鄉福泰路３-３號６樓,0.0,,,,1130817,土地0建物0車位0,六層,7,華廈(10層含以下有電梯),集合住宅,鋼筋混凝土構造,1031217,33.89,3,0,3,有,有,有,5000,148,,0.0,0,租金總額含管理費；網路費；,RPSOMLRLQHJGFCT97CC,分租套房,有,1130901~1140131,有,冷氣、熱水器、洗衣機、電視機、冰箱、有線電視、網路,一般代管
內埔鄉,租賃房屋,屏東縣內埔鄉福泰路３號７樓,0.0,,,,1130813,土地0建物0車位0,七層,7,華廈(10層含以下有電梯),集合住宅,鋼筋混凝土構造,1031217,39.1,4,0,4,有,有,有,5000,128,,0.0,0,租金總額含管理費；網路費；,RPTOMLRLQHJGFCT08CC,分租套房,有,1130901~1140831,有,冷氣、熱水器、洗衣機、電視機、冰箱、有線電視、網路,一般代管
屏東市,租賃房屋,屏東縣屏東市民和二路４８之３號８樓,0.0,,,,1130816,土地0建物1車位0,八層,8,華廈(10層含以下有電梯),辦公室,鋼筋混凝土造,0960530,16.13,1,0,1,有,有,有,4000,248,,0.0,0,續租案件；,RPPNMLSLQHJGFAT47CC,獨立套房,有,1130816~1140215,有,冷氣、熱水器、電視機、冰箱、網路,一般代管
內埔鄉,租賃房屋,屏東縣內埔鄉壽比路２６１號３樓之１３,0.0,,,,1130815,土地0建物1車位0,三層,5,華廈(10層含以下有電梯),見使用執照,鋼筋混凝土造,0920501,20.97,1,0,1,有,有,有,3000,143,,0.0,0,續租案件；,RPPNMLSLQHJGFCT67CC,獨立套房,有,1130901~1140228,有,冷氣、熱水器、電視機、冰箱,一般代管
內埔鄉,租賃房屋,屏東縣內埔鄉壽比路２６９號３樓之５,0.0,,,,1130816,土地0建物1車位0,三層,5,華廈(10層含以下有電梯),見使用執照,鋼筋混凝土造,0920501,21.63,1,0,1,有,有,有,3000,139,,0.0,0,續租案件；,RPQNMLSLQHJGFCT77CC,獨立套房,有,1130905~1140304,有,冷氣、熱水器、電視機、冰箱,一般代管
內埔鄉,租賃房屋,屏東縣內埔鄉壽比路２６９號５樓之１０,0.0,,,,1130816,土地0建物1車位0,五層,5,華廈(10層含以下有電梯),見使用執照,鋼筋混凝土造,0920501,21.64,1,0,1,有,有,有,3000,139,,0.0,0,,RPSNMLSLQHJGFCT97CC,獨立套房,有,1130901~1140228,有,冷氣、熱水器、電視機、冰箱,一般代管
內埔鄉,租賃房屋,屏東縣內埔鄉壽比路２６９號５樓之２５,0.0,,,,1130817,土地0建物1車位0,五層,5,華廈(10層含以下有電梯),見使用執照,鋼筋混凝土造,0920501,21.64,1,0,1,有,有,有,3000,139,,0.0,0,,RPTNMLSLQHJGFCT08CC,獨立套房,有,1130901~1140228,有,冷氣、熱水器、電視機、冰箱,一般代管
內埔鄉,租賃房屋,屏東縣內埔鄉南山路８８號５樓之５０,0.0,,,,1130814,土地0建物1車位0,五層,6,華廈(10層含以下有電梯),辦公室,鋼筋混凝土構造,0930712,22.36,1,0,1,有,有,有,3700,165,,0.0,0,續租案件；,RPUNMLSLQHJGFCT18CC,獨立套房,有,1130901~1140228,有,冷氣、熱水器、電視機、冰箱、網路,一般代管
內埔鄉,租賃房屋,屏東縣內埔鄉南山路８８號３樓之６,0.0,,,,1130816,土地0建物1車位0,三層,6,華廈(10層含以下有電梯),辦公室,鋼筋混凝土構造,0930712,19.36,1,0,1,有,有,有,3200,165,,0.0,0,續租案件；,RPVNMLSLQHJGFCT28CC,獨立套房,有,1130901~1140228,有,冷氣、熱水器、電視機、冰箱、網路,一般代管
內埔鄉,租賃房屋,屏東縣內埔鄉南寧路１１６-７號,144.68,住,,,1130818,土地1建物1車位0,全,4,透天厝,住宅,鋼筋混凝土構造,1080118,72.89,0,0,0,無,無,無,25000,343,,0.0,0,租賃期間有約定不同租金每月租金25000元.約定15天為一期支付12500元.每月10日及25日匯租金第一個月方便承租方施工期不收取租金；,RPWNMLSLQHJGFCT38CC,,無,1130818~1140917,無,,
屏東市,租賃房屋,屏東縣屏東市民和二路４８之２１號４樓,0.0,,,,1130817,土地0建物1車位0,四層,8,華廈(10層含以下有電梯),辦公室,鋼筋混凝土造,0960530,255.84,1,0,1,有,有,有,3800,15,,0.0,0,續租案件；,RPQNMLTLQHJGFAT67CC,獨立套房,有,1130901~1140228,有,冷氣、熱水器、電視機、冰箱,一般代管
屏東市,租賃房屋,屏東縣屏東市民和二路４８之２２號４樓,0.0,,,,1130819,土地0建物1車位0,四層,8,華廈(10層含以下有電梯),辦公室,鋼筋混凝土造,0960530,256.27,1,0,1,有,有,有,3400,13,,0.0,0,,RPRNMLTLQHJGFAT77CC,獨立套房,有,1130819~1140218,有,冷氣、熱水器、電視機、冰箱,一般代管
屏東市,租賃房屋,屏東縣屏東市民和二路４８之２２號４樓,0.0,,,,1130819,土地0建物1車位0,四層,8,華廈(10層含以下有電梯),辦公室,鋼筋混凝土造,0960530,256.27,1,0,1,有,有,有,3600,14,,0.0,0,,RPSNMLTLQHJGFAT87CC,獨立套房,有,1130820~1140219,有,冷氣、熱水器、電視機、冰箱,一般代管
屏東市,租賃房屋,屏東縣屏東市民和二路４８之１９號５樓,0.0,,,,1130820,土地0建物1車位0,五層,8,華廈(10層含以下有電梯),辦公室,鋼筋混凝土造,0960530,17.450000000000003,1,0,1,有,有,有,4000,229,,0.0,0,續租案件；,RPQNMLMJRHJGFAT86CC,獨立套房,有,1130901~1140831,有,冷氣、熱水器、電視機、冰箱、網路,一般代管
內埔鄉,租賃房屋,屏東縣內埔鄉南山路８８號３樓之５,0.0,,,,1130816,土地0建物1車位0,三層,6,華廈(10層含以下有電梯),辦公室,鋼筋混凝土構造,0930712,19.799999999999997,1,0,1,有,有,有,3200,162,,0.0,0,,RPRNMLMJRHJGFCT17CC,獨立套房,有,1130901~1140228,有,冷氣、熱水器、電視機、冰箱、網路,一般代管
屏東市,租賃房屋,屏東縣屏東市廣興１５９號,0.0,,,,1130816,土地0建物0車位0,全,2,透天厝,住家用,加強磚造,0701118,9.6,20,0,20,有,無,有,5000,521,,0.0,0,其他第四台；含增建或未登記建物；,RPSNMLPJRHJGFAT37CC,分租套房,無,1130810~1140731,無,冷氣、電視機、冰箱、有線電視、網路,一般代管
內埔鄉,租賃房屋,屏東縣內埔鄉南山路８８號６樓之１,0.0,,,,1130814,土地0建物1車位0,六層,6,華廈(10層含以下有電梯),見使用執照,鋼筋混凝土造,0930712,19.060000000000002,1,0,1,有,有,有,2900,152,,0.0,0,,RPRNMLQJRHJGFCT57CC,獨立套房,有,1130822~1140821,有,冷氣、熱水器、電視機、冰箱、網路,一般代管
屏東市,租賃房屋,屏東縣屏東市民和二路４８之１１號３樓,0.0,,,,1130817,土地0建物1車位0,三層,8,華廈(10層含以下有電梯),辦公室,鋼筋混凝土造,0960530,16.13,1,0,1,有,有,有,3800,236,,0.0,0,續租案件；,RPPNMLTJRHJGFAT47CC,獨立套房,有,1130901~1140228,有,冷氣、熱水器、電視機、冰箱、網路,一般代管
內埔鄉,租賃房屋,屏東縣內埔鄉福泰路３-５號７樓,0.0,,,,1130819,土地0建物0車位0,七層,7,華廈(10層含以下有電梯),集合住宅,鋼筋混凝土構造,1031217,34.59,3,0,3,有,有,有,5000,145,,0.0,0,租金總額含管理費；網路費；,RPSOMLTJRHJGFCT08CC,分租套房,有,1130901~1140831,有,冷氣、熱水器、洗衣機、電視機、冰箱、有線電視、網路,一般代管
內埔鄉,租賃房屋,屏東縣內埔鄉福泰路３-７號７樓,0.0,,,,1130819,土地0建物0車位0,七層,7,華廈(10層含以下有電梯),集合住宅,鋼筋混凝土構造,1031217,29.2,3,0,3,有,有,有,5500,188,,0.0,0,租金總額含管理費；網路費；,RPWOMLTJRHJGFCT48CC,分租套房,有,1130901~1140831,有,冷氣、熱水器、洗衣機、電視機、冰箱、有線電視、網路,一般代管
內埔鄉,租賃房屋,屏東縣內埔鄉壽比路２３０號２樓之５,0.0,,,,1130818,土地0建物0車位0,二層,7,華廈(10層含以下有電梯),集合住宅,鋼筋混凝土構造,1051104,30.4,2,0,2,有,有,有,6000,197,,0.0,0,租金總額含管理費；網路費；,RPRPMLTJRHJGFCT08CC,分租套房,有,1130901~1140831,有,冷氣、熱水器、洗衣機、電視機、冰箱、有線電視、網路,一般代管
屏東市,租賃房屋,屏東縣屏東市民和二路４８之８號７樓,0.0,,,,1130819,土地0建物1車位0,七層,8,華廈(10層含以下有電梯),辦公室,鋼筋混凝土造,0960530,16.13,1,0,1,有,有,有,4000,248,,0.0,0,續租案件；,RPRNMLLKRHJGFAT96CC,獨立套房,有,1130901~1140228,有,冷氣、熱水器、電視機、冰箱、網路,一般代管
