﻿鄉鎮市區,交易標的,土地位置建物門牌,土地移轉總面積平方公尺,都市土地使用分區,非都市土地使用分區,非都市土地使用編定,交易年月日,交易筆棟數,移轉層次,總樓層數,建物型態,主要用途,主要建材,建築完成年月,建物移轉總面積平方公尺,建物現況格局-房,建物現況格局-廳,建物現況格局-衛,建物現況格局-隔間,有無管理組織,總價元,單價元平方公尺,車位類別,車位移轉總面積平方公尺,車位總價元,備註,編號,主建物面積,附屬建物面積,陽台面積,電梯,移轉編號
The villages and towns urban district,transaction sign,land sector position building sector house number plate,land shifting total area square meter,the use zoning or compiles and checks,the non-metropolis land use district,non-metropolis land use,transaction year month and day,transaction pen number,shifting level,total floor number,building state,main use,main building materials,construction to complete the years,building shifting total area,Building present situation pattern - room,building present situation pattern - hall,building present situation pattern - health,building present situation pattern - compartmented,Whether there is manages the organization,total price NTD,the unit price (NTD / square meter),the berth category,berth shifting total area square meter,the berth total price NTD,the note,serial number,main building area,auxiliary building area,balcony area,elevator,transaction number
花蓮市,房地(土地+建物),花蓮縣花蓮市中山路５３５巷１弄１１號,73.0,住,,,1130902,土地1建物1車位0,全,二層,透天厝,住家用,鋼筋混凝土加強磚造,0660906,92.74,3,2,2,有,無,6500000,70088,,0.0,0,,RPTNMLOJRHJGFAU37DA,92.74,0.0,0.0,無,
玉里鎮,土地,舊田段932-2地號,47.67,,鄉村區,乙種建築用地,1130905,土地1建物0車位0,,,其他,,,,0.0,0,0,0,無,無,64890,1361,,0.0,0,親友、員工、共有人或其他特殊關係間之交易；,RPPNMLKKRHJGFCU86DA,0.0,0.0,0.0,無,
吉安鄉,房地(土地+建物),花蓮縣吉安鄉廣賢路一段３４９巷７號四樓之一,24.29,,特定農業區,甲種建築用地,1130903,土地1建物1車位0,四層,七層,華廈(10層含以下有電梯),住家用,鋼筋混凝土造,1130207,89.74000000000001,2,2,2,有,有,6788000,75641,,0.0,0,,RPVOMLQJRHJGFAU87DA,54.16,0.0,5.43,有,
壽豐鄉,土地,榮光段46-11地號,40000.0,農,,,1130901,土地2建物0車位0,,,其他,,,,0.0,0,0,0,無,無,2400000,60,,0.0,0,親友、員工、共有人或其他特殊關係間之交易；,RPSOMLKKRHJGFAU07DA,0.0,0.0,0.0,無,
鳳林鎮,土地,北林段1191地號,1756.95,,特定農業區,農牧用地,1130901,土地1建物0車位0,,,其他,,,,0.0,0,0,0,無,無,2500000,1423,,0.0,0,,RPPNMLTJRHJGFBU67EA,0.0,0.0,0.0,無,
新城鄉,土地,山廣段853-1地號,1200.98,,一般農業區,林業用地,1130904,土地1建物0車位0,,,其他,,,,0.0,0,0,0,無,無,4510000,3755,,0.0,0,,RPROMLTJRHJGFAU77DA,0.0,0.0,0.0,無,
玉里鎮,土地,玉東段406-1地號,2.62,農,,,1130906,土地2建物0車位0,,,其他,,,,0.0,0,0,0,無,無,30000,11450,,0.0,0,,RPQNMLKKRHJGFCU96DA,0.0,0.0,0.0,無,
萬榮鄉,土地,支亞干段744地號,1264.84,,一般農業區,農牧用地,1130902,土地1建物0車位0,,,其他,,,,0.0,0,0,0,無,無,200000,158,,0.0,0,,RPPNMLQKRHJGFBU47EA,0.0,0.0,0.0,無,
新城鄉,房地(土地+建物),花蓮縣新城鄉安樂街５巷２號,98.0,,鄉村區,乙種建築用地,1130916,土地1建物1車位0,全,二層,透天厝,住家用,鋼筋混凝土加強磚造,0700202,101.91,3,2,2,有,無,3800000,37288,,0.0,0,親友、員工、共有人或其他特殊關係間之交易；頂樓加蓋；,RPPNMLTKRHJGFAU67EA,101.91,0.0,0.0,無,
吉安鄉,土地,光輝段406-9地號,345.34,,一般農業區,農牧用地,1130803,土地1建物0車位0,,,其他,,,,0.0,0,0,0,無,無,1358000,3932,,0.0,0,,RPROMLQLQHJGFAU57DA,0.0,0.0,0.0,無,
壽豐鄉,土地,南坑段25地號,96671.0,,山坡地保育區,農牧用地,1130827,土地1建物0車位0,,,其他,,,,0.0,0,0,0,無,無,5500000,57,,0.0,0,,RPQOMLRLQHJGFAU57DA,0.0,0.0,0.0,無,
花蓮市,房地(土地+建物),花蓮縣花蓮市中央路三段７２０巷５號八樓之三,5.63,住,,,1130820,土地1建物1車位0,八層,十一層,住宅大樓(11層含以上有電梯),住家用,鋼筋混凝土造,0840819,33.1,1,0,1,有,有,1700000,51360,,0.0,0,其他增建；,RPSNMLKMQHJGFAU07DA,21.53,0.0,3.26,有,001
吉安鄉,房地(土地+建物),花蓮縣吉安鄉文化十三街１８號四樓之一,28.88,住,,,1130812,土地3建物1車位0,四層,六層,華廈(10層含以下有電梯),住家用,鋼筋混凝土造,0821109,131.3,3,2,2,有,有,6000000,45697,,0.0,0,其他增建；,RPTQMLNJRHJGFAU57DA,86.36,0.5,9.87,有,002
花蓮市,房地(土地+建物)+車位,花蓮縣花蓮市重慶路４８６號十樓之七,14.36,商,,,1130822,土地1建物1車位1,十層,十五層,住宅大樓(11層含以上有電梯),住家用,鋼筋混凝土造,1120726,161.43,3,2,2,有,有,11430000,70805,坡道平面,0.0,0,,RPUNMLQJRHJGFAU67DA,81.67,0.0,10.37,有,003
吉安鄉,房地(土地+建物),花蓮縣吉安鄉北昌一街１５巷１１１之２號,105.6,住,,,1130811,土地2建物1車位0,全,五層,透天厝,住家用,鋼筋混凝土造,1110824,285.22,3,3,4,有,無,20300000,71173,,0.0,0,,RPSNMLTJRHJGFAU77DA,263.4,0.0,21.82,無,
花蓮市,房地(土地+建物),花蓮縣花蓮市國民七街５３號六樓之十,2.84,商,,,1130824,土地1建物1車位0,六層,十二層,住宅大樓(11層含以上有電梯),住家用,鋼筋混凝土造,0831115,29.46,1,0,1,有,有,1850000,62797,,0.0,0,其他增建；,RPXNMLTJRHJGFAU28DA,19.85,0.0,0.0,有,004
吉安鄉,土地,草芬段330-3地號,2637.69,,特定農業區,農牧用地,1130801,土地3建物0車位0,,,其他,,,,0.0,0,0,0,無,無,12400000,4701,,0.0,0,,RPTOMLTJRHJGFAU97DA,0.0,0.0,0.0,無,005
花蓮市,房地(土地+建物),花蓮縣花蓮市福建街４０６號五樓之二,9.3,商,,,1130810,土地1建物1車位0,五層,七層,華廈(10層含以下有電梯),住家用,鋼筋混凝土造,1090102,56.78,1,1,1,有,有,4750000,83656,,0.0,0,,RPWOMLNJRHJGFAU67DA,31.09,0.0,3.0,有,006
花蓮市,房地(土地+建物),花蓮縣花蓮市富陽路３８號六樓之六,13.07,商,,,1130803,土地1建物1車位0,六層,十一層,住宅大樓(11層含以上有電梯),住家用,鋼筋混凝土造,1101105,95.42999999999999,2,2,1,有,有,8370000,87708,,0.0,0,,RPSOMLTJRHJGFAU87DA,57.53,0.0,9.21,有,
壽豐鄉,土地,豐裡段492-4地號,382.47,,鄉村區,乙種建築用地,1130827,土地2建物0車位0,,,其他,,,,0.0,0,0,0,無,無,4610000,12053,,0.0,0,,RPPNMLKKRHJGFAU66DA,0.0,0.0,0.0,無,007
吉安鄉,土地,慈勝段962地號,1886.45,農,,,1130821,土地1建物0車位0,,,其他,,,,0.0,0,0,0,無,無,20543400,10890,,0.0,0,,RPPOMLKKRHJGFAU76DA,0.0,0.0,0.0,無,
萬榮鄉,土地,悅付南段763地號,821.24,,一般農業區,農牧用地,1130823,土地1建物0車位0,,,其他,,,,0.0,0,0,0,無,無,360000,438,,0.0,0,親友、員工、共有人或其他特殊關係間之交易；,RPQNMLTJRHJGFBU77EA,0.0,0.0,0.0,無,
花蓮市,房地(土地+建物),花蓮縣花蓮市中原路３９８號,83.0,住,,,1130805,土地2建物1車位0,全,三層,透天厝,住商用,鋼筋混凝土造,0690718,178.12,6,2,2,有,無,10100000,56703,,0.0,0,其他增建；,RPOPMLPJQHJGFAU07DA,178.12,0.0,0.0,無,
吉安鄉,房地(土地+建物),花蓮縣吉安鄉南昌北路２７號五樓之七,12.98,住,,,1130809,土地1建物1車位0,五層,五層,華廈(10層含以下有電梯),住家用,鋼筋混凝土造,0840414,43.78,1,1,1,有,無,2100000,47967,,0.0,0,陽台外推；,RPXOMLTJRHJGFAU38DA,24.74,0.0,4.22,有,008
吉安鄉,房地(土地+建物),花蓮縣吉安鄉華城六街１５６號,1639.89,,一般農業區,農牧用地,1130810,土地2建物1車位0,全,三層,透天厝,農業用,鋼筋混凝土造,0850321,390.23,8,4,5,有,無,15350000,39336,,0.0,0,其他增建；,RPRPMLKKRHJGFAU07DA,347.83,10.08,32.32,無,
吉安鄉,房地(土地+建物),花蓮縣吉安鄉昌隆四街３５號,106.61,住,,,1130813,土地1建物1車位0,全,二層,透天厝,住商用,鋼筋混凝土加強磚造,0680821,109.19,4,2,2,有,無,7900000,72351,,0.0,0,頂樓加蓋；其他增建；,RPOOMLLKRHJGFAU76DA,109.19,0.0,0.0,無,
瑞穗鄉,土地,屋拉力段509地號,3201.64,,山坡地保育區,農牧用地,1130817,土地2建物0車位0,,,其他,,,,0.0,0,0,0,無,無,1100000,344,,0.0,0,,RPPNMLMKRHJGFCU07DA,0.0,0.0,0.0,無,
秀林鄉,土地,德布克段468地號,575.47,農,,,1130808,土地1建物0車位0,,,其他,,,,0.0,0,0,0,無,無,810000,1408,,0.0,0,,RPRNMLLKRHJGFAU96DA,0.0,0.0,0.0,無,009
花蓮市,房地(土地+建物),花蓮縣花蓮市基泰商場２０號,35.0,,,,1130820,土地1建物1車位0,全,三層,透天厝,住商用,鋼筋混凝土造,0631026,108.78,3,2,2,有,無,4300000,39529,,0.0,0,其他增建；,RPWNMLLKRHJGFAU47DA,108.78,0.0,0.0,無,
新城鄉,房地(土地+建物),花蓮縣新城鄉大華街３９號,93.71,,鄉村區,乙種建築用地,1130816,土地1建物1車位0,全,二層,透天厝,住家用,鋼筋混凝土加強磚造,0700703,104.84,3,2,2,有,無,5500000,52461,,0.0,0,頂樓加蓋；,RPQNMLMKRHJGFAU96DA,104.84,0.0,0.0,無,
花蓮市,房地(土地+建物),花蓮縣花蓮市和平路３１６號,28.29,商,,,1130802,土地2建物1車位0,一層，二層，騎樓，地下層,五層,公寓(5樓含以下無電梯),住商用,鋼筋混凝土造,0750205,149.53,0,0,0,無,無,8000000,53501,,0.0,0,店面包含公共設施保留地用地；,RPSNMLMKRHJGFAU17DA,143.31,0.0,0.0,無,
吉安鄉,房地(土地+建物),花蓮縣吉安鄉南海五街３０６巷５號,77.0,,特定農業區,甲種建築用地,1130815,土地1建物1車位0,全,二層,透天厝,住家用,鋼筋混凝土加強磚造,0721221,77.7,2,1,2,有,無,5900000,75933,,0.0,0,其他增建；,RPVNMLMKRHJGFAU47DA,77.7,0.0,0.0,無,010
吉安鄉,房地(土地+建物),花蓮縣吉安鄉吉安路三段１５號,92.0,商,,,1130820,土地1建物1車位0,全,二層,透天厝,住家用,鋼筋混凝土加強磚造,0651202,138.83,4,2,2,有,無,7900000,56904,,0.0,0,其他增建:後面空地增建一樓至二樓、三樓鐵皮屋其他增建；,RPWNMLMKRHJGFAU57DA,138.83,0.0,0.0,無,
瑞穗鄉,土地,源北段535地號,343.22,,山坡地保育區,丙種建築用地,1130827,土地1建物0車位0,,,其他,,,,0.0,0,0,0,無,無,2060000,6002,,0.0,0,未登記建物；,RPPNMLLKRHJGFCU96DA,0.0,0.0,0.0,無,011
壽豐鄉,土地,光榮段869地號,375.84,,一般農業區,農牧用地,1130817,土地1建物0車位0,,,其他,,,,0.0,0,0,0,無,無,700000,1862,,0.0,0,,RPOOMLKKRHJGFAU66DA,0.0,0.0,0.0,無,
玉里鎮,土地,玉城段1171地號,108.47,都市：其他:住宅區,,,1130807,土地5建物0車位0,,,其他,,,,0.0,0,0,0,無,無,500000,4610,,0.0,0,包含公共設施保留地用地；,RPPNMLKMQHJGFCU96DA,0.0,0.0,0.0,無,
玉里鎮,土地,玉里段3229地號,951.0,,特定農業區,農牧用地,1130819,土地1建物0車位0,,,其他,,,,0.0,0,0,0,無,無,800000,841,,0.0,0,,RPQNMLNKRHJGFCU37EA,0.0,0.0,0.0,無,012
花蓮市,房地(土地+建物),花蓮縣花蓮市國民八街６５號五樓之六,10.35,住,,,1130806,土地1建物1車位0,五層,六層,華廈(10層含以下有電梯),住家用,鋼筋混凝土造,0781104,44.77,2,1,1,有,無,2900000,64776,,0.0,0,陽台外推；,RPUNMLKLQHJGFAU17DA,33.12,0.0,1.73,有,013
新城鄉,房地(土地+建物),花蓮縣新城鄉佳林３１之１７號,605.98,,特定農業區,農牧用地,1130813,土地1建物1車位0,全,二層,透天厝,農業用,鋼筋混凝土造,1010313,105.88,4,2,4,有,無,13640000,128825,,0.0,0,頂樓加蓋；其他增建；,RPVPMLTLQHJGFAU38DA,105.88,0.0,0.0,無,
花蓮市,房地(土地+建物),花蓮縣花蓮市北昌一街９７巷２５號四樓,45.52,住,,,1130802,土地1建物1車位0,四層,四層,公寓(5樓含以下無電梯),住家用,鋼筋混凝土造,0720910,85.31,3,2,2,有,無,3650000,42785,,0.0,0,其他增建；,RPWOMLQJRHJGFAU97DA,78.28,0.0,0.0,無,014
花蓮市,房地(土地+建物),花蓮縣花蓮市富安路９７號五樓之八,3.14,商,,,1130825,土地1建物1車位0,五層,七層,華廈(10層含以下有電梯),住家用,鋼筋混凝土造,0860827,23.92,1,0,1,有,無,1500000,62709,,0.0,0,,RPXOMLQJRHJGFAU08DA,18.39,0.0,0.0,有,015
吉安鄉,房地(土地+建物),花蓮縣吉安鄉廣賢一街２０６巷３６號五樓之五,34.59,,特定農業區,甲種建築用地,1130803,土地1建物1車位0,五層,五層,華廈(10層含以下有電梯),住家用,鋼筋混凝土造,1110531,87.43,2,2,2,有,有,5300000,60620,,0.0,0,,RPUNMLNKRHJGFAU47DA,71.42,0.0,3.75,有,016
花蓮市,房地(土地+建物),花蓮縣花蓮市國民七街５１號七樓之十八,3.17,商,,,1130831,土地1建物1車位0,七層,十二層,住宅大樓(11層含以上有電梯),住家用,鋼筋混凝土造,0831115,33.36,1,0,1,有,有,1800000,53957,,0.0,0,含傢俱設備費；其他增建；,RPPNMLQKRHJGFAU27DA,22.56,0.0,0.0,有,017
鳳林鎮,房地(土地+建物),花蓮縣鳳林鎮公正街１６號,93.0,住,,,1130818,土地1建物1車位0,全,二層,透天厝,住商用,鋼筋混凝土造,0811216,134.09,3,2,2,有,無,6060000,45194,,0.0,0,其他增建；,RPPNMLKKRHJGFBU76DA,128.46,0.0,5.63,無,
玉里鎮,土地,玉里段3085地號,1783.0,,特定農業區,農牧用地,1130818,土地1建物0車位0,,,其他,,,,0.0,0,0,0,無,無,1800000,1010,,0.0,0,,RPRNMLKKRHJGFCU07DA,0.0,0.0,0.0,無,018
玉里鎮,房地(土地+建物),花蓮縣玉里鎮福安街８６之１號,88.0,住,,,1130819,土地1建物1車位0,全,三層,透天厝,住家用,鋼筋混凝土造,1100309,169.89,5,1,5,有,無,9000000,52975,,0.0,0,其他增建；,RPPNMLNKRHJGFCU17DA,155.15,0.0,14.74,無,019
富里鄉,土地,埔頭段1233地號,156.28,,鄉村區,乙種建築用地,1130805,土地1建物0車位0,,,其他,,,,0.0,0,0,0,無,無,1181800,7562,,0.0,0,親友、員工、共有人或其他特殊關係間之交易；,RPPNMLRKRHJGFCU57DA,0.0,0.0,0.0,無,
吉安鄉,房地(土地+建物)+車位,花蓮縣吉安鄉東海五街１號七樓之五,28.75,住,,,1130825,土地4建物1車位1,七層,七層,華廈(10層含以下有電梯),住家用,鋼筋混凝土造,1121114,113.14,2,2,2,有,有,8700000,76896,一樓平面,21.71,0,,RPQPMLKMQHJGFAU07DA,64.05,0.0,6.9,有,
吉安鄉,房地(土地+建物),花蓮縣吉安鄉明義七街１３６號,84.07,,鄉村區,乙種建築用地,1130819,土地1建物1車位0,全,二層,透天厝,住家用,鋼筋混凝土加強磚造,0701204,89.82,3,2,2,有,無,6100000,67914,,0.0,0,其他增建；,RPQNMLQKRHJGFAU37DA,89.82,0.0,0.0,無,
吉安鄉,房地(土地+建物),花蓮縣吉安鄉慈惠四街６６號,168.0,住,,,1130808,土地1建物1車位0,全,三層,透天厝,住家用,鋼筋混凝土造,0960129,229.23,4,3,3,有,無,19300000,84195,,0.0,0,其他增建；,RPRNMLQKRHJGFAU47DA,189.35,0.0,39.88,無,
吉安鄉,房地(土地+建物),花蓮縣吉安鄉吉昌二街２７６巷２號,131.82,商,,,1130826,土地4建物1車位0,全,四層,透天厝,住家用,鋼筋混凝土造,1040708,259.67,5,2,6,有,無,15380000,59229,,0.0,0,其他增建；,RPOOMLQKRHJGFAU27DA,257.1,0.0,2.57,無,
秀林鄉,土地,加灣段744地號,130.02,,一般農業區,農牧用地,1130827,土地1建物0車位0,,,其他,,,,0.0,0,0,0,無,無,90000,692,,0.0,0,,RPPNMLRKRHJGFAU37DA,0.0,0.0,0.0,無,
花蓮市,房地(土地+建物),花蓮縣花蓮市中原路５７６巷１５號,108.0,住,,,1130808,土地1建物1車位0,全,二層,透天厝,住家用,鋼筋混凝土造,0670323,131.3,3,2,2,有,無,9030000,68774,,0.0,0,,RPPPMLSKRHJGFAU67DA,131.3,0.0,0.0,無,
光復鄉,土地,大平段64地號,2569.0,,一般農業區,農牧用地,1130829,土地1建物0車位0,,,其他,,,,0.0,0,0,0,無,無,1200000,467,,0.0,0,農作物；,RPPNMLQKRHJGFBU37DA,0.0,0.0,0.0,無,
吉安鄉,房地(土地+建物)+車位,花蓮縣吉安鄉東里九街８７號七樓之一,41.0,住,,,1130727,土地1建物1車位1,七層,八層,華廈(10層含以下有電梯),住家用,鋼筋混凝土造,1130709,147.53,3,2,2,有,有,9850000,71282,一樓平面,20.57,800000,,RPRQMLNJRHJGFAU37DA,76.44,0.0,8.97,有,
吉安鄉,房地(土地+建物),花蓮縣吉安鄉東里九街８７號七樓之五,32.0,住,,,1130718,土地1建物1車位0,七層,八層,華廈(10層含以下有電梯),住家用,鋼筋混凝土造,1130709,104.62,3,2,2,有,有,7400000,70732,,0.0,0,,RPSQMLNJRHJGFAU47DA,63.57,0.0,6.82,有,
吉安鄉,土地,光學段698地號,90.9,,一般農業區,農牧用地,1130717,土地2建物0車位0,,,其他,,,,0.0,0,0,0,無,無,1200000,13201,,0.0,0,未登記建物；,RPTNMLTJRHJGFAU87DA,0.0,0.0,0.0,無,020
花蓮市,土地,福祥段1010-2地號,110.0,住,,,1130722,土地2建物0車位0,,,其他,,,,0.0,0,0,0,無,無,7660000,69636,,0.0,0,親友、員工、共有人或其他特殊關係間之交易；未登記建物；,RPUNMLTJRHJGFAU97DA,0.0,0.0,0.0,無,
花蓮市,房地(土地+建物),花蓮縣花蓮市府前路３００之２號三樓,90.0,住,,,1130723,土地2建物2車位0,三層，四層，屋頂突出物,四層,華廈(10層含以下有電梯),住家用,鋼筋混凝土造,1070413,227.20000000000002,6,4,6,有,無,19200000,84507,,0.0,0,親友、員工、共有人或其他特殊關係間之交易；,RPUOMLTJRHJGFAU08DA,199.45,0.0,19.95,有,
花蓮市,房地(土地+建物),花蓮縣花蓮市福建街１５８號,77.0,住,,,1130711,土地1建物1車位0,全,四層,透天厝,住商用,鋼筋混凝土造,0840118,218.24,5,2,3,有,無,11000000,50403,,0.0,0,其他增建；,RPVOMLTJRHJGFAU18DA,175.45,19.81,22.98,無,
吉安鄉,土地,太昌段2177地號,3145.0,農,,,1130713,土地1建物0車位0,,,其他,,,,0.0,0,0,0,無,無,20000000,6359,,0.0,0,,RPXOMLRJQHJGFAU08DA,0.0,0.0,0.0,無,
吉安鄉,房地(土地+建物),花蓮縣吉安鄉吉昌二街２６１巷１３號,87.0,住,,,1130722,土地1建物1車位0,全,二層,透天厝,住家用,鋼筋混凝土造,0821111,118.87,3,2,3,有,無,6500000,54682,,0.0,0,親友、員工、共有人或其他特殊關係間之交易；,RPSOMLTJQHJGFAU77DA,103.23,7.82,7.82,無,021
吉安鄉,房地(土地+建物),花蓮縣吉安鄉東海五街１６號,117.0,住,,,1130728,土地1建物1車位0,全,四層,透天厝,住家用,鋼筋混凝土造,1121206,259.05,5,2,6,有,無,20500000,79135,,0.0,0,,RPQPMLNJRHJGFAU17DA,233.59,0.0,25.46,有,
吉安鄉,房地(土地+建物),花蓮縣吉安鄉中華路二段２１２號,35.0,商,,,1130720,土地2建物1車位0,全,二層,透天厝,住商用,木造鋼筋水泥、磚造,,75.44,0,0,4,有,無,6000000,79533,,0.0,0,頂樓加蓋；其他增建；包含公共設施保留地用地；,RPSNMLKKRHJGFAU96DA,75.44,0.0,0.0,無,022
吉安鄉,土地,東昌段753-8地號,693.32,農,,,1130730,土地3建物0車位0,,,其他,,,,0.0,0,0,0,無,無,6000000,8654,,0.0,0,親友、員工、共有人或其他特殊關係間之交易；,RPQOMLKKRHJGFAU86DA,0.0,0.0,0.0,無,
吉安鄉,房地(土地+建物),花蓮縣吉安鄉北昌一街２９號三樓之一,21.99,住,,,1130708,土地1建物1車位0,三層,七層,華廈(10層含以下有電梯),住家用,鋼筋混凝土造,1130503,82.85,2,2,2,有,有,5600000,67592,,0.0,0,交易價格包含其他買賣登記案件標的之價格。土地價款252萬元整。建物價款308萬元整。,RPWOMLKMPHJGFAU47DA,56.19,0.0,6.24,有,
花蓮市,房地(土地+建物),花蓮縣花蓮市國盛四街５１號六樓之二,8.51,住,,,1130729,土地1建物1車位0,六層,八層,華廈(10層含以下有電梯),住家用,鋼筋混凝土造,0830811,64.52,2,1,1,有,有,2900000,44947,,0.0,0,,RPWOMLTJRHJGFAU28DA,37.8,0.0,8.38,有,
花蓮市,房地(土地+建物),花蓮縣花蓮市文明街２６號,51.0,住,,,1130731,土地1建物1車位0,全,二層,透天厝,住家用,鋼筋水泥、木造,0630717,57.15,2,2,1,有,無,4500000,78740,,0.0,0,其他增建；,RPXOMLKKRHJGFAU57DA,57.15,0.0,0.0,無,
花蓮市,房地(土地+建物),花蓮縣花蓮市國富二十四街２１號,189.0,住,,,1130710,土地1建物1車位0,全,二層,透天厝,住家用,鋼筋混凝土造,0740211,201.37,6,2,3,有,無,17000000,84422,,0.0,0,頂樓加蓋；其他增建；,RPUNMLLKRHJGFAU27DA,201.37,0.0,0.0,無,
吉安鄉,土地,慶豐段1631-1地號,496.0,農,,,1130720,土地3建物0車位0,,,其他,,,,0.0,0,0,0,無,無,5100000,10282,,0.0,0,,RPVNMLLKRHJGFAU37DA,0.0,0.0,0.0,無,
吉安鄉,房地(土地+建物)+車位,花蓮縣吉安鄉北昌一街２９號四樓之一,21.99,住,,,1130711,土地1建物1車位1,四層,七層,華廈(10層含以下有電梯),住家用,鋼筋混凝土造,1130503,96.6,2,2,2,有,有,7500000,72420,一樓平面,13.75,1500000,交易價格包含其他買賣登記案件標的之價格。土地價款270萬元整。建物價款330萬元整。,RPTOMLKMPHJGFAU17DA,56.19,0.0,6.24,有,
吉安鄉,房地(土地+建物),花蓮縣吉安鄉北昌一街２９號四樓之二,21.99,住,,,1130710,土地1建物1車位0,四層,七層,華廈(10層含以下有電梯),住家用,鋼筋混凝土造,1130503,82.85,2,2,2,有,有,6500000,78455,,0.0,0,交易價格包含其他買賣登記案件標的之價格。土地價款292萬5仟元整。建物價款357萬5仟元整。,RPOPMLKMPHJGFAU76DA,56.19,0.0,6.24,有,
新城鄉,土地,嘉北段246-10地號,574.0,農,,,1130715,土地2建物0車位0,,,其他,,,,0.0,0,0,0,無,無,5200000,9059,,0.0,0,,RPXNMLMKRHJGFAU67DA,0.0,0.0,0.0,無,023
花蓮市,房地(土地+建物),花蓮縣花蓮市長安街２７號六樓之八,10.1,住,,,1130712,土地1建物1車位0,六層,十六層,住宅大樓(11層含以上有電梯),住家用,鋼筋混凝土造,0851029,71.61,1,1,1,有,有,2300000,32118,,0.0,0,,RPOOMLMKRHJGFAU86DA,41.94,2.9,5.09,有,
豐濱鄉,土地,丁仔漏段1071地號,85.41,,風景區,農牧用地,1130703,土地1建物0車位0,,,其他,,,,0.0,0,0,0,無,無,16000,187,,0.0,0,地清或未辦繼承標售；,RPPNMLKKRHJGFBU86EA,0.0,0.0,0.0,無,
吉安鄉,房地(土地+建物),花蓮縣吉安鄉海岸路７８５巷４８之１號,969.32,,一般農業區,農牧用地,1130729,土地1建物1車位0,全,三層,透天厝,農業用,鋼筋混凝土造,0961123,221.31,10,2,11,有,無,17500000,79075,,0.0,0,其他增建；,RPSNMLSJQHJGFAU57DA,209.65,0.0,11.66,無,
吉安鄉,土地,福興段280-1地號,113.0,農,,,1130723,土地1建物0車位0,,,其他,,,,0.0,0,0,0,無,無,2400000,21239,,0.0,0,,RPPPMLTJRHJGFAU67DA,0.0,0.0,0.0,無,
壽豐鄉,土地,忠孝段914-3地號,1600.38,農,,,1130705,土地3建物0車位0,,,其他,,,,0.0,0,0,0,無,無,3700000,2312,,0.0,0,親友、員工、共有人或其他特殊關係間之交易；,RPPOMLLKRHJGFAU86DA,0.0,0.0,0.0,無,
吉安鄉,房地(土地+建物),花蓮縣吉安鄉中興路３２５巷１號,163.0,都市：其他:道路用地,,,1130720,土地3建物1車位0,全,二層,透天厝,住家用,鋼筋混凝土加強磚造,0630723,106.92,4,2,2,有,無,6000000,56117,,0.0,0,其他增建；包含公共設施保留地用地；,RPUNMLQKRHJGFAU77DA,106.92,0.0,0.0,無,024
吉安鄉,房地(土地+建物)+車位,花蓮縣吉安鄉東海五街１號六樓之六,25.74,住,,,1130730,土地4建物1車位1,六層,七層,華廈(10層含以下有電梯),住家用,鋼筋混凝土造,1121114,102.78999999999999,2,2,2,有,有,8500000,82693,一樓平面,21.72,0,含傢俱設備費；,RPTOMLSKRHJGFAU97DA,56.62,0.0,6.1,有,025
壽豐鄉,土地,壽農段1455地號,82.06,,鄉村區,乙種建築用地,1130706,土地1建物0車位0,,,其他,,,,0.0,0,0,0,無,無,1450000,17670,,0.0,0,,RPVNMLQKRHJGFAU87DA,0.0,0.0,0.0,無,
花蓮市,房地(土地+建物),花蓮縣花蓮市忠孝街４２號,162.0,商,,,1130704,土地2建物1車位0,全,四層,透天厝,住家用,鋼筋混凝土造,1020111,353.53,7,3,8,有,無,37000000,104659,,0.0,0,含傢俱設備費；頂樓加蓋；其他增建；包含公共設施保留地用地；,RPTNMLSKRHJGFAU87DA,329.78,0.0,23.75,有,
花蓮市,房地(土地+建物),花蓮縣花蓮市國盛一街１４１之１８號,18.6,商,,,1130730,土地1建物1車位0,四層,五層,公寓(5樓含以下無電梯),住家用,鋼筋混凝土造,0701204,91.25,2,2,1,有,無,3100000,33973,,0.0,0,其他增建；,RPSOMLSKRHJGFAU87DA,74.94,0.0,0.0,無,
新城鄉,土地,興海段844地號,2709.21,住,,,1130715,土地3建物0車位0,,,其他,,,,0.0,0,0,0,無,無,30000000,11073,,0.0,0,包含公共設施保留地用地；,RPVOMLSKRHJGFAU18DA,0.0,0.0,0.0,無,
吉安鄉,房地(土地+建物),花蓮縣吉安鄉明仁二街１８０巷２９號,93.0,住,,,1130731,土地1建物1車位0,全,三層,透天厝,住家用,鋼筋混凝土造,0950816,193.34,4,2,5,有,無,13400000,69308,,0.0,0,其他增建；,RPXOMLSKRHJGFAU38DA,178.96,0.0,14.38,無,
壽豐鄉,土地,精鐘段745地號,4210.99,,山坡地保育區,農牧用地,1130715,土地1建物0車位0,,,其他,,,,0.0,0,0,0,無,無,3200000,760,,0.0,0,,RPTPMLSKRHJGFAU08DA,0.0,0.0,0.0,無,
瑞穗鄉,土地,瑞泉段177地號,978.85,,,,1130730,土地1建物0車位0,,,其他,,,,0.0,0,0,0,無,無,1200000,1226,,0.0,0,包含公共設施保留地用地；,RPQNMLQKRHJGFCU57DA,0.0,0.0,0.0,無,
花蓮市,房地(土地+建物),花蓮縣花蓮市和平路４９３巷９號,60.0,住,,,1130624,土地1建物1車位0,全,一層,透天厝,住家用,木石磚造（雜木）,04601,43.94,3,1,1,有,無,4800000,109240,,0.0,0,,RPVNMLKKRHJGFAU27DA,43.94,0.0,0.0,無,
新城鄉,房地(土地+建物),花蓮縣新城鄉佳林２０之１號,2278.14,,一般農業區,農牧用地,1130620,土地4建物1車位0,全,一層,透天厝,農業用,鋼造,0840816,148.09,6,2,2,有,無,10500000,70903,,0.0,0,其他增建；,RPOPMLKKRHJGFAU76DA,148.09,0.0,0.0,無,
吉安鄉,房地(土地+建物),花蓮縣吉安鄉南海十二街２９２巷５之１號,150.85,,一般農業區,甲種建築用地,1130612,土地3建物1車位0,全,三層,透天厝,住家用,鋼筋混凝土造,1130604,148.16,4,2,5,有,無,10700000,72219,,0.0,0,,RPTNMLKKRHJGFAU07DA,141.01,0.0,7.15,無,
新城鄉,房地(土地+建物),花蓮縣新城鄉華興街１４８巷７弄７號,93.0,,鄉村區,乙種建築用地,1130615,土地1建物1車位0,全,二層,透天厝,住家用,鋼筋混凝土加強磚造,0700525,93.12,4,1,2,有,無,3000000,32216,,0.0,0,其他增建；,RPUNMLSLQHJGFAU97DA,93.12,0.0,0.0,無,026
鳳林鎮,土地,綜開段371-36地號,8742.05,,一般農業區,農牧用地,1130603,土地2建物0車位0,,,其他,,,,0.0,0,0,0,無,無,3210000,367,,0.0,0,,RPPNMLNKRHJGFBU17EA,0.0,0.0,0.0,無,
玉里鎮,土地,玉里段3229地號,2853.0,,特定農業區,農牧用地,1130625,土地1建物0車位0,,,其他,,,,0.0,0,0,0,無,無,2600000,911,,0.0,0,,RPPNMLNKRHJGFCU27EA,0.0,0.0,0.0,無,012
秀林鄉,土地,上崇德段810地號,87.81,住,,,1130628,土地3建物0車位0,,,其他,,,,0.0,0,0,0,無,無,200000,2278,,0.0,0,本買賣案土地為原住民保留地，地上房屋為他人所有。買賣價：賣方賣清，其餘費用包括地政士代辦費、規費、稅金、房地合一稅等相關費用均由買方負擔。,RPUNMLNJPHJGFAU17DA,0.0,0.0,0.0,無,028
花蓮市,房地(土地+建物),花蓮縣花蓮市長安街４６巷２４號,134.0,住,,,1130622,土地1建物1車位0,全,二層,透天厝,住家用,鋼筋混凝土加強磚造,0620000,116.07,7,2,7,有,無,12300000,105971,,0.0,0,頂樓加蓋；其他增建；,RPRNMLSKRHJGFAU67DA,116.07,0.0,0.0,無,029
吉安鄉,房地(土地+建物),花蓮縣吉安鄉吉昌二街２３６巷３０弄１６號,91.0,住,,,1130630,土地1建物1車位0,全,三層,透天厝,住家用,鋼筋混凝土造,0860103,164.62,3,2,3,有,無,7440000,45195,,0.0,0,親友、員工、共有人或其他特殊關係間之交易；,RPPNMLSKRHJGFAU57EA,149.02,3.91,11.69,無,
吉安鄉,土地,仁廉段378地號,60.0,都市：其他:道路用地,,,1130619,土地2建物0車位0,,,其他,,,,0.0,0,0,0,無,無,100000,1667,,0.0,0,包含公共設施保留地用地；,RPQOMLNJRHJGFAU07DA,0.0,0.0,0.0,無,
新城鄉,土地,興田段1168地號,1663.64,農,,,1130625,土地1建物0車位0,,,其他,,,,0.0,0,0,0,無,無,2516256,1513,,0.0,0,,RPTNMLLKRHJGFAU17DA,0.0,0.0,0.0,無,
新城鄉,房地(土地+建物),花蓮縣新城鄉自信街８號,66.0,住,,,1130528,土地1建物1車位0,全,二層,透天厝,住商用,鋼筋混凝土造,0671228,80.96,3,2,2,有,無,5200000,64229,,0.0,0,頂樓加蓋；其他增建；,RPTPMLKMQHJGFAU37DA,80.96,0.0,0.0,無,
吉安鄉,房地(土地+建物),花蓮縣吉安鄉南埔八街１９號,242.0,住,,,1130302,土地1建物1車位0,全,一層,透天厝,住家用,鋼筋混凝土造,,59.64,0,0,0,無,無,17710000,296948,,0.0,0,,RPQNMLOJRHJGFAU07DA,59.64,0.0,0.0,無,
吉安鄉,土地,吉興段749地號,989.79,農,,,1130302,土地1建物0車位0,,,其他,,,,0.0,0,0,0,無,無,5688000,5747,,0.0,0,,RPPNMLQLQHJGFAU27DA,0.0,0.0,0.0,無,
吉安鄉,房地(土地+建物)+車位,花蓮縣吉安鄉東里九街８７號四樓之二,40.0,住,,,1130318,土地1建物1車位1,四層,八層,華廈(10層含以下有電梯),住家用,鋼筋混凝土造,1130709,145.26,3,2,2,有,有,8500000,61753,坡道平面,20.57,800000,預售屋、或土地及建物分件登記案件；,RPXNMLSKRHJGFAU28DA,75.95,0.0,8.02,有,
吉安鄉,房地(土地+建物),花蓮縣吉安鄉南海四街２４６巷１弄７號,66.0,,鄉村區,乙種建築用地,1130216,土地2建物1車位0,全,三層,透天厝,住家用,鋼筋混凝土造,1020409,117.75,3,2,3,有,無,8800000,74735,,0.0,0,其他增建；,RPTNMLMKRHJGFAU27DA,100.31,0.0,17.44,無,030
吉安鄉,房地(土地+建物)+車位,花蓮縣吉安鄉東里九街８７號三樓之一,41.0,住,,,1121213,土地1建物1車位1,三層,八層,華廈(10層含以下有電梯),住家用,鋼筋混凝土造,1130709,147.60999999999999,3,2,2,有,有,8500000,60611,坡道平面,20.57,800000,預售屋、或土地及建物分件登記案件；,RPVNMLSKRHJGFAU08DA,76.44,0.0,9.02,有,
花蓮市,房地(土地+建物),花蓮縣花蓮市裕祥路４８號七樓之一,28.39,住,,,1120203,土地1建物1車位0,七層,七層,華廈(10層含以下有電梯),住家用,鋼筋混凝土造,1130708,115.22,2,2,1,有,無,9000000,78111,,0.0,0,預售屋、或土地及建物分件登記案件；,RPQOMLTJRHJGFAU67DA,65.02,0.0,11.38,有,
花蓮市,房地(土地+建物),花蓮縣花蓮市裕祥路４８號二樓之二,26.73,住,,,1111215,土地1建物1車位0,二層,七層,華廈(10層含以下有電梯),住家用,鋼筋混凝土造,1130708,108.49,2,2,1,有,無,7480000,68946,,0.0,0,預售屋、或土地及建物分件登記案件；,RPSOMLQJRHJGFAU57DA,64.34,0.0,7.6,有,
花蓮市,房地(土地+建物),花蓮縣花蓮市裕祥路４８號六樓之一,28.39,住,,,1111002,土地1建物1車位0,六層,七層,華廈(10層含以下有電梯),住家用,鋼筋混凝土造,1130708,115.22,2,2,1,有,無,8800000,76376,,0.0,0,預售屋、或土地及建物分件登記案件；,RPQPMLKKRHJGFAU96DA,65.02,0.0,11.38,有,
花蓮市,房地(土地+建物),花蓮縣花蓮市裕祥路４８號四樓之二,26.73,住,,,1110908,土地1建物1車位0,四層,七層,華廈(10層含以下有電梯),住家用,鋼筋混凝土造,1130708,108.49,2,2,1,有,無,7489400,69033,,0.0,0,預售屋、或土地及建物分件登記案件；,RPWNMLKKRHJGFAU37DA,64.34,0.0,7.6,有,
花蓮市,房地(土地+建物),花蓮縣花蓮市裕祥路４８號三樓之二,26.73,住,,,1110916,土地1建物1車位0,三層,七層,華廈(10層含以下有電梯),住家用,鋼筋混凝土造,1130708,108.49,2,2,1,有,無,7648800,70502,,0.0,0,預售屋、或土地及建物分件登記案件；,RPXNMLKKRHJGFAU47DA,64.34,0.0,7.6,有,
花蓮市,房地(土地+建物)+車位,花蓮縣花蓮市裕祥路４８號四樓之一,28.39,住,,,1110901,土地1建物1車位1,四層,七層,華廈(10層含以下有電梯),住家用,鋼筋混凝土造,1130708,146.25,2,2,1,有,無,9698000,72012,一樓平面,31.02,1400000,預售屋、或土地及建物分件登記案件；,RPROMLKKRHJGFAU96DA,65.02,0.0,11.38,有,
花蓮市,房地(土地+建物),花蓮縣花蓮市裕祥路４８號五樓之二,26.73,住,,,1110114,土地1建物1車位0,五層,七層,華廈(10層含以下有電梯),住家用,鋼筋混凝土造,1130708,108.49,2,2,1,有,無,7650000,70513,,0.0,0,預售屋、或土地及建物分件登記案件；,RPOOMLTJRHJGFAU47DA,64.34,0.0,7.6,有,
花蓮市,房地(土地+建物),花蓮縣花蓮市裕祥路４８號二樓之一,29.71,住,,,1101212,土地1建物1車位0,二層,七層,華廈(10層含以下有電梯),住家用,鋼筋混凝土造,1130708,120.5,2,2,1,有,無,8600000,71369,,0.0,0,預售屋、或土地及建物分件登記案件；,RPROMLQJRHJGFAU47DA,65.02,0.0,14.84,有,
花蓮市,房地(土地+建物)+車位,花蓮縣花蓮市裕祥路４８號三樓之一,28.39,住,,,1101212,土地1建物1車位1,三層,七層,華廈(10層含以下有電梯),住家用,鋼筋混凝土造,1130708,146.25,2,2,1,有,無,8700000,68559,升降機械,31.02,800000,預售屋、或土地及建物分件登記案件；,RPVOMLKKRHJGFAU37DA,65.02,0.0,11.38,有,
花蓮市,房地(土地+建物)+車位,花蓮縣花蓮市裕祥路４８號六樓之二,26.73,住,,,1101224,土地1建物1車位1,六層,七層,華廈(10層含以下有電梯),住家用,鋼筋混凝土造,1130708,139.51999999999998,2,2,1,有,無,8400000,70046,升降機械,31.02,800000,預售屋、或土地及建物分件登記案件；,RPWOMLKKRHJGFAU47DA,64.34,0.0,7.6,有,
花蓮市,房地(土地+建物)+車位,花蓮縣花蓮市裕祥路４８號五樓之一,28.39,住,,,1101025,土地1建物1車位1,五層,七層,華廈(10層含以下有電梯),住家用,鋼筋混凝土造,1130708,146.25,2,2,1,有,無,9049626,71593,升降機械,31.02,800000,經雙方合意室內卡扣地板、衛浴磁磚、衛浴設備等由買方自行施作，賣方折讓價金新台幣140374元整予買方，原買賣總價金為新台幣9190000元整，更改為新台幣9049626元整花蓮市裕民段31-1地號　3033建號預售屋、或土地及建物分件登記案件；,RPQOMLLKRHJGFAU96DA,65.02,0.0,11.38,有,
吉安鄉,房地(土地+建物)+車位,花蓮縣吉安鄉東里九街８７號四樓之五,32.0,住,,,1101030,土地1建物1車位1,四層,八層,華廈(10層含以下有電梯),住家用,鋼筋混凝土造,1130709,125.19,3,2,2,有,有,6700000,57350,坡道平面,20.57,700000,預售屋、或土地及建物分件登記案件；,RPWNMLSKRHJGFAU18DA,63.57,0.0,6.82,有,
吉安鄉,房地(土地+建物)+車位,花蓮縣吉安鄉東里九街８７號二樓之三,38.0,住,,,1100720,土地1建物1車位1,二層,八層,華廈(10層含以下有電梯),住家用,鋼筋混凝土造,1130709,137.86,3,2,2,有,有,7150000,54992,坡道平面,20.57,700000,預售屋、或土地及建物分件登記案件；,RPUNMLSKRHJGFAU97DA,71.14,0.0,7.95,有,
吉安鄉,房地(土地+建物)+車位,花蓮縣吉安鄉東里九街８７號三樓之二,40.0,住,,,1100509,土地1建物1車位1,三層,八層,華廈(10層含以下有電梯),住家用,鋼筋混凝土造,1130709,145.26,3,2,2,有,有,7250000,51728,坡道平面,20.57,800000,,RPVQMLNJRHJGFAU77DA,75.95,0.0,8.02,有,
吉安鄉,房地(土地+建物),花蓮縣吉安鄉吉祥一街３５號四樓之一,31.38,住,,,1100516,土地3建物1車位0,四層,十四層,住宅大樓(11層含以上有電梯),住家用,鋼筋混凝土造,1130628,129.06,3,2,2,有,有,8560000,66326,,0.0,0,,RPPNMLNKRHJGFAU96DA,84.06,0.0,8.55,有,
吉安鄉,房地(土地+建物)+車位,花蓮縣吉安鄉東里九街８７號五樓之一,42.0,住,,,1100513,土地1建物1車位1,五層,八層,華廈(10層含以下有電梯),住家用,鋼筋混凝土造,1130709,147.60999999999999,3,2,2,有,有,7600000,51487,一樓平面,20.57,0,其他；,RPOOMLSKRHJGFAU47DA,76.44,0.0,9.02,有,
吉安鄉,房地(土地+建物)+車位,花蓮縣吉安鄉吉祥一街３５號六樓之一,31.38,住,,,1100129,土地3建物1車位1,六層,十四層,住宅大樓(11層含以上有電梯),住家用,鋼筋混凝土造,1130628,153.07,3,2,2,有,有,10000000,68966,坡道平面,24.02,1100000,,RPQNMLNKRHJGFAU07DA,84.06,0.0,8.55,有,
吉安鄉,房地(土地+建物)+車位,花蓮縣吉安鄉吉祥一街３５號七樓之一,31.38,住,,,1100107,土地3建物1車位1,七層,十四層,住宅大樓(11層含以上有電梯),住家用,鋼筋混凝土造,1130628,153.07,3,2,2,有,有,10000000,68966,坡道平面,24.02,1100000,,RPRNMLNKRHJGFAU17DA,84.06,0.0,8.55,有,
吉安鄉,房地(土地+建物)+車位,花蓮縣吉安鄉吉祥一街３５號七樓之二,31.31,住,,,1100107,土地3建物1車位1,七層,十四層,住宅大樓(11層含以上有電梯),住家用,鋼筋混凝土造,1130628,151.69,3,2,2,有,有,10000000,69099,坡道平面,22.89,1100000,,RPSNMLNKRHJGFAU27DA,83.88,0.0,8.55,有,
吉安鄉,房地(土地+建物)+車位,花蓮縣吉安鄉吉祥一街３５號七樓之四,31.38,住,,,1091226,土地3建物1車位1,七層,十四層,住宅大樓(11層含以上有電梯),住家用,鋼筋混凝土造,1130628,153.06,3,2,2,有,有,10200000,70515,坡道平面,24.01,1100000,,RPTNMLNKRHJGFAU37DA,84.06,0.0,8.55,有,
