﻿編號,屋齡,建物移轉面積平方公尺,主要用途,主要建材,建築完成日期,總層數,建物分層,移轉情形
The serial number,room age,building shifting area square meter,the main use,main building materials,construction completes the date,total layer,building lamination,
RPTNMLOJRHJGFAU37DA,47,92.74,住家用,鋼筋混凝土加強磚造,66年9月6日,二層,一層 二層,全筆移轉
RPVOMLQJRHJGFAU87DA,1,59.59,供特定人長期住宿之場所（集合住宅）,鋼筋混凝土造,113年2月7日,七層,四層 陽台,全筆移轉
RPVOMLQJRHJGFAU87DA,1,30.15,共有部份,鋼筋混凝土造,113年2月7日,七層,,持分移轉
RPPNMLTKRHJGFAU67EA,44,101.91,住家用,鋼筋混凝土加強磚造,70年2月2日,二層,一層 二層,全筆移轉
RPSNMLKMQHJGFAU07DA,29,24.79,住家用,鋼筋混凝土造,84年8月19日,十一層,八層 陽台,全筆移轉
RPSNMLKMQHJGFAU07DA,29,8.31,共有部份,鋼筋混凝土造,84年8月19日,十一層,,持分移轉
RPWOMLNJRHJGFAU67DA,5,34.09,集合住宅,鋼筋混凝土造,109年1月2日,七層,五層 陽台,全筆移轉
RPWOMLNJRHJGFAU67DA,5,5.40,共有部份（停車空間）,鋼筋混凝土造,109年1月2日,七層,,持分移轉
RPTQMLNJRHJGFAU57DA,31,96.73,住家用,鋼筋混凝土造,82年11月9日,六層,四層 陽台 花台,全筆移轉
RPWOMLNJRHJGFAU67DA,5,17.29,本共有部分之項目有防空避難室、台電受電室、電信室、消防機房、電梯、安全梯、梯廳、梯間、樓梯間等９項,鋼筋混凝土造,109年1月2日,七層,,持分移轉
RPTQMLNJRHJGFAU57DA,31,34.57,共有部份,鋼筋混凝土造,82年11月9日,六層,,持分移轉
RPSOMLTJRHJGFAU87DA,3,66.74,集合住宅,鋼筋混凝土造,110年11月5日,十一層,六層 陽台,全筆移轉
RPSNMLTJRHJGFAU77DA,2,285.22,住家用,鋼筋混凝土造,111年8月24日,五層,一層 二層 三層 四層 五層 陽台 屋頂突出物,全筆移轉
RPSOMLTJRHJGFAU87DA,3,28.69,共有部份,鋼筋混凝土造,110年11月5日,十一層,,持分移轉
RPXNMLTJRHJGFAU28DA,30,19.85,住家用,鋼筋混凝土造,83年11月15日,十二層,六層,全筆移轉
RPXNMLTJRHJGFAU28DA,30,6.23,共有部份,鋼筋混凝土造,83年11月15日,十二層,,持分移轉
RPXNMLTJRHJGFAU28DA,30,3.38,共有部份,鋼筋混凝土造,83年11月15日,十二層,,持分移轉
RPUNMLQJRHJGFAU67DA,1,92.04,集合住宅,鋼筋混凝土造,112年7月26日,十五層,十層 陽台,全筆移轉
RPUNMLQJRHJGFAU67DA,1,38.75,共有部份,鋼筋混凝土造,112年7月26日,十五層,,持分移轉
RPUNMLQJRHJGFAU67DA,1,30.64,共有部分（停車空間、車道）,鋼筋混凝土造,112年7月26日,十五層,,持分移轉
RPOPMLPJQHJGFAU07DA,44,178.12,住商用,鋼筋混凝土造,69年7月18日,三層,一層 二層 三層 防空避難室 屋頂突出物 騎樓,全筆移轉
RPXOMLTJRHJGFAU38DA,29,28.96,住家用,鋼筋混凝土造,84年4月14日,五層,五層 陽台,全筆移轉
RPXOMLTJRHJGFAU38DA,29,14.82,共有部份,鋼筋混凝土造,84年4月14日,五層,,持分移轉
RPOOMLLKRHJGFAU76DA,45,109.19,住商用,鋼筋混凝土加強磚造,68年8月21日,二層,一層 二層 騎樓,全筆移轉
RPRPMLKKRHJGFAU07DA,28,390.23,農舍,鋼筋混凝土造,85年3月21日,三層,一層 二層 三層 陽台 平台 見其他登記事項,全筆移轉
RPQNMLMKRHJGFAU96DA,43,104.84,住家用,鋼筋混凝土加強磚造,70年7月3日,二層,一層 二層,全筆移轉
RPWNMLLKRHJGFAU47DA,50,108.78,住商用,鋼筋混凝土造,63年10月26日,三層,一層 二層 三層 地下層,全筆移轉
RPSNMLMKRHJGFAU17DA,38,143.31,住商用,鋼筋混凝土造,75年2月5日,五層,一層 二層 騎樓 地下層,全筆移轉
RPSNMLMKRHJGFAU17DA,38,6.22,共有部份,鋼筋混凝土造,75年2月5日,五層,,持分移轉
RPVNMLMKRHJGFAU47DA,41,77.70,住家用,鋼筋混凝土加強磚造,72年12月21日,二層,一層 二層,全筆移轉
RPWNMLMKRHJGFAU57DA,48,138.83,住家用,鋼筋混凝土加強磚造,65年12月2日,二層,一層 二層 騎樓,全筆移轉
RPUNMLKLQHJGFAU17DA,35,34.85,住家用,鋼筋混凝土造,78年11月4日,六層,五層 陽台,全筆移轉
RPUNMLKLQHJGFAU17DA,35,9.92,共有部份,鋼筋混凝土造,78年11月4日,六層,,持分移轉
RPVPMLTLQHJGFAU38DA,12,105.88,農舍,鋼筋混凝土造,101年3月13日,二層,一層 二層,全筆移轉
RPWOMLQJRHJGFAU97DA,41,.37,管理站,鋼筋混凝土造,72年9月10日,二層,一層 二層 騎樓,持分移轉
RPWOMLQJRHJGFAU97DA,41,7.03,共有部份,鋼筋混凝土造,72年9月10日,四層,,持分移轉
RPWOMLQJRHJGFAU97DA,41,75.95,住家用,鋼筋混凝土造,72年9月10日,四層,四層,全筆移轉
RPUNMLNKRHJGFAU47DA,2,75.17,集合住宅,鋼筋混凝土造,111年5月31日,五層,五層 陽台,全筆移轉
RPWOMLQJRHJGFAU97DA,40,1.96,機車停車場,鋼筋混凝土造,73年5月21日,二層,騎樓 地下層,持分移轉
RPUNMLNKRHJGFAU47DA,2,12.11,共有部份,鋼筋混凝土造,111年5月31日,五層,,持分移轉
RPUNMLNKRHJGFAU47DA,2,.15,共有部分（管理室）,鋼筋混凝土造,111年5月31日,五層,,持分移轉
RPXOMLQJRHJGFAU08DA,27,18.39,住家用,鋼筋混凝土造,86年8月27日,七層,五層,全筆移轉
RPXOMLQJRHJGFAU08DA,27,5.53,共有部份,鋼筋混凝土造,86年8月27日,七層,,持分移轉
RPPNMLQKRHJGFAU27DA,30,22.56,住家用,鋼筋混凝土造,83年11月15日,十二層,七層,全筆移轉
RPPNMLQKRHJGFAU27DA,30,7.02,共有部份,鋼筋混凝土造,83年11月15日,十二層,,持分移轉
RPPNMLQKRHJGFAU27DA,30,3.78,共有部份,鋼筋混凝土造,83年11月15日,十二層,,持分移轉
RPPNMLKKRHJGFBU76DA,32,134.09,住商用,鋼筋混凝土造,81年12月16日,二層,一層 二層 陽台 屋頂突出物 騎樓,全筆移轉
RPPNMLNKRHJGFCU17DA,3,169.89,住家用,鋼筋混凝土造,110年3月9日,三層,一層 二層 三層 陽台,全筆移轉
RPQPMLKMQHJGFAU07DA,1,.24,管理員室,鋼筋混凝土造,112年11月14日,七層,,持分移轉
RPQPMLKMQHJGFAU07DA,1,70.95,集合住宅,鋼筋混凝土造,112年11月14日,七層,七層 陽台,全筆移轉
RPQPMLKMQHJGFAU07DA,1,20.24,共有部份,鋼筋混凝土造,112年11月14日,七層,,持分移轉
RPQPMLKMQHJGFAU07DA,1,21.72,共有部分（停車空間）,鋼筋混凝土造,112年11月14日,七層,,持分移轉
RPQNMLQKRHJGFAU37DA,43,89.82,住家用,鋼筋混凝土加強磚造,70年12月4日,二層,一層 二層,全筆移轉
RPOOMLQKRHJGFAU27DA,9,259.67,住家用,鋼筋混凝土造,104年7月8日,四層,一層 二層 三層 四層 陽台 屋頂突出物,全筆移轉
RPRNMLQKRHJGFAU47DA,18,229.23,住家用,鋼筋混凝土造,96年1月29日,三層,一層 二層 三層 陽台,全筆移轉
RPPPMLSKRHJGFAU67DA,46,131.30,住家用,鋼筋混凝土造,67年3月23日,二層,一層 二層 騎樓,全筆移轉
RPSQMLNJRHJGFAU47DA,,70.39,集合住宅,鋼筋混凝土造,113年7月9日,八層,七層 陽台,全筆移轉
RPSQMLNJRHJGFAU47DA,,34.23,共有部份,鋼筋混凝土造,113年7月9日,八層,,持分移轉
RPRQMLNJRHJGFAU37DA,,85.41,集合住宅,鋼筋混凝土造,113年7月9日,八層,七層 陽台,全筆移轉
RPRQMLNJRHJGFAU37DA,,41.55,共有部份,鋼筋混凝土造,113年7月9日,八層,,持分移轉
RPRQMLNJRHJGFAU37DA,,20.57,共有部分（停車空間、車道）,鋼筋混凝土造,113年7月9日,八層,,持分移轉
RPUOMLTJRHJGFAU08DA,6,219.40,住家用,鋼筋混凝土造,107年4月13日,四層,三層 四層 陽台 屋頂突出物,全筆移轉
RPUOMLTJRHJGFAU08DA,6,7.80,共有部份,鋼筋混凝土造,107年4月13日,四層,,持分移轉
RPSNMLKKRHJGFAU96DA,,75.44,住商用,木造鋼筋水泥、磚造,,二層,一層 二層 騎樓,全筆移轉
RPSOMLTJQHJGFAU77DA,31,118.87,住家用,鋼筋混凝土造,82年11月11日,二層,一層 二層 陽台 平台 屋頂突出物,全筆移轉
RPVOMLTJRHJGFAU18DA,29,218.24,住商用,鋼筋混凝土造,84年1月18日,四層,一層 二層 三層 四層 陽台 平台 騎樓 雨遮,全筆移轉
RPQPMLNJRHJGFAU17DA,1,259.05,住宅,鋼筋混凝土造,112年12月6日,四層,一層 二層 三層 四層 陽台 見其他登記事項,全筆移轉
RPWOMLTJRHJGFAU28DA,30,46.18,住家用,鋼筋混凝土造,83年8月11日,八層,六層 陽台,全筆移轉
RPWOMLTJRHJGFAU28DA,30,18.34,共有部份,鋼筋混凝土造,83年8月11日,八層,,持分移轉
RPWOMLKMPHJGFAU47DA,,62.43,集合住宅,鋼筋混凝土造,113年5月3日,七層,三層 陽台,全筆移轉
RPWOMLKMPHJGFAU47DA,,20.42,共有部份,鋼筋混凝土造,113年5月3日,七層,,持分移轉
RPUNMLLKRHJGFAU27DA,39,201.37,住家用,鋼筋混凝土造,74年2月11日,二層,一層 二層 屋頂突出物,全筆移轉
RPXOMLKKRHJGFAU57DA,50,57.15,住家用,鋼筋水泥、木造,63年7月17日,二層,一層 二層,全筆移轉
RPOPMLKMPHJGFAU76DA,,62.43,集合住宅,鋼筋混凝土造,113年5月3日,七層,四層 陽台,全筆移轉
RPOPMLKMPHJGFAU76DA,,20.42,共有部份,鋼筋混凝土造,113年5月3日,七層,,持分移轉
RPTOMLKMPHJGFAU17DA,,62.43,集合住宅,鋼筋混凝土造,113年5月3日,七層,四層 陽台,全筆移轉
RPTOMLKMPHJGFAU17DA,,20.42,共有部份,鋼筋混凝土造,113年5月3日,七層,,持分移轉
RPTOMLKMPHJGFAU17DA,,13.75,共有部份（停車空間）,鋼筋混凝土造,113年5月3日,七層,,持分移轉
RPOOMLMKRHJGFAU86DA,28,49.93,住家用,鋼筋混凝土造,85年10月29日,十六層,六層 陽台 花台,全筆移轉
RPOOMLMKRHJGFAU86DA,28,8.46,共有部份,鋼筋混凝土造,85年10月29日,十六層,,持分移轉
RPOOMLMKRHJGFAU86DA,28,13.21,共有部份,鋼筋混凝土造,85年10月29日,十六層,,持分移轉
RPSNMLSJQHJGFAU57DA,17,221.31,農舍,鋼筋混凝土造,96年11月23日,三層,一層 二層 三層 陽台,全筆移轉
RPUNMLQKRHJGFAU77DA,50,106.92,住家用,鋼筋混凝土加強磚造,63年7月23日,二層,一層 二層,全筆移轉
RPTNMLSKRHJGFAU87DA,11,353.53,住家用,鋼筋混凝土造,102年1月11日,四層,一層 二層 三層 四層 陽台 見其他登記事項,全筆移轉
RPTOMLSKRHJGFAU97DA,1,.24,管理員室,鋼筋混凝土造,112年11月14日,七層,,持分移轉
RPTOMLSKRHJGFAU97DA,1,62.72,集合住宅,鋼筋混凝土造,112年11月14日,七層,六層 陽台,全筆移轉
RPTOMLSKRHJGFAU97DA,1,18.12,共有部份,鋼筋混凝土造,112年11月14日,七層,,持分移轉
RPXOMLSKRHJGFAU38DA,18,193.34,住家用,鋼筋混凝土造,95年8月16日,三層,一層 二層 三層 陽台 屋頂突出物,全筆移轉
RPTOMLSKRHJGFAU97DA,1,21.72,共有部分（停車空間）,鋼筋混凝土造,112年11月14日,七層,,持分移轉
RPSOMLSKRHJGFAU87DA,43,74.94,住家用,鋼筋混凝土造,70年12月4日,五層,四層,全筆移轉
RPSOMLSKRHJGFAU87DA,43,14.47,共有部份,鋼筋混凝土造,70年12月4日,五層,,持分移轉
RPSOMLSKRHJGFAU87DA,43,1.84,共有部份,鋼筋混凝土造,70年12月4日,,,持分移轉
RPVNMLKKRHJGFAU27DA,67,43.94,住家用,木石磚造（雜木）,,一層,一層,全筆移轉
RPTNMLKKRHJGFAU07DA,,148.16,住宅,鋼筋混凝土造,113年6月4日,三層,一層 二層 三層 陽台 屋頂突出物,全筆移轉
RPOPMLKKRHJGFAU76DA,29,148.09,農舍,鋼造,84年8月16日,一層,一層,全筆移轉
RPUNMLSLQHJGFAU97DA,43,93.12,住家用,鋼筋混凝土加強磚造,70年5月25日,二層,一層 二層,全筆移轉
RPRNMLSKRHJGFAU67DA,,116.07,住家用,鋼筋混凝土加強磚造,62年0月0日,二層,一層 二層 見其他登記事項,全筆移轉
RPPNMLSKRHJGFAU57EA,27,164.62,住家用,鋼筋混凝土造,86年1月3日,三層,一層 二層 三層 陽台 平台,全筆移轉
RPVNMLSKRHJGFAU08DA,,85.46,集合住宅,鋼筋混凝土造,113年7月9日,八層,三層 陽台,全筆移轉
RPVNMLSKRHJGFAU08DA,,41.58,共有部份,鋼筋混凝土造,113年7月9日,八層,,持分移轉
RPVNMLSKRHJGFAU08DA,,20.57,共有部分（停車空間、車道）,鋼筋混凝土造,113年7月9日,八層,,持分移轉
RPTNMLMKRHJGFAU27DA,11,117.75,住家用,鋼筋混凝土造,102年4月9日,三層,一層 二層 三層 陽台,全筆移轉
RPTPMLKMQHJGFAU37DA,45,80.96,住商用,鋼筋混凝土造,67年12月28日,二層,一層 二層 騎樓,全筆移轉
RPQNMLOJRHJGFAU07DA,,59.64,住家用,鋼筋混凝土造,,一層,一層,全筆移轉
RPQOMLTJRHJGFAU67DA,,76.40,集合住宅,鋼筋混凝土造,113年7月8日,七層,七層 陽台,全筆移轉
RPXNMLSKRHJGFAU28DA,,83.97,集合住宅,鋼筋混凝土造,113年7月9日,八層,四層 陽台,全筆移轉
RPQOMLTJRHJGFAU67DA,,38.82,共有部份,鋼筋混凝土造,113年7月8日,七層,,持分移轉
RPXNMLSKRHJGFAU28DA,,40.72,共有部份,鋼筋混凝土造,113年7月9日,八層,,持分移轉
RPXNMLSKRHJGFAU28DA,,20.57,共有部分（停車空間、車道）,鋼筋混凝土造,113年7月9日,八層,,持分移轉
RPQPMLKKRHJGFAU96DA,,76.40,集合住宅,鋼筋混凝土造,113年7月8日,七層,六層 陽台,全筆移轉
RPQPMLKKRHJGFAU96DA,,38.82,共有部份,鋼筋混凝土造,113年7月8日,七層,,持分移轉
RPSOMLQJRHJGFAU57DA,,71.94,集合住宅,鋼筋混凝土造,113年7月8日,七層,二層 陽台,全筆移轉
RPSOMLQJRHJGFAU57DA,,36.55,共有部份,鋼筋混凝土造,113年7月8日,七層,,持分移轉
RPWNMLKKRHJGFAU37DA,,71.94,集合住宅,鋼筋混凝土造,113年7月8日,七層,四層 陽台,全筆移轉
RPWNMLKKRHJGFAU37DA,,36.55,共有部份,鋼筋混凝土造,113年7月8日,七層,,持分移轉
RPXNMLKKRHJGFAU47DA,,71.94,集合住宅,鋼筋混凝土造,113年7月8日,七層,三層 陽台,全筆移轉
RPXNMLKKRHJGFAU47DA,,36.55,共有部份,鋼筋混凝土造,113年7月8日,七層,,持分移轉
RPOOMLTJRHJGFAU47DA,,71.94,集合住宅,鋼筋混凝土造,113年7月8日,七層,五層 陽台,全筆移轉
RPOOMLTJRHJGFAU47DA,,36.55,共有部份,鋼筋混凝土造,113年7月8日,七層,,持分移轉
RPROMLQJRHJGFAU47DA,,79.86,集合住宅,鋼筋混凝土造,113年7月8日,七層,二層 陽台,全筆移轉
RPROMLQJRHJGFAU47DA,,40.64,共有部份,鋼筋混凝土造,113年7月8日,七層,,持分移轉
RPROMLKKRHJGFAU96DA,,76.40,集合住宅,鋼筋混凝土造,113年7月8日,七層,四層 陽台,全筆移轉
RPROMLKKRHJGFAU96DA,,38.82,共有部份,鋼筋混凝土造,113年7月8日,七層,,持分移轉
RPROMLKKRHJGFAU96DA,,31.03,共有部份（停車空間）,鋼筋混凝土造,113年7月8日,七層,,持分移轉
RPQOMLLKRHJGFAU96DA,,76.40,集合住宅,鋼筋混凝土造,113年7月8日,七層,五層 陽台,全筆移轉
RPWOMLKKRHJGFAU47DA,,71.94,集合住宅,鋼筋混凝土造,113年7月8日,七層,六層 陽台,全筆移轉
RPQOMLLKRHJGFAU96DA,,38.82,共有部份,鋼筋混凝土造,113年7月8日,七層,,持分移轉
RPQOMLLKRHJGFAU96DA,,31.03,共有部份（停車空間）,鋼筋混凝土造,113年7月8日,七層,,持分移轉
RPVOMLKKRHJGFAU37DA,,76.40,集合住宅,鋼筋混凝土造,113年7月8日,七層,三層 陽台,全筆移轉
RPVOMLKKRHJGFAU37DA,,38.82,共有部份,鋼筋混凝土造,113年7月8日,七層,,持分移轉
RPWOMLKKRHJGFAU47DA,,36.55,共有部份,鋼筋混凝土造,113年7月8日,七層,,持分移轉
RPVOMLKKRHJGFAU37DA,,31.03,共有部份（停車空間）,鋼筋混凝土造,113年7月8日,七層,,持分移轉
RPWOMLKKRHJGFAU47DA,,31.03,共有部份（停車空間）,鋼筋混凝土造,113年7月8日,七層,,持分移轉
RPWNMLSKRHJGFAU18DA,,70.39,集合住宅,鋼筋混凝土造,113年7月9日,八層,四層 陽台,全筆移轉
RPWNMLSKRHJGFAU18DA,,34.23,共有部份,鋼筋混凝土造,113年7月9日,八層,,持分移轉
RPWNMLSKRHJGFAU18DA,,20.57,共有部分（停車空間、車道）,鋼筋混凝土造,113年7月9日,八層,,持分移轉
RPUNMLSKRHJGFAU97DA,,79.09,集合住宅,鋼筋混凝土造,113年7月9日,八層,二層 陽台,全筆移轉
RPUNMLSKRHJGFAU97DA,,38.20,共有部份,鋼筋混凝土造,113年7月9日,八層,,持分移轉
RPUNMLSKRHJGFAU97DA,,20.57,共有部分（停車空間、車道）,鋼筋混凝土造,113年7月9日,八層,,持分移轉
RPOOMLSKRHJGFAU47DA,,85.46,集合住宅,鋼筋混凝土造,113年7月9日,八層,五層 陽台,全筆移轉
RPOOMLSKRHJGFAU47DA,,41.58,共有部份,鋼筋混凝土造,113年7月9日,八層,,持分移轉
RPOOMLSKRHJGFAU47DA,,20.57,共有部分（停車空間、車道）,鋼筋混凝土造,113年7月9日,八層,,持分移轉
RPVQMLNJRHJGFAU77DA,,83.97,集合住宅,鋼筋混凝土造,113年7月9日,八層,三層 陽台,全筆移轉
RPVQMLNJRHJGFAU77DA,,40.72,共有部份,鋼筋混凝土造,113年7月9日,八層,,持分移轉
RPVQMLNJRHJGFAU77DA,,20.57,共有部分（停車空間、車道）,鋼筋混凝土造,113年7月9日,八層,,持分移轉
RPQNMLNKRHJGFAU07DA,,92.61,集合住宅,鋼筋混凝土造,113年6月28日,十四層,六層 陽台,全筆移轉
RPRNMLNKRHJGFAU17DA,,92.61,集合住宅,鋼筋混凝土造,113年6月28日,十四層,七層 陽台,全筆移轉
RPQNMLNKRHJGFAU07DA,,36.45,共有部份,鋼筋混凝土造,113年6月28日,十四層,,持分移轉
RPRNMLNKRHJGFAU17DA,,36.45,共有部份,鋼筋混凝土造,113年6月28日,十四層,,持分移轉
RPQNMLNKRHJGFAU07DA,,24.02,共有部分（停車空間、車道）,鋼筋混凝土造,113年6月28日,十四層,,持分移轉
RPRNMLNKRHJGFAU17DA,,24.02,共有部分（停車空間、車道）,鋼筋混凝土造,113年6月28日,十四層,,持分移轉
RPTNMLNKRHJGFAU37DA,,92.61,集合住宅,鋼筋混凝土造,113年6月28日,十四層,七層 陽台,全筆移轉
RPTNMLNKRHJGFAU37DA,,36.45,共有部份,鋼筋混凝土造,113年6月28日,十四層,,持分移轉
RPPNMLNKRHJGFAU96DA,,92.61,集合住宅,鋼筋混凝土造,113年6月28日,十四層,四層 陽台,全筆移轉
RPTNMLNKRHJGFAU37DA,,24.01,共有部分（停車空間、車道）,鋼筋混凝土造,113年6月28日,十四層,,持分移轉
RPPNMLNKRHJGFAU96DA,,36.45,共有部份,鋼筋混凝土造,113年6月28日,十四層,,持分移轉
RPSNMLNKRHJGFAU27DA,,92.43,集合住宅,鋼筋混凝土造,113年6月28日,十四層,七層 陽台,全筆移轉
RPSNMLNKRHJGFAU27DA,,36.37,共有部份,鋼筋混凝土造,113年6月28日,十四層,,持分移轉
RPSNMLNKRHJGFAU27DA,,22.89,共有部分（停車空間、車道）,鋼筋混凝土造,113年6月28日,十四層,,持分移轉
