﻿編號,土地位置,土地移轉面積平方公尺,使用分區或編定,權利人持分分母,權利人持分分子,移轉情形,地號
The serial number, land position,land shifting area square meter,the use zoning or compiles and checks,,,,land parcel
RPUNMLNKQHJGFAV57CC,南榮段,361.72,都市：農,,,,05340011
RPUNMLNKQHJGFAV57CC,南榮段,50.65,都市：農,,,,05340021
RPTNMLMKQHJGFAV37CC,台東段,15.33,都市：住,,,,00010062
RPQNMLTKQHJGFAV77CC,東海段,98.32,都市：住,,,,10210000
RPPNMLTKQHJGFAV67CC,東海段,98.32,都市：住,,,,10210000
RPPNMLMJRHJGFAV96CC,新生段,2449.00,都市：農,,,,15810000
